Nome,Previsto,Effettivo (2024),Differenza
Matteo Ricci,25.15548,63.0,37.844520568847656
Diego González,32.549274,70.0,37.45072555541992
Jakub Szymański,58.22897,23.0,35.22896957397461
Malik Tillman,23.902288,59.0,35.09771156311035
Keegan Jelacic,23.047194,57.0,33.95280647277832
Olivier Deman,31.363564,65.0,33.636436462402344
Rhys Byrne,26.258324,58.0,31.741676330566406
Bright Osayi-Samuel,34.76448,66.0,31.235519409179688
Taylor Luvambo,26.866951,58.0,31.13304901123047
Jacob Murphy,30.916794,62.0,31.083206176757812
Quentin Galvez-Diarra,45.942352,15.0,30.942352294921875
Julián Fernández,36.08745,67.0,30.912551879882812
Nicolò Barella,47.17825,78.0,30.82175064086914
Juninho Bacuna,34.352203,65.0,30.647796630859375
Mats Köhlert,32.361492,63.0,30.638507843017578
Kevin Stöger,29.40037,60.0,30.59963035583496
Simon Ebonog,25.70609,56.0,30.293909072875977
Owen Wolff,29.97896,60.0,30.021039962768555
Patrick Schulte,45.95199,16.0,29.951988220214844
Bode Hidalgo,28.28273,58.0,29.717269897460938
Dimitar Mitov,31.951536,61.0,29.048463821411133
Isaac Boehmer,45.976814,17.0,28.97681427001953
Johannes Schenk,45.970203,17.0,28.970203399658203
Barry Lauwers,45.95632,17.0,28.956321716308594
Sven Jansen,45.94864,17.0,28.948638916015625
Blondy Nna Noukeu,45.94274,17.0,28.94274139404297
David Skubl,45.93819,17.0,28.938190460205078
Tim Rönning,45.883724,17.0,28.883724212646484
Justin Hammel,45.98866,18.0,27.988658905029297
Paul Tschernuth,45.954018,18.0,27.954017639160156
Toms Leitis,45.953377,18.0,27.95337677001953
Robin Roefs,45.94432,18.0,27.944320678710938
Mile Svilar,30.207895,58.0,27.792104721069336
Adam Smith,45.436687,73.0,27.563312530517578
Lewis Morgan,35.547756,63.0,27.45224380493164
Jackson Smith,45.960323,19.0,26.960323333740234
Macklin Freke,45.955185,19.0,26.955184936523438
Mustafa Burak Bozan,45.95123,19.0,26.951229095458984
Alexandre Pierre,45.94955,19.0,26.94955062866211
Sam Karssies,45.94943,19.0,26.94942855834961
Arsh Shaikh,45.946163,19.0,26.946163177490234
Jakob Golz,45.942963,19.0,26.942962646484375
Jonathan Lima,45.94072,19.0,26.940719604492188
Nicholas Bilokapic,45.93985,19.0,26.939849853515625
Matthew Connelly,45.93342,19.0,26.93341827392578
Ramzi Solan,19.388666,46.0,26.6113338470459
Patrick Berg,42.62944,69.0,26.370559692382812
Damián Pizarro,45.081234,19.0,26.081233978271484
Kayne Bonnevie,45.980225,20.0,25.980224609375
Yannick Pandor,45.975056,20.0,25.975055694580078
Louis Fortin,45.962173,20.0,25.962173461914062
Mateusz Dudek,45.96026,20.0,25.96025848388672
Hakon Valdimarsson,45.951797,20.0,25.951797485351562
Théo Chatelain,45.950386,20.0,25.95038604736328
Vishal Yadav,45.94955,20.0,25.94955062866211
Gaëtan Poussin,45.9477,20.0,25.94770050048828
Ethan Cox,45.947315,20.0,25.947315216064453
Youri Schoonderwaldt,45.94674,20.0,25.946739196777344
Filip Marschall,45.945133,20.0,25.945133209228516
Lasse Schulz,45.94359,20.0,25.943588256835938
Curtis Davies,41.074295,67.0,25.925704956054688
Connor Malley,27.483688,53.0,25.516311645507812
Lasse Günther,24.69107,50.0,25.308929443359375
Lorcan Healy,26.927647,52.0,25.07235336303711
Senne Lammens,46.016617,21.0,25.016616821289062
Roman Celentano,45.945908,21.0,24.945907592773438
Nathan Harness,45.945377,21.0,24.945377349853516
Kjell Peersman,45.943848,21.0,24.94384765625
Thomas Gillier,45.943367,21.0,24.94336700439453
Mohamed Koné,45.940063,21.0,24.9400634765625
Petar Zovko,45.939995,21.0,24.93999481201172
Leander Øy,45.93677,21.0,24.936771392822266
Rayan Al Mousa,37.54248,62.0,24.45751953125
Matěj Jurásek,22.619797,47.0,24.380203247070312
Jack Payne,26.933187,51.0,24.06681251525879
Alexander Weidinger,45.98354,22.0,23.983539581298828
Abdul Manaf Nurudeen,45.969624,22.0,23.969623565673828
Jake Turner,45.950123,22.0,23.950122833251953
Gavin Beavers,45.944878,22.0,23.94487762451172
Sachin Suresh,45.94287,22.0,23.94287109375
Théo De Percin,45.938324,22.0,23.938323974609375
Tobias Bech,34.73713,58.0,23.26287078857422
Nicolas Kristof,46.064274,23.0,23.064273834228516
Manuel Roffo,45.964737,23.0,22.964736938476562
Jack Lemoignan,45.96167,23.0,22.961669921875
Jamie Searle,45.959526,23.0,22.95952606201172
Erdem Canpolat,45.95339,23.0,22.953388214111328
Magnus Rugland Ree,45.952927,23.0,22.952926635742188
Marcel Lotka,45.951206,23.0,22.95120620727539
Yann Lienard,45.95101,23.0,22.951011657714844
Manuel Ferrel,45.948498,23.0,22.948497772216797
Daniel Barden,45.945953,23.0,22.945953369140625
Daniel Klein,45.945526,23.0,22.945526123046875
Joaquín Blázquez,45.943157,23.0,22.943157196044922
Taye Ashby-Hammond,45.94028,23.0,22.94028091430664
Jordan Amissah,45.938515,23.0,22.938514709472656
Jordan Graham,28.296673,51.0,22.703327178955078
Liam Walsh,35.700645,58.0,22.299354553222656
Alfie Jones,45.725807,68.0,22.274192810058594
Rory McKenzie,27.79724,50.0,22.202760696411133
George Honeyman,42.85684,65.0,22.14316177368164
Rafał Strączek,46.008633,24.0,22.00863265991211
Francesco Di Mariano,30.015078,52.0,21.984922409057617
Wille Jakobsson,45.965637,24.0,21.96563720703125
Anthony Patterson,45.962418,24.0,21.962417602539062
Georgios Theocharis,45.960712,24.0,21.960712432861328
Diant Ramaj,45.955883,24.0,21.955883026123047
Emmanuel Ochoa,45.955467,24.0,21.955467224121094
Steven Hall,45.953556,24.0,21.953556060791016
Paul Schermer,45.953377,24.0,21.95337677001953
Samuel Brolin,45.95264,24.0,21.952640533447266
Joe Whitworth,45.951862,24.0,21.951862335205078
Sam Tickle,45.950222,24.0,21.95022201538086
Ben Bottomley,45.947964,24.0,21.94796371459961
José Arbio,45.94759,24.0,21.947589874267578
Armin Abaz,45.941395,24.0,21.941394805908203
Bandar Al Shahrani,45.9393,24.0,21.939300537109375
Alex Badolato,20.063166,42.0,21.93683433532715
Max Hagemoser,45.93668,24.0,21.93667984008789
Nunzio Lella,40.21197,62.0,21.788028717041016
Amine Gouiri,23.240189,45.0,21.759811401367188
Samuel Gustafson,45.33539,67.0,21.66461181640625
Jake Davis,35.451157,57.0,21.548843383789062
Jordan Wright,42.4859,21.0,21.48590087890625
Christian Früchtl,45.451107,24.0,21.451107025146484
Romeo Vucic,40.400463,19.0,21.400463104248047
George Hall,40.624577,62.0,21.375423431396484
Connor Roberts,47.684906,69.0,21.315093994140625
Julian Ryerson,51.89482,73.0,21.105178833007812
Moritz Nicolas,42.038727,21.0,21.038726806640625
Edoardo Corvi,45.998528,25.0,20.99852752685547
Stefan Bajic,45.981445,25.0,20.9814453125
Filippo Manfrin,45.965176,25.0,20.96517562866211
Ron-Thorben Hoffmann,45.96376,25.0,20.963760375976562
Federico Brancolini,45.962784,25.0,20.962783813476562
Rafael Hornos,45.962154,25.0,20.962154388427734
Matheo Raab,45.96145,25.0,20.961448669433594
Abraham Rodriguez,45.957924,25.0,20.957923889160156
John Pulskamp,45.957424,25.0,20.95742416381836
Pascal Kuiper,45.954376,25.0,20.954376220703125
Massamba Ndiaye,45.953915,25.0,20.953914642333984
Hunor Gedő,45.949203,25.0,20.949203491210938
Toni Stahl,45.948402,25.0,20.948402404785156
Răzvan Sava,45.940727,25.0,20.94072723388672
Amrit Gope,45.939487,25.0,20.93948745727539
Jonas Kersken,45.937412,25.0,20.93741226196289
Ghjuvanni Quilichini,45.9338,25.0,20.933799743652344
Sebastiano Luperto,55.124725,76.0,20.875274658203125
Mattia Aramu,31.140743,52.0,20.859256744384766
Mikkel Desler,46.395473,67.0,20.60452651977539
Ryan Wintle,43.6251,64.0,20.374900817871094
Callum O'Dowda,30.736128,51.0,20.263872146606445
Joe Rothwell,40.778313,61.0,20.22168731689453
James Delianov,46.00334,26.0,20.003341674804688
Ruslan Neshcheret,45.9759,26.0,19.97589874267578
Tomás Durso,45.9753,26.0,19.975299835205078
Boubacar Fall,45.971066,26.0,19.971065521240234
Daniel Adamczyk,45.964077,26.0,19.96407699584961
Philipp Schulze,45.961525,26.0,19.961524963378906
Davy Rouyard,45.96048,26.0,19.960479736328125
Arne Schulz,45.960255,26.0,19.960254669189453
Samik Mitra,45.959732,26.0,19.959732055664062
Luca Philipp,45.949783,26.0,19.949783325195312
Alexandru Utiu,45.94757,26.0,19.94757080078125
Lewis Webb,45.944027,26.0,19.944026947021484
Cian Tyler,45.943497,26.0,19.943496704101562
Lara Sharma,45.942062,26.0,19.942062377929688
Florian Schock,45.93918,26.0,19.939178466796875
Jonas Nickisch,45.937843,26.0,19.937843322753906
Mathias Delorge,28.26163,48.0,19.738370895385742
Ardon Jashari,44.78502,64.0,19.214981079101562
Oregan Ravet,46.05959,27.0,19.059589385986328
Tjark Ernst,45.9781,27.0,18.978099822998047
Anuj Kumar,45.975513,27.0,18.975513458251953
George Marks,45.966507,27.0,18.966506958007812
Fabio Rosales,45.964115,27.0,18.964115142822266
Cieran Slicker,45.961826,27.0,18.96182632446289
CJ dos Santos,45.960213,27.0,18.96021270751953
James Trafford,45.95856,27.0,18.958560943603516
Facundo Sanguinetti,45.95731,27.0,18.95730972290039
Tom Hendriks,45.957214,27.0,18.95721435546875
Niklas Sauter,45.95661,27.0,18.95661163330078
Nahuel Noll,45.954113,27.0,18.954113006591797
Bela Dumrath,45.953064,27.0,18.95306396484375
Noah Kruth,45.952633,27.0,18.952632904052734
Thomas Hasal,45.94267,27.0,18.942668914794922
Louis Lord,45.94263,27.0,18.942630767822266
Vebjørn Hoff,45.06546,64.0,18.934539794921875
Kian Moore,28.071032,47.0,18.92896842956543
Luca Valzania,42.37778,61.0,18.62221908569336
Marvin Friedrich,59.405712,78.0,18.594287872314453
Stefano Surdanović,28.484365,47.0,18.515634536743164
Thibo Somers,36.597973,55.0,18.402027130126953
Tijjani Noslin,23.676527,42.0,18.32347297668457
Tymur Puzankov,45.959213,64.0,18.040786743164062
Connal Trueman,27.964651,46.0,18.035348892211914
Luke McNicholas,45.969086,28.0,17.969085693359375
Andrei Gorcea,45.952896,28.0,17.952896118164062
Kacper Tobiasz,45.9514,28.0,17.951400756835938
Lucien Hawryluk,45.950443,28.0,17.950443267822266
Matteo Bignetti,45.95018,28.0,17.950180053710938
Matthew Sutton,45.948402,28.0,17.948402404785156
Sem Westerveld,45.945408,28.0,17.94540786743164
James Nieuwenhuizen,45.94057,28.0,17.940570831298828
Ben Godfrey,56.156242,74.0,17.84375762939453
Luka Romero,35.1864,53.0,17.8135986328125
Timo Königsmann,30.290043,48.0,17.709957122802734
Alimami Gory,39.65604,22.0,17.65604019165039
Dimitry Bertaud,35.3996,53.0,17.600399017333984
Ashley Maynard-Brewer,44.530308,27.0,17.53030776977539
Kevin Yakob,44.505646,62.0,17.494354248046875
Abu Francis,46.54605,64.0,17.453948974609375
Conor McGrandles,42.74681,60.0,17.253189086914062
Justin Ferizaj,31.816408,49.0,17.183591842651367
Jan Reichert,46.01527,29.0,17.015270233154297
Harrison Reed,54.98528,72.0,17.014720916748047
Jules Gaudin,42.990498,60.0,17.009502410888672
Joe Hilton,45.980778,29.0,16.980777740478516
Rudy Boulais,45.954338,29.0,16.95433807373047
Liam Isherwood,45.95373,29.0,16.953731536865234
Gurmeet Singh,45.95243,29.0,16.952430725097656
Patrick Pflücke,30.048338,47.0,16.951662063598633
Matthieu Rongier,45.95119,29.0,16.951190948486328
Maciej Kowal,45.94884,29.0,16.948841094970703
Silas Ostrzinski,45.9462,29.0,16.94620132446289
Pietro Boer,45.945866,29.0,16.945865631103516
Niraj Kumar,45.94533,29.0,16.945331573486328
Antonio Carrera,45.944912,29.0,16.94491195678711
Lars Larsson Jendal,45.944405,29.0,16.94440460205078
Sławomir Abramowicz,45.942013,29.0,16.942012786865234
Heath Richardson,45.940376,29.0,16.94037628173828
Mattia Zaccagni,40.159264,57.0,16.840736389160156
Joel Soñora,38.207993,55.0,16.792007446289062
Taylan Antalyalı,51.38875,68.0,16.611251831054688
Mads Pedersen,49.44113,66.0,16.558868408203125
Edoardo Bove,57.57085,74.0,16.429149627685547
Nick Powell,37.579166,54.0,16.420833587646484
Jake Hollman,40.61233,57.0,16.38766860961914
Franck Honorat,30.650251,47.0,16.349748611450195
Matt Targett,58.65114,75.0,16.348861694335938
Nicolás Rossi,38.234013,22.0,16.234012603759766
Emmanuel Iyoha,20.851528,37.0,16.14847183227539
Chiedozie Ogbene,40.87728,57.0,16.122718811035156
Anthony Marcucci,38.085587,22.0,16.085586547851562
Matěj Kovář,46.007336,30.0,16.007335662841797
Aaron Ramsey,48.997395,65.0,16.002605438232422
Cameron Cook,45.966293,30.0,15.966293334960938
Quentin Braat,45.965736,30.0,15.965736389160156
Daniel Margush,45.96382,30.0,15.963821411132812
Ross Munro,45.96179,30.0,15.961788177490234
Kacper Trelowski,45.95915,30.0,15.959148406982422
André Picornell,45.95671,30.0,15.956710815429688
Garissone Innocent,45.955437,30.0,15.955436706542969
Sebastian Banozic,45.954845,30.0,15.954845428466797
Amir Saipi,45.95358,30.0,15.95357894897461
Meshari Sanyor,45.948742,30.0,15.948741912841797
Anthony Racioppi,45.94644,30.0,15.946441650390625
Matthew Cox,45.94597,30.0,15.945968627929688
Tino Casali,45.944824,30.0,15.94482421875
Obed Nkambadio,45.94422,30.0,15.944221496582031
Aske Andresen,45.940823,30.0,15.94082260131836
Kayne van Oevelen,45.938206,30.0,15.93820571899414
Ryan Schofield,45.92709,30.0,15.92708969116211
Matteo Rover,24.099722,40.0,15.900278091430664
Joe Gauci,45.728798,30.0,15.728797912597656
Besar Halimi,37.373917,53.0,15.626083374023438
Jakov Medić,55.453056,71.0,15.546943664550781
Liam Smith,44.565792,60.0,15.434207916259766
Freddie Woodman,31.641457,47.0,15.358543395996094
Zak Vyner,52.656742,68.0,15.343257904052734
Liam Lindsay,53.704487,69.0,15.295513153076172
Davide Biraschi,56.745487,72.0,15.254512786865234
Rani Khedira,63.80786,79.0,15.192138671875
Bruno Valdez,58.82315,74.0,15.176849365234375
Cameron Harper,33.857697,49.0,15.142303466796875
Sam Long,45.933495,61.0,15.066505432128906
Jodi Jones,28.98469,44.0,15.015310287475586
Dennis Smarsch,45.98769,31.0,14.987689971923828
Alessandro Lopane,33.02719,48.0,14.972808837890625
Fabian de Keijzer,45.972282,31.0,14.972282409667969
Hannes Sveijer,45.96222,31.0,14.96221923828125
Dheeraj Singh Moirangthem,45.953438,31.0,14.953437805175781
Luca Gemello,45.95329,31.0,14.953289031982422
Jack Warshawsky,45.95227,31.0,14.9522705078125
Lucas Perrin,61.05034,76.0,14.949661254882812
Casper Andersson,45.946774,31.0,14.946773529052734
Đorđe Petrović,45.946564,31.0,14.946563720703125
Franco Israel,45.940636,31.0,14.940635681152344
Jędrzej Grobelny,45.940254,31.0,14.940254211425781
Sebastian Selin,45.939964,31.0,14.939964294433594
Stefan Drljača,45.90313,31.0,14.903129577636719
Yaimar Medina,40.246754,55.0,14.753246307373047
Ole Pohlmann,33.28895,48.0,14.711048126220703
Salih Özcan,61.303223,76.0,14.69677734375
Micky van de Ven,64.329216,79.0,14.670783996582031
Sinan Karweina,24.382124,39.0,14.617876052856445
Jairo Concha,45.404266,60.0,14.595733642578125
Riccardo Ciervo,31.55906,46.0,14.440940856933594
Aljaž Casar,46.588394,61.0,14.411605834960938
Lee Evans,51.666008,66.0,14.333992004394531
Tomasz Pieńko,32.24468,18.0,14.244678497314453
Jack Clarke,25.90325,40.0,14.096750259399414
Grégoire Coudert,43.07056,29.0,14.070560455322266
Amir Hadžiahmetović,56.954388,71.0,14.045612335205078
Tommaso Milanese,35.975475,50.0,14.024524688720703
Shandon Baptiste,53.987946,68.0,14.012054443359375
Storm Strand-Kolbjørnsen,46.001957,32.0,14.001956939697266
Jonas Urbig,45.98504,32.0,13.985038757324219
Lasse Rieß,45.982666,32.0,13.982666015625
Xavier Dziekoński,45.95457,32.0,13.954570770263672
Nils De Mol,45.95306,32.0,13.953060150146484
Joey Kesting,45.951527,32.0,13.951526641845703
Felix Wienand,45.949734,32.0,13.94973373413086
Max Weiß,45.944244,32.0,13.944244384765625
Alessandro Buongiorno,65.060875,79.0,13.939125061035156
Tijjani Reijnders,57.08197,71.0,13.91802978515625
Celestin De Schrevel,45.917583,32.0,13.917583465576172
Jamie McGrath,44.085144,58.0,13.91485595703125
Maurice Dehler,38.91451,25.0,13.914508819580078
Heorhii Sudakov,38.263237,52.0,13.736763000488281
Jaushua Sotirio,30.279446,44.0,13.72055435180664
Jean Lambert Evan's,47.38235,61.0,13.61764907836914
Prabhsukhan Gill,42.529305,29.0,13.529304504394531
Trevoh Chalobah,64.49047,78.0,13.509529113769531
Mamadou Fofana,55.499466,69.0,13.500534057617188
Julian Chabot,63.615204,77.0,13.384796142578125
Paul Izzo,41.644413,55.0,13.355587005615234
Bilal Brahimi,33.692055,47.0,13.307945251464844
Jarrod Carluccio,28.751245,42.0,13.248754501342773
Gino Infantino,34.780888,48.0,13.219112396240234
William Balikwisha,27.790186,41.0,13.209814071655273
Patric Pfeiffer,60.80378,74.0,13.196220397949219
Sam McCallum,52.815403,66.0,13.18459701538086
Matte Smets,50.85386,64.0,13.146141052246094
Jamal Blackman,38.141003,25.0,13.141002655029297
Marius Hauptmann,38.937923,52.0,13.062076568603516
Mauro Luna Diale,44.99125,58.0,13.008750915527344
Laurin Mack,45.987923,33.0,12.987922668457031
Alessandro Lai,45.965008,33.0,12.965007781982422
Emre Bilgin,45.954636,33.0,12.954635620117188
Bartosz Klebaniuk,45.952156,33.0,12.952156066894531
Yannik Bangsow,45.95205,33.0,12.952049255371094
Harvey Wiles-Richards,45.950592,33.0,12.950592041015625
Will Dennis,45.941517,33.0,12.941516876220703
Nico Mantl,45.938564,33.0,12.93856430053711
Ahmad Taleb,45.936726,33.0,12.936725616455078
Mutlaq Al Hurayji,45.933735,33.0,12.933734893798828
Nicolas Lemaître,45.902653,33.0,12.902652740478516
Cheick Conde,56.244938,69.0,12.755062103271484
Wout Faes,64.24694,77.0,12.753059387207031
Skelly Alvero,51.33124,64.0,12.668758392333984
Benno Schmitz,62.34923,75.0,12.650768280029297
Myles Peart-Harris,39.388256,52.0,12.611743927001953
Sikou Niakaté,64.4633,77.0,12.536697387695312
Saël Kumbedi,52.512028,65.0,12.487972259521484
Jorge Grant,44.57763,57.0,12.422370910644531
Guillaume Hubert,29.585012,42.0,12.414987564086914
Federico Dimarco,61.590065,74.0,12.409934997558594
Adrian Mazilu,22.650784,35.0,12.34921646118164
Habib Diarra,53.682743,66.0,12.317256927490234
Fredrik Aursnes,61.75639,74.0,12.243610382080078
Jack Robinson,59.91699,72.0,12.083011627197266
Jean-Charles Castelletto,61.932423,74.0,12.067577362060547
Hugo Magnetti,55.979057,68.0,12.020942687988281
Dennis Dressel,49.003826,61.0,11.996173858642578
Hans Christian Bernat,45.974728,34.0,11.974727630615234
Joe Walsh,46.0326,58.0,11.967399597167969
Clarke Oduor,45.033028,57.0,11.966972351074219
Reece Oxford,63.03473,75.0,11.96527099609375
Maximilian Braune,45.957966,34.0,11.957965850830078
Nicola Bagnolini,45.953003,34.0,11.9530029296875
Markus Ponath,45.943436,34.0,11.943435668945312
Giovanni Garofani,45.94072,34.0,11.940719604492188
Giorgio Scalvini,66.07755,78.0,11.922447204589844
Sulaiman Asiri,35.08425,47.0,11.915748596191406
Calem Nieuwenhof,52.146942,64.0,11.853057861328125
Noé Lebreton,50.18585,62.0,11.814151763916016
Enrico Brignola,23.215406,35.0,11.78459358215332
Maximiliano Caufriez,61.259434,73.0,11.74056625366211
Vitaly Janelt,61.271336,73.0,11.72866439819336
Mai Traore,30.714396,19.0,11.714395523071289
Mamadou Sangare,33.29816,45.0,11.701839447021484
Erich Berko,29.379011,41.0,11.620988845825195
Juan José Cáceres,58.379063,70.0,11.62093734741211
Waniss Taïbi,41.423985,53.0,11.57601547241211
András Schäfer,52.46939,64.0,11.530609130859375
Franco Díaz,52.51748,64.0,11.482521057128906
Kenzo Goudmijn,44.53014,56.0,11.469860076904297
Mirlind Kryeziu,53.555176,65.0,11.44482421875
Isak Hien,63.626213,75.0,11.373786926269531
Silas Gnaka,58.627914,70.0,11.372085571289062
Luke McNally,59.646553,71.0,11.353446960449219
Betim Fazliji,51.654423,63.0,11.345577239990234
Benedikt Gimber,59.68422,71.0,11.315780639648438
Henry Hore,28.684998,40.0,11.31500244140625
Philip Fahrner,45.733974,57.0,11.26602554321289
Bonke Innocent,56.800587,68.0,11.199413299560547
Jordan Bos,50.84257,62.0,11.157428741455078
Manuel García,57.92485,69.0,11.075149536132812
Noel Buck,37.94453,49.0,11.055469512939453
Sander Tangvik,45.96634,57.0,11.033660888671875
Mark O'Hara,53.99427,65.0,11.005729675292969
Noah Atubolu,46.00036,35.0,11.000358581542969
Igoh Ogbu,62.003815,73.0,10.996185302734375
Lassi Lappalainen,42.003986,53.0,10.996013641357422
Jerome Opoku,61.029297,72.0,10.970703125
Jon McCracken,45.96571,35.0,10.965709686279297
Leopold Wahlstedt,45.965427,35.0,10.96542739868164
Ortwin De Wolf,45.96405,35.0,10.96405029296875
Mario Dorgeles,39.042236,50.0,10.957763671875
Jakub Stolarczyk,45.94788,35.0,10.947879791259766
Alberto Dossena,61.0758,72.0,10.924198150634766
Romeo Lavia,61.114372,72.0,10.885627746582031
Jack Bonham,32.12417,43.0,10.875831604003906
Alexander Sørloth,25.140575,36.0,10.859424591064453
Victor Loturi,49.193203,60.0,10.80679702758789
Isaac Price,44.19626,55.0,10.803741455078125
Kevin Martin Krygård,52.197113,63.0,10.802886962890625
Naorem Mahesh Singh,20.21752,31.0,10.782480239868164
Mats Wieffer,61.218147,72.0,10.781852722167969
Juan Cruz Komar,60.22286,71.0,10.777141571044922
Alessandro Di Pardo,50.23009,61.0,10.769908905029297
Arda Güler,41.235157,52.0,10.764842987060547
William Osula,32.739464,22.0,10.739463806152344
Marc-Aurèle Caillard,33.31186,44.0,10.688140869140625
Maximilian Bauer,64.346146,75.0,10.653854370117188
Eric Martel,64.35511,75.0,10.644889831542969
Luis Miguel Marquines,45.58743,35.0,10.58742904663086
Nicolás Romero,60.451035,71.0,10.548965454101562
Ben Thompson,51.4536,62.0,10.546398162841797
Dael Fry,63.469135,74.0,10.530864715576172
Armando Obispo,61.50573,72.0,10.494270324707031
Matías González,59.45285,49.0,10.452850341796875
Andy Diouf,55.57054,66.0,10.429458618164062
Youssouf Koné,53.575054,64.0,10.424945831298828
Stefano Turati,45.40628,35.0,10.406280517578125
Cameron Carter-Vickers,64.59458,75.0,10.405418395996094
Sivasakthi Narayanan,20.606754,31.0,10.393245697021484
Yaw Yeboah,24.612434,35.0,10.387565612792969
Joe Ralls,53.61561,64.0,10.384391784667969
Jordi Vanlerberghe,58.628746,69.0,10.371253967285156
Nik Prelec,22.64099,33.0,10.359010696411133
Sam Field,60.641907,71.0,10.35809326171875
Macaulay Gillesphey,57.687973,68.0,10.312026977539062
Bjarki Steinn Bjarkason,34.70461,45.0,10.295391082763672
Felix Keidel,44.70657,55.0,10.29343032836914
Joe Mendes,51.707016,62.0,10.292984008789062
Marcel Sobottka,60.73711,71.0,10.262889862060547
Vegard Solheim,41.747917,52.0,10.252082824707031
Daniel Samek,63.241207,53.0,10.241207122802734
Valeriy Bondar,63.79009,74.0,10.209911346435547
Jez Lofthouse,26.866243,37.0,10.133756637573242
Rico Lewis,59.907448,70.0,10.092552185058594
Anton Gaaei,48.912674,59.0,10.087326049804688
Matt Clarke,60.941227,71.0,10.058773040771484
Harold Moukoudi,63.961246,74.0,10.038753509521484
Bart Verbruggen,45.991566,56.0,10.008434295654297
Alidu Seidu,64.993904,75.0,10.006095886230469
Dominik Kotarski,45.975098,36.0,9.97509765625
Arthur Vermeeren,57.039204,67.0,9.960796356201172
Trent Buhagiar,35.95889,26.0,9.95888900756836
Kacper Bieszczad,45.95325,36.0,9.953250885009766
Guillaume Restes,45.947598,36.0,9.94759750366211
Filip Jörgensen,45.94059,36.0,9.940589904785156
Marco Friedl,65.07683,75.0,9.923171997070312
Aleksandar Jukic,44.084167,54.0,9.91583251953125
Arouna Sangante,61.091774,71.0,9.908226013183594
Abdoulaye Touré,59.092384,69.0,9.907615661621094
Wilitty Younoussa,53.098053,63.0,9.901947021484375
Can Bozdoğan,51.19795,61.0,9.802051544189453
Luca Ranieri,64.20214,74.0,9.797859191894531
Bjørn Inge Utvik,55.218925,65.0,9.781074523925781
Jekob Abiezer Jeno,54.240078,64.0,9.75992202758789
Moustapha Mbow,57.262867,67.0,9.737133026123047
Nathan-Dylan Saliba,43.287754,53.0,9.71224594116211
Christian Witzig,49.2908,59.0,9.70920181274414
Josh Eccles,57.3058,67.0,9.694198608398438
Lucas Hey,55.306087,65.0,9.693912506103516
Hannibal Mejbri,52.322178,62.0,9.67782211303711
Crysencio Summerville,25.375702,35.0,9.624298095703125
Julien Ponceau,45.39153,55.0,9.608470916748047
Oskar Zawada,27.421228,37.0,9.578771591186523
Allan Tchaptchet,57.43053,67.0,9.569469451904297
Adam Wharton,51.471886,61.0,9.528114318847656
Jacob Barrett Laursen,55.47765,65.0,9.522350311279297
Rayyan Baniya,59.514545,69.0,9.485454559326172
Tony Springett,31.521719,41.0,9.478281021118164
Hayden Hackney,52.530807,62.0,9.469192504882812
Ossama Ashley,51.53278,61.0,9.467220306396484
Quilindschy Hartman,57.5717,67.0,9.428298950195312
Václav Černý,28.573896,38.0,9.426103591918945
Charlie Goode,56.580536,66.0,9.419464111328125
Matías Godoy,29.601698,39.0,9.39830207824707
Kiliann Sildillia,63.604523,73.0,9.395477294921875
Edvard Sandvik Tagseth,49.63961,59.0,9.360389709472656
Marcel Wędrychowski,27.664648,37.0,9.335351943969727
Gabriel Kobylak,41.3297,32.0,9.329700469970703
Bautista Kociubinski,59.686073,69.0,9.313926696777344
Lloyd Kelly,63.691635,73.0,9.308364868164062
Callum Doyle,61.73413,71.0,9.265869140625
Abdelkabir Abqar,61.856194,71.0,9.143806457519531
Logan Costa,61.88737,71.0,9.112628936767578
Utku Yuvakuran,45.107914,36.0,9.107913970947266
Eoghan O'Connell,53.90204,63.0,9.09796142578125
Connor Evans,29.912336,39.0,9.087663650512695
Cédric Zesiger,62.932037,72.0,9.067962646484375
Aleksa Terzić,58.94718,68.0,9.052818298339844
Ștefan Târnovanu,45.952698,55.0,9.04730224609375
Carl Rushworth,45.95278,55.0,9.047218322753906
Ryan Ledson,53.958546,63.0,9.041454315185547
Denis Franchi,46.041004,37.0,9.041004180908203
Michele Cerofolini,46.02604,37.0,9.026039123535156
Michał Helik,61.97558,71.0,9.024421691894531
Christos Zafeiris,53.006096,62.0,8.993904113769531
Will Wilson,41.016083,50.0,8.983917236328125
Semih Sahin,54.027256,63.0,8.97274398803711
Adam Ingi Benediktsson,45.96148,37.0,8.961479187011719
Ted Cann,45.946636,37.0,8.946636199951172
Steven Benda,45.94177,37.0,8.941768646240234
Daylam Meddah,49.136368,58.0,8.863632202148438
El Chadaille Bitshiabu,58.14651,67.0,8.85348892211914
Frederik Lauenborg,57.163517,66.0,8.836483001708984
Levi Colwill,65.17715,74.0,8.822853088378906
Cheick Keita,62.18136,71.0,8.818641662597656
Afimico Pululu,34.793446,26.0,8.793445587158203
Sebastian Ernst,49.2491,58.0,8.750900268554688
Ask Tjærandsen-Skau,42.2993,51.0,8.700698852539062
Vincent Vermeij,24.32825,33.0,8.671749114990234
Léo Leroy,52.336346,61.0,8.663654327392578
Anton Krivotsyuk,62.34786,71.0,8.652141571044922
Daniel Paraschiv,23.383211,32.0,8.616788864135742
Matías Vera,57.449554,66.0,8.550445556640625
Alan Rodríguez,49.464222,58.0,8.535778045654297
Thomas van den Belt,54.46536,63.0,8.53464126586914
Donat Rrudhani,28.496548,37.0,8.50345230102539
Jordan Storey,64.503174,73.0,8.496826171875
Daniel Eduardo Juárez,31.515923,40.0,8.484077453613281
Marco Curto,61.518852,70.0,8.481147766113281
Jonas Meffert,61.52386,70.0,8.476139068603516
Trai Hume,54.540432,63.0,8.45956802368164
Louis Thompson,55.55726,64.0,8.442741394042969
Matteo Gabbia,66.585304,75.0,8.414695739746094
Christoph Kobald,61.615215,70.0,8.384784698486328
Saad Al Mousa,51.615643,60.0,8.384357452392578
Jacob Bedeau,53.627163,62.0,8.37283706665039
Martin Delavallée,37.630264,46.0,8.369735717773438
Mateo Gamarra,62.64539,71.0,8.354610443115234
Yaw Ackah,56.668163,65.0,8.331836700439453
Callum Styles,55.676186,64.0,8.323814392089844
Mads Bech Sørensen,60.68455,69.0,8.315448760986328
Garry Buckley,52.71748,61.0,8.282520294189453
Kortney Hause,62.725353,71.0,8.274646759033203
Liam Gibbs,54.726154,63.0,8.273845672607422
Aiden O'Neill,57.75642,66.0,8.243579864501953
David Sala,47.763287,56.0,8.236713409423828
Andreas Gruber,25.765461,34.0,8.234539031982422
Nassim Boujellab,41.768208,50.0,8.231792449951172
Tobias Storm,43.810955,52.0,8.189044952392578
Tadeo Allende,27.842506,36.0,8.157493591308594
Gautier Lloris,62.846622,71.0,8.153377532958984
Nicolai Rapp,60.882812,69.0,8.1171875
Leopold Querfeld,56.89336,65.0,8.106639862060547
Zymer Bytyqi,28.898905,37.0,8.101095199584961
Louis Patris,60.89913,69.0,8.100868225097656
Justen Glad,60.911255,69.0,8.0887451171875
Bartosz Mrozek,46.05624,38.0,8.05624008178711
Dexter Lembikisa,47.94819,56.0,8.051811218261719
Alex Scott,55.004417,63.0,7.995582580566406
Gustav Berggren,54.02505,62.0,7.974948883056641
Magnus Sjøeng,45.963108,38.0,7.963108062744141
Scott Wharton,61.043427,69.0,7.956573486328125
Theo Sander,45.955387,38.0,7.955387115478516
Iyad Mohamed,53.046085,61.0,7.953914642333984
Krzysztof Bąkowski,45.95086,38.0,7.950859069824219
Jarrad Branthwaite,64.04931,72.0,7.950691223144531
Jan-Christoph Bartels,45.948086,38.0,7.948085784912109
Joachim Imbrechts,45.945526,38.0,7.945526123046875
Nicolás Valentini,64.05494,72.0,7.945060729980469
Ivan Provedel,34.058407,42.0,7.941593170166016
Nectarios Triantis,55.061703,63.0,7.938297271728516
Adamo Nagalo,62.066105,70.0,7.933895111083984
Lewis Hall,55.07214,63.0,7.927860260009766
Antonio Candela,57.073826,65.0,7.926174163818359
Tomás González,23.074629,31.0,7.925371170043945
Noah Karunaratne,27.104876,35.0,7.895124435424805
Diego Coppola,64.10716,72.0,7.8928375244140625
Mark Byrne,44.884293,37.0,7.8842926025390625
Maxime Busi,59.12062,67.0,7.8793792724609375
Daniel Svensson,54.141136,62.0,7.858863830566406
Faisal Al Ghamdi,50.153744,58.0,7.846256256103516
Isaac Schmidt,52.170456,60.0,7.8295440673828125
Will Fish,57.185696,65.0,7.814304351806641
Callum Brittain,57.18727,65.0,7.8127288818359375
Harry Boyes,47.251328,55.0,7.7486724853515625
Jeanuël Belocian,61.263016,69.0,7.7369842529296875
Arian Llugiqi,27.272346,35.0,7.727653503417969
Patrick Sutter,54.28653,62.0,7.713470458984375
Njabulo Blom,62.304577,70.0,7.695423126220703
Alessio Buttaro,54.31098,62.0,7.689018249511719
Ermedin Demirović,33.312374,41.0,7.687625885009766
Zeno Debast,62.31298,70.0,7.687019348144531
Joseph Rosales,47.327995,55.0,7.672004699707031
Mohammed Al Dawsari,50.328045,58.0,7.671955108642578
Alexander Busch,54.32925,62.0,7.670749664306641
Robbie Cundy,57.354465,65.0,7.645534515380859
Christoph Klarer,65.35491,73.0,7.645088195800781
Patrick Osterhage,62.367355,70.0,7.6326446533203125
Osman Kakay,57.37127,65.0,7.628730773925781
Adam Dźwigała,56.38778,64.0,7.612220764160156
Mathias Greve,45.39243,53.0,7.607570648193359
Lenny Pirringuel,41.40088,49.0,7.59912109375
Kyan Vaesen,39.583702,32.0,7.583702087402344
Oliver Arblaster,44.468094,52.0,7.5319061279296875
Luca Moro,30.508698,23.0,7.508697509765625
Gustaf Lagerbielke,58.497116,66.0,7.5028839111328125
Laorent Shabani,45.50076,53.0,7.499240875244141
Dimitrios Nikolaou,64.51732,72.0,7.4826812744140625
Elio Capradossi,62.523426,70.0,7.476573944091797
Eirik Haugan,59.54246,67.0,7.457538604736328
Julian Niehues,59.544804,67.0,7.455196380615234
Gary Boylan,46.549805,54.0,7.4501953125
Ibrahima Sissoko,64.557915,72.0,7.442085266113281
Jake Bickerstaff,25.440226,18.0,7.440225601196289
Gonzalo Luján,61.5666,69.0,7.433399200439453
Sammie Szmodics,40.57064,48.0,7.429359436035156
Hjalmar Ekdal,65.57101,73.0,7.428993225097656
Maximilian Wittek,58.635952,66.0,7.364048004150391
Ivan Nevistić,45.352936,38.0,7.352935791015625
Michał Karbownik,60.652943,68.0,7.347057342529297
Krystian Bielik,63.66754,71.0,7.33245849609375
Moussa Diarra,61.688942,69.0,7.311058044433594
Scott McKenna,64.6965,72.0,7.303497314453125
Lennard Maloney,63.69699,71.0,7.303009033203125
Keanu Baccus,60.707718,68.0,7.2922821044921875
Marcel Hoffmeier,61.742317,69.0,7.257682800292969
Lorenzo Pirola,64.75005,72.0,7.249946594238281
Marlon Fossey,57.75531,65.0,7.24468994140625
Killian Phillips,54.7633,62.0,7.236698150634766
Kristoffer Velde,35.7698,43.0,7.230201721191406
James Clarke,50.78144,58.0,7.218559265136719
Senne Lynen,61.79093,69.0,7.209068298339844
Josh Neufville,28.208008,21.0,7.2080078125
Cameron Pring,56.809345,64.0,7.190654754638672
Conrad Wallem,38.818615,46.0,7.181385040283203
Bartłomiej Kłudka,49.863186,57.0,7.136814117431641
Kajetan Szmyt,30.868488,38.0,7.131511688232422
Gastón Álvarez,65.87279,73.0,7.1272125244140625
Jacob Greaves,63.895096,71.0,7.1049041748046875
Lewis Warrington,52.91565,60.0,7.0843505859375
Lars Kehl,31.938623,39.0,7.061376571655273
Alfie Doughty,55.975872,63.0,7.024127960205078
Emmanuel Ntim,60.988136,68.0,7.011863708496094
Adam Murphy,44.988537,52.0,7.011463165283203
Sveinn Aron Guðjohnsen,26.000353,33.0,6.99964714050293
Mads Bidstrup,64.004524,71.0,6.995475769042969
Moritz Jenz,65.03564,72.0,6.964363098144531
Justin Haak,53.03694,60.0,6.9630584716796875
Carl Johansson,60.037052,67.0,6.962947845458984
Vítězslav Jaroš,45.957565,39.0,6.9575653076171875
Osama Al Mermish,45.950356,39.0,6.950355529785156
Robert Popa,45.950176,39.0,6.950176239013672
Mohammad Nawaz,45.946487,39.0,6.9464874267578125
Kazımcan Karataş,57.072975,64.0,6.927024841308594
Mathieu Choinière,54.073303,61.0,6.92669677734375
Konstantinos Koulierakis,61.073402,68.0,6.926597595214844
Mathias Olesen,52.074203,59.0,6.9257965087890625
Justin Butler,29.918446,23.0,6.918445587158203
Leonardo Díaz,57.082005,64.0,6.917995452880859
Magnus Riisnæs,47.084274,54.0,6.9157257080078125
Tyronne Ebuehi,62.08673,69.0,6.91326904296875
Paul Joly,61.09802,68.0,6.901981353759766
Gaëtan Coucke,45.90183,39.0,6.901828765869141
Lindrit Kamberi,57.100925,64.0,6.899074554443359
Jannis Heuer,63.105515,70.0,6.8944854736328125
Federico Redondo,61.113354,68.0,6.886646270751953
Hrvoje Smolčić,65.13844,72.0,6.8615570068359375
Davide Frattesi,61.139038,68.0,6.8609619140625
Mateusz Kochalski,45.85701,39.0,6.8570098876953125
Jean Hugonet,61.146465,68.0,6.853534698486328
Alessandro Vogliacco,64.15397,71.0,6.846031188964844
Aurèle Amenda,54.169228,61.0,6.830772399902344
Alexander Prass,62.174656,69.0,6.825344085693359
Yari Otto,48.803875,42.0,6.803874969482422
Marcin Listkowski,41.227333,48.0,6.772666931152344
Fatih Aksoy,63.252293,70.0,6.747707366943359
Daniel Johnson,47.275223,54.0,6.7247772216796875
Kevin Ortiz,62.280903,69.0,6.719097137451172
Anfernee Dijksteel,62.289165,69.0,6.710834503173828
Xavier Mbuyamba,62.300518,69.0,6.699481964111328
Kusini Yengi,35.69565,29.0,6.695648193359375
Okan Erdoğan,60.308605,67.0,6.691394805908203
Harvey Lintott,50.31333,57.0,6.686668395996094
Théo Le Bris,56.342705,63.0,6.657295227050781
Andréas Hountondji,25.657015,19.0,6.657014846801758
Yoann Cathline,38.366592,45.0,6.6334075927734375
Eli King,49.369453,56.0,6.630546569824219
Aidan Morris,61.41072,68.0,6.5892791748046875
Facundo Mansilla,63.411816,70.0,6.588184356689453
Enzo Ebosse,65.41598,72.0,6.584022521972656
Mamadou Camara,31.576532,25.0,6.576532363891602
Sven Mijnans,55.428146,62.0,6.5718536376953125
Mehdi Boukamir,55.448532,62.0,6.5514678955078125
Philipp Treu,54.450733,61.0,6.549266815185547
Caleb Taylor,61.450798,68.0,6.549201965332031
Darius Lipsiuc,35.451355,42.0,6.54864501953125
Yoni Gomis,53.46379,60.0,6.5362091064453125
Marcel Hartel,32.477886,39.0,6.522113800048828
Nick Woltemade,30.49258,37.0,6.507419586181641
Clemens Riedel,62.498302,69.0,6.501697540283203
Saikou Touray,47.512444,54.0,6.487556457519531
Greg Docherty,59.51523,66.0,6.484771728515625
Kyle McAllister,42.522953,49.0,6.477046966552734
Alex Greive,24.443968,18.0,6.443967819213867
Björn Meijer,63.571014,70.0,6.428985595703125
Hayden Carter,62.580593,69.0,6.419406890869141
Julian Stark,53.582794,60.0,6.417205810546875
Salvatore Esposito,52.586334,59.0,6.413665771484375
Cătălin Cîrjan,44.59274,51.0,6.407260894775391
Ben Wilmot,65.595955,72.0,6.404045104980469
Lukas Scherff,50.614464,57.0,6.385536193847656
Raphael Framberger,59.666615,66.0,6.333385467529297
Taylor Moore,57.67214,64.0,6.327861785888672
Koni De Winter,62.686657,69.0,6.313343048095703
Daniel Bielica,44.309715,38.0,6.309715270996094
Gabriel Osho,63.712482,70.0,6.287517547607422
Valentin Gendrey,60.718605,67.0,6.281394958496094
Sean Zawadzki,53.769707,60.0,6.230293273925781
Allan Campbell,62.793648,69.0,6.206352233886719
Jannes Van Hecke,52.79559,59.0,6.204410552978516
Sebastian Szymański,32.798416,39.0,6.2015838623046875
Enea Mihaj,64.803085,71.0,6.1969146728515625
Chay Cooper,41.19014,35.0,6.1901397705078125
Yannik Keitel,62.83166,69.0,6.168338775634766
Charlie Finney,43.83664,50.0,6.163360595703125
Louis Zabala,43.864243,50.0,6.1357574462890625
Matthias Bader,61.864548,68.0,6.1354522705078125
Jordy Makengo,59.885674,66.0,6.114326477050781
Yoan Koré,56.88693,63.0,6.113071441650391
Lohann Doucet,54.893387,61.0,6.1066131591796875
Toni Domgjoni,57.91431,64.0,6.085689544677734
Flavio Alcedo,56.93475,63.0,6.065250396728516
George Tanner,55.94025,62.0,6.059749603271484
Namgyal Bhutia,38.942715,45.0,6.057285308837891
Diego Luna,31.960964,38.0,6.039035797119141
Nicolas Vouilloz,57.962223,64.0,6.037776947021484
Christian Dahle Borchgrevink,52.986996,59.0,6.013004302978516
Allan Linguet,55.98805,62.0,6.011951446533203
Markus Schubert,45.991394,40.0,5.99139404296875
Reece Burke,65.00924,71.0,5.990760803222656
Nathan Trott,45.982327,40.0,5.982326507568359
Formose Mendy,62.01979,68.0,5.9802093505859375
Scott Smith,40.026215,46.0,5.973785400390625
Alessandro Sorrentino,45.96494,40.0,5.964939117431641
Mattia Chiesa,33.035107,39.0,5.964893341064453
Dominique Youfeigane,45.96357,40.0,5.963569641113281
Jack Keaney,52.038696,58.0,5.9613037109375
Kreshnik Krasniqi,46.0399,52.0,5.9600982666015625
Lennart Grill,45.9507,40.0,5.9506988525390625
Alfie Chang,54.051968,60.0,5.948032379150391
Marco Brescianini,55.060886,61.0,5.939113616943359
Óscar Zambrano,60.062534,66.0,5.937465667724609
Yannis Letard,57.06664,63.0,5.933361053466797
Moritz Oswald,53.070652,59.0,5.929347991943359
Enzo Tchato,57.071217,63.0,5.928783416748047
Sandy Walsh,62.08116,68.0,5.9188385009765625
Jens Odgaard,36.096874,42.0,5.903125762939453
Jacob Shaffelburg,46.097378,52.0,5.902622222900391
Kylian Kaïboué,61.112823,67.0,5.887176513671875
Thibault Vlietinck,54.122,60.0,5.877998352050781
Agustín Giay,61.126217,67.0,5.873783111572266
Yusuf Erdoğan,53.130814,59.0,5.8691864013671875
Anders Trondsen,58.132492,64.0,5.8675079345703125
Abiel Osorio,28.13873,34.0,5.861270904541016
Henning Matriciani,62.169136,68.0,5.830863952636719
Julian Krahl,36.82606,31.0,5.826061248779297
Niccolò Corrado,58.180744,64.0,5.819255828857422
Oliver Cooper,52.184353,58.0,5.815647125244141
Jordan Elsey,54.18734,60.0,5.812660217285156
Ryan Trevitt,41.192997,47.0,5.807003021240234
Rodrigo Guth,65.20739,71.0,5.792610168457031
Marcus Ingvartsen,32.229813,38.0,5.7701873779296875
Rami Al Hajj,44.235107,50.0,5.764892578125
Flavien-Enzo Boyomo,63.25666,69.0,5.743339538574219
Jhon Solís,58.257263,64.0,5.74273681640625
Christiaan Ravych,60.25774,66.0,5.742259979248047
Santiago Núñez,61.267258,67.0,5.7327423095703125
Joe Wright,57.269207,63.0,5.730792999267578
Jamie Lawrence,61.27017,67.0,5.729831695556641
Yordi López,43.27312,49.0,5.726879119873047
Leandro Morgalla,61.281204,67.0,5.7187957763671875
Giuseppe Cuomo,57.282536,63.0,5.717464447021484
Nicolás Garayalde,55.285835,61.0,5.714164733886719
Matteo Meisl,60.286232,66.0,5.713768005371094
Ismajl Beka,59.287643,65.0,5.7123565673828125
Zac Ashworth,53.299007,59.0,5.700992584228516
Shady Oukhadda,57.304863,63.0,5.695137023925781
Leonardo Benedetti,52.309277,58.0,5.690723419189453
Ousmane Camara,59.314194,65.0,5.6858062744140625
Bobby Thomas,61.31959,67.0,5.680408477783203
Dawson Devoy,47.32436,53.0,5.675640106201172
Dylan Nealis,56.34515,62.0,5.654850006103516
Batista Mendy,65.35202,71.0,5.647979736328125
Callum Hendry,25.355236,31.0,5.644763946533203
Achraf Dari,65.37074,71.0,5.6292572021484375
George Miller,31.373447,37.0,5.626552581787109
Max Christiansen,62.390793,68.0,5.6092071533203125
Regan Slater,59.39201,65.0,5.607990264892578
Harrison Burrows,54.40336,60.0,5.596641540527344
Eliezer Mayenda,23.417816,29.0,5.582183837890625
David Schnegg,62.423153,68.0,5.576847076416016
Josh Austerfield,44.425648,50.0,5.574352264404297
Erik Dueñas,45.43907,51.0,5.5609283447265625
Moritz Broschinski,25.448343,31.0,5.551656723022461
Lenn Jastremski,24.538113,19.0,5.538112640380859
Łukasz Poręba,61.463394,67.0,5.5366058349609375
Max Johnston,54.477345,60.0,5.522655487060547
Thibault De Smet,62.480186,68.0,5.519813537597656
Odin Thiago Holm,47.48592,53.0,5.514080047607422
Andrea Carboni,65.51959,71.0,5.48040771484375
Jan Sobociński,58.530605,64.0,5.469394683837891
Charlie Patino,59.533745,65.0,5.466255187988281
Ravil Tagir,63.537422,69.0,5.462577819824219
Liam Delap,23.553198,29.0,5.446802139282227
Sheriff Sinyan,60.558205,66.0,5.441795349121094
Guillermo Enrique,64.57315,70.0,5.426849365234375
Jack Currie,51.577633,57.0,5.422367095947266
Johann Lepenant,63.603813,69.0,5.396186828613281
Gustav Grubbe,51.618454,57.0,5.3815460205078125
Jonson Clarke-Harris,22.625607,28.0,5.374393463134766
Khalil Fayad,40.632584,46.0,5.3674163818359375
Rocco Ascone,49.6341,55.0,5.365898132324219
Oscar Wiklöf,46.648994,52.0,5.351005554199219
Bradley Locko,63.649155,69.0,5.3508453369140625
Leighton Clarkson,54.65769,60.0,5.342311859130859
Griffin Dorsey,46.66489,52.0,5.335109710693359
Alou Kuol,22.666922,28.0,5.333078384399414
Salem Al Najdi,47.66785,53.0,5.332149505615234
Huseyin Biler,50.676277,56.0,5.323722839355469
Junior Mwanga,63.686996,69.0,5.3130035400390625
Ryan Raposo,46.689255,52.0,5.3107452392578125
Joseph N'Duquidi,54.692677,60.0,5.307323455810547
Tanguy Zoukrou,60.700367,66.0,5.299633026123047
Edward McGinty,45.703312,51.0,5.296688079833984
Yan Brice Eteki,62.707764,68.0,5.292236328125
Ronnie Edwards,63.71439,69.0,5.285610198974609
Clément Vidal,64.72962,70.0,5.270378112792969
Myron van Brederode,26.734922,32.0,5.265077590942383
Amar Dedić,60.7483,66.0,5.251701354980469
Abdullah Al Hamdan,28.75013,34.0,5.249870300292969
Oscar Wallin,52.753895,58.0,5.246105194091797
Ewoud Pletinckx,61.754005,67.0,5.245994567871094
Serdar Saatçı,62.763264,68.0,5.236736297607422
Felix Allgaier,51.763718,57.0,5.2362823486328125
Antoine Makoumbou,61.77007,67.0,5.229930877685547
Jaouen Hadjam,57.810135,63.0,5.1898651123046875
Siyabonga Ngezana,63.812252,69.0,5.187747955322266
Rafik Zekhnini,35.183037,30.0,5.183036804199219
Maxim De Cuyper,60.82671,66.0,5.173290252685547
Andy Pembélé,27.83523,33.0,5.164770126342773
İsmail Yüksek,63.840004,69.0,5.159996032714844
Matías Silva,50.84244,56.0,5.157558441162109
Christian Saydee,22.846148,28.0,5.153852462768555
Ryan Flamingo,62.846607,68.0,5.153392791748047
Manuel Polster,28.859768,34.0,5.140232086181641
Furkan Bayır,59.8694,65.0,5.1305999755859375
Maurits Kjaergaard,57.87521,63.0,5.124790191650391
Riccardo Calafiori,62.87644,68.0,5.123561859130859
Seán Hoare,56.883446,62.0,5.116554260253906
Max Rosenfelder,61.891838,67.0,5.108161926269531
Nicolas Janvier,56.911827,62.0,5.088172912597656
Zachary Elbouzedi,40.07896,35.0,5.078960418701172
Ed Turns,57.92251,63.0,5.077491760253906
Matthew Pennington,61.92789,67.0,5.072109222412109
Duncan Watmore,30.930176,36.0,5.06982421875
Leonidas Stergiou,64.93128,70.0,5.068717956542969
Daniel Wilmering,46.936146,52.0,5.063854217529297
Rassoul Ndiaye,59.95175,65.0,5.048248291015625
Boris Tomiak,64.977974,70.0,5.022026062011719
Bernhard Unger,46.020664,41.0,5.020664215087891
Bryan Reynolds,60.98979,66.0,5.0102081298828125
Cedric Teuchert,29.9909,35.0,5.009099960327148
Tom Ducrocq,60.991684,66.0,5.0083160400390625
Nathan Baxter,46.00135,41.0,5.001350402832031
Anthony Schmid,21.997637,17.0,4.997636795043945
Jakob Tånnander,46.00692,51.0,4.993080139160156
Jordan Shipley,54.007473,59.0,4.992527008056641
David Affengruber,64.019226,69.0,4.98077392578125
Rick van Drongelen,64.02176,69.0,4.978240966796875
James Bree,62.023293,67.0,4.976707458496094
Yasser Larouci,60.024704,65.0,4.9752960205078125
Luca Bendel,45.967865,41.0,4.967864990234375
Marko Johansson,45.96725,41.0,4.967250823974609
Kjell Scherpen,45.965584,41.0,4.965583801269531
Frank Magri,25.961008,21.0,4.961008071899414
Boris Lambert,63.039173,68.0,4.960826873779297
Lucas Chevalier,45.95518,41.0,4.955181121826172
Bismark Adjei-Boateng,61.04521,66.0,4.9547882080078125
Oliver Petersen,45.953358,41.0,4.953357696533203
Jacopo Fazzini,57.05063,62.0,4.949371337890625
Issam El Maach,45.946384,41.0,4.946384429931641
Luca Unbehaun,45.94501,41.0,4.945011138916016
Yahia Fofana,45.94096,41.0,4.940959930419922
Malcom Bokele,64.07074,69.0,4.92926025390625
Francisco Perruzzi,60.08054,65.0,4.919460296630859
Nathaniel Brown,52.092434,57.0,4.907566070556641
Kailin Barlow,43.094902,48.0,4.905097961425781
Arda Kızıldağ,63.098232,68.0,4.901767730712891
Giorgio Altare,66.09971,71.0,4.900291442871094
Bartuğ Elmaz,56.101692,61.0,4.898307800292969
Musab Al Juwair,45.122116,50.0,4.8778839111328125
Santeri Väänänen,56.14564,61.0,4.854358673095703
Dean Cornelius,52.146385,57.0,4.853614807128906
Nathan Moriah-Welsh,48.155273,53.0,4.8447265625
Nikola Soldo,65.167984,70.0,4.8320159912109375
Charlie Cresswell,63.177814,68.0,4.822185516357422
Lukas Sulzbacher,56.178165,61.0,4.821834564208984
Gerasimos Mitoglou,63.18103,68.0,4.8189697265625
Denis Huseinbašić,56.1816,61.0,4.818401336669922
Guy-Marcelin Kilama,61.188454,66.0,4.811546325683594
Oualid Mhamdi,51.19589,56.0,4.804111480712891
Nathan Ferguson,63.201897,68.0,4.798103332519531
Oliver Sørensen,54.207848,59.0,4.792152404785156
Mallik Wilks,27.790863,23.0,4.790863037109375
Ion Gheorghe,37.21867,42.0,4.781330108642578
Abdulkareem Al Sultan,54.229153,59.0,4.770847320556641
Al-Amin Kazeem,51.235794,56.0,4.7642059326171875
Valerio Mastrantonio,51.246895,56.0,4.753105163574219
Oumar Ngom,54.247242,59.0,4.752758026123047
Jonas Föhrenbach,64.24834,69.0,4.7516632080078125
Charilaos Charisis,59.249516,64.0,4.750484466552734
Bruno Amione,63.253204,68.0,4.746795654296875
Marco Burch,63.255802,68.0,4.744197845458984
Riccardo Marchizza,64.262856,69.0,4.737144470214844
Adis Jasic,59.28856,64.0,4.7114410400390625
Vittorio Parigini,27.30124,32.0,4.698759078979492
Kenneth Schmidt,62.302685,67.0,4.697315216064453
Aleksa Pejić,61.30503,66.0,4.694969177246094
Luca Langoni,29.310316,34.0,4.68968391418457
Lucas Lingman,47.312363,52.0,4.6876373291015625
Peter Bjur,55.321995,60.0,4.678005218505859
Callum Robinson,27.323793,32.0,4.676206588745117
Thomas Buitink,35.32737,40.0,4.672630310058594
Norman Bassette,22.328608,27.0,4.671392440795898
Tahith Chong,45.329674,50.0,4.670326232910156
Edo Kayembe,61.338005,66.0,4.661994934082031
Oscar Taty Maritu,21.341627,26.0,4.65837287902832
Ariel Mosór,61.34414,66.0,4.655860900878906
Alieu Fadera,52.360504,57.0,4.639495849609375
Dominik Stumberger,60.37582,65.0,4.624179840087891
Benjamin Ozegovic,39.61968,35.0,4.619678497314453
Simon Elisor,31.38742,36.0,4.612579345703125
Jann-Fiete Arp,35.608032,31.0,4.6080322265625
Oussama Targhalline,57.395405,62.0,4.604595184326172
Oliver Antman,33.402603,38.0,4.5973968505859375
CJ Egan-Riley,61.410378,66.0,4.589622497558594
Thomas Santos,48.417484,53.0,4.582515716552734
Marvin Schwäbe,42.418755,47.0,4.581245422363281
Jan Schöppner,63.440582,68.0,4.559417724609375
Armin Gigović,52.45515,57.0,4.544849395751953
Jovan Marković,35.534122,31.0,4.534122467041016
Turki Al Mutairi,21.533978,17.0,4.533977508544922
Maximiliano Puig,55.49082,60.0,4.509178161621094
Jakub Lewicki,47.49589,52.0,4.504108428955078
Antonios Papadopoulos,59.506077,64.0,4.493923187255859
Simone Mazzocchi,30.485031,26.0,4.4850311279296875
Idris El Mizouni,56.51573,61.0,4.4842681884765625
Ismaël Koné,53.522427,58.0,4.477573394775391
Jack McGlynn,51.53333,56.0,4.466670989990234
Youssef Chermiti,28.535812,33.0,4.4641876220703125
Dennis Cirkin,59.54341,64.0,4.4565887451171875
Shawn Adewoye,63.555332,68.0,4.444667816162109
Dennis Hadžikadunić,65.55755,70.0,4.442451477050781
Lewis Mayo,58.55794,63.0,4.442058563232422
Syb van Ottele,61.560013,66.0,4.4399871826171875
Josh Benson,55.563362,60.0,4.436637878417969
Benjamin Kanuric,51.570312,56.0,4.4296875
Erik Botheim,31.423923,27.0,4.423923492431641
Allahyar Sayyadmanesh,41.579956,46.0,4.4200439453125
Maxwell Gyamfi,60.595383,65.0,4.4046173095703125
Noé Sow,59.603714,64.0,4.3962860107421875
Hakim Guenouche,51.609158,56.0,4.390842437744141
Juan Cruz Kaprof,27.61168,32.0,4.3883209228515625
Mateo Tanlongo,62.616062,67.0,4.383937835693359
Georgios Vagiannidis,56.620224,61.0,4.3797760009765625
Joe Taylor,24.375525,20.0,4.375524520874023
Kyle Joseph,27.372751,23.0,4.372751235961914
Tobias Berger,54.633263,59.0,4.366737365722656
Stefan Colakovski,28.637968,33.0,4.362031936645508
Juan Cruz De Los Santos,34.644077,39.0,4.355922698974609
Flynn Downes,62.653698,67.0,4.346302032470703
Patrick Kammerbauer,61.329887,57.0,4.329887390136719
Abdullah Matuq,27.323189,23.0,4.323188781738281
Andreas Müller,60.68097,65.0,4.31903076171875
Johan Bångsbo,61.695972,66.0,4.304027557373047
Oday Dabbagh,30.696707,35.0,4.303293228149414
John Martin,41.300426,37.0,4.300426483154297
Sami Lahssaini,58.707886,63.0,4.2921142578125
Hugo Andersson,61.709267,66.0,4.290733337402344
Tim Oermann,61.71276,66.0,4.287239074707031
Michael Steinwender,61.72187,66.0,4.278129577636719
Juan Pablo Torres,57.271942,53.0,4.271942138671875
Christian Dalle Mura,60.74088,65.0,4.259120941162109
Saxon Earley,50.74141,55.0,4.2585906982421875
Mason Bennett,37.743546,42.0,4.2564544677734375
Beni Baningime,65.75998,70.0,4.240020751953125
Fabricio Vidal,55.774315,60.0,4.225685119628906
Paweł Stolarski,53.775513,58.0,4.2244873046875
Kai Klefisch,62.777534,67.0,4.222465515136719
Harry Pickering,61.779915,66.0,4.220085144042969
Kevin Schade,24.781487,29.0,4.218513488769531
Marius Müller,34.21724,30.0,4.2172393798828125
Gabriele Zappa,60.787785,65.0,4.212215423583984
Ignacio Rodríguez,63.800434,68.0,4.199565887451172
Logan Ndenbe,55.810234,60.0,4.189765930175781
Frankie Kent,61.815548,66.0,4.184452056884766
Adrian Gryszkiewicz,60.818577,65.0,4.181423187255859
Jérémy Blasco,62.829136,67.0,4.170864105224609
Enzo Leopold,51.83125,56.0,4.168750762939453
Kévin Boma,58.83392,63.0,4.166080474853516
Brad Potts,56.836887,61.0,4.163112640380859
Robert Gumny,62.84727,67.0,4.152729034423828
Edvin Kurtulus,64.84878,69.0,4.151222229003906
Thomas Thiesson Kristensen,61.849598,66.0,4.150402069091797
Fynn Lakenmacher,25.849918,30.0,4.150081634521484
Nico Hug,54.905415,59.0,4.094585418701172
Kieran Dowell,44.08254,40.0,4.082538604736328
Eyram Viegbe,49.921104,54.0,4.078895568847656
Pape Ndiaga Yade,39.922405,44.0,4.077594757080078
Quentin Merlin,62.923054,67.0,4.076946258544922
Deroy Duarte,56.92678,61.0,4.073219299316406
Kouame Autonne,62.932148,67.0,4.067852020263672
Farès Chaïbi,63.939198,68.0,4.060802459716797
Daniel Gutiérrez,61.946735,66.0,4.053264617919922
Christos Kourfalidis,54.951313,59.0,4.048686981201172
Filip Stanković,45.957024,50.0,4.042976379394531
Yohan Cassubie,60.965946,65.0,4.034053802490234
Azeem Abdulai,49.991592,54.0,4.0084075927734375
Giulian Biancone,64.991844,69.0,4.008155822753906
Filip Szymczak,25.002134,21.0,4.002134323120117
Isaac Olaofe,22.998512,19.0,3.9985122680664062
Jayden Nelson,44.004936,48.0,3.9950637817382812
Henry Rorig,56.9936,53.0,3.9935989379882812
Till Cissokho,63.008377,67.0,3.9916229248046875
Bader Al Enazi,45.99048,42.0,3.990478515625
Yanis Begraoui,24.987263,21.0,3.987262725830078
Jakub Bartosz,57.986057,54.0,3.9860572814941406
Lukas Mühl,64.02384,68.0,3.9761581420898438
Félix Lemaréchal,56.0267,60.0,3.9733009338378906
Adilson Malanda,61.029312,65.0,3.9706878662109375
Maximilien Balard,50.03356,54.0,3.9664382934570312
Linus Gechter,65.04552,69.0,3.9544830322265625
Théo Sainte-Luce,61.04887,65.0,3.951129913330078
Miguel Acosta,45.950302,42.0,3.9503021240234375
Damian Las,45.949055,42.0,3.949054718017578
Arthur Lyska,45.941425,42.0,3.941425323486328
Jayden Oosterwolde,59.061043,63.0,3.9389572143554688
Maik Nawrocki,64.061226,68.0,3.9387741088867188
Marcin Cebula,50.065575,54.0,3.9344253540039062
Elias Cobbaut,64.06976,68.0,3.93023681640625
Wouter Burger,58.07069,62.0,3.929309844970703
Daniel Edelman,60.071312,64.0,3.9286880493164062
Ryan Porteous,64.07438,68.0,3.9256210327148438
Tom Baack,60.083805,64.0,3.9161949157714844
Dru Yearwood,61.084145,65.0,3.9158554077148438
Mohamed Kaba,60.0859,64.0,3.9141006469726562
Amadou Camara,23.90946,20.0,3.9094600677490234
Cameron Humphreys,53.094097,57.0,3.905902862548828
Elias Jelert,60.103394,64.0,3.8966064453125
Lamare Bogarde,56.105522,60.0,3.8944778442382812
Davide Bettella,63.107082,67.0,3.8929176330566406
Cristian Castro Devenish,64.13261,68.0,3.8673934936523438
Fabian Reese,41.14125,45.0,3.8587493896484375
Niklas Lang,62.14268,66.0,3.857318878173828
Kilian Fischer,62.145546,66.0,3.8544540405273438
Danny McNamara,62.145645,66.0,3.8543548583984375
Liam Ravenhill,51.15003,55.0,3.8499717712402344
Dylan Pierias,53.848713,50.0,3.848712921142578
Tim Rieder,61.151592,65.0,3.848407745361328
Ranko Veselinović,64.15403,68.0,3.8459701538085938
Filippo Terracciano,59.16458,63.0,3.835418701171875
Seedy Jatta,22.165527,26.0,3.83447265625
Conor Bradley,57.169537,61.0,3.830463409423828
Ebrima Colley,23.179432,27.0,3.820568084716797
Saïdou Sow,65.18216,69.0,3.817840576171875
Gavin Molloy,53.18495,57.0,3.8150482177734375
Felix Bacher,61.18961,65.0,3.8103904724121094
Marco Pompetti,49.192493,53.0,3.807506561279297
Raphael Schifferl,61.19723,65.0,3.8027687072753906
Neil Farrugia,58.801987,55.0,3.8019866943359375
Lewis Ferguson,64.202484,68.0,3.797515869140625
Marc Leonard,57.217693,61.0,3.782306671142578
Ethan Laird,62.22648,66.0,3.7735214233398438
Tim Sechelmann,62.22682,66.0,3.7731781005859375
Théo Pellenard,63.229095,67.0,3.770904541015625
Noah Persson,50.26389,54.0,3.7361106872558594
Dragoș Iancu,46.268948,50.0,3.7310523986816406
George Johnston,62.276142,66.0,3.723857879638672
Taras Gomulka,55.28171,59.0,3.7182884216308594
Amadou Mbengue,62.28422,66.0,3.715778350830078
Taylor Gardner-Hickman,61.285473,65.0,3.714527130126953
Alex Murphy,58.28641,62.0,3.7135887145996094
Jack Rudoni,56.28972,60.0,3.7102813720703125
Xander Blomme,57.293106,61.0,3.7068939208984375
Azzedine Ounahi,60.29416,64.0,3.705841064453125
Tim Iroegbunam,58.296688,62.0,3.7033119201660156
David Čolina,63.29948,67.0,3.700519561767578
Lino Tempelmann,62.30162,66.0,3.6983795166015625
Lazar Samardžić,53.302914,57.0,3.6970863342285156
Lukas Gütlbauer,44.679203,41.0,3.6792030334472656
Bright Akwo Arrey-Mbi,60.32302,64.0,3.6769790649414062
Dan Casey,59.338974,63.0,3.6610260009765625
Ajibola Alese,62.348526,66.0,3.6514739990234375
Alessandro Fontanarosa,63.379498,67.0,3.620502471923828
Oskar Ågren,55.382587,59.0,3.617412567138672
Melle Meulensteen,64.39868,68.0,3.601318359375
Žan Zaletel,62.40364,66.0,3.5963592529296875
Kazeem Olaigbe,28.405157,32.0,3.5948429107666016
Lorenz Assignon,62.40545,66.0,3.5945510864257812
Arkadiusz Pyrka,54.410744,58.0,3.5892562866210938
Dmytro Riznyk,44.41089,48.0,3.589111328125
Baran Mogultay,52.41321,56.0,3.5867881774902344
Jaheim Headley,51.418114,55.0,3.5818862915039062
Adrian Nilsen Pereira,55.422943,59.0,3.577056884765625
Stephan Negru,53.42462,57.0,3.57537841796875
Issiar Dramé,60.426193,64.0,3.5738067626953125
Maksim Stjopin,18.570648,15.0,3.570648193359375
Nicolae Păun,62.429474,66.0,3.570526123046875
Lucas Noubi,55.42967,59.0,3.570331573486328
Mohammed Diomande,59.429863,63.0,3.5701370239257812
Ernest Nuamah,27.569431,24.0,3.5694313049316406
Alessandro Bianco,55.431423,59.0,3.5685768127441406
Barış Alper Yılmaz,33.432674,37.0,3.5673255920410156
Shurandy Sambo,60.43402,64.0,3.56597900390625
George Campbell,57.440407,61.0,3.5595932006835938
Jaylin Lindsey,57.44833,61.0,3.5516700744628906
Moritz Römling,51.45048,55.0,3.549518585205078
Niklas Schmidt,49.45117,53.0,3.548828125
Matteo Ruggeri,63.452652,67.0,3.5473480224609375
Ian Murphy,59.45432,63.0,3.5456809997558594
Mathias Løvik,51.45704,55.0,3.5429611206054688
Matthias Braunöder,58.457188,62.0,3.5428123474121094
Eldin Dzogovic,53.47518,57.0,3.5248184204101562
Paxton Pomykal,57.47588,61.0,3.524120330810547
Sofian Kiyine,60.47744,64.0,3.5225601196289062
Koba Leïn Koindredi,52.48235,56.0,3.517650604248047
Lukas Boeder,60.48486,64.0,3.5151405334472656
Danny Norris,38.500786,42.0,3.4992141723632812
Tim Civeja,49.502018,53.0,3.4979820251464844
Tyler Morton,58.509655,62.0,3.490345001220703
Lys Mousset,27.487003,24.0,3.4870033264160156
Robert Murić,27.515383,31.0,3.484617233276367
Constantin Grameni,60.527473,64.0,3.4725265502929688
Mike Eerdhuijzen,62.52927,66.0,3.4707298278808594
Jamie Roche,58.53529,62.0,3.464710235595703
Johan Karlsson,51.541656,55.0,3.458343505859375
Ian Fray,53.54186,57.0,3.458141326904297
Johan Bakke,50.54719,54.0,3.452808380126953
Kalidou Sidibé,63.548122,67.0,3.4518775939941406
Radosław Majecki,24.559223,28.0,3.440776824951172
Harry Steele,49.562614,53.0,3.4373855590820312
Edgaras Utkus,63.565002,67.0,3.43499755859375
Casper Terho,27.566877,31.0,3.4331226348876953
Mateo Sanabria,29.431671,26.0,3.431671142578125
Noah Eile,58.573082,62.0,3.4269180297851562
Sadik Fofana,58.577393,62.0,3.422607421875
Maxim Dekker,62.579075,66.0,3.4209251403808594
Kryspin Szcześniak,60.583763,64.0,3.4162368774414062
Luke Byrne,56.58448,60.0,3.4155197143554688
George Harmon,53.594746,57.0,3.405254364013672
Matt Ingram,32.594757,36.0,3.405242919921875
Patrick Vroegh,52.59592,56.0,3.4040794372558594
Halid Šabanović,64.60396,68.0,3.3960418701171875
Darko Gyabi,51.6051,55.0,3.3949012756347656
Solomon Bonnah,58.392296,55.0,3.3922958374023438
Alec Van Hoorenbeeck,61.608894,65.0,3.3911056518554688
Alexander Freeman,43.61111,47.0,3.3888893127441406
David Nemeth,64.61455,68.0,3.3854522705078125
Jocelyn Janneh,55.61686,59.0,3.3831405639648438
Petko Hristov,64.62519,68.0,3.3748092651367188
Finn Ole Becker,54.629078,58.0,3.370922088623047
David Brekalo,63.630398,67.0,3.3696022033691406
Max Ejdum,37.631012,41.0,3.368988037109375
Ryan Howley,54.63531,58.0,3.3646888732910156
Dara Keane,47.638588,51.0,3.3614120483398438
Abdel Hakim Abdallah,56.63877,60.0,3.3612289428710938
Amir Richardson,60.647083,64.0,3.352916717529297
Ilyes Hamache,21.346186,18.0,3.3461856842041016
Gabriele Corbo,62.660633,66.0,3.339366912841797
Umut Güneş,60.666107,64.0,3.333892822265625
Mark Doyle,35.33007,32.0,3.3300704956054688
Hugo Siquet,61.671154,65.0,3.328845977783203
Joe Rankin-Costello,62.675056,66.0,3.3249435424804688
Kenneth Paal,61.6759,65.0,3.3241004943847656
Nicholas Pierini,34.67751,38.0,3.322490692138672
Bogdan Racovițan,63.679745,67.0,3.3202552795410156
Jake Clarke-Salter,65.6808,69.0,3.3191986083984375
Mateusz Skrzypczak,59.69754,63.0,3.302459716796875
Ben McCormack,50.30046,47.0,3.3004608154296875
Samuel Stückler,46.705177,50.0,3.2948226928710938
Alessandro Zanoli,64.70701,68.0,3.2929916381835938
Gavin Hodgins,40.70778,44.0,3.2922210693359375
Valentino Müller,58.71422,62.0,3.2857818603515625
Balthazar Pierret,60.714386,64.0,3.285614013671875
Maël de Gevigney,63.715622,67.0,3.2843780517578125
Ryan O'Kane,29.724195,33.0,3.2758045196533203
Nebiyou Perry,24.724247,28.0,3.2757530212402344
Matías Alfonso,62.728596,66.0,3.271404266357422
Eoin Toal,60.734753,64.0,3.265247344970703
Lasse Berg Johnsen,63.737186,67.0,3.2628135681152344
Tyrese Shade,52.26258,49.0,3.2625808715820312
Jakob Lewald,61.750797,65.0,3.2492027282714844
Michael Svoboda,62.761856,66.0,3.2381439208984375
Martin Moormann,60.76565,64.0,3.2343482971191406
Sebastián Álvarez,60.766212,64.0,3.2337875366210938
Callum Talbot,53.76933,57.0,3.230670928955078
Paweł Olszewski,54.780113,58.0,3.2198867797851562
Gonzalo Flores,24.210394,21.0,3.2103939056396484
Emre Taşdemir,62.208992,59.0,3.2089920043945312
Tobias Schützenauer,39.208473,36.0,3.2084732055664062
Mustafa Kourouma,54.79277,58.0,3.2072296142578125
Mirnes Pepić,53.800148,57.0,3.1998519897460938
Gabriel Aranda,61.80051,65.0,3.1994895935058594
Tom Sanne,23.197575,20.0,3.1975746154785156
Adam Gnezda Čerin,49.814445,53.0,3.1855545043945312
Elijah Krahn,55.816376,59.0,3.183624267578125
Justin Heekeren,35.818573,39.0,3.181427001953125
Kamil Kruk,61.82446,65.0,3.1755409240722656
Sebastián González,60.82796,64.0,3.172039031982422
Stelios Andreou,62.82823,66.0,3.1717681884765625
Henrik Molvær Melland,49.82839,53.0,3.171611785888672
Hákon Arnar Haraldsson,54.828815,58.0,3.171184539794922
Rashaan Fernandes,26.167551,23.0,3.167551040649414
Marcos Portillo,52.83567,56.0,3.1643295288085938
Marko Divković,23.159132,20.0,3.1591320037841797
Aaron Calver,57.84102,61.0,3.1589813232421875
Robin Voisine,55.85087,59.0,3.1491317749023438
Niall Huggins,51.855644,55.0,3.1443557739257812
Valon Zumberi,59.856853,63.0,3.143146514892578
Jason Sraha,51.861927,55.0,3.138072967529297
Dion Sanderson,63.86202,67.0,3.137981414794922
Saikou Janneh,32.13165,29.0,3.1316490173339844
Jeremy Ngakia,64.87031,68.0,3.1296920776367188
Samuel Loric,59.875084,63.0,3.1249160766601562
Lucas Halangk,54.880684,58.0,3.1193161010742188
Filip Marchwiński,44.11821,41.0,3.1182098388671875
Valentin Antov,61.884995,65.0,3.1150054931640625
Loïc Mbe Soh,62.885586,66.0,3.1144142150878906
Amine Benchaib,41.10673,38.0,3.106731414794922
Kévin N'Doram,63.89386,67.0,3.10614013671875
Greg Kiltie,49.10148,46.0,3.1014785766601562
Gurkirat Singh,30.093235,27.0,3.0932350158691406
Scott Galloway,61.092518,58.0,3.092517852783203
Denso Kasius,55.90841,59.0,3.0915908813476562
Nadjib Cissé,56.91009,60.0,3.0899085998535156
Japhet Sery Larsen,60.91533,64.0,3.0846710205078125
Ahmetcan Kaplan,63.9172,67.0,3.0828018188476562
Jack Maher,63.917336,67.0,3.0826644897460938
Victor Dican,61.91823,65.0,3.0817718505859375
Fabrizio Caligara,63.922184,67.0,3.0778160095214844
Matthéo Xantippe,58.922733,62.0,3.0772666931152344
Gideon Mensah,60.925316,64.0,3.0746841430664062
Thomas Sabitzer,23.92779,27.0,3.0722103118896484
Marko Raguž,25.06414,22.0,3.0641403198242188
Stephen Kelly,54.940197,58.0,3.059803009033203
Tyler Walker,32.941143,36.0,3.058856964111328
Emin Bayram,60.94219,64.0,3.057811737060547
Mohamed Belhadj Mahmoud,55.946384,59.0,3.0536155700683594
Łukasz Bejger,61.947178,65.0,3.0528221130371094
Jan Gorenc,62.953472,66.0,3.046527862548828
Jeppe Arctander Moe,60.045776,57.0,3.0457763671875
Kosi Thompson,58.045624,55.0,3.045623779296875
Teddy Boulhendi,45.957478,49.0,3.042522430419922
Aleksander Paluszek,59.961254,63.0,3.038745880126953
Connor Barron,56.970196,60.0,3.029804229736328
Adam Wikman,52.973038,56.0,3.0269622802734375
Magnus Retsius Grødem,41.97593,45.0,3.0240707397460938
Cihan Çanak,35.976547,39.0,3.0234527587890625
Anton Eriksson,60.985107,64.0,3.014892578125
Francesco Lo Celso,59.01076,56.0,3.010761260986328
Daniel Bîrligea,22.003073,25.0,2.996927261352539
Himad Abdelli,56.011936,59.0,2.9880638122558594
Thomas Aquilina,54.986637,52.0,2.9866371154785156
Ousseni Bouda,22.976475,20.0,2.9764747619628906
Moritz Schulze,45.96162,43.0,2.961620330810547
Deji Elerewe,55.04348,58.0,2.9565200805664062
Rémy Descamps,45.951183,43.0,2.951183319091797
Baptiste Roux,63.052402,66.0,2.9475975036621094
Claudio Gomes,62.05255,65.0,2.94744873046875
Jamal Amofa,62.053596,65.0,2.9464035034179688
Oliver Sail,46.05597,49.0,2.94403076171875
Andreas Gülstorff,45.940575,43.0,2.9405746459960938
Jacob Davenport,60.939754,58.0,2.9397544860839844
Bruce Anderson,21.93307,19.0,2.9330692291259766
Johaneko Louis-Jean,60.932278,58.0,2.9322776794433594
Lewis Bate,55.08277,58.0,2.9172286987304688
Giannis Satsias,52.086983,55.0,2.9130172729492188
Linus Rosenlöcher,56.08809,59.0,2.9119110107421875
Mayckel Lahdo,29.903032,27.0,2.9030323028564453
Mehdi Merghem,50.896744,48.0,2.8967437744140625
Naouirou Ahamada,58.103466,61.0,2.896533966064453
Felix Passlack,63.113617,66.0,2.886383056640625
Tom Lebeau,52.118183,55.0,2.881816864013672
Jonathan Leko,37.87884,35.0,2.8788414001464844
Victor Bezerra,20.877829,18.0,2.877828598022461
Tope Fadahunsi,21.876352,19.0,2.876352310180664
Jacen Russell-Rowe,18.86726,16.0,2.867259979248047
Loreintz Rosier,64.13346,67.0,2.8665390014648438
Danylo Sikan,23.14295,26.0,2.8570499420166016
Aske Adelgaard,56.14332,59.0,2.8566818237304688
Nicolò Cambiaghi,35.154617,38.0,2.8453826904296875
Felix Beijmo,61.155624,64.0,2.8443756103515625
Xavier Simons,58.165245,61.0,2.8347549438476562
Iliman Ndiaye,34.16532,37.0,2.8346786499023438
Yan Dhanda,44.832817,42.0,2.8328170776367188
Ollie Tanner,25.827662,23.0,2.8276615142822266
Ethan Bristow,54.174553,57.0,2.8254470825195312
Sweden Fernandes,23.82098,21.0,2.8209800720214844
Juan Pablo Pignani,63.179745,66.0,2.8202552795410156
Doğukan Sinik,40.81806,38.0,2.8180618286132812
Bali Mumba,61.183895,64.0,2.8161048889160156
Ben Chrisene,53.186474,56.0,2.813526153564453
Missael Rodríguez,18.812069,16.0,2.8120689392089844
Joseph Gbode,20.80831,18.0,2.808309555053711
Søren Tengstedt,23.806843,21.0,2.806842803955078
Axel Bamba,61.19678,64.0,2.8032188415527344
Fabio Chiarodia,59.207146,62.0,2.7928543090820312
Malick Fofana,22.209557,25.0,2.7904434204101562
Marouan Azarkan,25.78928,23.0,2.7892799377441406
Thibault Klidje,23.211603,26.0,2.7883968353271484
Marvin Potzmann,61.215454,64.0,2.7845458984375
Jay Barnett,53.219894,56.0,2.7801055908203125
Rhys Williams,62.225494,65.0,2.774505615234375
Derek Mazou-Sacko,51.23222,54.0,2.767780303955078
Nnamdi Collins,58.235428,61.0,2.7645721435546875
Connor Taylor,62.236626,65.0,2.7633743286132812
Cameron Dummigan,56.23745,59.0,2.7625503540039062
Botond Balogh,62.242443,65.0,2.757556915283203
Maksymilian Pingot,57.248577,60.0,2.751422882080078
Michał Koj,57.259975,60.0,2.7400245666503906
Jakub Niemczyk,19.73876,17.0,2.738759994506836
Marcus Browne,30.737926,28.0,2.737926483154297
Lewis Dobbin,22.267029,25.0,2.73297119140625
Julian Guttau,35.269424,38.0,2.7305755615234375
Severin Ottiger,55.26953,58.0,2.73046875
Anthony Olusanya,22.728825,20.0,2.7288246154785156
Darren Robinson,53.274895,56.0,2.7251052856445312
Ransford-Yeboah Königsdörffer,38.29096,41.0,2.7090415954589844
Marcel Beifus,61.293858,64.0,2.7061424255371094
Antonio Marin,32.69716,30.0,2.6971588134765625
José-Enrique Ríos Alonso,60.30292,63.0,2.6970787048339844
Eric N'Jo,59.306168,62.0,2.6938323974609375
Junior Noguera,26.692387,24.0,2.6923866271972656
Lassine Sinayoko,23.316954,26.0,2.683046340942383
Isaac Ogundere,49.32452,52.0,2.6754798889160156
Albion Ademi,28.670557,26.0,2.6705570220947266
Thomas Kastanaras,24.666779,22.0,2.666778564453125
Di'Shon Bernard,64.33455,67.0,2.6654510498046875
Jamie Egan,51.338062,54.0,2.661937713623047
Gabriel David,49.33908,52.0,2.660919189453125
Abass Issah,29.659922,27.0,2.659921646118164
Abdoulie Sanyang,42.65531,40.0,2.6553115844726562
Nikhil Prabhu,49.34639,52.0,2.6536102294921875
Jacob Farrell,59.350773,62.0,2.6492271423339844
Kevin Höög Jansson,56.356472,59.0,2.6435279846191406
Carlos Mendes Gomes,33.633408,31.0,2.6334075927734375
Andy Smith,58.372337,61.0,2.6276626586914062
Nelson Weiper,22.372879,25.0,2.6271209716796875
Güven Yalçın,25.621262,23.0,2.6212615966796875
Cas Odenthal,64.37954,67.0,2.6204605102539062
Luciano Gondou,33.380325,36.0,2.6196746826171875
César Araújo,62.383007,65.0,2.616992950439453
Facundo Zabala,59.384422,62.0,2.6155776977539062
Janis Antiste,22.604689,20.0,2.6046886444091797
Ibrahima Camará,63.39532,66.0,2.6046791076660156
Emanuele Valeri,62.40198,65.0,2.5980186462402344
Adam Sørensen,52.40198,55.0,2.5980186462402344
Calvin Brackelmann,58.407738,61.0,2.5922622680664062
Jamil Siebert,62.408634,65.0,2.5913658142089844
Oliver Sonne,58.41263,61.0,2.587371826171875
Marinos Tzionis,23.413214,26.0,2.5867862701416016
Oussama El Azzouzi,58.417984,61.0,2.5820159912109375
Bećir Omeragić,63.422577,66.0,2.577423095703125
Tyler Smith,30.577364,28.0,2.577363967895508
Ísak Bergmann Jóhannesson,58.42612,61.0,2.5738792419433594
Ibrahim Said,26.572338,24.0,2.572338104248047
Caspar Jander,58.434025,61.0,2.5659751892089844
Kik Pierie,63.434666,66.0,2.5653343200683594
Linton Maina,26.438215,29.0,2.5617847442626953
Kelvin Ehibhatiomhan,21.553022,19.0,2.5530223846435547
Lenny Vallier,58.544945,56.0,2.5449447631835938
Khaled Narey,59.455902,62.0,2.544097900390625
Jasper Moon,61.45852,64.0,2.5414810180664062
Aimé Mabika,58.459045,61.0,2.54095458984375
Marco Kana,63.459988,66.0,2.5400123596191406
Will Richmond,26.538801,24.0,2.5388011932373047
James McManus,51.46301,54.0,2.5369911193847656
Guillermo Rendón,53.468937,56.0,2.5310630798339844
Yentl Van Genechten,58.472046,61.0,2.5279541015625
Leo Greiml,63.479828,66.0,2.520172119140625
Vicente Taborda,49.484764,52.0,2.5152359008789062
Giovanni Fabbian,55.485527,58.0,2.5144729614257812
Ethon Varian,23.512686,21.0,2.512685775756836
Hussein Carneil,26.511898,24.0,2.5118980407714844
Gaëtan Perrin,34.48948,37.0,2.5105209350585938
Vincy Barretto,26.508514,24.0,2.508514404296875
Salvatore Dario La Vardera,56.49411,59.0,2.505889892578125
Benjamin Bouchouari,49.494343,52.0,2.505657196044922
Julian Rieckmann,61.49486,64.0,2.505138397216797
John Kitolano,57.501827,55.0,2.5018272399902344
Loick Ayina,55.506695,58.0,2.493305206298828
Mats Knoester,64.5129,67.0,2.4870986938476562
Liam Kitching,62.51313,65.0,2.4868698120117188
Stefan Parkes,55.51746,58.0,2.4825401306152344
Ethan Bartlow,60.521088,63.0,2.478912353515625
Oscar Uddenäs,28.478302,26.0,2.478302001953125
Adrián Alcaraz,19.47371,17.0,2.4737091064453125
Harvey O'Brien,49.5274,52.0,2.4725990295410156
Anto Grgić,61.52872,64.0,2.4712791442871094
Joaquín Pombo,62.53245,65.0,2.467548370361328
Mamadou Tounkara,60.53425,63.0,2.4657516479492188
Juan Alexander Franco,58.53662,61.0,2.46337890625
Etienne Camara,59.536777,62.0,2.4632225036621094
Tayvon Gray,59.53755,62.0,2.4624481201171875
Samuel Rogers,61.538673,64.0,2.4613265991210938
Bryce Hosannah,55.458225,53.0,2.4582252502441406
Noah Katterbach,63.54905,66.0,2.4509506225585938
Frederik Jäkel,63.55116,66.0,2.448841094970703
Nesta Guinness-Walker,56.55322,59.0,2.4467811584472656
Juan Carlos Gauto,31.446281,29.0,2.4462814331054688
Louis Jones,37.554638,40.0,2.445362091064453
Sam Taylor,19.443575,17.0,2.443574905395508
Jeison Mina,60.56051,63.0,2.4394912719726562
Rahim Ali,26.436155,24.0,2.436155319213867
Adrien Louveau,59.564278,62.0,2.4357223510742188
Mandela Keita,61.56709,64.0,2.432910919189453
Marco John,60.56775,63.0,2.4322509765625
Úmaro Embaló,28.568539,31.0,2.4314613342285156
Teden Mengi,62.56894,65.0,2.431060791015625
Tom Geerkens,54.57077,57.0,2.429229736328125
Sander Moen Foss,61.580505,64.0,2.41949462890625
Joshua Mees,23.418846,21.0,2.4188461303710938
Shayden Morris,25.416996,23.0,2.4169960021972656
Franklin Nyenetue,28.413998,26.0,2.4139976501464844
Charles Vanhoutte,61.59039,64.0,2.4096107482910156
Vetle Skjærvik,59.594467,62.0,2.4055328369140625
Mads Enggård,55.596035,58.0,2.4039649963378906
Alex Mighten,29.400576,27.0,2.400575637817383
Albert Hofman,29.39983,27.0,2.399829864501953
Antwoine Hackford,20.39877,18.0,2.3987693786621094
Jake Vokins,55.603554,58.0,2.3964462280273438
Duplexe Tchamba,62.60822,65.0,2.3917808532714844
Sebastian Stolze,26.61019,29.0,2.389810562133789
Filippo Ranocchia,58.611042,61.0,2.388957977294922
Jacob Ondrejka,43.615265,46.0,2.384735107421875
Toby Savin,42.616207,45.0,2.3837928771972656
Abdourahmane Barry,62.616745,65.0,2.3832550048828125
Theocharis Tsingaras,64.61941,67.0,2.3805923461914062
Kian Fitz-Jim,57.620285,60.0,2.3797149658203125
Ezequiel Herrera,57.62041,60.0,2.379589080810547
Kevin Rüegg,62.622795,65.0,2.3772048950195312
Santiago Visentin,58.62539,61.0,2.3746109008789062
Patrick Nwadike,57.62906,60.0,2.370941162109375
Aimen Moueffek,62.62915,65.0,2.370849609375
Otto Rosengren,47.634277,50.0,2.36572265625
Berkan Taz,33.365414,31.0,2.3654136657714844
Patrik Mercado,54.640594,57.0,2.359405517578125
Nikolas Sattlberger,55.641254,58.0,2.358745574951172
Dante Sealy,21.355305,19.0,2.355304718017578
Mads Søndergaard,44.64858,47.0,2.351421356201172
Jonatas Santos,28.348724,26.0,2.348724365234375
Brian Plat,60.651566,63.0,2.3484344482421875
Mohammed Al Oufi,49.652496,52.0,2.347503662109375
Marius Ștefănescu,55.652958,58.0,2.3470420837402344
Antonino Gallo,60.65331,63.0,2.346691131591797
John Iredale,23.346138,21.0,2.3461380004882812
Adam Wilk,44.344208,42.0,2.344207763671875
Jack Hamilton,43.656155,46.0,2.3438453674316406
Sebastiano Esposito,37.33907,35.0,2.339069366455078
Marco Antonio Angulo,57.66099,60.0,2.339008331298828
Adam Montgomery,54.66741,57.0,2.3325881958007812
Louie Sibley,54.670406,57.0,2.3295936584472656
Othmane Boussaid,46.32762,44.0,2.3276214599609375
Henrik Heggheim,62.67598,65.0,2.3240203857421875
Fatih Kaya,26.321344,24.0,2.3213443756103516
Dilane Bakwa,32.320465,30.0,2.320465087890625
Sekou Sidibe,31.319906,29.0,2.319906234741211
Abdulelah Al Shammari,35.31823,33.0,2.3182296752929688
Lucas Soto,57.317825,55.0,2.3178253173828125
Dominik Schad,60.31445,58.0,2.3144493103027344
Elkan Baggott,57.694225,60.0,2.305774688720703
Michel Ndary Adopo,59.69701,62.0,2.302989959716797
Sebastian Wade,61.697506,64.0,2.3024940490722656
Þórir Jóhann Helgason,50.302116,48.0,2.3021163940429688
Tashreeq Matthews,32.301834,30.0,2.3018341064453125
James Gomez,60.699306,63.0,2.3006935119628906
Reece Cole,47.299862,45.0,2.2998619079589844
Hubert Szulc,19.29795,17.0,2.2979507446289062
Tony Gallacher,57.286568,55.0,2.2865676879882812
Robert Street,27.716908,30.0,2.283092498779297
Seok-ju Hong,25.282593,23.0,2.2825927734375
Yannik Engelhardt,60.717453,63.0,2.2825469970703125
Luke Ivanovic,24.282455,22.0,2.2824554443359375
Noah De Ridder,48.718227,51.0,2.2817726135253906
Uğurcan Yazğılı,60.719315,63.0,2.2806854248046875
Jeremías James,61.721363,64.0,2.278636932373047
Doğucan Haspolat,62.723354,65.0,2.2766456604003906
Aapo Halme,60.725567,63.0,2.274433135986328
Mateusz Praszelik,36.72797,39.0,2.2720298767089844
Emeka Friday Eze,28.271109,26.0,2.271108627319336
Ionuț Andres,54.732048,57.0,2.2679519653320312
Faris Pemi Moumbagna,24.735128,27.0,2.264871597290039
Mor Ndiaye,63.741673,66.0,2.2583274841308594
Gino Fechner,61.742016,64.0,2.257984161376953
Leon Augustine,28.257793,26.0,2.257793426513672
Vontae Daley-Campbell,55.257618,53.0,2.257617950439453
Paul Ramfangzauva,49.256657,47.0,2.2566566467285156
Zidane Iqbal,49.744423,52.0,2.2555770874023438
Felix Götze,62.757923,65.0,2.242076873779297
Isak Helstad Amundsen,61.764515,64.0,2.235485076904297
Michel Stöcker,59.765427,62.0,2.2345733642578125
Rijad Sadiku,57.76813,60.0,2.2318687438964844
Ryan Duncan,36.782967,39.0,2.2170333862304688
Will Sands,54.78554,57.0,2.214458465576172
Marvin Senaya,61.78699,64.0,2.2130088806152344
Gökhan Akkan,45.787113,48.0,2.2128868103027344
Taylor Richards,52.21105,50.0,2.211048126220703
Jack Byrne,52.209267,50.0,2.2092666625976562
Jasper Pattenden,47.206303,45.0,2.2063026428222656
Tyreke Wilson,56.20425,54.0,2.2042503356933594
Ramiro Ruiz Rodríguez,35.796867,38.0,2.2031326293945312
Jake Girdwood-Reich,51.79737,54.0,2.2026290893554688
Kobe Hernández-Foster,56.7981,59.0,2.2019004821777344
Souleymane Diaby,55.79897,58.0,2.201030731201172
Peer Koopmeiners,60.80119,63.0,2.198810577392578
Florian Stritzel,36.193764,34.0,2.1937637329101562
Serge-Philippe Raux-Yao,59.808075,62.0,2.191925048828125
Darragh Markey,43.190968,41.0,2.190967559814453
Alex Mitchell,60.811676,63.0,2.188323974609375
Ali Youssef,38.18572,36.0,2.185718536376953
Hayden Muller,57.81545,60.0,2.184551239013672
Ifeanyi Mathew,62.81653,65.0,2.1834716796875
Bobby Faulkner,54.817253,57.0,2.1827468872070312
Marco Farfan,61.817974,64.0,2.182025909423828
Harry Leonard,20.181828,18.0,2.1818275451660156
Luke Heeney,51.821667,54.0,2.178333282470703
Filip Bilbija,33.176846,31.0,2.1768455505371094
Franco Fagúndez,28.176138,26.0,2.176137924194336
Diego Calcaterra,62.82575,65.0,2.1742515563964844
Edward Chilufya,29.172756,27.0,2.1727561950683594
Ryan Hardie,26.17275,24.0,2.172750473022461
Tom Fellows,21.171627,19.0,2.1716270446777344
Siriné Doucouré,22.833313,25.0,2.16668701171875
Christian Kinsombi,33.16647,31.0,2.1664695739746094
Ashley Phillips,57.838257,60.0,2.1617431640625
Matisse Samoise,61.83998,64.0,2.1600189208984375
Lenny Joseph,19.843987,22.0,2.1560134887695312
Kieron Bowie,29.846174,32.0,2.1538257598876953
Claudiu Negoescu,34.152306,32.0,2.1523056030273438
Augustine Boakye,28.150011,26.0,2.1500110626220703
Julius Eskesen,55.1458,53.0,2.145801544189453
Marwan Al Sahafi,27.138441,25.0,2.1384410858154297
Håkon Røsten,54.868885,57.0,2.131114959716797
Will Ferry,51.870632,54.0,2.1293678283691406
Brandon Comley,61.127502,59.0,2.12750244140625
Patrick Yazbek,58.876038,61.0,2.12396240234375
Johnny Koutroumbis,60.879204,63.0,2.1207962036132812
August Mikkelsen,30.880337,33.0,2.1196632385253906
Nadir Zortea,63.88439,66.0,2.1156082153320312
Amario Cozier-Duberry,30.112696,28.0,2.1126956939697266
Aniket Jadhav,30.109478,28.0,2.109477996826172
Kader Keïta,56.893116,59.0,2.106884002685547
Falko Michel,61.104813,59.0,2.1048126220703125
Dujon Sterling,62.895496,65.0,2.104503631591797
Patricio Pizarro,61.89754,64.0,2.102458953857422
Caleb Zady Sery,23.102173,21.0,2.1021728515625
Calvin Twigt,58.898445,61.0,2.1015548706054688
Laldinliana Renthlei,56.100746,54.0,2.1007461547851562
Bledian Krasniqi,53.899986,56.0,2.1000137329101562
Georgios Sideras,59.903496,62.0,2.0965042114257812
Victor Larsson,57.90383,60.0,2.0961685180664062
Wojciech Łaski,49.095505,47.0,2.0955047607421875
Jesper Ceesay,56.90479,59.0,2.0952110290527344
Pragyan Gogoi,48.093555,46.0,2.093555450439453
Yukhym Konoplia,61.90677,64.0,2.093231201171875
Antonino La Gumina,33.90778,36.0,2.0922203063964844
Marian Danciu,31.083744,29.0,2.0837440490722656
Franco Zapiola,47.921696,50.0,2.0783042907714844
Daniele Sommariva,44.074764,42.0,2.0747642517089844
Jay Matete,61.928997,64.0,2.071002960205078
Emanuel Aiwu,62.92942,65.0,2.0705795288085938
Kelland Watts,62.929756,65.0,2.0702438354492188
Lars Lukas Mai,62.930664,65.0,2.0693359375
Faride Alidou,30.069138,28.0,2.0691375732421875
Victor Bobsin,62.934074,65.0,2.0659255981445312
Jakub Kadak,38.93723,41.0,2.0627708435058594
Simon Straudi,56.94534,59.0,2.0546607971191406
Thierry Small,53.949245,56.0,2.0507545471191406
Thierno Baldé,60.949505,63.0,2.050495147705078
Enzo Cornelisse,62.954014,65.0,2.0459861755371094
Niklas Geyrhofer,62.957497,65.0,2.0425033569335938
Niclas Stierlin,61.962536,64.0,2.037464141845703
Elia Caprile,45.96283,48.0,2.03717041015625
Sayfallah Ltaief,33.037018,31.0,2.037017822265625
Colin Rösler,58.964428,61.0,2.035572052001953
Franz Roggow,51.965458,54.0,2.0345420837402344
Matthis Riou,61.966984,64.0,2.0330162048339844
Simone Canestrelli,62.967056,65.0,2.0329437255859375
Ilija Vukotić,61.96896,64.0,2.0310401916503906
Gian Nardelli,63.970222,66.0,2.0297775268554688
Hugo Vandermersch,62.97228,65.0,2.027721405029297
Adrian Benedyczak,29.980755,32.0,2.019245147705078
Sacha Delaye,51.987843,54.0,2.012157440185547
Simon Asta,61.987965,64.0,2.012035369873047
Lewin Blum,56.991528,59.0,2.008472442626953
Jordan James,62.00537,60.0,2.00537109375
Antonio Foti,50.99589,53.0,2.004108428955078
Nicolas Milanovic,32.999813,35.0,2.0001869201660156
Wiktor Długosz,52.99867,51.0,1.9986686706542969
Brandon Soppy,63.00241,65.0,1.997589111328125
Matt Baker,58.004684,60.0,1.9953155517578125
Bartłomiej Wdowik,57.9932,56.0,1.9931983947753906
Amin Farouk,36.992596,35.0,1.9925956726074219
Dennis Borkowski,29.011847,31.0,1.9881534576416016
Andrei Dragu,53.01238,55.0,1.9876213073730469
Yassin Belkhdim,57.013542,59.0,1.9864578247070312
Kaan Caliskaner,21.01695,23.0,1.9830493927001953
Tommy Lonergan,22.982767,21.0,1.982767105102539
Agustín Cayetano,64.02016,66.0,1.9798431396484375
Ibrahima Kébé,63.02074,65.0,1.9792594909667969
Dembo Sylla,54.021233,56.0,1.9787673950195312
Luke Robinson,54.97407,53.0,1.9740715026855469
Florian Kleinhansl,55.971676,54.0,1.9716758728027344
Jasper van der Werff,65.03297,67.0,1.9670333862304688
Arthur Okonkwo,45.960163,44.0,1.9601631164550781
Gabrijel Rukavina,25.957106,24.0,1.9571056365966797
Joseph Forde,46.0456,48.0,1.9543991088867188
Brahima Diarra,32.953777,31.0,1.9537773132324219
Máximo Perrone,65.046326,67.0,1.95367431640625
Jan Mlakar,26.047808,28.0,1.9521923065185547
Couhaib Driouech,27.95128,26.0,1.9512805938720703
Thibaut Vargas,61.048737,63.0,1.951263427734375
Anthony Roncaglia,61.04876,63.0,1.9512405395507812
Dominik Kother,22.949705,21.0,1.9497051239013672
Orri Óskarsson,26.05278,28.0,1.9472198486328125
Felix Agu,60.052837,62.0,1.9471626281738281
Jusef Erabi,26.9464,25.0,1.9463996887207031
Manfred Ugalde,27.05475,29.0,1.9452495574951172
Florent Muslija,31.943453,30.0,1.9434528350830078
Cyril Ngonge,33.05766,35.0,1.9423408508300781
David Olsson,46.06075,48.0,1.9392509460449219
Tommy Leigh,54.93739,53.0,1.9373893737792969
Madou Touré,55.067444,57.0,1.93255615234375
Tom Lacoux,62.081238,64.0,1.91876220703125
Brooke Norton-Cuffy,58.083885,60.0,1.9161148071289062
Maxime Bastian,57.085167,59.0,1.9148330688476562
Yusuf Barası,22.910599,21.0,1.9105987548828125
Rocco Reitz,54.089912,56.0,1.9100875854492188
Martin Baturina,57.092793,59.0,1.9072074890136719
Mateusz Żyro,61.095577,63.0,1.9044227600097656
Cosmin Bucuroiu,26.897303,25.0,1.8973026275634766
Cisse Sandra,35.102913,37.0,1.8970870971679688
Ezequiel Alfonso,26.895798,25.0,1.8957977294921875
Jamie Bynoe-Gittens,25.894556,24.0,1.8945560455322266
Reece McAlear,45.107613,47.0,1.8923873901367188
Romeo Amane,47.110943,49.0,1.8890571594238281
Amarjit Singh Kiyam,50.888294,49.0,1.8882942199707031
Reo Griffiths,25.884554,24.0,1.8845539093017578
Dominic Solanke,26.116514,28.0,1.8834857940673828
Komal Thatal,27.881264,26.0,1.8812637329101562
Lion Schuster,61.119392,63.0,1.8806076049804688
Victor Adeboyejo,28.880064,27.0,1.8800640106201172
Kevin Paredes,54.87892,53.0,1.8789215087890625
Matías Ramírez,26.12182,28.0,1.8781795501708984
Emanuel Emegha,28.122704,30.0,1.8772964477539062
Lewis Fiorini,54.12372,56.0,1.87628173828125
Oliver Tipton,52.130085,54.0,1.8699150085449219
Pierre Dwomoh,51.13061,53.0,1.8693885803222656
Musa Juwara,29.868896,28.0,1.868896484375
Franco Carboni,58.134834,60.0,1.8651657104492188
Elayis Tavşan,25.86021,24.0,1.8602104187011719
Othman Al Othman,20.859068,19.0,1.8590679168701172
Leandro Lozano,63.141136,65.0,1.8588638305664062
Ayman Aiki,26.85739,25.0,1.8573894500732422
Mario Šuver,62.143505,64.0,1.8564949035644531
Tomás Silva,57.145737,59.0,1.8542633056640625
Jack Ellis,51.148197,53.0,1.8518028259277344
Daan Heymans,54.154675,56.0,1.8453254699707031
Ethan Erhahon,61.15637,63.0,1.8436317443847656
Mamadou Doucouré,60.160603,62.0,1.8393974304199219
Joshua Wilson-Esbrand,54.161987,56.0,1.8380126953125
Kevin Jensen,21.836723,20.0,1.8367233276367188
Pat Jones,30.83088,29.0,1.8308792114257812
Filip Stevanović,36.83046,35.0,1.8304595947265625
Noureddine El Bahhar,31.828762,30.0,1.8287620544433594
Amadou Ciss,52.826656,51.0,1.8266563415527344
Luca Marseiler,36.824936,35.0,1.8249359130859375
Charlie Lakin,57.175323,59.0,1.824676513671875
Mohammed Al Qunayan,51.175404,53.0,1.8245964050292969
Santiago Ramos Mingo,61.178173,63.0,1.8218269348144531
Luca Kerber,58.179928,60.0,1.8200721740722656
Marvin De Lima,25.818409,24.0,1.8184089660644531
Faisal Ali,30.813625,29.0,1.8136253356933594
Santiago Castro,32.186478,34.0,1.8135223388671875
Zac Sapsford,30.19089,32.0,1.8091106414794922
Juan Arias,58.19265,60.0,1.8073501586914062
Kostandinos Grozos,55.804577,54.0,1.8045768737792969
Cole Bassett,57.196144,59.0,1.8038558959960938
Harvey Macadam,54.19732,56.0,1.8026809692382812
Jake Rooney,57.197502,59.0,1.8024978637695312
Felix Platte,23.198198,25.0,1.8018016815185547
Kamil Pestka,62.201305,64.0,1.7986946105957031
Muharem Huskovic,20.798529,19.0,1.7985286712646484
Romoney Crichlow,61.20254,63.0,1.7974586486816406
Miguel Chaiwa,51.20293,53.0,1.7970695495605469
James Furlong,55.20322,57.0,1.7967796325683594
Lewis Gordon,54.203243,56.0,1.7967567443847656
Jordhy Thompson,23.795078,22.0,1.7950782775878906
Alessio Besio,26.794998,25.0,1.7949981689453125
Mohamed Daramy,27.79325,26.0,1.7932491302490234
Joseph Hungbo,34.790085,33.0,1.7900848388671875
Juan José Heinze,40.78906,39.0,1.7890586853027344
Giacomo Vrioni,24.785501,23.0,1.785501480102539
Momodou Lamin Sonko,19.784819,18.0,1.7848186492919922
Dylan Portilla,56.782654,55.0,1.78265380859375
Owen Dale,29.2205,31.0,1.7794990539550781
Callum Timmins,56.778652,55.0,1.7786521911621094
Jonathan Panzo,65.22196,67.0,1.7780380249023438
Ben Purrington,60.774548,59.0,1.7745475769042969
Abdoul Fessal Tapsoba,23.772572,22.0,1.7725715637207031
Marcel Zylla,38.768692,37.0,1.7686920166015625
Gatlin O'Donkor,26.76856,25.0,1.7685604095458984
Aidomo Emakhu,19.767847,18.0,1.7678470611572266
Domingos Quina,45.764366,44.0,1.7643661499023438
Rarmani Edmonds-Green,64.244804,66.0,1.7551956176757812
Haissem Hassan,27.755175,26.0,1.7551746368408203
Leon Dajaku,22.754751,21.0,1.754751205444336
Mohamed Sankoh,22.245407,24.0,1.7545928955078125
Jani Atanasov,61.245853,63.0,1.7541465759277344
Promise Omochere,41.246986,43.0,1.7530136108398438
Mohamed El Arouch,52.74883,51.0,1.7488288879394531
Valentín Gómez,65.252235,67.0,1.7477645874023438
Alex Nolan,36.746593,35.0,1.7465934753417969
Kyle Hudlin,26.745356,25.0,1.7453556060791016
Sonny Carey,37.255882,39.0,1.7441177368164062
Daniel Kanu,21.74012,20.0,1.7401199340820312
Gabriel Slonina,39.259933,41.0,1.7400665283203125
Michael Gallagher,51.262337,53.0,1.7376632690429688
Serkan Asan,61.26586,63.0,1.7341384887695312
Edward Caspers,41.268013,43.0,1.7319869995117188
Michał Feliks,25.729715,24.0,1.729715347290039
Andres Jasson,39.271095,41.0,1.7289047241210938
Kristers Tobers,62.272266,64.0,1.7277336120605469
Kamil Dankowski,58.727306,57.0,1.7273063659667969
Oliver Fobassam,58.27427,60.0,1.7257308959960938
Juan Boselli,24.72522,23.0,1.7252197265625
Abundance Salaou,51.27819,53.0,1.7218093872070312
Ninthoi Meetei,30.721144,29.0,1.7211437225341797
Kasey McAteer,46.281437,48.0,1.7185630798339844
Arnaud Lusamba,62.282364,64.0,1.7176361083984375
Yegor Matsenko,53.287052,55.0,1.7129478454589844
Conor Kane,53.712082,52.0,1.7120819091796875
Conan Noonan,19.711224,18.0,1.7112236022949219
Malek Al Darwish,37.706665,36.0,1.7066650390625
Andri Lucas Guðjohnsen,27.705898,26.0,1.7058982849121094
Jack Sparkes,56.294357,58.0,1.7056427001953125
Jacob Wakeling,22.701427,21.0,1.7014274597167969
Killian Corredor,25.700747,24.0,1.7007465362548828
Daniel Chesters,33.697643,32.0,1.6976432800292969
Malik Batmaz,24.69547,23.0,1.6954708099365234
Quentin Bena,60.694958,59.0,1.6949577331542969
Muhammed Nemil,36.6933,35.0,1.69329833984375
Noah Bischof,23.692953,22.0,1.692953109741211
Mark Natta,59.30941,61.0,1.6905899047851562
Maximilian Breunig,23.312984,25.0,1.6870155334472656
Mamadou Coulibaly,62.32009,64.0,1.6799087524414062
Jannes Wulff,52.322186,54.0,1.6778144836425781
Augusto Schott,60.67516,59.0,1.6751594543457031
Luke Mbete,60.671917,59.0,1.6719169616699219
Patricio Ostachuk,60.328186,62.0,1.67181396484375
Carlos Esparragoza,62.329678,64.0,1.6703224182128906
Abdullah Al Enazi,26.669552,25.0,1.6695518493652344
Jamie Mullins,29.669468,28.0,1.6694679260253906
Nawaf Al Rashoudi,32.666813,31.0,1.6668128967285156
Oscar Luigi Fraulo,53.339275,55.0,1.6607246398925781
Nathan Harriel,62.34497,64.0,1.655029296875
Omar Faraj,23.653664,22.0,1.6536636352539062
Tomi Horvat,49.34694,51.0,1.6530609130859375
Boubacar Traoré,61.351784,63.0,1.6482162475585938
Yassin Oukili,52.352154,54.0,1.6478462219238281
Hassan Al Slais,21.645891,20.0,1.6458911895751953
Jordan McEneff,43.64239,42.0,1.6423912048339844
Pelle Clement,54.357758,56.0,1.642242431640625
Ben Folami,27.639118,26.0,1.6391181945800781
Jaider Asprilla,31.638712,30.0,1.638711929321289
Noah Fadiga,61.363556,63.0,1.636444091796875
Nedim Bajrami,57.36483,59.0,1.6351699829101562
Jordan Meyer,58.36507,60.0,1.6349296569824219
Daniel Bunk,34.63403,33.0,1.6340293884277344
Artem Bondarenko,59.365986,61.0,1.6340141296386719
Alfie Devine,50.367928,52.0,1.6320724487304688
Jelle Bataille,61.368923,63.0,1.6310768127441406
Charly Nouck Horneman,23.630964,22.0,1.6309642791748047
Franco Ortellado,62.36912,64.0,1.6308784484863281
Tom Bloxham,28.63078,27.0,1.6307792663574219
Aral Şimşir,37.629475,36.0,1.6294746398925781
Givson Singh,38.373943,40.0,1.6260566711425781
Abdoulaye Bakayoko,62.374172,64.0,1.6258277893066406
Laurenz Dehl,44.374737,46.0,1.6252632141113281
Jakob Breum,35.624905,34.0,1.6249046325683594
Jens Castrop,54.37596,56.0,1.6240386962890625
Owen Gene,57.376297,59.0,1.6237030029296875
Lewis Miller,59.37964,61.0,1.620361328125
Nasser Al Bishi,35.616943,34.0,1.616943359375
Joaquín Torres,35.614487,34.0,1.6144866943359375
Evan Caffrey,51.387398,53.0,1.6126022338867188
Giannis Papanikolaou,61.39017,63.0,1.6098289489746094
Dženis Burnić,62.393105,64.0,1.6068954467773438
Bünyamin Balcı,62.393497,64.0,1.6065025329589844
Sebastian Berhalter,57.39527,59.0,1.6047286987304688
Eli Adams,33.60054,32.0,1.6005401611328125
Jonathan Afolabi,24.600199,23.0,1.600198745727539
Brian Aguirre,33.59757,32.0,1.5975685119628906
Ethan Alagich,44.402893,46.0,1.59710693359375
Eskil Edh,56.402935,58.0,1.5970649719238281
Nikita Iosifov,27.596685,26.0,1.5966854095458984
Parthib Gogoi,26.594767,25.0,1.594766616821289
Alex Lowry,35.592525,34.0,1.5925254821777344
Steven Warnock,27.592285,26.0,1.59228515625
Robin Ziegele,61.40928,63.0,1.5907211303710938
Nawaf Al Qumairi,51.4096,53.0,1.5904006958007812
Jón Dagur Þorsteinsson,41.58925,40.0,1.5892486572265625
Fisayo Dele-Bashiru,58.58881,57.0,1.5888099670410156
Lee Buchanan,62.411884,64.0,1.5881156921386719
Paul Komposch,57.41261,59.0,1.5873908996582031
Aleksander Buksa,24.582655,23.0,1.5826549530029297
Willum Þór Willumsson,54.580395,53.0,1.5803947448730469
Yllan Okou,61.420204,63.0,1.5797958374023438
Abdessamad Ezzalzouli,28.575233,27.0,1.5752334594726562
Machop Chol,27.571222,26.0,1.5712223052978516
Victor Eriksson,61.434483,63.0,1.5655174255371094
Tobias Fleckstein,62.434917,64.0,1.5650825500488281
Robert Voloder,58.43837,60.0,1.5616302490234375
Jack Vale,27.561295,26.0,1.5612945556640625
Mert Yusuf Torlak,33.56022,32.0,1.5602188110351562
Alper Demirol,51.44014,53.0,1.5598602294921875
Rodrigo Saravia,62.44597,64.0,1.5540313720703125
Bryce Miranda,37.552975,36.0,1.5529747009277344
Fabio Torsiello,22.447165,24.0,1.552835464477539
Miłosz Matysik,62.44838,64.0,1.5516204833984375
Oliver Christensen,42.45255,44.0,1.5474510192871094
Mohammed Al Yami,54.54732,53.0,1.5473213195800781
Osvaldo Cisneros,36.455612,38.0,1.5443878173828125
Jeremy Sarmiento,30.544203,29.0,1.5442028045654297
Josh Coburn,23.543139,22.0,1.5431385040283203
Tomás Galván,36.538414,35.0,1.5384140014648438
Youssef Amyn,41.53813,40.0,1.5381317138671875
Islam Hawsawi,50.46273,52.0,1.5372695922851562
Rémy Vita,59.463573,61.0,1.5364265441894531
Ebrima Darboe,61.464043,63.0,1.5359573364257812
Paul Kalambayi,59.46411,61.0,1.535888671875
Emil Frederiksen,39.46477,41.0,1.5352287292480469
Alexandru Blidar,38.534367,37.0,1.5343666076660156
Charlie Kelman,27.532259,26.0,1.5322589874267578
Marvin Senger,61.469913,63.0,1.5300865173339844
Joaquín Lavega,27.52986,26.0,1.5298595428466797
Kelly N'Mai,28.521547,27.0,1.5215473175048828
Liam Scales,61.479206,63.0,1.5207939147949219
Samed Onur,30.520416,29.0,1.520416259765625
Jusuf Gazibegović,62.481453,64.0,1.5185470581054688
Patrick Wood,30.518116,29.0,1.5181159973144531
Paul Nebel,30.51742,29.0,1.5174198150634766
Philipp Schulz,57.48268,59.0,1.5173187255859375
Noel Niemann,30.513762,29.0,1.5137615203857422
Muhammed Gümüşkaya,53.51179,52.0,1.5117912292480469
Engson Singh,35.510273,34.0,1.5102729797363281
Cian Hayes,27.504705,26.0,1.5047054290771484
Reece Brown,56.495316,58.0,1.5046844482421875
Iván Leguizamón,37.50396,36.0,1.5039596557617188
Désiré Doué,34.50373,33.0,1.5037307739257812
Jack Lynn,26.502562,25.0,1.5025615692138672
Amadou Dante,62.501053,64.0,1.4989471435546875
Lalrinliana Hnamte,46.494797,45.0,1.4947967529296875
Markus Solbakken,57.505886,59.0,1.4941139221191406
Virgiliu Postolachi,31.509062,33.0,1.4909381866455078
Soumaila Coulibaly,60.510918,62.0,1.4890823364257812
Manoj Mohammad,49.484657,48.0,1.4846572875976562
Marco Rus,34.48436,33.0,1.4843597412109375
Ramon Pascal Lundqvist,55.517757,57.0,1.4822425842285156
Manuel Kuttin,32.521736,34.0,1.4782638549804688
Brandon Cooper,61.522636,63.0,1.4773635864257812
Timur Gayret,42.476646,41.0,1.4766464233398438
Josué Escartin,61.524326,63.0,1.4756736755371094
Luca Kronberger,36.47475,35.0,1.4747505187988281
Bart van Rooij,61.474503,60.0,1.4745025634765625
Dylan Kadji,50.526154,52.0,1.473846435546875
Reece Hutchinson,55.46906,54.0,1.4690589904785156
Garang Kuol,26.46899,25.0,1.4689903259277344
Samuel Folarin,39.46618,38.0,1.4661788940429688
Gonzalo Maroni,43.46383,42.0,1.4638290405273438
Brahim Traoré,61.53828,63.0,1.4617195129394531
Luis Zárate,62.543365,64.0,1.456634521484375
Wilson Odobert,26.543825,28.0,1.4561748504638672
Phillip Tietz,31.551342,33.0,1.4486579895019531
Oscar Solnørdal,51.552277,53.0,1.447723388671875
Joshua Bitter,62.445896,61.0,1.4458961486816406
Justin Salmon,58.442112,57.0,1.4421119689941406
Yáser Asprilla,45.559654,47.0,1.4403457641601562
Samuel Edozie,29.439844,28.0,1.4398441314697266
Sascha Risch,52.560196,54.0,1.4398040771484375
Jacky Donkor,27.439034,26.0,1.4390335083007812
Jack Marriott,27.435547,26.0,1.435546875
Etienne Amenyido,39.435436,38.0,1.4354362487792969
Carlo Armiento,44.43152,43.0,1.4315185546875
Kevin Doukoure,60.570854,62.0,1.4291458129882812
Patryk Makuch,27.421188,26.0,1.4211883544921875
Conor Masterson,61.58042,63.0,1.4195785522460938
Noah Söderberg,54.58461,56.0,1.4153900146484375
Magnus Christensen,61.585453,63.0,1.4145469665527344
Luke Bolton,55.414345,54.0,1.4143447875976562
Žan Rogelj,59.41361,58.0,1.4136085510253906
Harvey Vale,45.592365,47.0,1.4076347351074219
Sergio Oregel,35.406025,34.0,1.4060249328613281
James Penrice,57.59463,59.0,1.4053688049316406
Fardin Ali Molla,19.403608,18.0,1.4036083221435547
Tjay De Barr,30.402445,29.0,1.402444839477539
Cian Kavanagh,26.401854,25.0,1.4018535614013672
Jitendra Singh,54.39936,53.0,1.3993606567382812
Fisnik Asllani,25.39917,24.0,1.399169921875
Alfie Bendle,50.60128,52.0,1.3987197875976562
Amine Salama,23.605423,25.0,1.3945770263671875
Kiyan Nassiri,22.391039,21.0,1.3910388946533203
Anosike Ementa,26.389105,25.0,1.3891048431396484
Oleg Ocheretko,36.387646,35.0,1.3876457214355469
Haydon Roberts,60.612614,62.0,1.3873863220214844
Oskar Leśniak,35.38681,34.0,1.386810302734375
Hayden Coulson,60.61324,62.0,1.3867607116699219
Gaurav Bora,52.38257,51.0,1.382568359375
Lasso Coulibaly,35.380352,34.0,1.3803520202636719
Bartosz Slisz,62.619686,64.0,1.3803138732910156
Ibrahim Sadiq,34.37966,33.0,1.3796615600585938
Ayman Benarous,39.37894,38.0,1.3789405822753906
Rareș Ispas,57.62612,59.0,1.3738784790039062
Fraser Hornby,23.628832,25.0,1.3711681365966797
Charlie McCann,53.634415,55.0,1.3655853271484375
Leonhard Münst,52.64376,54.0,1.3562393188476562
Djevencio van der Kust,61.355938,60.0,1.3559379577636719
Caleb Wiley,55.651234,57.0,1.3487663269042969
Nigel Thomas,28.343765,27.0,1.3437652587890625
Filippo Melegoni,61.34038,60.0,1.3403816223144531
Prince Aning,52.340378,51.0,1.3403778076171875
Nikolas Veratschnig,59.659782,61.0,1.3402175903320312
Giordano Colli,51.335365,50.0,1.3353652954101562
Maciej Rosołek,27.335266,26.0,1.33526611328125
Lucas Rocrou,27.331013,26.0,1.3310127258300781
Besfort Zeneli,23.330576,22.0,1.330575942993164
Rafał Adamski,21.330101,20.0,1.3301010131835938
Alex Dunne,49.328407,48.0,1.3284072875976562
Rodney Elongo-Yombo,41.327484,40.0,1.327484130859375
Andre Dozzell,60.673748,62.0,1.3262519836425781
Santiago Toloza,50.325466,49.0,1.3254661560058594
Brian McManus,51.680794,53.0,1.3192062377929688
Gift Links,57.313953,56.0,1.3139533996582031
Noah Weißhaupt,33.310665,32.0,1.3106651306152344
Jonny Yull,42.31037,41.0,1.3103713989257812
Mohamad Rakip,46.69018,48.0,1.3098182678222656
Vikram Singh,25.309097,24.0,1.3090972900390625
Nicholas Bonfanti,25.307367,24.0,1.3073673248291016
Chinedu Ekene,27.693241,29.0,1.3067588806152344
Sondre Fosnæss Hanssen,59.69459,61.0,1.3054084777832031
Frederik Recktenwald,50.304535,49.0,1.304534912109375
Ruben Providence,27.69547,29.0,1.3045291900634766
Nigel Lonwijk,63.697052,65.0,1.302947998046875
Sorba Thomas,50.302425,49.0,1.3024253845214844
Jerry Skotadis,54.302322,53.0,1.3023223876953125
Kevin Ehlers,64.69862,66.0,1.3013763427734375
Yonas Malede,21.300608,20.0,1.300607681274414
Mateusz Łęgowski,59.700035,61.0,1.2999649047851562
Josef Brian Baccay,54.29751,53.0,1.2975082397460938
Nicholas Pennington,60.297054,59.0,1.2970542907714844
Dennis Lütke-Frie,53.29542,52.0,1.2954216003417969
Doru Andrei,35.293846,34.0,1.2938461303710938
Luca Herrmann,50.29259,49.0,1.2925910949707031
Dean Williams,24.70771,26.0,1.2922897338867188
Brandon Fleming,61.289593,60.0,1.2895927429199219
Dirk Proper,62.713768,64.0,1.2862319946289062
Martin Šviderský,61.714443,63.0,1.2855567932128906
Pablo Pagis,22.284065,21.0,1.2840652465820312
Kieran Cruise,48.71821,50.0,1.2817916870117188
Noah Allen,51.279274,50.0,1.2792739868164062
Michał Skóraś,41.279236,40.0,1.27923583984375
Vedad Radonja,59.722,61.0,1.2779998779296875
Jhon Durán,26.274393,25.0,1.274393081665039
Owen Dodgson,55.726147,57.0,1.2738533020019531
Tom Bayliss,57.72838,59.0,1.2716217041015625
Mihajlo Ivančević,60.72888,62.0,1.2711181640625
Przemysław Wiśniewski,63.730762,65.0,1.2692375183105469
Agustín Baldi,60.73088,62.0,1.2691192626953125
Keanan Bennetts,41.731796,43.0,1.2682037353515625
Ben Paton,51.733,53.0,1.266998291015625
Eduard Radaslavescu,47.266216,46.0,1.2662162780761719
Nikolaos Michelis,61.734383,63.0,1.2656173706054688
Jakub Lutostański,19.26531,18.0,1.265310287475586
Jack Moylan,46.26462,45.0,1.2646217346191406
Nathan Bitumazala,59.735744,61.0,1.2642555236816406
Sahil Panwar,51.736732,53.0,1.2632675170898438
Makan Winkle Chothe,22.259048,21.0,1.2590484619140625
Stefán Teitur Thórdarson,58.742138,60.0,1.2578620910644531
Marley Aké,37.743458,39.0,1.2565422058105469
Darren Yapi,20.74355,22.0,1.2564506530761719
Tymoteusz Puchacz,61.74436,63.0,1.2556381225585938
Edgar Babayan,43.254147,42.0,1.2541465759277344
Adrian Durrer,56.250427,55.0,1.25042724609375
Lukas Fadinger,46.750237,48.0,1.2497634887695312
Evan Weir,53.751038,55.0,1.24896240234375
Federico Giraudo,55.75109,57.0,1.2489089965820312
Scott Robertson,57.24576,56.0,1.2457618713378906
Dan Martin,50.755363,52.0,1.2446365356445312
Filip Olsson,50.24392,49.0,1.2439193725585938
Vincenzo Millico,31.241495,30.0,1.241495132446289
Shane Blaney,56.76008,58.0,1.2399215698242188
Jerry Yates,27.760225,29.0,1.2397747039794922
Taylor Perry,51.23783,50.0,1.2378311157226562
Joshua Cavallo,52.237545,51.0,1.2375450134277344
Connor O'Toole,57.232628,56.0,1.2326278686523438
Mathys Tel,27.23182,26.0,1.2318191528320312
Roshan Singh,49.77155,51.0,1.2284507751464844
Michael Ameyaw,27.22745,26.0,1.2274494171142578
Luca Warrick Koleosho,28.773964,30.0,1.2260360717773438
Jake Morris,52.224773,51.0,1.2247734069824219
Marc Bola,63.77724,65.0,1.2227592468261719
Nabil Alioui,28.220558,27.0,1.2205581665039062
Lynnt Audoor,55.783295,57.0,1.216705322265625
Luca Petrasso,56.216393,55.0,1.2163925170898438
Abdul Fatawu Issahaku,36.215908,35.0,1.2159080505371094
Jan Král,61.78514,63.0,1.2148590087890625
Tim Köther,51.213505,50.0,1.2135047912597656
Alexandru Ișfan,35.213333,34.0,1.2133331298828125
Issa Soumaré,20.213266,19.0,1.213266372680664
Gaetano Oristanio,39.78847,41.0,1.2115287780761719
Tuhin Das,41.78971,43.0,1.2102890014648438
Andrew Quinn,55.791367,57.0,1.2086334228515625
Elias Hoff Melkersen,31.207855,30.0,1.207855224609375
Roberto Piccoli,32.792606,34.0,1.2073936462402344
Matthis Abline,24.207132,23.0,1.207132339477539
Bobby Adekanye,31.205975,30.0,1.2059745788574219
Tariq Uwakwe,57.202488,56.0,1.2024879455566406
Akor Jerome Adams,27.803368,29.0,1.1966323852539062
Damian van Bruggen,61.80422,63.0,1.1957817077636719
Daniel Aguirre,48.804325,50.0,1.1956748962402344
Ari Leifsson,61.805405,63.0,1.1945953369140625
Daniel Mancini,57.80704,59.0,1.1929588317871094
Hormipam Ruivah,56.80752,58.0,1.1924781799316406
Xander Martlé,31.190687,30.0,1.1906871795654297
Marvin Çuni,21.19004,20.0,1.1900405883789062
Jonathan Meier,61.189754,60.0,1.1897544860839844
Ertuğrul Ersoy,65.18042,64.0,1.180419921875
Jakub Myszor,28.178553,27.0,1.1785526275634766
David Ajiboye,39.177277,38.0,1.177276611328125
Robert Wagner,57.823124,59.0,1.1768760681152344
Tobias Raschl,59.17596,58.0,1.1759605407714844
Matthew Hoppe,25.17594,24.0,1.1759395599365234
Bradley Barcola,29.824333,31.0,1.1756668090820312
Boubacar Fofana,30.173233,29.0,1.1732330322265625
George Horbury,42.171257,41.0,1.1712570190429688
Sam Sanna,60.82958,62.0,1.1704216003417969
Jack Wells-Morrison,50.829723,52.0,1.1702766418457031
Ben Knight,29.169575,28.0,1.1695747375488281
Marek Rodák,45.833622,47.0,1.1663780212402344
Jeakson Singh,57.83828,59.0,1.1617202758789062
Aleks Ławniczak,61.840065,63.0,1.1599349975585938
Mariusz Fornalczyk,28.159609,27.0,1.1596088409423828
Fabian Holst-Larsen,50.158897,49.0,1.1588973999023438
Gianluca Frabotta,64.15842,63.0,1.158416748046875
Javier Casas Jr.,38.15779,37.0,1.1577911376953125
Paul Omo Mukairu,33.15705,32.0,1.1570510864257812
Ahmed Al Ghamdi,42.155758,41.0,1.1557579040527344
Timothy Tillman,46.155495,45.0,1.1554946899414062
Harald Nilsen Tangen,38.155487,37.0,1.155487060546875
Isak Vanlalruatfela,38.844727,40.0,1.1552734375
Sofyan Chader,23.154911,22.0,1.1549110412597656
Jack MacKenzie,58.846905,60.0,1.1530952453613281
Nene Dorgeles,35.847656,37.0,1.15234375
Alexander Oroz,28.150143,27.0,1.1501426696777344
Fabio Markelic,51.851536,53.0,1.1484642028808594
Julien Masson,61.852177,63.0,1.1478233337402344
Bryan Lasme,22.855787,24.0,1.1442127227783203
Arnór Sigurðsson,42.142155,41.0,1.1421546936035156
Juan Cruz Giacone,21.141514,20.0,1.1415138244628906
Mario Stroeykens,31.140324,30.0,1.1403236389160156
Reyes Cleary,30.138037,29.0,1.1380367279052734
Dominik Steczyk,26.863234,28.0,1.1367664337158203
Orest Lebedenko,60.863407,62.0,1.1365928649902344
Miguel Monsalve,36.13488,35.0,1.1348800659179688
Mohammed Tolba,59.865826,61.0,1.1341743469238281
Billy Koumetio,59.867733,61.0,1.1322669982910156
Adam Buksa,29.869402,31.0,1.1305980682373047
Billy Mitchell,63.869743,65.0,1.1302566528320312
İsmail Çokçalış,58.12917,57.0,1.1291694641113281
Jojea Kwizera,38.127285,37.0,1.1272850036621094
Niklas May,58.87277,60.0,1.1272315979003906
Marvin Pieringer,28.873064,30.0,1.1269359588623047
Tobias Kraulich,60.87436,62.0,1.125640869140625
Billal Brahimi,30.12447,29.0,1.1244697570800781
Nicola Rauti,23.875698,25.0,1.1243019104003906
Dickson Abiama,24.124004,23.0,1.1240043640136719
Rasmus Cronvall,21.121622,20.0,1.121622085571289
Isaak Davies,24.121582,23.0,1.12158203125
Ryan Longman,52.115913,51.0,1.1159133911132812
Paul Lehmann,54.889454,56.0,1.1105461120605469
Morgan Whittaker,36.89002,38.0,1.1099815368652344
Andri Fannar Baldursson,58.89044,60.0,1.10955810546875
Ricky-Jade Jones,29.108728,28.0,1.1087284088134766
Rico Richards,27.108538,26.0,1.1085376739501953
Élysée Logbo,20.107262,19.0,1.1072616577148438
Florian Wustinger,56.106644,55.0,1.1066436767578125
Matías Galarza,59.895924,61.0,1.1040763854980469
Max Woltman,22.10081,21.0,1.100809097290039
Luke Harris,38.099632,37.0,1.0996322631835938
Enzo Luna,31.097698,30.0,1.0976982116699219
Hassan Al Mohammed,51.096626,50.0,1.0966262817382812
Preston Judd,21.096615,20.0,1.0966148376464844
Raphaël Eyongo,33.90376,35.0,1.0962409973144531
José Bolívar,60.903976,62.0,1.0960235595703125
Nilson Angulo,35.094734,34.0,1.0947341918945312
Marcel Benger,61.094326,60.0,1.0943260192871094
Jonathan Aspropotamitis,61.092434,60.0,1.0924339294433594
Ramy Najjarine,39.092392,38.0,1.0923919677734375
Oliver Larraz,46.091377,45.0,1.0913772583007812
Declan Drysdale,61.09017,60.0,1.0901718139648438
Gastón González,41.085697,40.0,1.0856971740722656
Nathan Young-Coombes,21.08522,20.0,1.0852203369140625
Meiko Sponsel,58.915207,60.0,1.0847930908203125
Louis Breunig,60.916073,62.0,1.0839271545410156
Bjarne Pudel,59.916866,61.0,1.0831336975097656
Alexandro Calut,55.082737,54.0,1.0827369689941406
Djenahro Nunumete,54.082607,53.0,1.0826072692871094
Adam Zimarino,34.08189,33.0,1.0818901062011719
Josh Earl,63.91821,65.0,1.0817909240722656
Philip Otele,28.08091,27.0,1.0809097290039062
Justin Forst,19.079765,18.0,1.0797653198242188
Kacper Urbański,42.079082,41.0,1.0790824890136719
Muhammed Uvais,55.07895,54.0,1.078948974609375
Mika Biereth,30.077168,29.0,1.0771675109863281
Cameron Congreve,32.076595,31.0,1.0765953063964844
Mohammed Al Saeed,51.075848,50.0,1.0758476257324219
José Alfredo Flores,40.924526,42.0,1.0754737854003906
Joshua Schwirten,42.925705,44.0,1.0742950439453125
Carl Björk,28.070827,27.0,1.0708274841308594
Jack Carter,45.064636,44.0,1.06463623046875
Randy Schneider,36.063023,35.0,1.0630226135253906
Mukhair Al Rashidi,56.062626,55.0,1.0626258850097656
Pierluigi Gollini,45.937714,47.0,1.062286376953125
Yayah Kallon,23.060854,22.0,1.0608539581298828
Kylian Kouassi,34.059395,33.0,1.0593948364257812
Ola Brynhildsen,50.058292,49.0,1.0582923889160156
George Thomason,57.057518,56.0,1.0575180053710938
Niclas Thiede,45.057014,44.0,1.0570144653320312
Kelvin Abrefa,54.943176,56.0,1.05682373046875
Mohamed Ofkir,28.944105,30.0,1.0558948516845703
Mirza Cihan,34.053185,33.0,1.0531845092773438
Steffen Tigges,43.94723,45.0,1.0527687072753906
Ernest Boahene,56.05243,55.0,1.05242919921875
Femi Seriki,54.0522,53.0,1.0522003173828125
Gary Magnée,59.94823,61.0,1.0517692565917969
Aaron Rowe,53.050407,52.0,1.0504074096679688
Roko Šimić,27.048077,26.0,1.0480766296386719
Tawanda Maswanhise,27.952534,29.0,1.0474662780761719
Kyle Knoyle,57.047405,56.0,1.0474052429199219
Peter Kioso,60.956043,62.0,1.0439567565917969
Aaron Basenach,50.9571,52.0,1.0429000854492188
Jiteshwor Singh,50.03841,49.0,1.0384101867675781
Daouda Guindo,58.963665,60.0,1.0363349914550781
Amund Wichne,46.035057,45.0,1.0350570678710938
Abdullah Al Yousif,52.965233,54.0,1.0347671508789062
Ștefan Pănoiu,40.0323,39.0,1.0322990417480469
Hampus Finndell,64.97185,66.0,1.0281524658203125
Emmanuel Yeboah,39.025444,38.0,1.0254440307617188
Sambou Soumano,23.975645,25.0,1.0243549346923828
Jostin Alarcón,60.979156,62.0,1.020843505859375
Antonio Jonjić,32.017986,31.0,1.0179862976074219
Niclas Holm Pedersen,26.017548,25.0,1.017547607421875
Elies Mahmoud,32.01715,31.0,1.01715087890625
Jewison Bennette,28.016792,27.0,1.0167922973632812
Tyler Roberts,39.01535,38.0,1.015350341796875
Kai Corbett,22.014286,21.0,1.0142860412597656
Mario Bratu,29.01405,28.0,1.0140495300292969
Tommy Conway,21.013962,20.0,1.0139617919921875
Sunusi Ibrahim,24.012693,23.0,1.0126934051513672
Brandon Baiye,61.009506,60.0,1.0095062255859375
Sascha Horvath,46.991867,48.0,1.0081329345703125
Daniel Butterworth,36.00772,35.0,1.007720947265625
Kwadwo Opoku,37.00562,36.0,1.0056190490722656
Omar Megeed,28.00501,27.0,1.0050106048583984
Buhari Ibrahim,59.995247,61.0,1.0047531127929688
Dennis Gjengaar,49.997036,51.0,1.0029640197753906
Wisdom Amey,58.997166,60.0,1.0028343200683594
Luca Hoole,56.9984,58.0,1.0015983581542969
Anton Kade,26.000885,25.0,1.000885009765625
Anthony Oyono,60.999603,60.0,0.999603271484375
Darko Churlinov,50.00281,51.0,0.9971885681152344
Mattia Zanotti,59.003536,60.0,0.9964637756347656
Daniel Bassi,45.00386,46.0,0.9961395263671875
Abdoullah Ba,54.995964,54.0,0.9959640502929688
Filip Trpcevski,26.988749,26.0,0.9887485504150391
Juan Cruz Esquivel,23.987194,23.0,0.9871940612792969
Marko Milovanović,21.986197,21.0,0.9861965179443359
Julius Ertlthaler,39.98444,39.0,0.9844398498535156
Viktor Widell,50.983597,50.0,0.9835968017578125
Christian Theoharous,28.017046,29.0,0.9829540252685547
Liam Cullen,30.020973,31.0,0.9790267944335938
Quinn Sullivan,47.97709,47.0,0.9770889282226562
Simon Adingra,28.025011,29.0,0.9749889373779297
Ben Goodliffe,61.026573,62.0,0.9734268188476562
Giuseppe Caso,27.972456,27.0,0.9724559783935547
Alex Gilbert,27.971647,27.0,0.9716472625732422
Tate Russell,54.969467,54.0,0.9694671630859375
Ali Makki,56.0338,57.0,0.9662017822265625
José Gómez,62.03638,63.0,0.9636192321777344
Thierry Lutonda,58.037426,59.0,0.9625740051269531
Jacques Ekomié,62.038956,63.0,0.9610443115234375
Brandon Kavanagh,36.03931,37.0,0.9606895446777344
Paul Will,61.03951,62.0,0.9604911804199219
Kevin Wiethaup,38.960403,38.0,0.9604034423828125
Hans Nicolussi Caviglia,52.040295,53.0,0.9597053527832031
Sebastián Quintana,54.04374,55.0,0.9562606811523438
Douglas James-Taylor,27.045551,28.0,0.9544486999511719
Callum Slattery,60.948322,60.0,0.9483222961425781
Anton Tsarenko,35.94814,35.0,0.9481391906738281
Eirik Blikstad,53.05455,54.0,0.9454498291015625
Benedict Hollerbach,27.945156,27.0,0.9451560974121094
Thomas Himeur,45.944595,45.0,0.9445953369140625
Jake Cain,57.055424,58.0,0.9445762634277344
Filipe Sissé,47.056156,48.0,0.9438438415527344
Casper Øyvann,61.056797,62.0,0.9432029724121094
Isaac Nuhu,31.056803,32.0,0.9431972503662109
Anas Ouahim,36.942635,36.0,0.9426345825195312
Innes Cameron,46.05907,47.0,0.9409294128417969
Marius Ros,57.059376,58.0,0.9406242370605469
Alex Saji,53.94056,53.0,0.9405593872070312
Kristoffer Haugen,61.059673,62.0,0.9403266906738281
Dijon Kameri,38.939842,38.0,0.9398422241210938
Michael Ruhs,41.938267,41.0,0.9382667541503906
Maximiliano González,62.062214,63.0,0.9377861022949219
Abdul Rabeeh,43.93546,43.0,0.9354591369628906
Danny Amos,55.933334,55.0,0.9333343505859375
Enis Destan,46.067215,47.0,0.9327850341796875
Kacper Jodłowski,55.932243,55.0,0.9322433471679688
Youri Regeer,61.06819,62.0,0.9318084716796875
Jong-min Seo,38.92937,38.0,0.9293708801269531
Facundo Colidio,35.926723,35.0,0.9267234802246094
Fabian Nürnberger,64.07358,65.0,0.926422119140625
Jamie Shackleton,63.074856,64.0,0.9251441955566406
Fabian Greilinger,54.924404,54.0,0.9244041442871094
Elidon Qenaj,33.075893,34.0,0.9241065979003906
Aramide Oteh,23.921768,23.0,0.9217681884765625
Tiago José Geralnik,37.921288,37.0,0.9212875366210938
Mohammed Al Abdullah,42.920925,42.0,0.9209251403808594
Lukáš Ambros,38.920284,38.0,0.9202842712402344
Matúš Holíček,31.91833,31.0,0.9183292388916016
Daniel Arzani,33.08366,34.0,0.9163398742675781
Gavin Kilkenny,60.91554,60.0,0.9155387878417969
Tyrell Warren,58.0849,59.0,0.91510009765625
Darian Males,36.91251,36.0,0.9125099182128906
Marko Bulat,58.91182,58.0,0.9118194580078125
Juan José Giménez,27.910282,27.0,0.9102821350097656
Nohan Kenneh,60.9058,60.0,0.9057998657226562
Odel Offiah,61.09445,62.0,0.905548095703125
Nick Otto,58.098824,59.0,0.9011764526367188
Gonzalo Piñeiro,48.10094,49.0,0.8990592956542969
Sonny Cox,23.101856,24.0,0.8981437683105469
Tom Zimmerschied,36.897804,36.0,0.8978042602539062
Kyle Hurst,29.896828,29.0,0.8968276977539062
Daniel Oyegoke,58.104366,59.0,0.8956336975097656
Bendegúz Bolla,59.105305,60.0,0.8946952819824219
Samuele Mulattieri,37.894604,37.0,0.8946037292480469
Sebastian Kowalczyk,43.89174,43.0,0.8917388916015625
Guillaume Furrer,24.888418,24.0,0.8884181976318359
Josh Coley,28.887505,28.0,0.8875045776367188
Louis Mouton,54.11397,55.0,0.8860282897949219
Steven Bradley,26.885096,26.0,0.8850955963134766
Romeo Giovannini,24.884735,24.0,0.884735107421875
Dylan Mbayo,29.884352,29.0,0.8843517303466797
Dante Polvara,54.115734,55.0,0.8842658996582031
Federico Versaci,26.118313,27.0,0.8816871643066406
Badredine Bouanani,31.88111,31.0,0.8811092376708984
Serge Ngoma,38.880344,38.0,0.8803443908691406
Kevin Bukusu,61.120148,62.0,0.879852294921875
Brynjar Ingi Bjarnason,62.12045,63.0,0.8795509338378906
Issouf Sissokho,64.1208,65.0,0.8792037963867188
Delano Burgzorg,30.87835,30.0,0.8783493041992188
Brian Gutiérrez,37.877148,37.0,0.8771476745605469
Hendry Antonay,47.876034,47.0,0.8760337829589844
Antoine Valério,56.124535,57.0,0.8754653930664062
Gideon Tetteh,35.874767,35.0,0.8747673034667969
Kamory Doumbia,56.127487,57.0,0.8725128173828125
Robbie Gotts,54.86994,54.0,0.8699417114257812
Róbert Boženík,31.869495,31.0,0.8694953918457031
Igor Strzałek,37.86786,37.0,0.86785888671875
Mimeirhel Benita,57.14133,58.0,0.8586692810058594
Tobi Omole,53.141537,54.0,0.8584632873535156
Semi Belkahia,62.14394,63.0,0.8560600280761719
Casey Walls,52.146244,53.0,0.8537559509277344
Dion Kacuri,37.853737,37.0,0.8537368774414062
Glenn McConnell,42.853413,42.0,0.8534126281738281
Nick Bätzner,56.853092,56.0,0.8530921936035156
Jordan Lawrence-Gabriel,62.147423,63.0,0.8525772094726562
Angus Thurgate,59.846794,59.0,0.8467941284179688
Michał Ozga,55.845795,55.0,0.845794677734375
David Zalazar,33.84324,33.0,0.8432388305664062
Abdullah Al Shanqeeti,52.158203,53.0,0.841796875
Gonzalo Nápoli,62.15991,63.0,0.8400917053222656
James Abankwah,56.836597,56.0,0.8365974426269531
Sarpreet Singh,48.836178,48.0,0.8361778259277344
Lachlan Rose,46.164383,47.0,0.8356170654296875
Renzo Sanchez,35.1663,36.0,0.8336982727050781
Barry Cotter,56.83249,56.0,0.832489013671875
Leo Walta,46.83114,46.0,0.8311386108398438
Demba Seck,30.83041,30.0,0.8304100036621094
Harrison Ashby,55.17161,56.0,0.8283882141113281
Oliver Zandén,61.175423,62.0,0.8245773315429688
Taïryk Arconte,28.823454,28.0,0.8234539031982422
Mehdi Loune,43.822002,43.0,0.8220024108886719
Torben Müsel,28.820415,28.0,0.8204154968261719
Felix Afena-Gyan,38.180664,39.0,0.8193359375
Sævar Atli Magnússon,32.818146,32.0,0.818145751953125
Cemali Sertel,62.184277,63.0,0.8157234191894531
Kelvin Arase,31.814873,31.0,0.8148727416992188
John Mahon,60.814842,60.0,0.8148422241210938
Niklas Jessen,41.81387,41.0,0.8138694763183594
Felipe Valencia,23.81329,23.0,0.8132896423339844
Daniel Karlsbakk,27.81327,27.0,0.8132705688476562
Yahya Kalley,54.186733,55.0,0.8132667541503906
Nachon Nsingi,26.813131,26.0,0.8131313323974609
Jonathan Dubasin,31.187012,32.0,0.81298828125
Zeki Amdouni,45.18716,46.0,0.8128395080566406
Louis Munteanu,30.812712,30.0,0.8127117156982422
Marcus Ferkranus,55.811844,55.0,0.8118438720703125
Frankie Amaya,63.19025,64.0,0.8097496032714844
Mohamed Farsi,54.192844,55.0,0.8071556091308594
Oliver Alfonsi,41.80466,41.0,0.8046607971191406
Jordan Brown,56.19627,57.0,0.8037300109863281
Kipp Keller,56.803547,56.0,0.8035469055175781
Enzo Larrosa,24.196642,25.0,0.8033580780029297
Thomas Rekdal,42.803074,42.0,0.8030738830566406
Luc Ihorst,29.801443,29.0,0.8014430999755859
Samba Lélé Diba,45.799835,45.0,0.799835205078125
Kristoffer Askildsen,61.799175,61.0,0.7991752624511719
Issa Fomba,29.798105,29.0,0.7981052398681641
Silas Nwankwo,27.79768,27.0,0.7976799011230469
Julian Gaines,48.79511,48.0,0.7951087951660156
Lucas Kåhed,31.793968,31.0,0.7939682006835938
Morgan Feeney,61.206326,62.0,0.7936744689941406
Tim Rossmann,27.793585,27.0,0.7935848236083984
Florian Hoxha,54.793564,54.0,0.7935638427734375
Anthony Markanich,54.207108,55.0,0.7928924560546875
Ben Worman,51.792637,51.0,0.7926368713378906
Jahkeele Marshall-Rutty,51.2109,52.0,0.7891006469726562
Baba Fernandes,60.788498,60.0,0.7884979248046875
Mateusz Żukowski,59.78687,59.0,0.7868690490722656
Lucas Woudenberg,62.786278,62.0,0.7862777709960938
Josh Tymon,62.783802,62.0,0.7838020324707031
Noah Smith,54.783775,54.0,0.7837753295898438
Sanders Ngabo,46.78345,46.0,0.7834510803222656
Yvandro Borges Sanches,52.218445,53.0,0.78155517578125
Jean-Mattéo Bahoya,38.78134,38.0,0.781341552734375
Francis Momoh,25.78102,25.0,0.7810192108154297
El Hadji Dieye,29.779608,29.0,0.7796077728271484
Brian Mansilla,46.22166,47.0,0.7783393859863281
Jobe Bellingham,55.223194,56.0,0.7768058776855469
Paxten Aaronson,37.77551,37.0,0.7755088806152344
Princeton Rebello,50.775352,50.0,0.7753524780273438
Chris Sze,22.775118,22.0,0.7751178741455078
Dylan Saint-Louis,31.771244,31.0,0.7712440490722656
Stefan Škrbo,43.770927,43.0,0.7709274291992188
Tim Lemperle,32.768307,32.0,0.7683067321777344
Demeaco Duhaney,58.767754,58.0,0.7677536010742188
James Gale,36.76729,36.0,0.7672882080078125
Mateo Pellegrino,29.234735,30.0,0.7652645111083984
John Ross Wilson,54.235756,55.0,0.7642440795898438
Jeriel Dorsett,60.76405,60.0,0.7640495300292969
Halvor Rødølen Opsahl,60.237843,61.0,0.7621574401855469
Chem Campbell,41.761326,41.0,0.7613258361816406
Bård Finne,27.760656,27.0,0.7606563568115234
Steve Ngoura,19.7599,19.0,0.7598991394042969
Gene Kennedy,51.757153,51.0,0.7571525573730469
Caolán Boyd-Munce,45.754993,45.0,0.7549934387207031
Simen Bolkan Nordli,49.753986,49.0,0.7539863586425781
Michał Rakoczy,42.75377,42.0,0.7537689208984375
Göktan Gürpüz,44.75239,44.0,0.7523918151855469
Bas Van Den Eynden,56.7522,56.0,0.7522010803222656
Thomas Van Den Keybus,61.248955,62.0,0.7510452270507812
Ismaël Boura,62.249012,63.0,0.7509880065917969
Laurin Ulrich,45.749847,45.0,0.749847412109375
John Nelson,60.25225,61.0,0.7477493286132812
Ayman Azhil,59.25336,60.0,0.7466392517089844
Naatan Skyttä,43.743504,43.0,0.7435035705566406
Dion Pereira,34.742645,34.0,0.742645263671875
Kayne Ramsay,58.74019,58.0,0.7401885986328125
Naci Ünüvar,37.740154,37.0,0.7401542663574219
Oisin Gallagher,41.73774,41.0,0.7377395629882812
Abdoulaye Kamara,57.262268,58.0,0.73773193359375
Ben Lederman,55.737114,55.0,0.7371139526367188
Julian Hettwer,32.26341,33.0,0.7365913391113281
Lukas Pinckert,58.26725,59.0,0.7327499389648438
Anssi Suhonen,38.73228,38.0,0.7322807312011719
Gabriele Piccinini,57.730648,57.0,0.7306480407714844
Bastien Toma,62.269394,63.0,0.7306060791015625
Manolo Portanova,55.73034,55.0,0.7303390502929688
Owen Beck,56.728638,56.0,0.7286376953125
Charlie Colkett,56.27177,57.0,0.7282295227050781
Dirk Asare,51.727436,51.0,0.7274360656738281
Merlin Röhl,58.278873,59.0,0.7211265563964844
Thomas Geris,20.719778,20.0,0.7197780609130859
Jannik Rochelt,46.284824,47.0,0.7151756286621094
Dawid Kurminowski,25.713617,25.0,0.7136173248291016
Jonas Sterner,60.711704,60.0,0.7117042541503906
Chris Hegardt,41.710205,41.0,0.710205078125
Niall Morahan,54.290142,55.0,0.7098579406738281
Alec Georgen,60.290894,61.0,0.7091064453125
Thijs Timmermans,42.708378,42.0,0.7083778381347656
Luca Bolay,49.706913,49.0,0.7069129943847656
Julius Kade,61.29456,62.0,0.7054405212402344
Charles Boli,45.70496,45.0,0.7049598693847656
Marius Cioiu,37.70486,37.0,0.7048606872558594
Morgan Gibbs-White,56.295467,57.0,0.7045326232910156
Souffian El Karouani,61.295536,62.0,0.7044639587402344
Aymen Boutoutaou,33.702885,33.0,0.7028846740722656
Rijad Smajić,60.299538,61.0,0.7004623413085938
Emiliano Viveros,45.700253,45.0,0.7002525329589844
Colm Whelan,34.699524,34.0,0.69952392578125
Henrik Skogvold,35.300713,36.0,0.6992874145507812
Aventis Aventisian,57.3025,58.0,0.6974983215332031
Eber Moreno,61.303196,62.0,0.6968040466308594
Isaiah Parente,45.69626,45.0,0.696258544921875
Zac Williams,57.694477,57.0,0.6944770812988281
Sidney Raebiger,54.30595,55.0,0.6940498352050781
Zico Buurmeester,57.30706,58.0,0.6929397583007812
Csaba Bukta,41.69282,41.0,0.6928215026855469
Dawid Drachal,27.307995,28.0,0.6920051574707031
Adam Armstrong,34.30948,35.0,0.690521240234375
Daniel Eid,57.689194,57.0,0.6891937255859375
Oscar Schönfelder,47.687332,47.0,0.6873321533203125
Yacine El Amri,32.686947,32.0,0.6869468688964844
Jibril Ibrahimi,24.686502,24.0,0.6865024566650391
Matthew Bondswell,55.315643,56.0,0.684356689453125
Daniel Hall,62.316914,63.0,0.6830863952636719
Alex Monis,29.682613,29.0,0.6826133728027344
Grégory Coelho,58.318947,59.0,0.6810531616210938
Jay Henderson,52.32111,53.0,0.6788902282714844
Iván Flores,56.322243,57.0,0.6777572631835938
Anton Sorenson,50.675316,50.0,0.6753158569335938
Christian Schmidt,24.673922,24.0,0.6739215850830078
Gabriel Charpentier,27.32649,28.0,0.6735095977783203
Mattéo Tramoni,47.32657,48.0,0.673431396484375
Paddy Lane,53.672504,53.0,0.6725044250488281
Justin Njinmah,24.670868,24.0,0.670867919921875
Dario Del Fabro,64.6698,64.0,0.6697998046875
David Bendrik,49.66966,49.0,0.6696586608886719
Lorenzo Colombo,28.330425,29.0,0.6695747375488281
Derrick Etienne Jr.,39.330536,40.0,0.669464111328125
Bruno Gutiérrez,56.33209,57.0,0.6679115295410156
Jack Aitchison,25.666216,25.0,0.6662158966064453
Mohammed Sangare,56.333786,57.0,0.6662139892578125
Franklin Tebo Uchenna,57.335518,58.0,0.6644821166992188
Maximilian Beier,25.66411,25.0,0.6641101837158203
Max Mata,24.66405,24.0,0.6640491485595703
Nicolas Popescu,53.663277,53.0,0.6632766723632812
Hugo Vetlesen,60.337223,61.0,0.6627769470214844
Harry Van der Saag,52.33879,53.0,0.6612091064453125
Tom Grivosti,60.339542,61.0,0.6604576110839844
Jesurun Rak-Sakyi,24.65783,24.0,0.6578292846679688
Omar El Hilali,60.343,61.0,0.6570014953613281
Andreas Bruus,57.343224,58.0,0.6567764282226562
Yusuf Sarı,32.656048,32.0,0.6560478210449219
Meritan Shabani,35.655704,35.0,0.6557044982910156
Louis Torres,56.35018,57.0,0.6498184204101562
Mehmet Ibrahimi,30.648079,30.0,0.6480789184570312
Liam Coyle,60.648018,60.0,0.6480178833007812
Kaide Gordon,25.646868,25.0,0.6468677520751953
Luca Everink,59.64524,59.0,0.6452407836914062
Mika Baur,42.35526,43.0,0.6447410583496094
Michael Baidoo,49.355415,50.0,0.6445846557617188
Dominik Becker,61.356503,62.0,0.6434974670410156
Alex Robertson,49.35845,50.0,0.6415481567382812
Yadaly Diaby,32.63961,32.0,0.6396102905273438
Boris Singh,49.638256,49.0,0.6382560729980469
Joscha Wosz,49.636322,49.0,0.636322021484375
Ibrahima Cissé,59.3639,60.0,0.6361007690429688
Hamza Sakhi,58.635838,58.0,0.6358375549316406
Mamady Diambou,58.364536,59.0,0.6354637145996094
Zinédine Ould Khaled,60.633965,60.0,0.6339645385742188
Jalen Hawkins,24.63308,24.0,0.6330795288085938
Aljoscha Kemlein,55.63206,55.0,0.6320610046386719
Abderrahman Rebbach,36.631924,36.0,0.6319236755371094
Oskar van Hattum,38.36936,39.0,0.6306381225585938
Adam Carlén,60.63031,60.0,0.63031005859375
David Jaunegg,55.370068,56.0,0.6299324035644531
Shane Farrell,47.370445,48.0,0.6295547485351562
Oğuz Aydın,31.627373,31.0,0.6273727416992188
Juljan Shehu,61.37545,62.0,0.6245498657226562
Ahmed Longmire,54.37831,55.0,0.6216888427734375
Ronan Boyce,55.620968,55.0,0.6209678649902344
Albian Hajdari,58.379105,59.0,0.6208953857421875
Matthew Nocita,55.38204,56.0,0.6179618835449219
Manuel De Luca,33.383644,34.0,0.6163558959960938
Ante Palaversa,64.383736,65.0,0.6162643432617188
Thomas Williams,51.386383,52.0,0.613616943359375
Rasmus Örqvist,62.61346,62.0,0.6134605407714844
Oliver Batista Meier,30.387281,31.0,0.6127185821533203
Tyler Burey,37.39005,38.0,0.6099510192871094
Valentin Ticu,60.609386,60.0,0.6093864440917969
Martin Samuelsen,30.609264,30.0,0.6092643737792969
Andrea Oliveri,37.60875,37.0,0.6087493896484375
Robin Hack,33.60839,33.0,0.6083908081054688
Dixon Vera,48.607845,48.0,0.6078453063964844
Ben Jackson,58.39312,59.0,0.6068801879882812
Maciej Śliwa,46.60521,46.0,0.6052093505859375
Fotis Ioannidis,23.39538,24.0,0.6046199798583984
Cameron Archer,25.603985,25.0,0.6039848327636719
Milutin Osmajić,36.396248,37.0,0.6037521362304688
Marvin Mehlem,51.603096,51.0,0.6030960083007812
Mohamed Amoura,45.59948,45.0,0.5994796752929688
Raphael Borges Rodrigues,32.403076,33.0,0.596923828125
Mazeed Ogungbo,58.59497,58.0,0.594970703125
Tyrhys Dolan,41.40564,42.0,0.5943603515625
Erik Majetschak,61.406693,62.0,0.5933074951171875
Tom Bischof,42.409657,43.0,0.5903434753417969
Kian Harratt,23.589455,23.0,0.5894546508789062
Christopher Negele,38.411514,39.0,0.5884857177734375
Peter Abimbola,46.41224,47.0,0.5877609252929688
Johan Kenneryd,51.41306,52.0,0.5869407653808594
Adam Long,56.41306,57.0,0.5869407653808594
Adrian Gantenbein,56.413525,57.0,0.5864753723144531
Agustín Vera,35.413685,36.0,0.5863151550292969
Elias Achouri,28.585966,28.0,0.5859661102294922
Sylvester Jasper,39.585495,39.0,0.5854949951171875
Franco Orozco,30.5845,30.0,0.5844993591308594
James Olayinka,47.415615,48.0,0.5843849182128906
Erencan Yardımcı,27.584381,27.0,0.584381103515625
Jesper Skau,51.418186,52.0,0.5818138122558594
Halil İbrahim Dervişoğlu,38.41884,39.0,0.5811614990234375
Arvin Appiah,28.580101,28.0,0.5801010131835938
Simon Olsson,55.579163,55.0,0.57916259765625
Lucas Brumme,45.42111,46.0,0.5788917541503906
Sakarias Opsahl,60.421364,61.0,0.5786361694335938
Anthony Fontana,45.42323,46.0,0.5767707824707031
Florian Dietz,25.575876,25.0,0.5758762359619141
D'Margio Wright-Phillips,28.57581,28.0,0.5758094787597656
Finn Surman,58.424816,59.0,0.5751838684082031
Tomasz Makowski,60.57473,60.0,0.5747299194335938
Uran Bislimi,54.57468,54.0,0.5746803283691406
Jayden Richardson,55.573727,55.0,0.5737266540527344
Luca D'Andrea,39.573444,39.0,0.5734443664550781
Timothy Noor Ouma,38.57241,38.0,0.5724105834960938
Junior Tchamadeu,55.57103,55.0,0.5710296630859375
Eniss Shabani,53.431107,54.0,0.5688934326171875
Jordi Osei-Tutu,59.568428,59.0,0.5684280395507812
Jonatan Braut-Brunes,41.43285,42.0,0.5671501159667969
Reece Devine,56.566673,56.0,0.5666732788085938
Oscar Vilhelmsson,29.565716,29.0,0.5657157897949219
Denis Benga,51.43434,52.0,0.5656585693359375
Nathan Tella,32.434364,33.0,0.5656356811523438
Kyliane Dong,22.434717,23.0,0.5652828216552734
Christian Viet,58.435574,59.0,0.5644264221191406
Lewis Richardson,26.564272,26.0,0.5642719268798828
Tom Rothe,59.440556,60.0,0.5594444274902344
Jean N'Guessan,59.4413,60.0,0.5587005615234375
Evan McLaughlin,36.558624,36.0,0.558624267578125
Daniel Maldini,38.442413,39.0,0.557586669921875
Anders Klynge,61.55718,61.0,0.5571784973144531
Giacomo Quagliata,61.444897,62.0,0.5551033020019531
Noah Botić,21.55439,21.0,0.5543899536132812
Adam Campbell,24.44617,25.0,0.5538291931152344
Jökull Andrésson,24.450916,25.0,0.5490837097167969
Žan Celar,27.54858,27.0,0.5485801696777344
Justo Giani,25.547909,25.0,0.5479087829589844
Bryce Duke,45.461582,46.0,0.5384178161621094
Collin Smith,51.537968,51.0,0.5379676818847656
Derry Scherhant,23.53773,23.0,0.5377292633056641
Alan Virginius,26.462362,27.0,0.5376377105712891
Marco Sala,62.535152,62.0,0.5351524353027344
Ibrahim Cissoko,31.464878,32.0,0.5351219177246094
Dante Vanzeir,36.53417,36.0,0.5341682434082031
Shaqai Forde,28.533718,28.0,0.5337181091308594
Bruno Leyes,60.466377,61.0,0.5336227416992188
Dylan Teves,44.532913,44.0,0.5329132080078125
Youri Baas,60.469063,61.0,0.5309371948242188
Lewis Macari,58.469387,59.0,0.5306129455566406
Mads Frøkjær-Jensen,50.52917,50.0,0.5291709899902344
Sander Risan Mørk,52.47085,53.0,0.5291481018066406
Cristian Volpato,39.528927,39.0,0.5289268493652344
Liam Bennett,54.471222,55.0,0.528778076171875
Fredrik Oppegård,58.47153,59.0,0.5284690856933594
Max Thompson,25.528416,25.0,0.5284156799316406
Andrea Danzi,59.47239,60.0,0.5276107788085938
Leandro Putaro,39.526676,39.0,0.5266761779785156
Federico Paradela,51.524506,51.0,0.524505615234375
Jacob Eng,24.47635,25.0,0.5236492156982422
Devendra Murgaonkar,26.522411,26.0,0.5224113464355469
Lars Olden Larsen,51.47882,52.0,0.52117919921875
Sadou Diallo,55.51893,55.0,0.5189285278320312
Krystian Okoniewski,24.481153,25.0,0.5188465118408203
Hussain Sibyani,47.517796,47.0,0.5177955627441406
Nikola Djorić,60.48246,61.0,0.5175399780273438
Alassana Jatta,28.516712,28.0,0.5167121887207031
George Thomas,36.48583,37.0,0.5141716003417969
Florian Engelhardt,53.487934,54.0,0.5120658874511719
Marko Lazetić,33.489017,34.0,0.5109825134277344
Mohammed Abbas,54.510273,54.0,0.5102729797363281
Alex Méndez,49.508987,49.0,0.5089874267578125
Logan Delaurier-Chaubet,29.506699,29.0,0.5066986083984375
Brayann Pereira,56.506638,56.0,0.5066375732421875
Joel Senior,53.495033,54.0,0.5049667358398438
Marley Marshall Miranda,56.502197,56.0,0.502197265625
Lewis Simper,49.50136,49.0,0.5013618469238281
Devin Sür,37.500942,37.0,0.5009422302246094
Jakub Kałuziński,58.49998,59.0,0.5000190734863281
Million Manhoef,60.498806,60.0,0.4988059997558594
Eric Uhlmann,55.503536,56.0,0.4964637756347656
Maciej Żurawski,49.50398,50.0,0.4960212707519531
Divin Mubama,24.495508,24.0,0.49550819396972656
Emil Benny,42.494854,42.0,0.4948539733886719
Nathan Tjoe-A-On,57.506756,58.0,0.4932441711425781
Ernest Poku,29.493065,29.0,0.49306488037109375
Dion De Neve,49.492672,49.0,0.4926719665527344
Lasse Sørensen,59.511135,60.0,0.4888648986816406
Tyler Onyango,52.511826,53.0,0.4881744384765625
Axel Guessand,58.512394,59.0,0.4876060485839844
Shayne Pattynama,55.486023,55.0,0.48602294921875
Lautaro Ovando,23.484846,23.0,0.4848461151123047
David Otto,26.516022,27.0,0.483978271484375
Rhys Bozinovski,48.521446,49.0,0.47855377197265625
Marlon Suliman Mustapha,24.478273,24.0,0.4782733917236328
Justin Rasmussen,54.477406,54.0,0.4774055480957031
Brison Fernandes,40.524445,41.0,0.475555419921875
Noah Mbamba,60.524456,61.0,0.4755439758300781
Kyle Robinson,25.524628,26.0,0.475372314453125
Alexander Lind,36.47534,36.0,0.475341796875
Ryan Stirk,57.473335,57.0,0.47333526611328125
Philippe Paulin Keny,29.471264,29.0,0.4712638854980469
Karl Edouard Etta Eyong,61.46981,61.0,0.46981048583984375
Killian Sardella,60.53329,61.0,0.4667091369628906
Noah Rupp,42.465733,42.0,0.4657325744628906
Ibrahima Baldé,19.537045,20.0,0.4629554748535156
Kyrylo Melichenko,60.537365,61.0,0.4626350402832031
Devin Angleberger,57.46234,57.0,0.46234130859375
Antoine Semenyo,21.537992,22.0,0.4620075225830078
Richmond Tachie,28.460472,28.0,0.46047210693359375
Slobodan Tedić,24.539642,25.0,0.460357666015625
Wungngayam Muirang,51.541187,52.0,0.4588127136230469
Fabian Wilfinger,44.45776,44.0,0.4577598571777344
Matthew Bozinovski,52.545177,53.0,0.4548225402832031
Guillermo Balzi,51.45325,51.0,0.4532508850097656
Herbie Kane,59.549664,60.0,0.4503364562988281
Isaac Hutchinson,54.44805,54.0,0.44805145263671875
Konrad Matuszewski,56.55209,57.0,0.4479103088378906
William Mikelbrencis,60.444355,60.0,0.4443550109863281
Fabio Ponsi,61.442787,61.0,0.44278717041015625
Tayo Adaramola,53.44145,53.0,0.4414482116699219
Isak Jansson,41.44117,41.0,0.44116973876953125
Matías Pellegrini,49.43979,49.0,0.439788818359375
Brodie Spencer,53.562084,54.0,0.4379158020019531
Hussain Furayj,52.437675,52.0,0.43767547607421875
Jay Rich-Baghuelou,56.437653,56.0,0.437652587890625
Darragh Nugent,53.564857,54.0,0.43514251708984375
Abdulaziz Noor,30.433413,30.0,0.4334125518798828
Mansour Al Shammari,57.430447,57.0,0.4304466247558594
Liam Thompson,60.569576,61.0,0.4304237365722656
Ignace Van der Brempt,59.570026,60.0,0.4299736022949219
Rodrigo Márquez,30.570461,31.0,0.4295387268066406
Akash Mishra,55.425957,55.0,0.42595672607421875
Kreshnik Hajrizi,58.576687,59.0,0.4233131408691406
Felix Strauss,60.57697,61.0,0.4230308532714844
Romaric Yapi,57.422783,57.0,0.42278289794921875
Aaron Zehnter,56.58095,57.0,0.4190483093261719
Willem Geubbels,26.416637,26.0,0.4166374206542969
Luke Le Roux,58.584667,59.0,0.4153327941894531
Cameron McJannet,59.58592,60.0,0.4140815734863281
Woyo Coulibaly,57.588444,58.0,0.4115562438964844
Osaze Urhoghide,60.589657,61.0,0.4103431701660156
Ole Enersen,46.591694,47.0,0.4083061218261719
Fin Back,54.40782,54.0,0.4078216552734375
Nishan Velupillay,31.592903,32.0,0.40709686279296875
Tani Oluwaseyi,28.59351,29.0,0.4064903259277344
Tyreeq Bakinson,63.594048,64.0,0.40595245361328125
Marco Nasti,23.594248,24.0,0.40575218200683594
Kayden Pierre,46.405437,46.0,0.4054374694824219
Liam Kerrigan,42.596554,43.0,0.4034461975097656
Lequincio Zeefuik,25.598501,26.0,0.40149879455566406
Gonzalo Álvez,25.401342,25.0,0.40134239196777344
Carlton Morris,32.39564,32.0,0.3956413269042969
Milan Corryn,49.391254,49.0,0.3912544250488281
Brian Jepthe Bayeye,54.609074,55.0,0.3909263610839844
Rhys Hughes,46.39074,46.0,0.39073944091796875
Kyle Magennis,58.390038,58.0,0.39003753662109375
Marcus Forss,39.38861,39.0,0.38861083984375
Matty Daly,53.61277,54.0,0.38722991943359375
Karlo Butić,36.615734,37.0,0.3842658996582031
Dženan Pejčinović,24.384188,24.0,0.3841876983642578
Gabriele Ferrarini,63.61651,64.0,0.38349151611328125
Cyrill Akono,28.382761,28.0,0.38276100158691406
Kévin Cabral,40.617245,41.0,0.3827552795410156
Baba Alhassan,58.617832,59.0,0.3821678161621094
Medon Berisha,52.62067,53.0,0.3793296813964844
Alex Muyl,61.62073,62.0,0.3792686462402344
Maren Haile-Selassie,41.621254,42.0,0.37874603271484375
Amadou Sagna,35.378674,35.0,0.3786735534667969
Carl Gustafsson,57.37745,57.0,0.37744903564453125
Ravi Rana,42.62401,43.0,0.3759918212890625
Connor McLennan,45.624016,46.0,0.37598419189453125
Lawrence Ennali,28.375612,28.0,0.3756122589111328
Kerim Çalhanoğlu,59.375237,59.0,0.37523651123046875
Dominic Jefferies,58.372128,58.0,0.3721275329589844
Calvin Harris,33.37118,33.0,0.3711814880371094
Luis Carlos Rodríguez,55.63297,56.0,0.3670310974121094
Tyler Goodrham,42.365623,42.0,0.36562347412109375
Pontus Almqvist,37.635,38.0,0.3650016784667969
Tommaso Cassandro,59.635063,60.0,0.36493682861328125
Ciarán Kelly,58.3626,58.0,0.3625984191894531
Noah Shamoun,38.36222,38.0,0.36222076416015625
Filip Stojilković,28.639843,29.0,0.3601570129394531
Ethan Ingram,51.639915,52.0,0.36008453369140625
Johannes Naschberger,55.359993,55.0,0.35999298095703125
Ellis Simms,26.358616,26.0,0.3586158752441406
Kevin Felida,60.358063,60.0,0.358062744140625
Bent Andresen,53.642952,54.0,0.35704803466796875
Maksym Kucheriavyi,33.35583,33.0,0.3558311462402344
Georg Strauch,55.353664,55.0,0.3536643981933594
Narender Gahlot,53.646873,54.0,0.35312652587890625
Josh Campbell,59.649437,60.0,0.35056304931640625
Tobias Anselm,40.649662,41.0,0.3503379821777344
Gabriel Vidović,22.34813,22.0,0.3481292724609375
Luca Oyen,39.34566,39.0,0.3456611633300781
Lion Semić,55.3448,55.0,0.3447990417480469
Jordan Williams,62.34459,62.0,0.3445892333984375
Samuel Giovane,57.343243,57.0,0.3432426452636719
Niklas Kölle,59.34171,59.0,0.3417091369628906
Agustín Chopitea,62.659832,63.0,0.3401679992675781
Gabriel Kirejczyk,27.337292,27.0,0.3372917175292969
Niko Vukancic,56.66297,57.0,0.33702850341796875
Tomás Jacob,60.663048,61.0,0.33695220947265625
Lars Mogstad Ranger,57.336872,57.0,0.3368721008300781
Donal Higgins,49.66437,50.0,0.3356285095214844
Daniel Pik,28.333124,28.0,0.33312416076660156
Jack Milne,51.33297,51.0,0.33296966552734375
Bryan Nokoue,57.66872,58.0,0.3312797546386719
Archie Goodwin,24.330616,24.0,0.3306159973144531
Festy Ebosele,56.670277,57.0,0.3297233581542969
Abdoulaye Cissoko,60.329655,60.0,0.3296546936035156
Noa Savignac,29.328556,29.0,0.3285560607910156
Finlay Pollock,40.327255,40.0,0.3272552490234375
David Datro Fofana,22.326073,22.0,0.32607269287109375
Emmanuel Fernandez,55.324047,55.0,0.3240470886230469
Sidi Sané,42.68171,43.0,0.31829071044921875
Amir Abdijanovic,21.31776,21.0,0.3177604675292969
Bartosz Białek,35.316593,35.0,0.3165931701660156
Marco Tilio,39.687996,40.0,0.31200408935546875
Noha Ndombasi,28.311886,28.0,0.3118858337402344
Yunus Bahadır,54.310547,54.0,0.310546875
Kas de Wit,40.310383,40.0,0.3103828430175781
Patrick Sontheimer,60.690178,61.0,0.30982208251953125
Cassius Mailula,31.303629,31.0,0.30362892150878906
Ismet Lushaku,50.69845,51.0,0.30155181884765625
Tolaji Bola,56.300724,56.0,0.3007240295410156
Gerrit Gohlke,60.700016,61.0,0.2999839782714844
Vladislav Molchan,60.700542,61.0,0.2994575500488281
Ishaq Abdulrazak,57.70156,58.0,0.29843902587890625
Jay Stansfield,25.702435,26.0,0.2975654602050781
Ryan Edwards,59.294445,59.0,0.2944450378417969
Abdelwahed Wahib,55.293274,55.0,0.29327392578125
Grejohn Kyei,27.29194,27.0,0.29194068908691406
Obed Vargas,54.709476,55.0,0.2905235290527344
Deandre Kerr,46.710423,47.0,0.2895774841308594
Daan Rots,34.289097,34.0,0.2890968322753906
Benjamin Böckle,58.71097,59.0,0.2890281677246094
Stanisław Wawrzynowicz,57.28703,57.0,0.2870292663574219
Facundo Buonanotte,25.286165,25.0,0.2861652374267578
Casper Tengstedt,31.286133,31.0,0.2861328125
Kastriot Imeri,56.71642,57.0,0.2835807800292969
Lennon Gill,26.283545,26.0,0.28354454040527344
Ragnar Ache,27.719193,28.0,0.2808074951171875
Aldo Florenzi,51.279186,51.0,0.2791862487792969
Mads Hansen,40.720886,41.0,0.27911376953125
Sydney van Hooijdonk,27.278593,27.0,0.2785930633544922
Hicham Mahou,39.277966,39.0,0.2779655456542969
Liam Burt,36.276443,36.0,0.2764434814453125
Richard Ledezma,47.27617,47.0,0.2761688232421875
Kenji Cabrera,51.27444,51.0,0.2744407653808594
Oliver Hammond,49.27388,49.0,0.2738800048828125
Sam Greenwood,52.27052,52.0,0.2705192565917969
Ethan Hamilton,60.268196,60.0,0.26819610595703125
Zidan Sertdemir,46.732567,47.0,0.26743316650390625
George Wickens,30.264233,30.0,0.2642326354980469
Miles Leaburn,26.263126,26.0,0.2631263732910156
Jérémy Livolant,56.73755,57.0,0.262451171875
Drissa Camara,51.262173,51.0,0.2621726989746094
Abdurrahim Dursun,61.261543,61.0,0.26154327392578125
Mauro Méndez,33.738533,34.0,0.26146697998046875
Nicholas Mickelson,56.738907,57.0,0.2610931396484375
Niklas Vesterlund,58.26095,58.0,0.26094818115234375
Nikolas Agrafiotis,25.260002,25.0,0.26000213623046875
Efe-Kaan Sihlaroglu,49.740166,50.0,0.25983428955078125
Ben Bobzien,29.259493,29.0,0.2594928741455078
Kacper Chodyna,58.741608,59.0,0.258392333984375
Denis Rența,50.257572,50.0,0.2575721740722656
Adam Lewis,55.256535,55.0,0.2565345764160156
Emir Tintiş,56.746094,57.0,0.25390625
Amadou Keita,38.253414,38.0,0.2534141540527344
Adrien Lebeau,47.25263,47.0,0.2526283264160156
José David Romero,21.25242,21.0,0.25242042541503906
Oisin Smyth,47.74826,48.0,0.251739501953125
Nassim Innocenti,59.749516,60.0,0.2504844665527344
Ellis Taylor,42.250076,42.0,0.2500762939453125
Dominic Thompson,58.249706,58.0,0.24970626831054688
Daniel Adshead,52.249462,52.0,0.24946212768554688
Ahmed Bahusayn,49.24912,49.0,0.24911880493164062
Max Cleworth,58.751682,59.0,0.24831771850585938
Reda Khadra,41.753025,42.0,0.24697494506835938
Antoine Hainaut,46.246014,46.0,0.24601364135742188
Lukas Schleimer,40.754044,41.0,0.2459564208984375
Evann Guessand,25.245787,25.0,0.2457866668701172
Sam Surridge,27.754568,28.0,0.24543190002441406
Sanjeev Stalin,51.2443,51.0,0.24430084228515625
Amadou Bakayoko,41.243183,41.0,0.24318313598632812
Bernhard Zimmermann,31.242098,31.0,0.2420978546142578
Ian Smeulers,56.242027,56.0,0.24202728271484375
Godson Kyeremeh,31.761042,32.0,0.23895835876464844
Hassan Ndam,60.768,61.0,0.23199844360351562
Bryan Okoh,61.231857,61.0,0.2318572998046875
Jack Cooper-Love,33.229996,33.0,0.2299957275390625
Magnus Warming,33.22578,33.0,0.22578048706054688
Igor Matanović,33.225258,33.0,0.22525787353515625
Kian Leavy,50.224785,50.0,0.22478485107421875
Michael Obafemi,23.224472,23.0,0.2244720458984375
Brandan Craig,54.224377,54.0,0.22437667846679688
Antonio Raimondo,27.77642,28.0,0.22357940673828125
Cameron Windust,55.22146,55.0,0.22145843505859375
Phillip Cancar,59.778797,60.0,0.22120285034179688
Simone Panada,60.22065,60.0,0.22064971923828125
Stefano Russo,60.779873,61.0,0.22012710571289062
Alexander Bernhardsson,44.78131,45.0,0.21868896484375
Phillip König,37.218147,37.0,0.21814727783203125
Ciaran Brennan,59.78211,60.0,0.21789169311523438
Jackson Tchatchoua,57.785908,58.0,0.21409225463867188
Michael Mieles,50.785976,51.0,0.21402359008789062
Teddy Alloh,57.78601,58.0,0.2139892578125
Bertram Kvist,36.7898,37.0,0.21020126342773438
Aidan Keena,36.790226,37.0,0.20977401733398438
Victor Lind,42.20762,42.0,0.20761871337890625
Kostyantyn Vivcharenko,57.20745,57.0,0.20745086669921875
Olaus Jair Skarsem,56.20648,56.0,0.20647811889648438
Marin Ljubičić,24.206276,24.0,0.20627593994140625
Lorenzo Rajot,61.794018,62.0,0.20598220825195312
Darragh Burns,42.204994,42.0,0.20499420166015625
Ousoumane Camara,48.204845,48.0,0.20484542846679688
Jake Garrett,60.800213,61.0,0.19978713989257812
Felix Vrede Winther,58.199112,58.0,0.1991119384765625
Mamadou Jobe,51.19852,51.0,0.19852066040039062
Allan Arigoni,57.80379,58.0,0.19620895385742188
Dylan Williams,54.808914,55.0,0.1910858154296875
Ibrahim El Kadiri,22.811392,23.0,0.18860816955566406
Ethan Chislett,52.188377,52.0,0.18837738037109375
Kolbeinn Birgir Finnsson,60.81283,61.0,0.18716812133789062
Ayrton Paz,53.814747,54.0,0.18525314331054688
Yehvann Diouf,44.816574,45.0,0.1834259033203125
Sékou Mara,25.81799,26.0,0.18201065063476562
Oliver Valaker Edvardsen,46.180157,46.0,0.18015670776367188
Bradley Halliday,59.179314,59.0,0.17931365966796875
Danny Mândroiu,51.17842,51.0,0.1784210205078125
Samuel Shashoua,38.822598,39.0,0.17740249633789062
Joel Cotterill,47.17504,47.0,0.17504119873046875
James Balagizi,45.82504,46.0,0.17496109008789062
Julian Baas,54.82803,55.0,0.17197036743164062
Thijs Dallinga,26.828236,27.0,0.17176437377929688
Max Melbourne,57.828842,58.0,0.1711578369140625
Joshua Feeney,57.829002,58.0,0.17099761962890625
Aleksander D. Nilsson,51.167694,51.0,0.167694091796875
Jason Ceka,28.16767,28.0,0.16766929626464844
Jesper Adolfsson,56.166245,56.0,0.1662445068359375
Fabian Rieder,51.166183,51.0,0.1661834716796875
Sebastian Pasquali,54.1655,54.0,0.16550064086914062
Emirhan İlkhan,49.83623,50.0,0.16376876831054688
Sem Steijn,33.836704,34.0,0.16329574584960938
Maghnes Akliouche,44.836903,45.0,0.16309738159179688
Can Keleş,35.162853,35.0,0.16285324096679688
Rory Jordan,34.162575,34.0,0.16257476806640625
Marten Winkler,23.839304,24.0,0.16069602966308594
Sebastian Aigner,57.160053,57.0,0.16005325317382812
Fritiof Hellichius,45.159252,45.0,0.15925216674804688
Agustín Sández,62.84098,63.0,0.15901947021484375
Joe Tomlinson,56.84163,57.0,0.1583709716796875
Łukasz Łakomy,61.15762,61.0,0.15761947631835938
Loris Mouyokolo,60.845844,61.0,0.15415573120117188
Alexandre Phliponeau,59.845917,60.0,0.154083251953125
Jordan Holsgrove,54.153374,54.0,0.15337371826171875
Kimberly Ezekwem,60.84676,61.0,0.15324020385742188
Belal Halbouni,60.847603,61.0,0.15239715576171875
Cem Üstündag,43.15107,43.0,0.15106964111328125
Lex-Tyger Lobinger,28.148836,28.0,0.1488361358642578
Anis Mehmeti,54.148483,54.0,0.1484832763671875
Cole Palmer,46.148064,46.0,0.14806365966796875
Cameron Duke,50.85348,51.0,0.14651870727539062
Kacper Smoliński,57.853733,58.0,0.14626693725585938
Dillon Phillips,45.854763,46.0,0.14523696899414062
Conor Noß,32.14435,32.0,0.14434814453125
Emil Kischka,38.856205,39.0,0.14379501342773438
Valentín Sánchez,42.856632,43.0,0.14336776733398438
Mathis Lachuer,55.142296,55.0,0.14229583740234375
Vesel Demaku,61.858112,62.0,0.14188766479492188
Carlos Gavilán,35.859413,36.0,0.14058685302734375
Cameron Peupion,41.139324,41.0,0.13932418823242188
Ryan Graydon,32.13712,32.0,0.13711929321289062
Reed Baker-Whiting,51.136574,51.0,0.13657379150390625
Gustav Mortensen,47.86418,48.0,0.1358184814453125
Edvin Becirovic,27.134293,27.0,0.1342926025390625
Omari Hutchinson,44.13232,44.0,0.13232040405273438
Sherel Floranus,60.867897,61.0,0.13210296630859375
D'Mani Mellor,42.13142,42.0,0.13142013549804688
Tommaso Baldanzi,40.869087,41.0,0.13091278076171875
Oskar Wójcik,56.871365,57.0,0.12863540649414062
Johan Arath Gómez,38.128292,38.0,0.12829208374023438
Alfie Lewis,56.87207,57.0,0.1279296875
David Savic,56.126995,56.0,0.12699508666992188
Szymon Włodarczyk,21.876654,22.0,0.12334632873535156
Nawaf Boushal,60.11767,60.0,0.11766815185546875
Zeno Ibsen Rossi,60.88253,61.0,0.11746978759765625
Dennis Jastrzembski,35.115177,35.0,0.11517715454101562
James McAtee,40.88548,41.0,0.11452102661132812
Kilian Ludewig,57.888588,58.0,0.11141204833984375
Anders Dahl,50.888657,51.0,0.1113433837890625
Louie Watson,41.11057,41.0,0.11056900024414062
Dominik Fitz,32.89221,33.0,0.10779190063476562
Piotr Samiec-Talar,29.10771,29.0,0.10770988464355469
Jack Armer,56.894505,57.0,0.10549545288085938
Joe White,51.10523,51.0,0.10522842407226562
Federico Bonazzoli,27.898235,28.0,0.10176467895507812
Jean-Manuel Mbom,64.101234,64.0,0.10123443603515625
Zack Farnsworth,55.899708,56.0,0.10029220581054688
Deian Verón,54.09794,54.0,0.09793853759765625
Kendall Burks,59.090553,59.0,0.09055328369140625
Folarin Balogun,22.913033,23.0,0.08696746826171875
Ludvig Carlius,45.914852,46.0,0.08514785766601562
Georgie Kelly,21.915916,22.0,0.08408355712890625
Kyle Taylor,51.91833,52.0,0.08166885375976562
Marcel Wenig,43.918953,44.0,0.08104705810546875
Serafin Szota,60.91973,61.0,0.08026885986328125
Ramiro Sordo,32.921555,33.0,0.0784454345703125
Arquimides Ordoñez,25.07804,25.0,0.07803916931152344
Salem Al Toiawy,47.07799,47.0,0.07799148559570312
Mert Yılmaz,55.922337,56.0,0.07766342163085938
Sofiane Alakouch,62.077633,62.0,0.07763290405273438
Nico Ochojski,58.077606,58.0,0.077606201171875
Pontus Kindberg,47.92275,48.0,0.07725143432617188
Corey Hollman,47.92464,48.0,0.07535934448242188
Runar Norheim,46.07436,46.0,0.07435989379882812
Bojan Miovski,27.926725,28.0,0.07327461242675781
Lucas Souto,62.926823,63.0,0.07317733764648438
Ayush Adhikari,49.92729,50.0,0.0727081298828125
Mason Toye,30.072697,30.0,0.07269668579101562
Luca Jaquez,54.070408,54.0,0.07040786743164062
Tyrese Campbell,32.930172,33.0,0.06982803344726562
Alexander Ranacher,54.0645,54.0,0.0644989013671875
Johan Bakayoko,29.935568,30.0,0.06443214416503906
Tasos Douvikas,34.063515,34.0,0.06351470947265625
Erdon Daci,24.937937,25.0,0.06206321716308594
Gbemi Arubi,25.061863,25.0,0.061862945556640625
Callum Wright,57.05767,57.0,0.05767059326171875
Brahian Palacios,36.94234,37.0,0.057659149169921875
Martin Luciano,61.05679,61.0,0.056789398193359375
Achraf Douiri,56.054253,56.0,0.05425262451171875
Josh Reid,57.053852,57.0,0.053852081298828125
Warren Bondo,57.946667,58.0,0.053333282470703125
Miloš Ćoćić,32.947277,33.0,0.052722930908203125
Julián Malatini,60.947807,61.0,0.05219268798828125
Hady Camara,59.950874,60.0,0.04912567138671875
Nils Rossen,53.048798,53.0,0.048797607421875
Francisco Marco,60.951305,61.0,0.048694610595703125
Gyan de Regt,26.951544,27.0,0.04845619201660156
Bilal Boutobba,22.048082,22.0,0.04808235168457031
Alan Nuñez,53.952667,54.0,0.047332763671875
Richard Chin,49.95275,50.0,0.04724884033203125
Bradley Fink,29.953264,30.0,0.04673576354980469
Dylan Duffy,44.046505,44.0,0.046504974365234375
Charlie Webster,46.953915,47.0,0.046085357666015625
Jonathan Tomkinson,61.046,61.0,0.046001434326171875
Yanis Cimignani,51.955105,52.0,0.044895172119140625
Hugo Vogel,52.958256,53.0,0.041744232177734375
Niko Kijewski,62.041122,62.0,0.0411224365234375
Denilho Cleonise,34.035915,34.0,0.035915374755859375
Cody Johnson,47.96619,48.0,0.033809661865234375
Giuliano Simeone,26.032915,26.0,0.03291511535644531
Pascal Müller,53.968662,54.0,0.031337738037109375
Karim Zedadka,56.968925,57.0,0.03107452392578125
Bryang Kayo,57.030396,57.0,0.0303955078125
Arthur Zagré,56.970863,57.0,0.02913665771484375
Mounaïm El Idrissy,28.971313,29.0,0.0286865234375
Evan Haddock,50.028133,50.0,0.028133392333984375
Steven Sserwadda,44.026764,44.0,0.026763916015625
Lennart Czyborra,60.97724,61.0,0.02275848388671875
Rohit Danu,25.980724,26.0,0.019275665283203125
Jack Nolan,46.98445,47.0,0.0155487060546875
Vegard Kongsro,54.984886,55.0,0.01511383056640625
Noel Törnqvist,45.985237,46.0,0.01476287841796875
Maximilian Sellinger,55.01436,55.0,0.0143585205078125
James Maxwell,55.986675,56.0,0.013324737548828125
Adrian Fein,61.987,62.0,0.01300048828125
Bruno Portugal,32.011955,32.0,0.01195526123046875
Aaron Drewe,51.009018,51.0,0.0090179443359375
Aaron Pressley,23.991692,24.0,0.00830841064453125
Moussa Sylla,24.00565,24.0,0.005649566650390625
Hussein Ali,57.99497,58.0,0.005031585693359375
Karol Knap,60.99603,61.0,0.003971099853515625
Michael Baldisimo,57.996178,58.0,0.00382232666015625
Loum Tchaouna,37.00309,37.0,0.00308990478515625
Daniel Pereira,58.002377,58.0,0.002376556396484375
Max Bird,64.00152,64.0,0.00151824951171875
Mark Dignam,50.00124,50.0,0.001239776611328125
Paul-Philipp Besong,29.001194,29.0,0.001194000244140625
Burak Kapacak,49.999275,50.0,0.00072479248046875
Alessio Da Cruz,35.99974,36.0,0.0002593994140625
Álvaro Anyiver Angulo Mosquera,54.385082,,
Ignacio Castillo Ameyugo,46.23199,,
Sebastian Müller,23.492195,,
Miguel Ángel Navarro Zárate,58.95988,,
Joël Monteiro Almada,23.805807,,
Ryan Bakayoko,30.068441,,
Ellis Carlo Iandolo,52.386246,,
Iker Losada Aragunde,33.599915,,
Mehdi Pascal Marcel Léris,48.523975,,
Damaitphang Lyngdoh,33.430164,,
Gustav Molin,43.513786,,
John Elian García Sossa,38.166065,,
Aaron Facundo Quiroz,61.833427,,
赵梓业,25.330849,,
Aday Ercan,56.06607,,
Bridge Ndilu,26.081911,,
Alfonso Simarra,58.879074,,
Roberto Bardales,56.236694,,
João Aniceto Grandela Nunes,61.28254,,
Eric Ayuk,42.406265,,
Jayden Wareham,25.671022,,
Harrison James Holgate,60.30213,,
Macky Frank Bagnack Mouegni,64.57722,,
Diego Altube Suárez,45.94476,,
Ayoub Assal,37.378372,,
Hector Matthew Kyprianou,57.55176,,
Ariel Alfonso Uribe Lepe,41.374836,,
Alfonso Trezza Hernández,51.555,,
Hillary Chukwah Gong,34.331715,,
Joseph Shaun Hodge,50.483006,,
Andrei Gabriel Ureche,45.239708,,
Tobias Borchgrevink Børkeeiet,61.286297,,
Omir Guadalupe Fernandez Mosso,44.35053,,
Javier Martínez Calvo,56.65193,,
Kian Slor,30.757933,,
Morgan Elliot Rogers,41.11253,,
Javier Iván Cazal Báez,30.009335,,
Lucas Calodat,55.400074,,
Marco Bosisio,61.99515,,
Jakob Blåbjerg Mathiasen,54.961773,,
Agustín Santurio,35.119545,,
Michael Thomas Tallaksen Crowe,38.301712,,
Lukas Stephan Horst Daschner,47.176235,,
Kristall Máni Ingason,43.37459,,
Zak Kennedy Jules,59.76546,,
陈序煌,47.35521,,
Glen Rea,55.739357,,
Tate Campbell,46.030506,,
Pablo Cuñat Campos,45.953945,,
Arbnor Muja,37.712112,,
Ulrich Meleke,63.172096,,
Alessandro Plizzari,46.03213,,
Wilbert Miguel Hernández Torrealba,45.9702,,
Jamie Bowden,58.91677,,
Melvin Sitti,57.908733,,
Rocky Bushiri Kisonga,61.528805,,
Tobias Christensen,39.814243,,
Jomaine Ellay Consbruch,53.728035,,
Muzaffer Cem Kablan,45.94354,,
Jay-Roy Grot,41.921253,,
Ciro Panico,61.069485,,
William Velasco,58.729042,,
Ezequiel Cannavó,47.22732,,
Andrés Souper De La Cruz,36.112,,
Andrei Jercălău,45.94765,,
Abdel Zagré,25.901714,,
Bassekou Diabaté,21.89666,,
黄家辉,54.65629,,
Ross Cunningham,35.93305,,
Tayyib Talha Sanuç,62.643906,,
Vincent Trummer,60.60702,,
Marcelo Rubén Acosta Ríos,54.893337,,
Jasper ter Heide,60.899025,,
Max Wolfs,45.95519,,
Valentín Demateis,48.92417,,
Marcos Hernán Peano,45.95492,,
Steven Jesús Pabón Delgao,59.23411,,
Ibraima José Barry Pérez,54.7379,,
Sebastián Medina,49.841908,,
Musab Habkoor,52.028572,,
Aldair Edgardo Peña Torres,45.925213,,
Jack Jenkins,56.019997,,
Maximilian Neutgens,45.969498,,
Mihai Alexandru Eşanu,45.89238,,
Marcin Szpakowski,54.952908,,
单欢欢,28.636482,,
João Diogo Fonseca Ferreira,60.80472,,
Valentín Adamo,27.032057,,
Leo Erik Jean Cornic,54.55005,,
Andre Reynolds II,55.065655,,
Alan Francisco Rodríguez Armoa,54.769176,,
Jan Niklas Beste,57.794857,,
Thiago Eduardo de Andrade,44.466305,,
Martín Ezequiel Cañete,50.500313,,
Efraín Álvarez,29.162243,,
Filip Kramarz,45.953934,,
Biswa Darjee,41.848324,,
Rahmat Akbari,56.392735,,
Diego Nicolás Aranda Rojas,45.951126,,
Denilson Josué Ovando Ramírez,24.848137,,
Yong Hui Park,32.145992,,
Alexander Sosa,22.160397,,
Aldair Ccorahua,37.588806,,
Daniel González Flores,22.90626,,
Oriol Busquets Mas,61.60221,,
Nemanja Celic,62.813347,,
Kameron Malcolm Ledwidge,52.939495,,
Eduards Daškevičs,34.431896,,
Daykol Romero,55.84666,,
Edison Mero,58.56057,,
Hamed Abdullah Al Ghamdi,50.064003,,
Germán Valera Karabinaite,26.982155,,
Mehdi Baaloudj,19.889748,,
이수빈 Soo Bin Lee,56.778595,,
韩东,22.46746,,
Jurich Christopher Alexander Carolina,58.469067,,
Matías Damián Palacios,45.3966,,
Harry William Brockbank,57.82872,,
Maksymilian Stryjek,36.845764,,
Ulrik Syversen,52.865433,,
Sergio Barboza,42.157604,,
Esmir Bajraktarevic,35.108276,,
Osaore Emmanuel Onariase,57.494526,,
Dan Assane Ndoye,36.470303,,
Adam Dębiński,53.867104,,
Maciej Bortniczuk,19.03174,,
Hamad Turki Al Tuhayfan Al Yami,54.529057,,
Enzo Camille Alain Millot,51.36279,,
徐磊,50.87511,,
Matthew Ryan Wolfe,57.072018,,
Mohammed Al Khaibari,51.61113,,
Alexander Michael Bass,27.316523,,
Kevin Andrés Zenón,41.236008,,
Liam Rose,41.28755,,
Si Hoo Hong,30.526106,,
Sef Van Damme,45.961674,,
张华峻,23.474224,,
Marvin Lee Rittmüller,60.642075,,
André Barbosa da Silva,57.5131,,
Fabio Schneider,54.118397,,
Victor Christoffer Jensen,56.198513,,
中井 卓大,32.220886,,
Ryan David Edmondson,26.924631,,
王献钧,53.257057,,
Bobby-Emmanuel Kamwa,45.383186,,
Harry Jack Darling,63.55223,,
Indy Boonen,43.81012,,
Keyendrah Simmonds,23.607592,,
Kasper Waarst Høgh,28.325188,,
Hermann Tebily,24.11235,,
Aeron Zinga,25.51441,,
Ibrahim Jamal,47.170273,,
Victor Gabriel Moura de Oliveira,53.502377,,
Leonardo Scienza,28.667606,,
Lewis Temple,50.712135,,
Federico Hernán Álvarez,62.840755,,
Yeferson Paz,57.352917,,
Dynel Brown Kembo Simeu,59.215004,,
Gonzalo Gabriel Sánchez Franco,23.798597,,
Javier Agustín Obando,30.919777,,
赵文哲,51.860893,,
Walid Nassi,23.250254,,
Théo Luis Fonseca,23.358387,,
Nicky Medja Beloko,62.65986,,
Henrique Jocú,62.445595,,
Tomás Costa Silva,55.74825,,
Yago Cariello Ribeiro,24.598938,,
Kenny Rocha Santos,59.83019,,
Wassim Keddari Boulif,61.63737,,
Mitchell Reece Clark,57.647987,,
Christian Dominick Torres,24.343739,,
Iván San José Cantalejo,35.58141,,
Paul Grave,45.89933,,
Darío Ramos Pinazo,45.94984,,
Aloïs Penin,57.15763,,
Leo Friedrich Oppermann,45.955807,,
Jack de Vries,26.475533,,
Nicolás Agustín Demartini,64.871864,,
Bjørn Martin Kristensen,25.858109,,
Guillermo Duhalde,57.56301,,
Anderson Arroyo Córdoba,64.84314,,
Timon Moritz Weiner,46.003635,,
Franco Agustín Quinteros,61.524246,,
Antonio Sola Villalba,60.10809,,
Maximilian Neuberger,58.904373,,
陈泉江,51.77958,,
Marius Mihai Marin,62.449528,,
Mathias Ullereng Kjølø,59.200603,,
Jordan Lewis Helliwell,51.621468,,
Jesús Areso Blanco,60.330322,,
Dennis-Adam Gorka,45.93898,,
Gustav Tang Isaksen,39.45422,,
Scott Brian Banks,31.588303,,
Ionuț Zanfir,52.39472,,
James Tyler Waite,44.098454,,
Andy Musayev,28.232267,,
Taylor Anthony Booth,44.78704,,
Joan García Pons,45.943436,,
Rolando Lautaro Chávez,25.613504,,
Antoine Joseph Emmanuel Bernède,64.47843,,
Miguel Ferreira de Sousa,41.43923,,
Rocco Robert Shein,57.946728,,
Isaiah Parker,41.35834,,
Gervane Zjandric Adonnis Kastaneer,33.3292,,
Cristian Yonathan Calderón Del Real,62.725178,,
Abdulkadir Taşdan,45.94156,,
Martí Vilà García,56.63974,,
Javier Alonso Bello,59.546307,,
전세진 Jin Woo Jeon,28.034735,,
Sang Hyeok Lee,29.528755,,
Clément Bayiha,54.299057,,
Christian Capone,25.444946,,
Warren Patrick O'Hora,56.016994,,
初瀬 亮,61.010742,,
Aryan Romaní,45.04371,,
Branco Antonio Provoste Ovalle,50.473785,,
August Erlingmark,62.51315,,
Sonny Patrick Laiton,43.5115,,
Luciano Ismael Ferreyra,25.780197,,
Besart Topalloj,58.147926,,
Tim Stappmann,60.757282,,
Jack Robert Tucker,63.238556,,
Jan Fortelný,56.327137,,
Alan Steve Minda García,46.680252,,
Lucas Agustín Besozzi,28.05809,,
Abdallah Basit,45.04813,,
Vladan Dekić,45.864384,,
Julián Simón Carranza,40.748524,,
Abakar Loubadhe Sylla,63.56718,,
Brandon Iván Servania,59.340366,,
Ronan Maher,36.69602,,
Amane Romeo,47.02635,,
Iker Bravo Solanilla,23.456314,,
George Owen Marsh,60.75433,,
Cristian Edward Guerra Torres,25.561537,,
Jean Bone,53.70899,,
Luuk Wouters,61.160778,,
Douglas Tharme,56.07635,,
Thelonius Bair,26.211517,,
Kasper Lunding Jakobsen,30.759584,,
Carlos Romero Serrano,57.07429,,
Esteban Kirkman,45.939594,,
Oliver Lukas Dozae Nnonyelu Dovin,45.94704,,
Andrés Alberto Andrade Cedeño,64.43286,,
Felipe Tomás Zenobio,45.953335,,
Emre Topcu,43.03847,,
Berkay Vardar,60.42438,,
Sergi Canós Tenés,51.37619,,
Dikeni Salifou,58.464375,,
Terry Ablade,28.435034,,
Vasilios Zagaritis,58.81108,,
钱玉淼,52.593014,,
Cristian Enrique Cruz Meleán,54.346657,,
Sebastián Ariel Lomónaco,27.92133,,
Luca Bittante,57.11379,,
Martin Yankov Minchev,34.364346,,
Juan Luis Sánchez Velasco,47.881798,,
Lamin Jawara,53.67343,,
Alai Hussain Ghasem,51.50061,,
Rohan Luthra,45.94145,,
Andrew Draper,47.57674,,
Gilson Benchimol Tavares,21.513382,,
Pedro Navarro,57.031193,,
Ricardo Bettocchi Matallana,41.967323,,
Paolo Marco Leima Donatelo,61.76571,,
Stephan Kofi Ambrosius,64.35415,,
Sandip Mandi,47.444836,,
Sean Jones-Carey,50.02474,,
Alexi Paul Pitu,37.6616,,
Pontus Jacob Ragne Dahlberg,33.58505,,
Jang Woo Hong,44.15154,,
Lautaro Tomás Escalante,54.77203,,
Rodrigo Duarte Ribeiro,30.869118,,
Cezary Miszta,45.952877,,
Mathías Nicolás Laborda Malseñido,63.699036,,
Sebastian Gonzáles,23.523216,,
Adam Esparza Saldaña,50.996742,,
Vincent Angelini,45.948082,,
Cody Collins,52.36772,,
Tiago Maria Antunes Gouveia,31.29198,,
Jae Won Shin,48.527813,,
David Jacovic,58.154667,,
Jason Mbock,19.96583,,
Juan Gilbert Sánchez,53.61338,,
Iván Gil Calero,36.586952,,
Cenk Özkaçar,64.0205,,
Daniel Lorenzo Guerrero,58.037823,,
César Valero Álvarez,58.782036,,
Alan Madaliński,45.940952,,
Emil Nestved Kornvig,57.180367,,
Aboubacar Dit Boubou Konté,29.239899,,
Joshua James Griffiths,45.944366,,
Rashawn Scott,24.85502,,
化铭灿,37.74304,,
Mattéo Rabuel,57.40637,,
Lenín Checco,55.987503,,
Radu Ștefăniță Boboc,59.486988,,
Niall Nathan Michael Ennis,38.840153,,
Trent Jordan Ostler,31.331701,,
Jordan Stevens,50.919605,,
Tyrese Momodu Fornah,62.169453,,
Patryk Klimala,30.646345,,
Maximilian Franzke,27.657333,,
Andrew Thomas,45.955547,,
Andi Avdi Zeqiri,25.66723,,
Luis Francisco Sánchez Mosquera,45.668568,,
Benjamin Cabango,65.55591,,
中村 敬斗,37.167393,,
Jean Torres,54.695442,,
Linus Tagesson,47.53162,,
Leonardo Loria,45.823753,,
Muhammet Taha Tepe,24.595846,,
Miguel Baeza Pérez,43.916836,,
Muhammed-Cham Saračević,24.195591,,
Felix Brand,54.837116,,
Cameron MacPherson,58.614063,,
Oskar Lodziński,45.94598,,
Gabriele Gori,25.234806,,
郑圣雄,41.764965,,
Francisco Agustín González,27.02258,,
Jeong Hoon Kim,46.035305,,
Jesús Armando Vargas Rojas,21.014185,,
Mamoudou Karamoko,24.093493,,
Arif Kocaman,54.683685,,
Daishawn Orpheo Marvin Redan,24.566637,,
Mathias Ross Jensen,63.63236,,
Sabit Abdulai,57.138073,,
Jan Jurcec,28.927536,,
廖伟,47.867985,,
Gabriel Silva Vieira,25.922909,,
Glenn Bell Dollar Middleton,31.103012,,
Adam Daghim,51.00441,,
Roy Kuijpers,31.259233,,
Juan Familia-Castillo,56.065258,,
Fernando Andrés Prado Avelino,60.57248,,
이준석 Joon Suk Lee,56.580723,,
Álvaro Djaló Dias Fernandes,48.64113,,
Krystian Kardyś,30.975277,,
Emiliano Vidart,58.20699,,
吴俊杰,49.245796,,
Themi Antonoglou,49.772343,,
Tom Kretzschmar,45.94261,,
Redwan Bourlès,47.72741,,
Hamad Abdan Al Abdan,29.272512,,
Carlo Johan Holse Justesen,54.485863,,
Simon van Duivenbooden,23.841297,,
Patrick Brouwer,47.805832,,
Leonardo Daniel Rivas Conge,56.64946,,
Cristian Nahuel Barrios,40.402134,,
Seán Patrick Roughan,57.31153,,
William Joel Pacho Tenorio,63.744858,,
Şahverdi Çetin,55.501175,,
Conor Michael Grant,55.251236,,
Harrison Joshua Perritt,52.035614,,
Alistair Oluwashaun Smith,49.58085,,
Claudio Espinoza,43.858597,,
Edenildo Eloi Lagoas Regalo,63.20227,,
Danny Cashman,21.39276,,
Rommell Ibarra,60.20688,,
Subha Ghosh,25.227844,,
Isac Alexi Sivert Lidberg,38.1837,,
Jakob Axel Krister Voelkerling-Persson,56.80755,,
Metehan Güçlü,23.463818,,
Tobias Klysner Breuner,50.70747,,
Luke Joshua Bodnar,57.692066,,
Marcelo Suárez,61.19534,,
David Kjær Kruse,51.45052,,
Jordan Alan Courtney-Perkins,55.653656,,
Joaquín Muñoz Benavides,25.85649,,
Martín Pascual Castillo,61.55969,,
Linus Schäfer,47.552006,,
Djibril Dianessy,23.895988,,
Fernando Pacheco,44.424294,,
Jeppe Møldrup Okkels,30.115505,,
Juan Sebastian González Arza,48.375317,,
Walter Gabriel Pérez,59.605465,,
Tomás Oscar Badaloni,27.411425,,
Thomas Glyn Doyle,58.61532,,
Gabriel Agustín Sotomayor Cardozo,43.145363,,
Joshua Saul Martin,40.17408,,
Edgar Joel Elizalde Ferreira,64.282524,,
Bader Al Huwaidi,50.9961,,
Joseph Adams,32.331448,,
Eylon Almog,27.435223,,
Leandro Antonetti,23.07656,,
Raúl Rubio Romero,28.802233,,
Edison Alexander Azcona Vélez,23.30957,,
Christian Kouan Oulaï,60.954056,,
Robbie D'Haese,54.71258,,
Alfonso Ocampo-Chávez,26.578196,,
Aurel Loubongo-M'Boungou,25.172184,,
Fábio Ronaldo Costa Conceição,27.203032,,
Rubio Yovani Méndez Rubin,28.445194,,
Omar Khalid Dakhel Al-Jadani,27.42073,,
Manuel Mama Samba Baldé,45.94367,,
Jayson Patrick Molumby,60.735874,,
Kebba Badjie,30.813158,,
Jeremy Rafanello,28.95192,,
Ilias Koutsoupias,54.829033,,
Jackson Joseph Fitzwater,63.115696,,
Teddy Christopher Graham Jenks,55.611916,,
Zito André Sebastião Luvumbo,34.068943,,
Niklas Lübcke,45.947617,,
Cristian Cosmin Dumitru,38.30025,,
Udoka Favour Godwin-Malife,61.293343,,
Didrik Hafstad,23.039953,,
Cole Turner,54.164383,,
Collin Martin,41.115604,,
Kalifa Manneh,25.364367,,
Parfait Endong Bilias,54.555893,,
Andrea Palazzi,57.090733,,
Leonardo Capezzi,43.157593,,
Javier Rubio Haro,59.02469,,
Tomas Olai Totland,56.1885,,
Franco Herrera,45.961388,,
Fábio Pereira Baptista,58.74809,,
Aitor Paredes Casamichana,61.47339,,
Arnau Puigmal Martínez,56.894714,,
Laurit Krasniqi,57.653698,,
Ademipo Ibrahim Odubeko,24.100105,,
Gabriel Nascimento Resende Brazão,45.944466,,
Mehdi Bariki,25.03981,,
Vladimir Ionuț Screciu,64.08646,,
Roshaun Omar Stuart Williams,62.77515,,
Moteb Saad Al-Harbi,59.91478,,
Faustino Adebola Rasheed Anjorin,50.523064,,
Tyrese Sinclair,35.915154,,
Juan Castilla,46.012268,,
Max Taylor,58.46139,,
Charles Nathan Abi,28.028097,,
Leon Maximilian Flach,64.72869,,
Calum Kavanagh,22.68412,,
Jovan Manev,62.199055,,
John Mayanga Nekadio,56.743977,,
José María Amo Torres,61.51639,,
Alistair Edward McCann,63.412323,,
Daniel Štefulj,57.710827,,
Alexandre Penetra Correia,65.42136,,
Edvinas Gertmonas,43.743156,,
Raúl Arias Arias,23.414143,,
Erick Steven Ferigra Burnham,63.884922,,
Seamas Keogh,54.80845,,
Jonas-Janko Weyand,45.94391,,
Brandon Vázquez Toledo,27.500893,,
Mattia Pagliuca,22.902637,,
Edward Kizza,29.092451,,
Raymond Owusu,26.452463,,
Cameron Lisceous Humphreys-Grant,64.48266,,
Kingsley Dogo Michael,50.59099,,
Leonardo Borges da Silva,58.890415,,
刘国博,39.512028,,
Leon Damer,40.73723,,
Albin Zackarias Lohikangas,52.741493,,
Mathias De Wolf,49.377743,,
Marcos Nahuel Enrique,61.515934,,
Krzysztof Kubica,59.98132,,
Luís Pedro Alves Bastos,59.976967,,
Münir Levent Mercan,48.81249,,
Kevin Rolón,62.45563,,
Abraham Ifoghale Odoh,49.39268,,
William Luke Patching,51.939507,,
Bartłomiej Gradecki,45.949356,,
Elías Rafn Ólafsson,23.541767,,
Nikola Stosic,59.533226,,
Jonathan Capuz,54.558346,,
Ade Oguns,35.706295,,
Dylan G'Beuly,38.486477,,
Yahya Soumaré,24.579905,,
Ertuğrul Çetin,45.940037,,
田中 青,57.571392,,
Jaden Bevan,45.944935,,
Aimar Oroz Huarte,45.67131,,
송민규 Min Kyu Song,27.896572,,
霍深坪,45.955894,,
Mauro Andrés Manotas Páez,28.08018,,
Atem Dor Jok,22.193218,,
Vaughn Patrick Covil,21.947023,,
David Sesay,56.839146,,
Filip Chalupniczak,45.944763,,
Gali Balanta,45.764484,,
Alaa Hamad Bakir,32.6813,,
Kieran Ewan Freeman,57.77068,,
Beñat Turrientes Imaz,58.726128,,
Juan Guasone,63.205738,,
Joaquín Matías Ardaiz de los Santos,22.423853,,
Kevin Rafael Escamilla Moreno,60.572742,,
Aldair Neves Paulo Faustino,62.853592,,
Rafael Julián Lutiger Vidalón,63.327465,,
James Charles Jones,37.78559,,
Dapo Mebude,23.577187,,
Paolo Gozzi,61.23721,,
Juan Durán Dueñas,60.77974,,
Olamide Shodipo,27.019794,,
Maicol Ruiz,57.26568,,
Matthew Robert Smith,60.65331,,
Diogo Pinheiro Monteiro,53.310528,,
George Lewis,34.036457,,
Geon Woo Park,45.61869,,
João Marcos Lima Cândido,22.31692,,
Till Streller,55.37781,,
Daniel González,63.877445,,
Ryan Carr,41.32899,,
Clint Leemans,57.736748,,
Max Johannes Whitta Fenger,22.241444,,
Paul Asiedu Osew,55.2732,,
Alexander García,55.1893,,
Thomas Philip Hamer,61.167305,,
Kevin Halabaku,28.417355,,
David Ochoa,45.94523,,
Lee Patrick O'Connor,57.466103,,
Adam Jeremy Pavlesic,45.94284,,
Mouhamed Niang,57.258286,,
Miguel Colque,57.506073,,
Ayrton Enrique Costa,65.53671,,
Luke Gerald Michael Thomas,37.02082,,
João Pedro Eira Antunes Silva,60.683468,,
Exon Gustavo Vallecilla Godoy,61.53474,,
Thomas Ferdinand Rausch,49.957443,,
Sang Hoon Paik,45.14052,,
José Pedro Ferreira Oliveira,44.477177,,
Jacob Michael Italiano,46.456573,,
Jesús Daniel Bueno Áñez,63.13866,,
Alessandro Lombardi,56.171738,,
Yousef Fawaz,23.342958,,
Jesús Lázaro Owono Ngua Akeng,45.946648,,
Rodrigo Martins Gomes,51.39712,,
Leandro Fernandes da Cunha,52.896725,,
Torben Bjarne Rhein,43.974766,,
Maxim Gullit,60.775757,,
Brayan Yohangel Hurtado Cortesía,29.74201,,
胡荷韬,49.45858,,
Zeze Steven Sessegnon,59.123997,,
Anton Vladimirovich Mitryushkin,28.053232,,
Luis Mateo Ortíz Lara,61.805122,,
Frederik Alves Ibsen,61.022747,,
Leonel Ariel Miranda,36.97033,,
Silvère Ganvoula M'boussy,25.808563,,
Jaume Tovar Seguí,21.198267,,
Samir Valverde,55.248604,,
Gabriel Dănuleasă,54.5418,,
Joshua Emmanuel,58.508522,,
Christian Joe Conteh,28.862385,,
Alexandru Irinel Mățan,36.738125,,
Lukas Sedlak,45.964085,,
Lucas Maximiliano Lemos Mayuncaldi,63.685707,,
이광연 Gwang Yeon Lee,45.977234,,
Aaron Opoku-Tiawiah,39.714436,,
José Gragera Amado,64.83661,,
Martín Garay,62.95855,,
Thibault Tamas,58.37847,,
Chris Donovan,33.700718,,
Oscar Ramón Toledo Acosta,45.93969,,
Fábio André Freitas Vianna,55.0017,,
Maurice Maximilian Malone,31.155273,,
Kristoffer-August Sundquist Klaesson,45.661285,,
Bernardo Silva Conceição,51.800423,,
Călin Popescu,41.482002,,
Yann Aurel Ludger Bisseck,65.14097,,
Rareș Bălan,58.253067,,
Luis Eduardo Demiquel Banegas,62.04721,,
Samuel Marqus Lloyd Vines,64.28013,,
Jakub Sypek,44.073147,,
Matthew Scott,43.451965,,
Gennaro Borrelli,24.598114,,
Lleyton Brooks,29.280127,,
Derlis Darío Martínez González,23.425253,,
Rob Nizet,54.001717,,
Khalid Essa Al Ghannam,29.614876,,
Dylan Reid,50.95714,,
Taher Al Hajji,45.954586,,
Sil Swinkels,55.06005,,
Julio Esteban Fierro Díaz,45.947414,,
Hazzaa Ahmed Al-Ghamdi,27.953085,,
张祥硕,47.68533,,
Hugo Claudio Vallejo Avilés,37.071434,,
Hazazi Sulaiman Yahya,49.65163,,
Ayodeji Sotona,28.508097,,
Pablo Rodríguez Delgado,18.754993,,
Anton Willy Tanghe,64.615265,,
Jordy Schelfhout,45.96243,,
Prince Isaac Kouame,30.404207,,
Charlie Daniel Brown,25.212093,,
Damián Moreno,19.787241,,
Grant Dean Horton,55.584827,,
Alejandro Revuelta Montero,60.582657,,
Ethan Stuart William Galbraith,60.489326,,
Sigurd Kvile,57.584366,,
Julian Bauer,45.93967,,
Diogo Nathan Peixe Barreto,26.820227,,
Noah Christopher Chilvers,50.402058,,
Tanguy Coulibaly,31.01531,,
Marco Genare Di Cesare,64.23696,,
Kelyan Guessoum,63.61678,,
中谷 进之介,64.451485,,
Roberto González Bayón,25.2735,,
Sergio Guerrero Romero,60.86143,,
Cade Dylan Cowell,36.551075,,
Cosmin Tucaliuc,27.755148,,
Andrei Chindriș,62.667618,,
Saqer Al Enazi,49.0336,,
Victor Backman,39.32831,,
Baruj Aburto,31.801432,,
Dejan Tetek,59.792263,,
王文轩,51.72144,,
Rafael Tavares Gomes Fernandes,60.80348,,
João Paulo dos Santos Pereira,31.849642,,
Erik Jorgens de Menezes,61.458126,,
Thorbjørn Kristiansen,50.736668,,
Matthew Ridenton,43.351627,,
一美 和成,33.24977,,
Theodor Alexander Corbeanu,47.062454,,
Jacob Slater,46.92983,,
Billy John Sass-Davies,53.556835,,
Magnus Elkjær Mattsson,31.408073,,
Davide Merola,23.281548,,
Yehor Yarmoliuk,43.01754,,
José Manuel Sánchez Guillén,62.249767,,
Connor Smith,38.53715,,
Jelle van der Heyden,53.648247,,
Naif Saeed Almas,54.882587,,
Oliver Younger,58.876266,,
Borja Manuel Llarena Barroso,34.576523,,
Marcos Paulo Costa do Nascimento,40.921177,,
Jozef Pukaj,45.94232,,
David Lennart Philipp,40.37194,,
Bradley Matufueni M'bondo,60.03495,,
Lucas Nahuel González Martínez,57.253365,,
Loué Bayéré Junior,38.01011,,
Emmanuel Attipoe,56.140915,,
Alexandar Borković,62.762062,,
Jon Pacheco Dozagarat,64.9679,,
Roman Fernández,32.6348,,
Marvin Ayhan Obuz,27.926819,,
Ollie Battersby,45.941654,,
John Gunnar Björkengren,55.559208,,
Mduduzi Shabalala,28.114094,,
Jake Billy Doyle-Hayes,61.925114,,
Manuel Sulbarán,40.90509,,
Aaron Anthony Connolly,21.331537,,
Boris Popović,62.05978,,
Manuel Peretti,59.305748,,
Justin Gerard Rennicks,24.402634,,
Anton Walkes,61.732872,,
Jesús Alvarado,51.341747,,
Tomás Romero Cejudo,45.96227,,
Clayton Fernandes Silva,24.110254,,
Hugo Redón Almela,46.92816,,
Wilson José Barrios Rondón,28.693716,,
Pablo Valencia García,45.961926,,
Nazareno Funez,43.24857,,
Wiktor Marek Pleśnierowicz,57.839848,,
Uche Ikpeazu,28.018192,,
Jóhannes K. Bjarnason,44.19947,,
Ayman Yusef Al-Hujaili,40.119884,,
Ted Ku-DiPietro,36.63744,,
Kyron Gordon,54.226105,,
Cosmin Gabriel Atănase,31.360367,,
Mathías Carpio,55.353275,,
Ben Scholte,42.310383,,
Maximilian Sprang,45.932552,,
Kyle Michael Dempsey,34.96051,,
Imanol Baz Berganza,62.476055,,
廖家骏,44.66573,,
Amir Ismaïl,21.969746,,
Igor Lucatelli,45.970753,,
Alejandro Primo Hernández,45.94908,,
Bernardo Maria Cardoso Vital,65.899796,,
Awn Mutlaq Al Slaluli,60.884888,,
José Javier Belman Calvo,45.939583,,
Imanol García de Albéniz,62.239624,,
Haji Mnoga,53.82104,,
Pedro Miguel Almeida Lopes Pereira,64.79953,,
Carlos Alberto Guzmán Fonseca,63.242073,,
Adam Fletcher Randell,58.521492,,
Scott Burgess,34.337345,,
Murat Cem Akpınar,59.83405,,
Bijoy Varghese,50.488075,,
James Andrew Cumming,39.117813,,
Pedro Bernardo González Ojeda,45.949417,,
Alexandru Petre,47.763767,,
Urko González de Zárate Quirós,62.863693,,
Mario Gila Fuentes,60.602905,,
Jong Mu Han,41.262775,,
Oskar Sewerzyński,56.115047,,
John Yeboah Zamora,26.67307,,
Vlad Nicolae Mitrea,50.572647,,
Daniel Polanco,63.650337,,
Samuel Careaga,57.245857,,
Sang Bin Jeong,25.11142,,
Emiliano Martínez Toranza,63.71873,,
Darius Constantin Grosu,47.706238,,
Hélder José Oliveira Sá,61.466785,,
Layonel Figueroa,51.73463,,
吴少聪,54.127075,,
Timon Janis Wellenreuther,30.65981,,
高玉男,47.516914,,
Anthony Kevin Descotte,29.540554,,
Max Oliver Clark,63.462097,,
Jorge Martín Aruga Torales,58.13278,,
Leonardo da Costa Bolgado,65.166794,,
Marokhy Ndione,27.712774,,
Arthur Vitelli,56.788506,,
Nicolás Ezequiel Giménez,51.960064,,
Levi Jeremiah Lumeka,26.564144,,
Lucas Lionel Dias,45.95818,,
Diego Martín Valencia Morello,26.00965,,
Michael Eamon James Kelly,56.446854,,
Álvaro Agustín Lagos,61.86372,,
Elías Sebastián López,59.88623,,
Florian Krüger,23.12924,,
Lorenzo Zúñiga Owono,24.107847,,
Joan González Cañellas,51.26082,,
Edwin Valencia,24.664898,,
Keo Boets,45.96048,,
Ayush Dev Chhetri,48.5432,,
오현규 Hyeon-Gyu Oh,28.250195,,
Nazareno Romero,59.729465,,
Mitchell Nigel Rose,52.64755,,
Matthäus Taferner,59.596577,,
Emmanuel Longelo Mbule,51.54035,,
Antoni Mikułko,45.942493,,
Luca Crecco,43.721138,,
Robert Mejía,61.55077,,
Alessandro Balbo,61.038593,,
Eddy Sylvestre Negadi,26.725294,,
Matías Damián Pérez,64.91137,,
Evan Marley Khouri,47.310734,,
Omar Damen Al Ruwaili,20.908531,,
André Leipold,23.199423,,
Fernando Raúl Romero González,24.814728,,
Jin Woo Jo,61.569958,,
Kartal Kayra Yılmaz,60.947548,,
Tyreece Tyson Nesbett Simpson,18.992922,,
Ricardo Azevedo Alves,47.207935,,
方昊,42.029007,,
Jordan Robert Turnbull,62.15731,,
Dylan Demuynck,29.381556,,
Ellery Ronald Balcombe,43.345287,,
Albin Mörfelt,41.281624,,
Nurettin Korkmaz,31.021524,,
Cristopher Javier Varela Caicedo,43.566856,,
Mikael Soisalo,30.010818,,
Maxim Deman,45.947945,,
Omar Hamad Al-Owdah,53.644367,,
Rodrigo F. Conceição,63.724033,,
Hamad Fayez Alsayyaf,52.134888,,
Ruwen Werthmüller,24.547493,,
Thomas Andrew Knowles,40.607567,,
Sergio López Galache,60.62578,,
Magnus Kaastrup Refstrup Lauritsen,31.291843,,
José Antonio Paradela,57.29532,,
Zac Guinan,22.677963,,
Manuel Osifo,54.746372,,
Nathaneal Blair,27.394722,,
Tim Chow,57.63472,,
Andrew Christopher Teuten Ponzoni,62.588436,,
宋鑫涛,42.54444,,
Carlos Blanco Moreno,62.708164,,
Gianluca Saro,45.951874,,
Mikkel Møller Lassen,56.90125,,
Jean Botué,21.926397,,
George Cristian Merloi,40.448105,,
Elliot Jorge Simões Inácio,27.67693,,
Rayan Darwish Albloushi,24.333002,,
Tobias Fjeld Gulliksen,49.783405,,
Ekin Çelebi,57.741375,,
Mikel Carro Fandiño,59.74322,,
João Miguel Teixeira Mendes,55.52102,,
Darlin Alberto Leiton Lamilla,29.385923,,
Mehdi Lehaire,45.709103,,
Lourival Adnan Diniz Prazeres,65.52699,,
Ken Nkuba Tshiend,44.674427,,
Habib Yasseen Kadhim Al-Wotayan,45.923275,,
Jordie Hiwula-Mayifuila,26.135754,,
Florian-Horst Carstens,61.642414,,
Abel Bretones Cruz,46.133934,,
Giacomo Olzer,33.01408,,
César Roman Ibáñez,59.79007,,
王政豪,49.90974,,
Yavuz Buğra Boyar,45.94262,,
Jay Turner-Cooke,52.018055,,
Robin Ungerath,33.165577,,
Pedro Ruiz Delgado,28.020199,,
Bleiner David Agrón Mosquera,63.292564,,
Ahoueke Steeve Kévin Denkey,26.318523,,
Fredy Valencia,58.60745,,
Wenderson Oliviera,38.173332,,
张威,45.32131,,
高翔,46.04406,,
Ben Lloyd,31.592436,,
Alexis Alégué Elandi,27.713757,,
Matthew David Butcher,59.671326,,
Patrik Sigurður Gunnarsson,46.011368,,
Brandon Alexander Mason,61.721626,,
Charles Mutawe,53.601673,,
Lewis Neilson,61.131176,,
Romário Manuel Silva Baró,46.94652,,
Simone Trimboli,49.35153,,
Sam Harrry Sutton,54.964012,,
Gustavo Adolfo Carvajal Gómez,55.600914,,
古賀 太陽,62.73484,,
Deiber Jair Caicedo Mideros,37.342316,,
Raphael Assibey-Mensah,27.922836,,
Adrian Segecic,36.238205,,
Pablo Alejandro Bonilla Serrada,52.611084,,
Marcos Ezequiel Gómez Paredes,60.957016,,
Brian Lautaro Guzmán,26.609665,,
William Fitzgerald,35.755733,,
Miguel Ángel Morro Muñoz,45.962124,,
Seymour Fünger,56.976353,,
Kaine Kessler Hayden,59.707676,,
Tobias Hafstad,54.681793,,
Siro Ignacio Cabral Rosane,62.75981,,
Joe Cameron Lewis,59.488014,,
Noah Raveyre,45.95528,,
Robert Andrei Ion,41.82335,,
Aimar Sher,51.296246,,
Juan Ignacio Miramon,41.681828,,
Lamine Sy,54.577435,,
Abdulmohsen Al Qahtani,26.042643,,
Tae Yang Kim,20.04013,,
Alois Dominik Oroz,61.77667,,
Samuel Yves Oum Gouet,61.17085,,
Fortune Bassey,21.54375,,
Matias Flores,32.370525,,
Sander Johan Christiansen,58.76198,,
Facundo Daniel Kruspzky,51.6205,,
Wahidullah Faghir,25.186707,,
Leonardo Morosini,31.74675,,
Leandro Frroku,50.861034,,
Luís Miguel Castelo Santos,45.074883,,
Neraysho Meritchio Kasanwirjo,64.9288,,
Braian Nahuel Aguirre,63.24465,,
Seán Kavanagh,60.688026,,
Michael John Cooper,45.919487,,
Adrián Bernabé García,55.28974,,
Victor Okoh Boniface,30.613703,,
Luan Vágner Simões Eustáquio,44.199955,,
Darlin Zidane Yongwa Ngameni,58.793255,,
Santiago Valentín Ramírez Polero,21.975964,,
Daniël van Kaam,59.827446,,
Simon Solomon Junior Sohm,61.89236,,
Zinedine Labyad,22.375956,,
José Ardila,38.57422,,
Jordan Carrillo Rodríguez,33.71089,,
梁少文,51.15329,,
José Marcos Costa Martins,29.375887,,
Marc Llinares Barragán,53.062187,,
Mohammed Al Biladi,45.94285,,
George Thomas Maris,50.350605,,
Benjamin Jack Wiles,51.736206,,
郭瀚儒,44.4899,,
Adrián López Garrote,45.256386,,
Claudiu Adrian Mihai Petrila,35.992294,,
Paul Manske,29.363897,,
Cristian Camilo Tovar Angola,58.25932,,
Remeao Andrew Hutton,54.22217,,
Marco Camus Muñoz,33.487484,,
Cameron James Evans,56.944958,,
Zak Emmerson,22.90856,,
Jin Ho Kim,56.20273,,
Kyle O'Connor,38.916286,,
Rildo G. de Amorim Filho,38.14722,,
斉藤 光毅,24.661188,,
Luca Stellwagen,56.371082,,
Giuseppe Di Serio,24.336662,,
Tim-Henry Handwerker,60.750282,,
Jorge Andrés Marsiglia Carrascal,60.883163,,
Damir Redzic,25.18183,,
Tyler Jayden Frost,40.65217,,
Sergio Lozano Lluch,54.140305,,
杨意林,34.52655,,
Doğukan Kaya,45.955406,,
Manuel Thurnwald,56.070526,,
Martín Manuel Calderón Gómez,62.518776,,
Djamal Moussadek,54.409153,,
Ulrick Brad Eneme Ella,41.301186,,
Guilherme da Silva,62.33927,,
Rodrigo Marcos Rodrigues Andrade,55.45815,,
Frederik Franck Winther,63.074474,,
Miguel Puche García,41.460533,,
Dilan Kumar Markanday,26.634436,,
Darijo Grujcic,56.201626,,
Aliou Badara Traore,54.15505,,
Jesse Edem Tugbenyo,58.764565,,
Marco Chiosa,64.37842,,
Dylan Adjei-Hersey,27.337214,,
Emanuele Ndoj,62.564304,,
Mathis Bruns,56.93516,,
Konan Ignace Jocelyn N’Dri,54.26153,,
Sebastián Matías Claure Sanz,40.97861,,
Agustín Barcellos,59.142143,,
Young Joon Lee,20.143578,,
Paolo Medina Etienne,60.710384,,
Marc Aguado Pallarés,50.341522,,
Kyu Min Park,24.375471,,
Benjamin Williams,60.47983,,
Yerco Abraham Oyanedel Hernández,56.87599,,
Guilmer Giro,57.57066,,
Matthew David Hundley,25.136057,,
Ashton Philip Shawn Götz,61.240784,,
Fabio Rojas,63.996166,,
Antonio Zarzana Pérez,23.471512,,
Luiz Skraback,44.54922,,
Walter Martínez Tauda,37.88168,,
Matteo Chiacig,45.95289,,
Gabriel Julien Dominique Barès,58.44738,,
Mathias Knutsen Rasmussen,55.72266,,
Tim Prica,23.116247,,
Ahmet Karademir,35.30991,,
Nicholas Tsaroulla,55.351337,,
Francisco Jorge Tavares Oliveira,35.024143,,
Lautaro de León Billar,29.161457,,
Johandry Jericoth Hidalgo Mora,58.18899,,
Tomás Romano dos Santos Händel,62.153084,,
Thomas Ignacio Galdames Millán,62.132042,,
Harvey William St Clair,32.54886,,
Harvey Andrew Knibbs,27.420486,,
Jacob Steen Christensen,61.782047,,
Sebastian Wiktor Walukiewicz,65.62701,,
Jan de Boer,45.961918,,
Hyeon Bin Seol,45.985638,,
Robert Marian Moldoveanu,20.715145,,
Sergio Fabián Ortíz,58.422794,,
Eduardo Filipe Quaresma Vieira Coimbra Simões,65.254684,,
Erik Tobias Tangen Sandberg,58.73364,,
Jorge Hernandez,41.624454,,
Pavle Vagić,61.29764,,
Isaac Annan,53.99774,,
陈彦朴,27.93165,,
Ruyery Alfonso Blanco Yus,48.42113,,
Julen Lobete Cienfuegos,23.172024,,
Ciaran Patrick Gilligan,57.59001,,
Sebastian Guerra Soto,23.158823,,
Kelvin John,23.39486,,
Jonas Wendlinger,45.978687,,
Mamadou Kaly Sène,28.211727,,
Erik Shuranov,27.967102,,
Harrison McGahey,61.934574,,
José de Jesús Godínez Navarro,29.353477,,
Miguel Ángel Sanz Campos,45.954594,,
Nasser Eissa Shafi Al-Dawsari,59.06582,,
Igor Lewandowski,54.259518,,
Xavier Casmier Amaechi,26.82169,,
Sonny Hilton,41.561596,,
Pedro Pablo Campos Olavarría,28.52511,,
Joshua Eijgenraam,61.56334,,
Javier Almerge Viñuales,54.83988,,
Jaume Albert Cuéllar Mendoza,26.282232,,
檀崎 竜孔,32.0154,,
Kevin Andres Minda Ruales,62.542522,,
Jules Christ Eboue Kouassi,63.173447,,
Valentine James Ozornwafor,61.99622,,
Marcos Luna Luna Ruiz,63.02895,,
Álvaro García Segovia,62.43299,,
Mohammed Khalil Maran,22.187128,,
Kristoffer Paulsen,55.16215,,
Andrew Alexander Kiwomya,22.23885,,
Yannik Möker,58.950256,,
Ji Yong Lee,26.023272,,
Samuel Mischitz,55.52201,,
Nicolás Gudiño Castilla,59.278275,,
Daniel Romera Andújar,27.901937,,
Diego Manuel J. da Silva Moreira,32.47675,,
Daam Wonnebald Foulon,61.00484,,
Wikelman José Carmona Torres,39.849613,,
Hani Ismaeel Al-Sebyani,53.638973,,
Jack Richard Lankester,43.025414,,
Lalengmawia Ralte,57.014698,,
Serge Atakayi,26.652773,,
Hoo Sung Oh,40.944767,,
Jordan Cropper,50.53433,,
Valentin Lavigne,37.905266,,
Eris Abedini,60.588974,,
Quinn McNeill,49.74095,,
Sebastian Tounekti,27.265617,,
Nicolas Galazzi,41.83347,,
Alejandro Blanco Sánchez,37.499115,,
Łukasz Zjawiński,20.541485,,
Jeizon Jesús Ramírez Chacón,28.794273,,
Yacoub Al Hassan,26.586737,,
Ryan Nyambe,63.295273,,
Abdulrahman Anwar,19.427177,,
Charlie Caton,27.168285,,
Gastón Luciano Ávila,64.12057,,
Stéphane Imad Diarra,44.2187,,
Simón Alonso González Montalban,59.32402,,
Malcolm Viltard,58.12653,,
Nikolai Baden Frederiksen,27.173443,,
Francesco Filippo Zampano,60.81606,,
Marko Dijakovic,57.118298,,
Vajebah Sakor,57.982853,,
Emmanuel Ilesanmi,23.840542,,
Amar Ahmed Fatah,29.328272,,
David Argüelles Álvarez,57.222954,,
William Blackmore,45.946186,,
Ivan Lepinjica,63.672684,,
Gabriel Fernandes Castro,52.903324,,
Yuliwes Bellache,21.739954,,
Ziyad Maher Al Jari,50.733185,,
Jhondly van der Meer,62.414017,,
Max McMillan,22.363844,,
Santiago Naveda Lara,62.70537,,
Brandon Lee Colin Barker,32.371212,,
Tomas Lían Romero Keubler,45.941296,,
Batuhan Ahmet Şen,45.94127,,
Sieben Dewaele,56.882496,,
Santiago Laquidain,59.87661,,
Giuseppe Ciocci,45.94854,,
Matondo-Merveille Papela,55.37065,,
Jakob Odehnal,45.959736,,
Jonathan Corozo,59.881447,,
井手 口陽介,64.027596,,
Augustin Drakpe,59.549454,,
Vincent Thill,35.5502,,
Harry John Anderson,39.24669,,
Tomas Ángel Gutiérrez,33.102863,,
Hannes Küng,58.30509,,
Joshua Felix Okpoda Eppiah,31.267628,,
Eduardo Enrique Fereira Peñaranda,57.816883,,
Ryan Henry East,49.65474,,
Filipe Miguel Barros Soares,55.100483,,
Sebastian Stahlfest,42.11953,,
Elliot Morgan Thorpe,47.43736,,
김주성 Joo-Sung Kim,58.19044,,
Sam McQueen,42.36866,,
Alfonso González Martínez,33.839775,,
Tommaso Aglietti,45.946304,,
Elliot John Embleton,51.833725,,
Kelvin Ofori,41.803173,,
Nahuel Soria,33.33141,,
Jaimy Buter,58.54151,,
Stephen Ewange,51.519436,,
Paul Milton Glatzel,29.048903,,
William Smith,60.690178,,
Javier López Carballo,63.598137,,
Fabiano Cibi,47.904747,,
Samuel Nongoh,30.557978,,
Ebrima-Dominique N’dure,56.82567,,
Kacper Skibicki,49.340664,,
Thabiso James Monyane,56.91189,,
Scott Edward Twine,43.61066,,
Ryan Sandford,45.71528,,
Víctor Wehbi Aznar Ussen,33.851143,,
Liam Alan Millar,26.956396,,
Brett Minnema,45.953766,,
Fedde de Jong,49.632168,,
Antoine Benjamin Colassin,38.086304,,
Walter Angello Tandazo Silva,62.32666,,
Valgeir Lunddal Friðriksson,60.85022,,
José Salinas Morán,59.682594,,
Joël Latibeaudiere,59.047405,,
Sanoussy Ba,55.524464,,
Mateo Klimowicz,32.807655,,
Jack Jamie Arthur,45.95073,,
Jose María Pérez García,61.168003,,
Esteban Cristóbal Valencia Reyes,58.40715,,
Johan Stiven Carbonero Balanta,35.44202,,
Dylan Felipe Borrero Caicedo,26.117828,,
Sebastian Thangmuansang,50.63844,,
Luciano Fernández,59.64425,,
Ismaila Cheick Coulibaly,62.2901,,
Milton Marcelo Maciel Brítez,47.187866,,
Christopher Gavin Scott,26.532969,,
Pablo Gozálbez Gilabert,47.242657,,
Clyde Nick García Segura,58.911316,,
Jan Hoekstra,45.976765,,
Abdoulaye Niakhate Ndiaye,60.367268,,
Miliano Jonathans,22.545166,,
Leonhard von Schroetter,57.44075,,
Marcus Ellingsen Andersen,45.939537,,
Miguel Angel Martínez Irala,45.94988,,
Renzo Damián Bacchia Rodríguez,45.99457,,
Jae Sung Kim,39.644245,,
Tochi Phil Chukwuani,54.540905,,
Thomas David Bannatyne-Billson,45.952393,,
Dennis-Dorian Politic,31.553434,,
Frankarlos Benítez,45.984524,,
Mads Juhl Kikkenborg,45.9562,,
Ignacio Daniel Maestro Puch,23.345564,,
Kelechi John,63.796314,,
Elias Löder,41.324337,,
Eddie Anthony Salcedo Mora,37.3639,,
Luis Federico López Andúgar,45.959656,,
Nadhir Benbouali,23.010876,,
Tomás Pablo Asta-Buruaga Montoya,63.068687,,
Jae Hwan Hwang,33.932606,,
Je Ho Yu,44.13953,,
Dana Amaral,54.126945,,
Jack Levi Sutton,43.16805,,
Nicolás Federico Castro,48.604694,,
Anton Skipper Hendriksen,52.066055,,
Hatim Far,21.84801,,
Salifou Soumah,22.72048,,
Toluwalase Emmanuel Arokodare,29.429863,,
David Ribera,38.86356,,
Jhonny Peitzmeier,45.95785,,
Bryan Zaragoza Martínez,30.638378,,
Carlo Roberto Casap,42.321243,,
Dominik Franke,60.941364,,
Håkan Gustaf Nilsson,31.241207,,
Robbie Robinson Belmar,30.147593,,
Diego Augusto Rodríguez Carreño,52.25987,,
Joël Pascal Schmied,63.25512,,
Anis Ben Slimane,58.672375,,
Șerban Tomache,45.94849,,
王世龙,56.742355,,
Alexander Díaz,27.07329,,
Lilian Niclas Egloff,40.7444,,
Mikkel Juhl Andersen,53.18368,,
Kelvin Kwarteng Yeboah,24.446524,,
俸泽源,20.395739,,
Nikolai Rohde Laursen,36.216667,,
Tim van Assema,52.522896,,
Erik Ring,34.156868,,
Kai Fotheringham,37.96826,,
Ramón Terrats Espacio,63.43373,,
Pier Luigi Grazziani Serrano,46.076714,,
Jeppe Ørris Nielsen,45.939873,,
Emmanuel Ogura,45.95342,,
Edoardo Pierozzi,55.849613,,
Abbas Sadiq Al Hassan,50.48732,,
Alan Nicolás Marinelli,36.50154,,
Matteo Piacentini,62.492325,,
Miguel Raimundo Nóbrega,64.41521,,
Aboubakary Yeli Koita,47.63674,,
Lamine Diack,61.494503,,
Daniel Mosquera,27.488892,,
Shaun Daniel McWilliams,61.152325,,
Oliver Denham,56.387196,,
Volkan Rona,46.05164,,
Henry Lawrence,56.94831,,
Connor Isaac Metcalfe,59.453083,,
韵程,51.52721,,
Guillermo Gajardo,45.945293,,
Ignacio Laquintana,33.213356,,
Juan Manuel Pérez Ruiz,45.38291,,
Óscar Ureña García,32.791763,,
Nkosingiphile Ngcobo,42.06826,,
Kyle Alexander Jameson,56.833588,,
Yusuf Abdulazeez,21.137177,,
Carlos Percy Liza Espinoza,39.610477,,
Moustapha Cissé,22.447472,,
Vasyl Kravets,62.22735,,
Leonardo Adelino da Silva Lopes,61.20044,,
Justin Steinkötter,27.442495,,
Luis Bilbao Arechaga,22.770432,,
Kristian Šekularac,36.150883,,
El Mehdi Moubarik,61.21952,,
Lucas Mika Wolf,36.687355,,
Achraf Madi,51.71294,,
Salvatore Elia,57.159184,,
Gustav Lillienberg,45.958893,,
Kevin Egell-Johnsen,54.507004,,
Oscar Aga,23.398298,,
Guillaume Laurent Dietsch,45.980682,,
Salah-Eddine Oulad M'Hand,51.854134,,
Pontus Texel,52.554855,,
Thierno Mamadou Lamarana Ballo,39.711884,,
Dalibor Markovic,49.88196,,
Kevin Goden,57.385303,,
Daniel Queipo Menéndez,30.62514,,
Tomás Mascarenhas Lemos Reymão Nogueira,60.816715,,
Noah De Queiroz Pacheco,54.405327,,
Sergio Carlos Strandberg,27.417067,,
Williams Tortolero,45.935513,,
Rasmus Winther Højlund,29.476913,,
Luciano Vega,50.772137,,
Pedro Jeampierre Vite Uca,53.638287,,
Jérôme Déom,58.715717,,
Marlon Perea,27.598183,,
Erick Perleche,60.709187,,
Sam Francis Schreck,42.40855,,
Jhoanner Stalin Chávez Quintero,60.10498,,
Omar Jebali,59.105164,,
Andrés Carlos Caro Serrano,62.720177,,
Justin Che,61.23625,,
Kevin Lankford,27.91024,,
Juan Ramón Cáceres,52.367397,,
Denis Will Poha,58.937263,,
Daniel Mandroiu,51.36057,,
Javain Okemio Brown,62.623104,,
Gloire Amanda,23.25074,,
Tim Walbrecht,60.728043,,
Brad Kelly,45.94179,,
Thomas Liene Ness,54.143887,,
Anthony Hartigan,59.22539,,
侯煜,49.484783,,
王振澳,32.679703,,
Brian Lenihan,61.42284,,
原 大智,24.166744,,
Drew Baker,52.76428,,
Anthony Driscoll-Glennon,56.932476,,
Marcelo Iván Allende Bravo,37.170303,,
Vegard Amundsen Bergan,55.999695,,
Lucas Esteves Souza,58.252712,,
Amankwaa Akurugu,56.891914,,
Al Hassan Toure,30.410734,,
Elías Alejandro Arias Rengel,56.984646,,
Koa Santos,54.315147,,
Hyeon Joon Yang,36.372448,,
Farick Haddad,44.031555,,
Emil Hellman,56.309555,,
Paulos Abraham,28.750713,,
Muhammed Enes Kiprit,30.109106,,
Nika Gagnidze,59.128304,,
Julián Ezequiel Aude Bernardi,60.648365,,
Diogo dos Santos Cabral,61.5668,,
内野 貴史,58.114735,,
Antoni Kozubal,52.28687,,
Rodrigo Saucedo,60.095425,,
Kekuta Manneh,38.311745,,
Matthew Ben Longstaff,56.84921,,
Nicky Clescenco,26.402538,,
Morgan Elliot Roberts,36.44953,,
Jeremy Nicolás Silva González,36.120235,,
Robin Luca Kehr,28.432547,,
Brian Philip Maher,28.185812,,
Robbie Hemfrey,45.96017,,
Nathan Monzango,61.543667,,
Christian Fernandes Marques,58.478302,,
Julio César Enciso Espínola,32.420647,,
Jordan Andrew Davies,54.995163,,
Abdullah Hadi Radif,23.39634,,
Aidan Will Barlow,41.309643,,
Alexander Larsson,24.551798,,
Baba Oulen Souare,55.353264,,
段刘愚,40.194553,,
Anthony Tite Musaba,25.01978,,
Raffaele Celia,61.200573,,
Simone Santoro,60.869576,,
Alejandro Sola López-Ocaña,61.230015,,
Fabiano Josué de Souza Silva,61.737133,,
Edi Sylisufaj,29.283384,,
Sam Alan Stubbs,58.21664,,
André Fonseca Amaro,63.175327,,
石炎,37.811275,,
Matthis Harsman,45.991096,,
Joel Joshghene Asoro,23.067099,,
Mads Hedenstad Christiansen,44.760307,,
David Niepsuj,61.617115,,
Bryan Soumaré,56.020393,,
George Mihai Micle,45.95639,,
Jay-Dee Geusens,42.916134,,
Pol Bassa Mora,57.639885,,
Amin Al-Hamawi,22.648552,,
Nicolò Fazzi,32.920685,,
Diego Medina,57.548058,,
Fernando Díaz,52.28256,,
Hakeeb Adeola Jerome Adelakun,27.350704,,
Samuel Tshiayima Nombe,27.64537,,
Robin Amin Tihi,59.72065,,
Juan Pablo Cisternas,45.97039,,
Mateusz Kowalski,27.165863,,
Alex Byrne,54.33513,,
Guilherme Araújo Soares,61.902985,,
Fernando Ruiz Díaz,22.67166,,
Luke Rudden,18.31216,,
Liam Vincent,48.804054,,
Branislav Knežević,37.847916,,
Williams Kokolo,58.809322,,
Bénie Adama Traoré,32.018265,,
Mike Johannes Hendrikus Josephus van Beijnen,60.37927,,
Abdullah Yiğiter,44.42064,,
Ho Jin Jeong,55.76188,,
Loïc Anthony Bessile,62.547844,,
Ismaël Aaneba,63.696594,,
Sergio Moreno Martínez,20.55024,,
Leandro Isaac Maciel,62.482395,,
Darluis Paz,38.364254,,
Alfie Dillon Beestin,58.93241,,
Sávio Moreira de Oliveira,30.37249,,
Patrick Weah,29.315014,,
Josh Brooking,61.004623,,
Vicente Tomás Pizarro Durcudoy,61.462585,,
George Asomani,49.279327,,
Javier Serrano Martínez,59.131714,,
Sibiry Keita,33.30091,,
Diogo Lucas Queirós,63.236847,,
José Alonso Lara,33.246197,,
Juan Berrocal González,64.00043,,
Matthias Jean Phaeton,30.660217,,
Julian Turi,59.285843,,
Lassana Sy,45.960712,,
Beñat Prados Díaz,61.799862,,
Rekeem Jordan Harper,57.081505,,
George Burroughs,53.76675,,
Lukas Sparre Klitten,47.50608,,
Matías Nahuel González,49.64464,,
Benjamín Dominguez,29.928995,,
Louis George Appéré,39.84558,,
Aiden Connor O'Neill,61.585804,,
Oskar Siira Sivertsen,27.854591,,
Osazee Aghatise,36.045242,,
Akinkunmi Ayobami Amoo,28.91119,,
Adam Armour,49.59737,,
Ömürcan Artan,60.70674,,
Gaute Høberg Vetti,59.662323,,
Abdul Malik Abubakari,27.44404,,
Arón David Rodríguez Franco,43.632286,,
Niels Patrick Nkounkou,60.9033,,
Jack McKay,23.09409,,
Louis Samuel Reed,45.214504,,
Jordan Lewis Gibson,29.39654,,
Jan Jakob Olschowsky,46.034657,,
Marcos Robson Cipriano,45.64883,,
Ousmane Ba,45.955853,,
王金帅,46.0098,,
Lucas Margueron,45.96302,,
Juan Felipe Moreno,26.66157,,
Enrico Del Prato,62.700344,,
Harrison Sohna,47.305134,,
Anthony Richard Scully,35.434452,,
Ilias Chatzitheodoridis,60.36995,,
Aurélien Nguiamba,59.481575,,
Euan Henderson,30.725674,,
Antonis Makatounakis,45.952103,,
Paul Méliande,50.275505,,
Carlos Mateo Abastoflor Aguilera,41.440094,,
Kwame Afriyie Adubofour Poku,44.68503,,
Oliver Samuel Crankshaw,40.608955,,
Denis Graţian Haruţ,62.06732,,
Check Oumar Diakité,60.78102,,
Lyes Hafid Houri,51.07482,,
Abdulrahman Saad,26.87354,,
Carlos Terán Díaz,61.658092,,
George Damien Nurse,61.939835,,
Oliver Vincent Finney,42.45405,,
Pablo Moreno Taboada,23.279785,,
Samuel Bone,60.299145,,
Thomas Robert Anderson,59.51332,,
João Pedro Oliveira Gonçalves,45.956985,,
Sivert Stenseth Gussiås,24.237677,,
Toni Fuidias Ribera,45.944134,,
何宇鹏,45.92926,,
Callum William McCowatt,55.188873,,
Noble Okello,54.98167,,
Nathangelo Alexandro Markelo,60.15403,,
Julio Alonso Sosa,61.697437,,
Tom Crawford,52.709656,,
Charlie Williams,23.498022,,
Habib Ali Keita,60.744328,,
Remco Balk,27.976261,,
Michael Joseph Edwards,51.680557,,
José Manuel Fontán Mondragón,65.12088,,
Shay McCartan,25.86988,,
Freddy Alejandro Oncoy Huarote,61.114716,,
Ibrahima Cissokho,39.5564,,
Zaid Abner Romero,63.86522,,
David Fisher,22.12343,,
Jesper Bergset Robertsen,48.773422,,
Radosław Cielemęcki,46.38708,,
David Peter Kopacz,39.67555,,
Ignacio Santiago Aliseda,39.71389,,
Roberto López Alcaide,49.326813,,
Jack Bayly,43.21917,,
Matheus Salgueiro Pains,62.334854,,
Alexander Ballegaard Ammitzbøll,30.51469,,
Fernando Fabián Ovelar Martínez,47.916096,,
Stève Regis Mvoué,53.590458,,
Renné Alejandro Rivas Alezones,60.540676,,
Iker Piedra Blanco,45.971085,,
Marc Lutz,50.145035,,
David Puntigam,45.94211,,
Robert Slevin,54.031464,,
孙学龙,40.760754,,
Kerr McInroy,56.345245,,
Anas Bakhat,44.62787,,
Kieran James Phillips,33.18576,,
Alexander Antony Pattison,53.272285,,
Haitam Abaida El Achhab,27.284994,,
Jan Boller,62.245842,,
Joel Quispe,51.780186,,
Connor Stuart Ogilvie,55.983227,,
Chigozier Caleb Chukwuemeka,24.23557,,
Nuno Gonçalo Rocha Moreira,32.477425,,
Charles Clayden,49.96672,,
Rubén Sánchez Sáez,60.68858,,
Thomas Roche,45.94645,,
Pablo Gálvez Miranda,23.47368,,
Mark Brink Christensen,46.54971,,
Emiliano Marcondes Camargo Hansen,34.59128,,
Harry Lee,45.947136,,
Andreas Rædergård Schjelderup,36.487896,,
César Gelabert Piña,47.001884,,
Nando Toggenburger,21.355703,,
Denver Jay Hume,56.21456,,
Óscar Menéndez Carracedo,54.38704,,
Stefano Alessandro Guidotti,54.692966,,
Abel Alejandro Bustos,57.306038,,
Yaroslav Meykher,45.962364,,
Jerónimo Pourtau,43.780243,,
黄锐烽,50.13977,,
Christian Joel Sánchez Leal,45.876476,,
刘祝润,22.63682,,
Enrique Camargo,60.38908,,
Akshunna Tyagi,20.790182,,
Daniel Harry Kemp,31.378326,,
Carlos Niño Junior Espinola Díaz,60.806213,,
João Pedro Ferreira Silva,30.382566,,
Felix Khonde Mambimbi,24.98768,,
Samir Sophian Chergui,64.07584,,
Emiliano Brienza,21.39154,,
Fabian Tauchhammer,55.755463,,
Óscar Arribas Pasero,35.22173,,
Jakub Rajczykowski,45.939487,,
Kevin Joacid Moreno Sinisterra,60.57772,,
Bruno Miranda Villagomez,37.824337,,
Alfons Amade,61.295002,,
姚旭臣,42.483482,,
Emerson Velasquez,62.23119,,
Alexis Francisco Flores,61.419674,,
Hugo Fabián Franco Schlender,60.849335,,
Juan Franco,60.839657,,
Brayan Parada,37.80195,,
Ander Iruarrizaga Díez,45.95615,,
Charlie Seaman,51.98112,,
Gyu Hyeong Kim,35.637794,,
Boubacar Rafael Neto Hanne,36.854393,,
César Pérez,44.361526,,
Marco Olivieri,26.819408,,
Julian Tobias Emilio von Moos,26.734251,,
Sebastian Lund Hausner,61.99812,,
Rodrigo Alonso Martín,46.981697,,
Mender García Torres,26.93531,,
Carl Henrik Jordan Larsson,24.836887,,
Joel Poiso,55.054703,,
Téva Gardies,45.93811,,
Ryan Johansson,56.95799,,
Max Normann Williamsen,58.026653,,
Wellington Moisés Ramírez Preciado,45.95757,,
Dane James Ingham,49.245167,,
Max Harrison Sanders,57.388237,,
Madger Antonio Gomes Ajú,38.550297,,
Brynjólfur Darri Willumsson,37.97834,,
Jofre Carreras Pagès,35.406364,,
Lalbiakhlua Jongte,45.955418,,
Afeez Aremu Olalekan,65.15301,,
Dêniro Rubens Prestes Cadete,27.074099,,
Harun Alpsoy,60.806454,,
Andrés Martín García,27.619976,,
Jean-Jacques Danley,60.60778,,
Suk Ju Yoon,49.507343,,
Regan Donelon,54.07141,,
Elías Iván Pereyra,61.765408,,
Sandi Lovrić,61.087296,,
Maurice Michael Multhaup,37.033085,,
Elias Jona Bördner,45.949337,,
Sam O'Brien,51.406567,,
Kévin Soni,44.4778,,
Nathaniel Caleb Atkinson,60.747757,,
Christopher Robin Olivares Burga,33.650707,,
Borja Garcés Moreno,29.644293,,
Valdemar Lund Jensen,60.629196,,
Tobi Ogundega,52.299953,,
Lukas Ahlefeld Engel,59.067078,,
Amad Diallo Traoré,24.843542,,
Simone Giordano,53.18172,,
Setigui Karamoko,58.374638,,
Andrés Felipe Reyes Ambuila,64.73608,,
慈恒龙,45.918484,,
Jack Wakely,57.411125,,
Jack Moore,49.093506,,
Adam Uche Idah,22.086372,,
Joshua Anthony Vickers,44.357887,,
Danilo Filipe Melo Veiga,63.957344,,
유주안 Ju An You,36.386986,,
Leon Kugland,48.843884,,
Matteo Emilio Di Giusto,22.652094,,
Mauro Silveira,45.949898,,
Walid Ould-Chikh,54.02494,,
Lucas Zahaczewski,45.960686,,
Gökdeniz Bayrakdar,37.14197,,
Tomás Carvalho Domingos,58.808716,,
Hugo Javier Martínez Cantero,62.611942,,
Dawid Kocyła,27.341288,,
Wilson Vernaza,56.2174,,
Alejandro Gutiérrez Mozo,44.447342,,
Mykola Kukharevych,23.069725,,
Paweł Żuk,53.996204,,
Ulises Rivas Gilio,53.709694,,
Sebastian Søraas Sebulonsen,55.51898,,
Thijmen Joel Sander Nijhuis,45.94742,,
Eray Ervin Cömert,61.848965,,
Egoitz Arana Aizpurua,46.006927,,
Simone Ghidotti,45.945362,,
Jovanny David Bolívar Alvarado,28.853292,,
Sebastian Otoa,54.251915,,
Vincent Schwab,56.149117,,
Mitchell Roberts,56.444283,,
Antonio Cortés Heredia,23.197832,,
Fábio Daniel Soares Silva,25.734015,,
André Filipe Rio Liberal,22.350098,,
Jefferson Justo Cáceres Chávez,23.322098,,
Gian Franco Cabezas Rodríguez,55.616447,,
Craig David Tanner,32.51769,,
Bartłomiej Ciepiela,35.740124,,
Benjamin Lhassine Kone,32.136284,,
Vinícius Tobías da Silva,59.970573,,
Axel Wilfredo Werner,46.03335,,
David Vogt,55.20019,,
Joshua Thomas Sargent,46.638985,,
Juan María Alcedo Serrano,61.154503,,
Armstrong Echezolachukwu Inya Okoflex,27.067041,,
Samuel Ayomide Adekugbe,51.335083,,
Neider Barona Solis,35.300915,,
Homam Ahmed,61.893272,,
Rey Manaj,29.430843,,
Walter Mora,43.70233,,
Jamal Baptiste,55.82894,,
伊斯坎达·布格拉汗,30.109137,,
Tomás Agustín Pozzo,45.4508,,
Arnaud Nkodi Luzayadio,57.08366,,
Borja Sainz Eguskiza,39.308002,,
Alexis Antunes Gomez,34.53792,,
Timo Bernd Hübers,63.897118,,
Rhys Llewelyn Norrington-Davies,62.816387,,
José Carlos Teixeira Lopes Reis Gonçalves,61.033592,,
Ludwig Francillette,59.000416,,
Abdullah Nahar Al Shammari,49.745453,,
Emir Kaan Gültekin,33.158264,,
Marvin Olawale Akinlabi Park,21.97548,,
Novatus Miroshi Dismas,58.588768,,
Luca Sonzogni,45.984898,,
陈祥煜,20.918755,,
Alex Matías Ibacache Mora,58.891113,,
Jessic Gaïtan Ngankam,27.265429,,
João Nuno Figueiredo Valido,45.939316,,
Bartłomiej Mruk,57.491966,,
Christopher Brady,45.95616,,
John David Lundstram,38.03373,,
Robert Atkinson,65.18025,,
Giotto Giuseppe Morandi,50.201424,,
Min Jun Kim,29.785877,,
Boureima Hassane Bandé,30.434166,,
Patryk Peda,58.846092,,
Rushian Marcus Amari Hepburn-Murphy,23.804424,,
Kacper Lepczyński,53.84477,,
William Omar Duarte Figueroa,29.821087,,
Kaveh Rad,55.066273,,
Vittorio Agostinelli,34.333225,,
Edgar Alberto Olivares Villarroel,58.210896,,
叶利江·什那尔,51.27089,,
Joel Steven Quintero Nazareno,62.71595,,
Federico Oscar Andrada,26.273787,,
Facundo Ezequiel Almada,65.70139,,
Paweł Kamil Jaroszyński,58.575356,,
Fábio André Tavares Desidério,27.398712,,
Reece Byrne,44.81931,,
Korede Yemi Adedoyin,34.53518,,
Leandro Ojeda,61.587822,,
Orrin McLaughlin,40.442253,,
Ben Klefisch,58.06331,,
Johan Rojas,52.19322,,
Alejandro Domínguez Romero,45.991066,,
Ibrahim Al Ali,49.884846,,
Abd-Al-Ali Morakinyo Olaposi Koiki,57.486847,,
福田 湧矢,45.235645,,
Giannis Sardelis,36.165043,,
Degnand Wilfried Gnonto,30.7102,,
Shaquil Delos,58.68588,,
Alberto Hórreo Taveras,45.952473,,
Charlie David Kirk,31.190008,,
Facundo Fabián Trinidad Carballo,39.103676,,
Stuart McKinstry,39.220154,,
Milan Dimun,61.961758,,
Cristián Daniel Gutiérrez Zúñiga,60.712788,,
Simone Emmanuello,41.195923,,
Alessandro Albanese,48.137245,,
Anders Hartveit Ryste,23.015804,,
Sam Benjamin Cosgrove,32.228786,,
Artem Onischenko,52.069515,,
李冠希,45.579853,,
Rodrigo Riquelme Reche,40.52835,,
Ameen Al-Dakhil,60.85813,,
Javier María Vázquez López,58.79847,,
Luka Račić,59.33806,,
Tom Sparrow,50.322384,,
Daniel Gharabaghi Stückler,24.296165,,
Ismael Ruiz Sánchez,61.451065,,
Bruno Recalde,42.72026,,
Fred Marcos Cardouso Pombal,40.58577,,
Jonas Antonius Auer,61.29917,,
Tom Jenkins,41.688942,,
Luis Miguel Barrios,19.525888,,
Ugo Bertelli,52.962925,,
Dominic Alfred Poleon,25.994558,,
Alessandro Russo,45.995148,,
Lalawmpuia Ralte,23.02554,,
Iker Goujón Pozuelo,43.60549,,
Gianni Ryan Stensness,61.974438,,
Diego Varela Pampín,56.13749,,
Adisu Bayew,27.073692,,
Josep Gayà Martínez,62.508663,,
Viktor Tobias Johansson,45.94795,,
Enrico Erick Dueñas Hernández,23.191633,,
Timo Bornemann,25.235855,,
Elias Aarflot,20.765797,,
Jayden Andrew Reid,21.98702,,
Fernando David Cardozo Paniagua,28.760359,,
Benjamin Michael Whitfield,35.079998,,
Tician Tushi,23.73545,,
Leonardo Yánez,43.847153,,
Yacine Bourhane,59.763794,,
Nicolas-Gerrit Kühn,23.305754,,
Nicky Hernandez,43.514236,,
Erik Tallig,51.253654,,
Audenirton Soares da Silva,45.952,,
Peter González Carmona,38.066963,,
Denis Emanuel Rodríguez,49.763527,,
Michael Andrew Johnston,29.182886,,
Luis Abelardo Vargas,56.601757,,
Tiago Nahuel Banega,48.802174,,
Daniel Villahermosa,58.232365,,
Rafael Mascarenhas Moreira,25.715603,,
Oluwaseyi Babajide Ojo,32.394753,,
Lars Erik Oskar Fallenius,20.300343,,
Sebastien Pineau,19.144835,,
Ilhan Altuntas,54.29187,,
Roman Charles-Cook,50.12728,,
Ismaël Landry Doukouré,62.604134,,
Joseph Redmond,61.70606,,
Thomas Leon Keller,62.821007,,
Andrei Ioan Cordea,42.208424,,
Dário Cassia Luís Essugo,62.07702,,
Nabili Zoubdi Touaizi,30.961487,,
Max O’Leary,34.32024,,
Zakaria Silini,35.100082,,
Jonathan Villagra,64.51238,,
何鑫杰,41.124825,,
孟俊杰,19.851742,,
Siad Haji,28.013918,,
Jack James Earing,58.395035,,
Rhian Joel Brewster,22.461487,,
Matisse Didden,57.269077,,
Louis D'Arrigo,54.246628,,
Anthony Maisonnial,43.640366,,
Camilo Hernán Albornoz,57.612938,,
Diego Gabriel Silva Rosa,58.53391,,
Felix Eriksson,50.959274,,
Matthias Gragger,54.421284,,
Isak Bjerkebo,24.035282,,
William Mbongo Desire Hondermarck,50.391685,,
Lewis Rhys Collins,38.872196,,
Han Min Jeong,27.928844,,
Oliver Casey,60.993034,,
Tiago Manuel Maio Matos,59.778767,,
Lucas Felix Krüger,26.805086,,
马昆越,45.957226,,
Pelle Elkjær Mattsson,51.509552,,
Zechariah Joshua Henry Medley,63.12473,,
Dylan Barkers,52.268536,,
Alfie Malik Whiteman,41.303864,,
Fabián Steven Ángel Bernal,64.51634,,
Cristhian Mosquera Ibargüen,63.748135,,
Nasser Djiga,57.138474,,
Paulo Eduardo Ferreira Godinho,63.347332,,
Rodrigo Gareca,49.77838,,
Gyung Hyun Min,56.869057,,
Harvey James Rodgers,57.628716,,
Karl Sebastian Ring,53.10879,,
Jakub Piotrowski,46.309124,,
Facundo Pellistri Rebollo,33.178864,,
Cristian Maxim,48.20949,,
Christian Mork Breivik,47.894375,,
Kasper Junker,25.036049,,
José Aguilar Martinez,49.318825,,
Oliver Shaw,22.519398,,
Chiekh Thiam,51.21321,,
Yanis Massolin,54.338238,,
Pelayo Morilla Cabal,27.463657,,
Óscar Pinto,38.98167,,
Óscar Clemente Mues,40.616158,,
Kadir Seven,55.75634,,
Wally Njie,20.68261,,
Miguel Mariz Luís,57.026268,,
James Norris,57.105343,,
Joao Alberto Grimaldo Ubidia,37.37303,,
Luca Leovino Martínez Dupuy,25.60227,,
Kane Leo Wilson,56.533558,,
Nathan Fogaça,22.28238,,
Gastón Nicolás Verón,29.990242,,
Simon Graves Jensen,63.894127,,
Alexis Gastón Sosa,61.826145,,
Jackson Ragen,60.807682,,
George Robert Lawrence Lloyd,33.58872,,
Karol Stanisław Niemczycki,45.945534,,
Oğuzhan Akgün,22.901167,,
李一嘉,46.056313,,
Daniel Rowe,57.712925,,
Pablo Enrique Ruíz,65.29562,,
Dipu Mirdha,19.406942,,
Hassan Mohammed Al-Tambakti,63.73734,,
Iván Martínez Gonzálvez,23.463081,,
Oscar Massey,25.150862,,
Andreas Mircea Mihaiu,24.857044,,
Savaş Polat,61.833794,,
Pablo Felipe Pereira de Jesus,26.600805,,
Albert Palmberg Thorsen,20.281128,,
Manuel Garrido Álvarez,27.987816,,
Terence Charles Taylor,59.342125,,
Mathis Christophe Picouleau,52.857113,,
Josh Lundstram,54.247307,,
Adrián de la Fuente Barquilla,63.223553,,
Luke Đuzel,43.675423,,
Andrei Daniel Vlad,44.271324,,
张家辉,43.17074,,
Mahamadou Doucouré,30.789497,,
Ramón Enríquez Rodríguez,57.681816,,
Ben Alexander Voll,45.94281,,
Gabriel Vega,45.692116,,
Dayler Quintela,45.960773,,
Ted-Jonathan Tattermusch,28.018301,,
马辅渔,31.777813,,
Iker Benito Sánchez,35.886482,,
Alexander Prokopenko,25.82773,,
Kerem Atakan Kesgin,52.153423,,
Cameron Gregory,33.07895,,
Bum Su Kim,25.497316,,
Anderson de Oliveira da Silva,30.444435,,
Manuel Paul Wintzheimer,27.831625,,
Abdulrahman Mutlaq Al-Dawsari,54.46287,,
Zico Bailey,54.78593,,
José Manuel Arias Copete,65.50954,,
Karim Hafez Ramadan,60.791153,,
橋岡 大樹,61.885887,,
Johan Bengtsson,22.398174,,
Ji won Park,24.25992,,
Nicolás Delgadillo Godoy,35.897118,,
Osvaldo Rodríguez del Portal,62.90215,,
Elija Wohlgemuth,45.943413,,
Amirhossein Hosseinzadeh,39.026413,,
Anthony Kenneth Evans,51.259857,,
Callum Alex David Burton,46.027695,,
Valmir Veliu,33.384724,,
Elías Alejandro Ramos Castillo,61.987343,,
Dominik Bauer,54.573875,,
Gonzalo Andrés Tapia Dubournais,27.281307,,
Samuel Leo Beat Ballet,22.70316,,
Javier Llabrés Exposito,32.180454,,
Ryan James Law,54.875355,,
Mohamed Traore,55.19086,,
Jake Alan Young,26.579832,,
Marius Broholm,51.384182,,
Karl O’Sullivan,41.479626,,
Nathan Wicht,43.476387,,
Lalchungnunga Lalchungnunga,51.49784,,
Gerald Martin Távara Mogollón,62.703465,,
Bryce Washington,56.74426,,
Jair Veiga Vieira Tavares,27.472692,,
Alexis Trouillet,59.50093,,
George Iain Cooper,26.906149,,
Raphael Gregório Guzzo,50.78217,,
戴伟浚,50.242798,,
Ángel Fortuño Viñas,46.041557,,
Kyle Leon Wootton,26.039865,,
Richard Odada,47.561954,,
Joshua Tapia,45.941532,,
Pedro Trujillo,45.986965,,
Eduardo Oliveira Borges,61.382244,,
Cristhian Penayo,44.0772,,
Yahya Nader Moustafa Elsharif,64.223045,,
Derrick Jones Amaniampong,61.03998,,
Amar Gerxhaliu,54.11386,,
Anton-Leander Donkor,46.18166,,
Jeremías Perales,20.516373,,
Joshua Gaston Kitolano,57.96676,,
Andrés Felipe Tello Muñoz,61.494038,,
Nathan Wood-Gordon,62.822617,,
Ioan Tolea,51.492775,,
Sebastián Jaurena,54.62418,,
Thomas Palmer Thompson,43.246395,,
Nathan Nnamdi Ugochukwu Benjamin Asigboro Ofoborh,58.78496,,
Travis Joel Gary Johnson,51.28659,,
Nicolás Ezequiel Fernández Mercau,60.881763,,
Suleiman Camara Sanneh,31.53399,,
Morgan Faßbender,26.553135,,
Attilio Morosoli,45.93884,,
Fabrice Daniel Hartmann,24.63498,,
Matías Nicolás Miranda,56.08302,,
Lyle Brent Foster,34.971806,,
Óscar Segura,52.455482,,
Edin Omeragic,45.952633,,
刘浩帆,49.45653,,
Rafael Castrillo,51.354607,,
Luis Hernán Franco Fariña,45.966034,,
Noah Emmanuel Jean Holm,28.01119,,
Enrico Celeghin,54.977905,,
Chris Forino-Joseph,61.650642,,
Caden Clark,47.181934,,
Peru Nolaskoain Esnal,64.65417,,
Joel Filipe Organista da Silva,53.05723,,
Matthew Hudson,46.108543,,
Ibrahim Yalatif Diabate,20.149845,,
William Ludovic Brandon Bianda,61.315147,,
Anthony Lenin Valencia Bajaña,43.98932,,
Jayden John-Lloyd Harris,54.139145,,
Thiago Vecino Berriel,28.731739,,
Constantin Cristian Dima,61.205593,,
Koray Dag,21.162931,,
Oliwier Sławiński,23.23123,,
Rodrigo Román Villagra,64.42117,,
Max Kulke,51.597652,,
Gastón Nicolás Martirena Torres,62.834312,,
Rayan Al Qahtani,26.952862,,
Benjamin Steenfeldt Hvidt,61.501453,,
Benjamin Mbunga-Kimpioka,29.933691,,
Bruno Rivas Reyes,45.940502,,
Jannes Luca Wieckhoff,55.90715,,
Jin Hyun Kim,46.58069,,
Ben Kennedy,38.64165,,
Rigoberto Manuel Rivas Vindel,29.67857,,
Carlos Manuel Insaurralde Ochart,57.896305,,
Jacob Christian Maddox,54.62783,,
Antonio Pacheco Ruiz,57.34002,,
Tiago Filipe Alves Araújo,43.40188,,
Erik Sorga,23.164473,,
Nathan Kenneth Patterson,62.642204,,
Enrique Clemente Maza,63.181458,,
Benni Smales-Braithwaite,19.992384,,
Emrehan Gedikli,23.935764,,
Juan Sebastián Sforza,58.54724,,
Dalisson de Almeida Leite,41.890633,,
George Cowmeadow,19.128428,,
Filip Filipos Lars Sachpekidis,43.312595,,
Dom Ballard,21.553791,,
José Martín Ballesteros Vera,45.980064,,
Antonis Aidonis,60.338497,,
Nelson Quiñónes,34.778717,,
Nathan Sheron,57.749725,,
Luis Ignacio Ingolotti,45.998272,,
Iroy Eckenfelder,26.757023,,
Antonio Sefer,31.764042,,
Nicholas Markanich,23.194818,,
Emmanuel Matuta,57.283195,,
Nicolás Bastián Guerra Ruz,23.514362,,
Simon Alonso Ramírez Cuevas,60.22725,,
Javier Mier Martínez,62.575516,,
David Odumosu,45.96083,,
Guillermo Rosas Alonso,61.657516,,
Paya Pichkah,57.158665,,
Joon Ho Lee,21.272884,,
Francisco Sampaio Moura,63.839195,,
Dango Aboubacar Faissal Ouattara,24.262043,,
Sammy Braybrooke,49.93351,,
Mohammed Abo Abd,33.85394,,
Julen Fernández Díaz,45.959995,,
Sami Khalil Al-Najei,54.93972,,
Jeff Dewsnup,45.939426,,
Rafael Ferrario,45.944073,,
Junior Chukwubuike Adamu,21.321924,,
Carlos Raúl Olses Quijada,45.954994,,
Miguel Ángel Atienza Villa,62.050674,,
Pape Habib Guèye,20.505053,,
Alejandro José Marqués Méndez,33.34519,,
고재현 Jae Hyeon Ko,29.410233,,
Valentin Guillaume,55.01987,,
Tunahan Taşçı,30.150682,,
Idrissa Thiam,20.090391,,
Robbie Muirhead,25.315899,,
木塔力甫·依明卡日,45.63742,,
Joe Grey,24.141773,,
Jordan Kenneth Willis,60.91668,,
Luke Alexander Matheson,54.25187,,
Dylan Louis Ange Ouédraogo,62.822407,,
Juergen Farid Elitim Sepúlveda,30.358656,,
Diego Acevedo,51.340363,,
Cristian Ezequiel Ferreira,53.80078,,
Garis Mina,57.544056,,
Rui Tiago Dantas da Silva,36.498287,,
Ababacar Moustapha Lô,58.52623,,
Mateo Agustín Coronel,36.06388,,
Henry Cameron,25.802406,,
Carlos Daniel Calzadilla Durán,31.023876,,
Grégory Berthier,31.231878,,
Jan Schröder,52.94,,
Agustín Hausch,29.713564,,
杨梓豪,50.736362,,
Aidan Thomas Stone,45.93131,,
Faruk Can Genç,59.35914,,
Yusuf Mersin,25.280203,,
Benno Dietze,57.215122,,
Carlos Beitia Cardos,46.52885,,
Sylvain Boris Nabil Deslandes,57.092373,,
Noel Hansson,52.94432,,
Pedro Injai Gomes,60.965645,,
Harvey Jay Cartwright,45.947308,,
Williams Alarcón,54.631306,,
Joaquín López,58.20919,,
David Vraciu,40.649452,,
Rakish Phillip Bingham,25.543888,,
Sergio Santos Fernández,59.40643,,
Efe Arda Koyuncu,56.92314,,
Enrique Achahuanco,51.628223,,
Aaron Maurice O'Driscoll,55.81469,,
Saad Yaslam Balobaid,54.335987,,
Óli Ómarsson,50.997375,,
Sergio Andrés Mosquera Zapata,61.101295,,
Sylla Morlaye,58.33643,,
Tomasz Neugebauer,55.904476,,
Matheus Nunes Fagundes de Araújo,34.96966,,
Dylan Molloy,47.237038,,
Abdoulie Jallow,35.949703,,
Giovanni Troupée,61.916454,,
Cem Tuna Türkmen,57.00605,,
Diego Moreno Garbayo,59.57642,,
Solomon Brynn,45.95225,,
Miguel Ángel Ruiz Herráiz,56.789825,,
Álvaro Fernández Carreras,55.722466,,
Dane Pharrell Scarlett,22.039982,,
Nicolás Fernando Cordero,26.937279,,
Roberto Joaquín García,58.134525,,
Jhoan Sebastián Ayala Sanabria,55.589874,,
Bertuğ Yıldırım,31.603281,,
Ellis Darren Chapman,54.164406,,
Joshua Akinola Ogunfaolu-Kayode,23.035885,,
Aleksander Biermann Stenseth,26.636465,,
Christian Rivera Hernández,61.438194,,
Raúl García de Haro,22.87835,,
Eleutherios Lyratzis,63.827065,,
Uros Milovanović,19.998848,,
Jordi González-Pola,61.845547,,
Sebastian Lagerlund,55.188473,,
Leon Bürger,56.86148,,
Jesús Emanuel Pretell Panta,61.26134,,
Bryant Ortega,36.69254,,
Beni Redžić,27.65768,,
Ahmet Ege Gürleyen,60.2025,,
Jorge Denilson Cabezudo Ormeño,46.026733,,
Admiral Dalindlela Muskwe,30.694477,,
Robbie Van Hauter,54.026714,,
Alex Emilio Timossi Andersson,31.310682,,
Giorgi Tsitaishvili,36.525265,,
Joel Torrance,45.943638,,
Maximiliano David Ayala,61.856937,,
Benjamin Mines,45.66807,,
徐浩洋,49.604694,,
Hugo Anglada Gutiérrez,62.12905,,
Jesper Strand Isaksen,57.53884,,
Juan Eduardo Fuentes Jiménez,56.94603,,
Marco Campagnaro,57.01585,,
Gabriel Pereira dos Santos,35.203674,,
Nikola Stevanović,63.081303,,
Taylor Ryan Charters,49.609543,,
Ole ter Haar Romeny,30.910292,,
Guus Gertsen,57.656487,,
Lucas Hiemann,45.995144,,
Harrison Theodore Paton,54.180454,,
Bryan Alfonso Vejar Utreras,61.29046,,
Nicolás Quagliata,38.549313,,
Ruel Dimitrios Sotiriou,23.857546,,
Nishan Connell Burkart,27.255596,,
Lucas Jozef Lissens,60.92435,,
Sebastián Tomás Meza,44.592064,,
Jack Bridge,40.04612,,
Alan Steven Franco Palma,60.82001,,
Gianmarco Cangiano,29.321804,,
Guy Dahan,22.756216,,
Felix Dornebusch,41.019947,,
Eduard Probst,20.683468,,
Alejandro Carbonell Vallés,61.12836,,
Felix Micael Hörberg,46.88621,,
Rodrigo Cisterna,35.54093,,
Gilbert Fuentes,40.60875,,
上田 綺世,27.263023,,
Max Delyfer,47.86932,,
Killian Jakob,56.686333,,
David Poreba,50.779785,,
Tashan Oakley-Boothe,58.467216,,
Sofiane Djeffal,51.50189,,
胡靖,51.228123,,
Luca John Connell,51.508823,,
Oliver Bundgaard Kristensen,57.824326,,
Tomás Leonardo Lecanda,61.934994,,
Nicolás Martín Tripichio,57.942,,
Eric Junior Bocat,58.2777,,
Francisco Javier Montero Rubio,65.43395,,
Lucas Larade,58.00028,,
Augusto Alcorcel,45.948925,,
William Anthony Patrick Smallbone,59.643116,,
Kevin Mouanga,61.16243,,
Ignacio Antonio Saavedra Pino,60.80804,,
Bartosz Bida,22.318102,,
Noel López de la Fuente,27.61285,,
Antonio Gomis Alemañ,45.945427,,
Cleilton Monteiro da Costa,22.121828,,
Julen Jon Guerrero Landabaso,38.91771,,
Nathanaël Saintini,54.56544,,
James Taylor,49.835613,,
Josef John Bursik,38.06603,,
Nathanael Kukanda,44.180283,,
Julian Dunn-Johnson,56.703533,,
Jonathan Turra,59.008842,,
Rui Jorge Monteiro Mendes,30.391727,,
Monsuru Opeyemi,48.880577,,
Benas Šatkus,57.03314,,
Leon Valentin Schaffran,45.92489,,
Adam McCaffrey,42.654945,,
Caolan McLaughlin,20.091324,,
Heitor Rodrigues Fonseca,61.03174,,
Idris Kanu,45.161274,,
Jeyson Ariel Chura Almanza,23.326492,,
Xavi Moreno,52.33135,,
Hazim Hassan Al Zahrani,49.94189,,
万隶楷,47.029636,,
Joel Matthew Bagan,61.43439,,
Giovanni Crociata,32.470173,,
Javier Hernández Tarroc,61.084866,,
Adrian Gheorghe Șut,63.15559,,
Matthew Eric Preston,54.034904,,
Cheick Aymar Timité,35.004536,,
Awad Haidar Al Nashri,55.857002,,
Augusto Martín Batalla Barga,43.179028,,
Guilherme Silva Souza,61.249573,,
张辉,38.299294,,
Luciano Valente,37.664963,,
Víctor Gómez Perea,62.15134,,
Erolind Krasniqi,36.413025,,
Brian Rocha Araújo,45.969936,,
Joe James Powell,48.927044,,
Aiden McFadden,56.53198,,
Jack Young,50.161163,,
Kwadwo Kyeremeh Baah,32.287704,,
Francesco Antonucci,32.911003,,
Charbel Codjo Gomez,19.607492,,
David Ayomide Kasumu,62.27877,,
Javier Díaz Sánchez,46.037617,,
Juan Cruz Díaz Espósito,33.05,,
Luca Daniel de la Torre,39.67622,,
Jae Hun Cho,23.902586,,
Álvaro Aceves Catalina,43.986004,,
Erik Nicolás López Samaniego,24.941761,,
Cristian Ignat,54.43702,,
James Hoban Sands,65.309845,,
Jeyson Alejandro Rojas Orellana,61.90511,,
Jan Žambůrek,43.495007,,
Andreas Poulsen,61.28754,,
Victor Méndez Exposito,45.938854,,
Lautaro Emanuel Blanco,62.42797,,
Christopher Lungoyi,32.745464,,
Sebastián Enrique Salazar Beltrán,62.98022,,
Ammar Siraj Al Najjar,31.954515,,
Ken Martin Gipson,60.730526,,
麦高崚,45.47311,,
Samuel James Hart,60.788094,,
Luis Alberto García Pacheco,36.533775,,
Jordan Scanlon,44.209396,,
Cameron Puertas Castro,64.63522,,
Uriel Jové Balero,60.802628,,
Arda Okan Kurtulan,42.072205,,
周俊辰,24.50613,,
Álvaro Sanz Catalán,61.386177,,
Samy Faraj,42.676807,,
曹孝义,49.049194,,
Tobias Heintz,35.23537,,
Pedro Henrique Rodrigues Bicalho,58.34177,,
Matías Ocampo,41.226925,,
Rafael Tresaco Blasco,21.547188,,
Iman Griffith,30.405537,,
Gaultiér Overman,56.373688,,
Kyle Ferguson,55.29813,,
Timothée Joseph Pembélé,62.176632,,
Kjell Dennis Collander,57.580383,,
Alfons Nygaard,20.85839,,
Thomas Sang,59.244057,,
Harmanpreet Singh,20.781954,,
Jordy José Alcívar Macías,58.768673,,
Adam Stefan Lundqvist,59.65166,,
Mikkel Konradsen Ceide,57.19514,,
Nick Anderton,57.28078,,
Víctor Alejandro Dávila Zavala,32.911995,,
William Bøving Vick,31.18218,,
Robbie Mahon,25.182741,,
Henri Koudossou,47.932926,,
Anargyros Kampetsis,27.954546,,
Giorgi Kokhreidze,43.981243,,
Paulo Vitor Fernandes Pereira,38.25098,,
Mihai Maximilian Popa,36.661644,,
Béni Makouana,31.58958,,
Scott Connor Kashket,22.66205,,
黄光亮,52.988537,,
David-Marian Croitoru,32.79491,,
Léon Delpech,56.886753,,
Alec Hugo Deneumostier Ortmann,65.11262,,
Mamady Diarra,49.46343,,
Manuel Monzeglio Velázquez,25.387745,,
Shubham Sarangi,49.681854,,
Kevin O'Toole,26.474163,,
Benjamin Hemcke,51.20868,,
Bryan Andrés Carvallo Utreras,28.644405,,
Hak-Yoon Lee,45.9462,,
Ricardo Manuel Pinho Matos,27.902897,,
Luke Oresti,35.798923,,
Ricardo Daniel Pepi,36.197567,,
Bryan Javier Caicedo Jurado,60.328094,,
Enmerson Geovanny Batalla Martínez,29.800539,,
Gianfranco Chávez Massoni,63.838177,,
Joseph Minala,60.929333,,
Daniel Martín Fernández,45.98631,,
Paolo Sciortino,59.51057,,
Hayden Lindley,52.618618,,
Jackson Gabriel Porozo Vernaza,65.0477,,
Stan Van Dessel,54.55209,,
Guillermo Wagner,61.621468,,
Dantouma Yaya Toure,25.016956,,
Antony Alves Santos,38.219074,,
Adrian Soboń,33.351734,,
Alejandro Asensio Crespillo,42.77,,
Pablo Pérez Rico,56.929382,,
Sergio Carreira Vilariño,59.56256,,
Juan Manuel Gutiérrez Freire,40.49047,,
Jack Williams,39.859146,,
张越,28.769651,,
Gédéon Kalulu Kyatengwa,64.14084,,
Pau Casadesús Castro,55.928905,,
Jakob Andrew Hessenthaler,53.05694,,
Karabo Molefe,45.948277,,
Eddie Munjoma,52.582584,,
Hugo Novoa Ramos,30.923183,,
Matthew Pollock,62.040905,,
Pedro Jesús Azogue Rojas,62.88069,,
Kevin Holmén,44.13941,,
Adil Nabi,28.229662,,
Nino Žugelj,27.692516,,
Peter Maguire,50.143562,,
Per Kristian Worre Bråtveit,45.75974,,
Unai Dufur Espelosín,61.581146,,
Adrian Mihai Gîdea,31.223438,,
Ramón Juan Ramírez,45.959663,,
Renzo Giampaoli,62.612885,,
Lennart Franklin Moser,45.99978,,
Youssuf Sylla,21.59822,,
Benjamín Ignacio Galdames Millán,35.442,,
Emiliano Agustín Villar Vidal,30.977667,,
Masimiliano Doda,51.90729,,
Aqeel Al Dhafeeri,45.920628,,
Tomás Ezequiel Castro Ponce,51.967304,,
范恒博,46.78482,,
Jean-Marie Dongou Tsafack,28.100002,,
Bogdan Filip,45.875042,,
Luke Boore,52.894104,,
Petar Pušić,45.87184,,
Shamit Shome,56.591995,,
Lukas Klünter,63.394794,,
Ían Jairo Misael Torres Ramírez,41.364853,,
Carlos Augusto Rojas,57.197865,,
Daleho Irandust,43.026043,,
Alistair Coote,37.444946,,
Marco Pašalić,33.89844,,
Oleksiy Sych,57.11455,,
Tiago Nathan Pombeira Gesser,33.196686,,
Fabian Benko,42.438778,,
Ryan James Broom,36.232185,,
José Antonio Morente Oliva,43.240723,,
Juan Nicolás Carrera Zarzar,57.40299,,
Kerem Şen,48.824177,,
Bryan Passi,61.026546,,
Rubén Gómez Peris,45.94805,,
Sebastian Sun Anderson,48.936787,,
Mateusz Sopoćko,46.681755,,
Lorik Emini,62.84615,,
Akinwale Joseph Odimayo,61.36677,,
Ludvig Nåvik,45.243458,,
Diego Gutiérrez Chinea,60.095787,,
Siebe Wylin,57.317635,,
Christian Adán Larotonda Adán,63.631966,,
Alessandro Fiordaliso,59.100365,,
Julen Agirrezabala,45.96218,,
Sebastián Figueredo,56.880226,,
Ricard Artero Ruiz,55.90508,,
Federico Agustín Gattoni,65.22011,,
John Nwankwo Chetauya Donald Okeh,62.41519,,
Callum Damian Peter Morton,35.543465,,
Léider Andrés Riascos Suárez,59.931427,,
Kilian Bauernfeind,40.781628,,
Iván Romero de Ávila,31.656414,,
Samuele Righetti,56.91131,,
Agustín Univaso,23.859493,,
Cheikh Ahmet Tidian Niasse,64.14731,,
Jack Tyler Diamond,33.020393,,
Yerson Mosquera Valdelamar,61.64964,,
Jake Joshua Burton,19.707937,,
Elyas Al Biladi,49.88467,,
Reece Randall Grego-Cox,24.70807,,
Aaron Nassur Kamardin,60.5612,,
Vicente Esquerdo Santas,48.472614,,
José Ricardo Avelar,57.657665,,
Jon Ander Olasagasti Imizcoz,62.285355,,
Aboubacar Kobele Keita,61.716976,,
Mohamed Taabouni,44.306656,,
Víctor Mollejo Carpintero,38.191998,,
Timothy Joel Eyoma,60.54687,,
Hayden Anthony Roy White,58.710876,,
Taylor Ellis Allen,51.17333,,
Andrés Felipe Perea Castañeda,62.05531,,
Presley Pululu,27.570383,,
Tristan Nydam,60.242645,,
Adam Griger,26.066704,,
Young Jun Goh,33.57557,,
Elias Manoel,20.551826,,
Adam Lee Phillips,43.814693,,
Ephron Jardell Mason-Clark,30.33976,,
Fawaz Al Sagourq,37.661182,,
Mateusz Letkiewicz,54.852634,,
Felix Omoruyi Irorere,57.601593,,
Alex Aguilar,61.122982,,
Christopher James Durkin,62.6224,,
Tobias Okiki Lawal,46.005108,,
Rubin James Colwill,41.402184,,
Sandro Mike Lauper,64.19376,,
Karl Jakob Hein,45.942387,,
Jerome Sinclair,39.297295,,
Rockson Alexander Renteria Ovando,61.73014,,
Ilay Eliyau Elmkies,56.376675,,
Ahmed El Messaoudi,62.612335,,
Niccoló Belloni,28.08218,,
Matthew Jimmy David Garbett,51.2573,,
Young Woo Seol,57.228657,,
Bruno Báez Panero,29.218033,,
Ryan Finnigan,47.256424,,
Ezri Konsa Ngoyo,64.043785,,
Aridon Racaj,21.360477,,
Brayan Medina,60.729507,,
Jean Paul Madera,51.85796,,
Goodman Mosele,61.515068,,
Elías Britez,58.075317,,
Marco Bürki,55.256958,,
Marian Obedeanu,36.904823,,
Tom George Sawyer Conlon,45.60092,,
Esey Gebreyesus,27.6045,,
Ricky Aguiar,48.556293,,
Hernandes Rodrigues Da Silva,29.726973,,
Niklas Jahn,45.87996,,
Luca Cristian Andronache,31.20698,,
Rodrigo Mario Morínigo Acosta,45.94873,,
Iván René Franco Díaz,36.10065,,
Emil Roback,19.948555,,
Jason Meerstadt,57.969788,,
Abdelkahar Kadri,58.228638,,
Gian-Luca Itter,64.10079,,
Jankat Yılmaz,45.94635,,
Patrick Moser,45.925552,,
Álex Collado Gutiérrez,54.64524,,
Daniel Neil,62.094604,,
Dino Salihovic,50.14055,,
Eric Anders Smith,58.993423,,
Lucas Nahuel Morales,61.149982,,
Tobias Stockinger,41.784508,,
Rok Vodišek,45.94301,,
Ole Martin Lekven Kolskogen,60.93448,,
Jensen Guy Weir,56.585682,,
Onur Ural,57.735405,,
Matis Carvalho,45.96818,,
刘润楠,50.331123,,
Slavi Spasov,20.399158,,
Malik Sawadogo,49.704563,,
Carlos Kevin Omoruyi Benjamin,26.567999,,
Filippo Delli Carri,63.211098,,
Iulian Zamfir,35.8876,,
Scott Simons,45.9411,,
Emre Demir,37.706284,,
Diego Alende López,63.21539,,
Pietro Rovaglia,28.461706,,
徐浩峰,54.156452,,
Harry Kyprianou,60.242386,,
Kervin Andrade,45.47064,,
Cristhian Fabián Paredes Maciel,61.987675,,
Sean Dominic Robertson,42.53949,,
Ben Collins,51.132507,,
Stephen Christopher Wearne,37.162014,,
Rahul Kannoly Praveen,35.28119,,
Javier Guerra Moreno,51.79963,,
Charlie Patrick Jolley,21.967869,,
Damian Duffy,42.654945,,
Sidney Raymond Kenneth Nelson,61.42924,,
John Ryan,48.830612,,
Lasse Selvåg Nordås,26.5345,,
Stefano Marino,25.104443,,
Jairo Ralph Farnias Almeida,45.99584,,
韩佳奇,27.041212,,
Lucas Galarza,45.941357,,
Lewis Jack Gibson,62.784595,,
Àlex Baño Canellas,45.94867,,
Nils Mortimer Moreno,20.891481,,
Pedro Ortiz Bernat,49.488052,,
Nawaf Dhahi Faisal Al Suweiti Al-Aqidi,45.945473,,
Jesús Castellano,43.905663,,
Joël Abu Hanna,61.66386,,
Adnan Ugur,60.71928,,
Pelayo González Rey,57.25839,,
Julius Dirksen,60.767754,,
Miroslav Gono,49.302032,,
Benedikt Paul Grawe,45.955708,,
Albert Tivadar Stahl,40.6791,,
Han-Noah Massengo,63.071297,,
Brian Oddei,35.442505,,
Noah James,45.94642,,
Simone Rabbi,39.284447,,
Gustavo Filipe Azevedo Sá,51.404186,,
Josh Chapman,45.94748,,
Ángel Jiménez Gallego,45.949654,,
Rene Kriwak,26.846603,,
Matheus Pereira de Souza,60.798836,,
Eren Sami Dinkçi,27.669226,,
Guy Carel Mbenza Kamboleke,22.719778,,
Daniel Esteban Ríos,35.413242,,
Facundo Daniel Monteseirín,63.871197,,
Irvyn Lomami,61.05542,,
Nando Zen Pijnaker,62.222363,,
Dillan Solomons,60.40376,,
Antonio Iervolino,48.36269,,
Oleksandr Drambaev,58.864826,,
Yair González,24.50641,,
Ștefan Marinel Vlădoiu,58.31932,,
Jesús David Marimón Báez,62.263355,,
Piero Antonio Vivanco Ayala,59.974655,,
Malthe Højholt,62.67116,,
Stevan Stanic-Floody,31.201744,,
Ilyas Chouaref,29.42119,,
Zach Ryan,37.752556,,
Jordi Escobar Fernández,23.248013,,
Tijany Atallah,57.388844,,
Adriano Firmino da Silva,58.42792,,
Charley Kendall,27.439383,,
Luca Zanon,60.763077,,
Jordy Bruijn,50.705933,,
Joshua Oluwayemi,45.95504,,
Valentín Alberto Burgoa,54.31375,,
Brandon Michael Clarke Thomas-Asante,31.675892,,
Francisco Bregante,52.333652,,
Diego Collado Raya,30.776852,,
Johannes Tartarotti,55.07977,,
José Francisco dos Santos Júnior,30.093987,,
Nicolás Alejandro Thaller,64.31208,,
Paulo Estrela Moreira Alves,62.74044,,
Sebastian Reinhard Klaas,38.16544,,
Lucas Cañizares Conchello,45.958504,,
Oliwier Zych,45.94626,,
Tomas Giraldo,44.975567,,
Seydou Saeed Issah,54.72429,,
Armand Smrcka,58.262344,,
Matthew Real,59.904743,,
Jakub Kisiel,56.827736,,
Mikey O'Neill,24.93171,,
Ryan Thomas Cooney,61.10266,,
Asad Kasumovic,23.20776,,
Florentin Lucien Jean Bloch,45.95348,,
Radosław Seweryś,57.394753,,
Mohamed Salah El Boukammiri,27.94959,,
Emrecan Uzunhan,56.391224,,
Alexandru Mihai Ilie,33.16238,,
Rahmetullah Berişbek,41.68728,,
Luka Adžić,33.15561,,
Damian Daniel Isac,54.476715,,
Mohammed Al Mosabbah,49.579365,,
陈国抗,31.491806,,
Jonathan Alexánder Pérez,27.264479,,
David Strelec,32.384785,,
Daniel Shaquille Jabari Phillips,59.234688,,
Rodrigo Elías Delvalle Noguera,59.837692,,
Jan Luca Schuler,32.628113,,
Ian John Lawlor,33.081768,,
Aaron Doran,38.29312,,
Mamady Alex Bangré,44.5823,,
Koca Manu Agro,45.940872,,
Benjamin Kikanovic,26.364262,,
Kerwin Vargas,21.960749,,
Aylan Benyahia-Tani,22.110817,,
Luke Mariette,44.584045,,
Temitayo Olufisayo Olaoluwa Aina,60.02468,,
Abraham Del Moral Rando,60.58078,,
Devin Remie,45.947178,,
Cheikh Tidiane Sabaly,20.322449,,
Devante Clut,43.575623,,
Haralambie Mociu,45.938297,,
Diogo Costa Pinto,25.895824,,
José Mijares,55.629154,,
Kaj van der Veldt,59.57518,,
Jhon Jairo Espinoza Izquierdo,63.178738,,
Samuel Peter Barnes,57.325523,,
Benjamin Leneis,45.944687,,
Álvaro Bustos Sandoval,46.2389,,
Griffin McDorman Yow,22.590603,,
Khalid Kadyrov,23.155567,,
Saúl Basilio Coco Bassey Oubiña,64.834274,,
Dean Graeme Campbell,54.55729,,
Patricio Alessandro Flores Bascur,57.910248,,
Jannes-Kilian Horn,64.17145,,
Edward James Bishop,50.64021,,
张禹,51.141193,,
Lucas Becker,45.945656,,
Declan Christopher John,62.671535,,
刘若钒,40.813698,,
Mikael Neville Anderson,45.15943,,
Sebastian Jarl,58.015408,,
Timo Zaal,58.301315,,
Iván Fresneda Corraliza,61.50243,,
Pablo Agustín Minissale,64.58252,,
Abel William Stensrud,22.696953,,
Muhammed Samed Karakoç,40.09209,,
Theo Gunnar Martens,20.039675,,
Marcus Samuel Michael McGuane,59.589466,,
Rashed Al Muwainea,45.94176,,
Shayr Mohamed González,37.552917,,
Liam Mullan,37.591938,,
José Luis Sierra Pando,27.293669,,
Mattia Ciucci,55.300377,,
Blas Esteban Armoa Núñez,23.975182,,
Marco Tumminello,32.162594,,
Dylan Durivaux,54.087532,,
Simon Beccari,45.953205,,
Timmy Abraham,24.56951,,
Brian Alexis Leizza,62.585945,,
Samuel Graham,59.13165,,
Christopher Cadden,59.856373,,
Juan David Cabal Murillo,64.71639,,
Cristian Estaban Trujillo Riascos,57.2009,,
Santiago Ignacio Bueno Sciutto,65.00147,,
Edoardo Piana,45.19429,,
Darren Collins,32.615757,,
任康康,38.55192,,
Mohamed Kefing Kanté,19.782856,,
Salem Abdullah Salmeen Mubarak Al-Jaberi,54.82991,,
Zohran Ludovic Bassong,51.226593,,
Zachary Jeacock,45.94203,,
麦麦提热依木·麦麦提艾力,24.070522,,
Daniel Happe,60.611423,,
Mikkel Kaufmann Sørensen,32.36818,,
Miguel Azeez,44.377026,,
Alexander Louis Jakubiak,25.261751,,
Joaquín Gabriel Trasante Hernández,62.271816,,
Przemysław Kapek,20.67792,,
Caleb Cassius Watts,49.77137,,
Indiana Denchev Vassilev,32.145325,,
Ramón Sosa Acosta,48.011147,,
Álex Pastor Carayol,61.83247,,
Antonio Mihai Stan,33.845394,,
Justo D'Angelo,59.249275,,
Julián Alejo López,54.880768,,
Rafael António Pereira,61.811237,,
Rafiki Said Ahamada,21.57878,,
Johan Stenmark,56.940025,,
James Dodd,43.302814,,
Kadin Chung,54.197163,,
Adalberto Eliécer Carrasquilla Alcázar,58.111458,,
Franck Junior Evina,34.669216,,
Facundo Leonel Mater,63.312435,,
Nikolas Korzeniecki,55.444088,,
Nils Hahne,45.957893,,
Moussa Kalilou Djitté,28.126984,,
Barış Əkinçiər,41.012356,,
Bryan González,43.3365,,
Clinton Mola,61.253056,,
Daniel Esmorís Tasende,58.24197,,
Adam Jozef Przybek,24.491074,,
Yaya Dukuly,27.69748,,
Wesley Nathan Hylton Harding,61.519943,,
Filip Wojciech Jagiełło,50.318863,,
Elias Imed Damergy,45.965675,,
Alexandro Ezequiel Bernabei,59.65328,,
Lucas Flores de Oliveira,45.958294,,
Dylan Lobban,38.44714,,
Lautaro Pastrán,19.22711,,
Thoma Monney,54.138,,
Nana Boateng,33.534096,,
Benjamin Luke Woodburn,24.714512,,
Tommy St. Jago,65.405655,,
Victor Göransson,46.955414,,
Amjhad Nazih,46.021015,,
Gregorio Gracia Sánchez,57.58708,,
Miloš Bočić,22.67696,,
Joshué Jampier Quiñónez Rodriguez,60.983715,,
Cameron Rooney,42.081726,,
Bastián Pino,57.18996,,
Brody Paterson,49.353306,,
Fynn Otto,59.17741,,
Mohammed Furaih,21.384094,,
Mansor Faiez Al-Beshe,44.091316,,
Alhagi Marie Touray Sisay,36.584915,,
Lesley Chimuanya Ugochukwu,61.337414,,
Kang Han Lee,49.989216,,
Syver Aas,46.701138,,
Thomas Edwards,62.35227,,
Jonathan Risbjerg Ægidius,45.92075,,
Evan Ovendale,45.950146,,
Senna Malik Miangué,62.78553,,
Leon Thomson King,59.06683,,
Malcom Adu Ares Djaló,23.552402,,
Giuseppe Marco Zampano,60.2263,,
Jermaine Anderson,41.104565,,
Sanasi Sy,62.38299,,
Ricardo Hernández,57.35851,,
Leonel López González,45.963886,,
Ayotomiwa Dele-Bashiru,60.724113,,
Hakeem Ademola Odoffin,56.540173,,
Nikola Tzanev,25.966629,,
Peter Urminský,45.93867,,
Hallam Robert Hope,25.920431,,
Luca Petzold,35.716816,,
Adama Fofana,57.319977,,
Martijn Beernaert,45.94956,,
Sam Johan Hampus Lundholm,40.17533,,
Jari Vlak,60.687355,,
Layan Loor,56.653458,,
Ben Engdahl,47.225643,,
Tom Spencer Smith,40.605614,,
Adrián González Moyano,45.945812,,
Vicente Andrés Felipe Federico Besuijen,20.811113,,
Azzeddine Toufiqui,47.576466,,
Lucas Emanuel Brochero,30.332111,,
Kalil ElMedkhar,28.512793,,
Bader Mohammed Munshi,56.95926,,
Carlos Uriel Antuna Romero,32.306408,,
Isak Hagen Aalberg,51.321724,,
Cyril Etoga,55.46728,,
Sergio Barcia Larenxeira,61.317173,,
沖 悠哉,46.085316,,
Thakgalo Khanya Leshabela,47.268566,,
Alexis Amadeo Sabella,55.102562,,
Aaron James Lewis,60.562492,,
Sebastian Bergier,24.82155,,
Saad Fahad Al Nasser,28.767857,,
Daniel Szelągowski,21.942186,,
Gyeong Jun Byun,26.89511,,
Vicente Conelli,23.986044,,
Oskar Aron Opsahl,48.48238,,
Kevin Fernández,21.104761,,
Francisco Joel Gerometta,62.678013,,
Kristian Fletcher,27.049751,,
Matteo Arena,51.65964,,
Marc Vidal Girona,45.946007,,
Victor Torp Overgaard,54.056908,,
Amine Khammas,57.150322,,
Adam Porter,43.99507,,
温永骏,44.551853,,
Elliott Ricardo Wignal List,28.87858,,
Robert Lee Burton,51.516926,,
Dany Mota Carvalho,27.726059,,
Paul Philip Mullin,23.57505,,
Paweł Sokół,45.94696,,
Josh Thomas Doig,62.23686,,
P. Justiniano Almeida Gomes,61.06893,,
Robin Risser,45.94141,,
Justin Antonius Lonwijk,59.519173,,
Mitchell Perry Lund,51.682983,,
Andreas Skjold,32.49578,,
William Agada,24.778736,,
Harrison Neal,57.433426,,
Ebeguowen Owen Otasowie,58.636375,,
Thomas Holmes,63.320515,,
Diego Vicente Bri Carrazoni,25.664438,,
Leandro Nicolás Contín,31.96617,,
Diego Valentín Rodríguez Alonso,57.385532,,
Ján Bernát,35.23733,,
阿布力克木·阿布都沙拉木,42.459415,,
Ignacio Méndez Navia Fernández,58.42512,,
Adrian Szczutowski,29.82238,,
陈克强,47.501617,,
Filip Rønningen Jørgensen,56.331573,,
Alexsandro de Souza Ribeiro,64.693565,,
Leonardo Román Riquelme,45.963917,,
Thelo Gerard Aasgaard,38.540794,,
Filipe De Carvalho,24.212135,,
Brandon Neil Haunstrup,52.232807,,
Hans Nunoo Sarpei,63.75868,,
Simon Fabio Stehle,34.211033,,
Mamadou Ibra Mbacke Fall,63.647552,,
Mads Roerslev Rasmussen,62.16577,,
Kion Reece Etete,30.52536,,
Cristian Riquelme,58.13013,,
Cosimo Marco Da Graca,22.682981,,
Moritz Heinrich,30.321041,,
Carl Adam Jonathan Hellborg,59.648876,,
Daniel Grant,41.763702,,
Jesús Fernández Alonso,56.66171,,
Andreas Bruhn Christensen,37.13853,,
Ayman Yahya Salem,31.640839,,
Jaime Durán Jiménez,45.927807,,
艾菲尔丁·艾斯卡尔,26.134436,,
Eric Joel Andersson,55.825146,,
Mihai Marian Aioani,45.977753,,
张锦梁,57.07346,,
Alex Juárez,59.1193,,
ルシアン リトバルスキー,30.453209,,
Kevin Costinha,22.217468,,
Alexandru Despa,22.95006,,
Nawaf Al Saadi,29.865677,,
孙健祥,45.961937,,
Franck-Yves Bambock,60.03234,,
Morgan Boyes,56.99913,,
Francisco Meira Meixedo,45.94201,,
Won Woo Lee,49.989788,,
Javier Garrido López,45.928825,,
Felix Lange,59.723656,,
Ákos Nistor,30.380674,,
Emmanuel Ebuka Osadebe,51.837463,,
Jack Stephen Burroughs,58.606373,,
Arthur Lomax,22.901825,,
Jacob Melling,51.93961,,
Mücahit Serbest,45.98067,,
Alejandro Ramos Rodríguez,55.543293,,
Erik Centeno,47.574017,,
Rafael Sebastián Mújica García,33.085285,,
Julián Eseiza,60.494236,,
Gilles Richard,56.41217,,
Mustafa Eser,61.50535,,
Tom Bierschenk,36.754974,,
Emil Özkan,50.46961,,
Danny Kwasi Amankwaa,30.346207,,
Alejandro Pachón Párraga,21.953497,,
Daniel Francis Anyembe,56.746086,,
Jayden Davis,29.972132,,
Callum Roddie Elder,57.274445,,
Seong Jin Kang,28.178358,,
Mathías Bernatene,45.955276,,
Tobias Mißner,54.732536,,
Omar Tyrell Crawford Richards,60.66944,,
Edwuin Steven Cetré Angulo,29.464993,,
Hisham Al Dubais,23.275282,,
José Daniel Lasso,45.95355,,
Kane Benjamin Vincent-Young,60.933258,,
Viljar Røsholt Myhra,45.734604,,
Ryan Clampin,56.899384,,
Mohamed Bouchouari,56.670803,,
Julián Romero,35.009945,,
Erison Danilo de Souza,23.449636,,
Rayane El Khamali,30.163685,,
Terence Owen Vancooten,61.11862,,
Antonio Ignacio Torres Carrillo,45.805183,,
Gustavo Peredo Ortíz,42.9661,,
Josh Blunkell,45.954216,,
Mathew Antony Stevens,23.181898,,
Nikolas Langberg Dyhr,59.997246,,
Karlo Sentić,44.45742,,
Antef Tsoungui,61.27318,,
Luther Ash James-Wildin,57.242336,,
Angelo Bačić,44.1277,,
Benjamin Craig Old,44.753994,,
Daniel Londoño Castañeda,60.7055,,
Julián Vitale,59.93147,,
João Pedro Loureiro da Costa,63.286602,,
Mouhamadou Lamine N'Dao,46.949413,,
Derrick Arthur Köhn,54.590668,,
Joshua Lloyd Ginnelly,40.761795,,
Dae Woo Kim,55.00051,,
Matthew Anim Cudjoe,32.3379,,
Nicolás Ferreira,30.174822,,
Matías Romero Andrade,21.983437,,
Franco Nicolás Fragueda,45.963505,,
Bruno Henrique Marques Torres,27.031832,,
Kevin Rivera,45.485306,,
Roberto Fernández Jaén,34.927498,,
Magnus Isager,50.410824,,
Moudi Najjar,51.443832,,
Derik Gean Severino Lacerda,31.557642,,
Fares Al Garzae,24.037924,,
Abdelrahman Saidi,42.060284,,
Walid Jarmouni,27.456068,,
Juan Sebastián Vargas Melgarejo,58.561653,,
Callum Jason Noel Camps,42.970726,,
Conor Dominic Geoffrey Wilkinson,27.605713,,
Corentin Jacob,57.53559,,
Thomas Callens,45.91478,,
Alexis David Duarte Pereira,66.07609,,
Daniel Alejandro Pérez Córdova,27.379328,,
Diego José Conde Alcolado,45.94364,,
韦丰,20.492573,,
刘邵子洋,45.961063,,
William Jenkins Davies,48.4854,,
James Melhado,48.145763,,
Mehmet Ataberk Dadakdeniz,45.949997,,
Franck Elimane Kanouté,61.328804,,
Bongokuhle Hlongwane,44.490692,,
Joshua Nisbet,52.916252,,
瀬古 歩夢,64.29003,,
Jake Hastie,31.296648,,
Herman Hallberg,51.188934,,
James Doona,39.420578,,
Janus Guillermo Vivar Estrella,31.935335,,
Gerard Garner,24.223562,,
Aziz Ouattara Mohammed,59.110367,,
Guido Guerrieri,46.07471,,
Damian Dawid Szymański,49.36879,,
Luis Thomas Binks,64.17837,,
Pacifique Niyongabire,31.334951,,
Alan Jonathan Patrício Botelho,65.995865,,
Onel Acosta,58.685974,,
Kai Evans,40.150047,,
Víctor Manuel Milke Almagro,58.193024,,
Albie Robert Morgan,51.218224,,
Jesper Dickman,26.913052,,
Montasser Lahtimi,30.04655,,
Santiago Moya,61.81042,,
Ryun Seong Kim,47.24489,,
Xian Ghislaine Emmers,54.454567,,
Luis Lopes,27.265602,,
Sharon Padattil,45.954323,,
Jaden Philogene-Bidace,30.118038,,
Germán Berterame,31.718994,,
Pedro Guillermo Ibáñez Gálvez,60.240955,,
Iván Darío Angulo Cortés,39.92902,,
赵健博,20.9748,,
Jonatan Carmona Álamo,59.03672,,
Christian Frederick Bayoi Makoun Reyes,63.366146,,
Marcelo Amado Djaló Taritolay,60.773037,,
Matías Vesprini,61.303528,,
Archie Meekison,47.858105,,
Ronaldo Damus,23.090488,,
Lucas Laso Gutiérrez,60.825546,,
Rasmus Rosenqvist,42.722652,,
Dylan Murugesapillai,52.0334,,
José Carlos Martínez Garzón,40.819946,,
Patriot Sejdiu,31.223894,,
Abel Eric Moreno Vargas,50.04799,,
迪力依米提·土地,53.438213,,
Lachlan Ricky Brook,36.057755,,
Berkan Küpelikılınç,56.26307,,
Sekou Sylla,58.35407,,
Philipp Sturm,43.225216,,
Joshua Luke Sheehan,48.473183,,
Samuel Yepie Yepie,24.193378,,
Braian Miguel Angel Martínez,38.784576,,
Lewis Jay Freestone,56.409897,,
Moataz Zemzemi,49.354137,,
Liam Darren Shaw,54.36208,,
Elione Fernandes Neto,58.10552,,
Lalchungnunga Chhangte,44.0546,,
Regan Jon Griffiths,47.829597,,
Harry Birtwistle,49.611076,,
Filip Koperski,58.42542,,
Farrend James Rawson,61.818558,,
Ryan Alebiosu,59.573765,,
Serhou Yadaly Guirassy,32.810905,,
Mihai Velisar,61.049786,,
Benjamin Acquah,54.93256,,
Luke James Cundle,51.298233,,
Brooklyn Raines,46.124844,,
Adam John May,52.35801,,
Petar Mićin,34.16983,,
Marko Soldo,44.80493,,
Carlos Eccehomo Cuesta Figueroa,64.39824,,
Kasper Poul Mølgaard Jørgensen,58.454224,,
Jetmir Topalli,27.554518,,
이슬찬 李瑟灿,52.896053,,
Luis David González Torres,37.017445,,
Severino Pedro Santos Hermes,30.386501,,
Derek Germano Kutesa,39.572884,,
Jur Schryvers,61.189053,,
Kai Clifton Trewin,61.192562,,
Christian Norton,31.47744,,
Leon Ross Nikoro Davies,53.929985,,
Adam Kieran O'Reilly,56.41398,,
Francisco Manuel Gonzalez Verjara,61.289635,,
Jakub Ojrzyński,38.313126,,
Diego Luis Valoyes Ruíz,44.72025,,
Selimcan Temel,51.76862,,
Francisco Ginella Dabezies,58.38451,,
José Martínez Marsà,62.52827,,
Jordan Patrick Dear Hamilton,26.09204,,
Ivan Krolo,53.98603,,
Cameron Dunbar,19.654116,,
Ryan Burke,52.764484,,
Dan Davies,47.42333,,
Charles Monginda Pickel,60.45264,,
Tim Luis Maciejewski,46.070496,,
Hugo Lorenzo Quintana Escobar,54.230873,,
Shadrach Nosa Ogie,59.41916,,
Jin Seong Park,56.029743,,
Bode Davis,28.28273,,
Kasper Kaan Özden Kairinen,61.05638,,
Marko Brkljača,35.019596,,
Luis Mario Díaz Espinoza,30.691175,,
Olimpiu Vasile Moruțan,34.73564,,
Edson Acevedo,56.309525,,
Lennert Hallaert,20.291967,,
José David Menargues,58.91866,,
Sidiki Camara,44.879776,,
Francis Apelete Amuzu,36.41957,,
Rocco Ríos Novo,45.94635,,
Kevin Nana Yaw Berkoe,49.88157,,
Denizcan Cosgun,35.270878,,
Isaac Lihadji,27.42093,,
Denis Mihai Drăguş,18.90706,,
Moonga Simba,31.709938,,
Rosaire Longelo-Mbule,40.89571,,
Jeremy van Mullem,62.376232,,
Gerard Yepes Laut,49.95447,,
Robert Lynch Sánchez,36.524582,,
Olaf Kobacki,44.594856,,
Leandro Sanca,30.844017,,
张焯傲,50.001648,,
Nico Gordon,60.91208,,
Sheikh Sahil,51.08907,,
Stan Braem,22.716606,,
Jonas Welson Orsi de Meneses,39.04827,,
Craig Ross Wighton,28.564974,,
Pablo Pérez Rodríguez,45.613533,,
Nasser Al Shikaili,33.201298,,
Francisco José Villalba Rodrigo,38.093353,,
Jack Walton,35.289062,,
James William Hanson,57.03949,,
Noah Shawn Agbaje,27.238815,,
Álvaro Bastida Moya,62.863987,,
Adrià Altimira Reynaldos,59.970474,,
Svend Arvid Stanislaw Brodersen,45.913,,
Ilias Akhomach Chakkour,22.855284,,
Jeremy Helmer,41.586975,,
Beckham Sunderland,45.970657,,
Jimmy Knowles,28.183325,,
Besard Šabović,53.931107,,
Myung Sun Kim,53.98638,,
Tomás Muro,30.79617,,
Hayrullah Erkip,34.358654,,
Bennet Schieber,52.361614,,
Fryderyk Gerbowski,54.822662,,
Yasin Abbas Ayari,49.952003,,
Yannis Lagha,23.212797,,
Kang Hyeon Lee,58.67325,,
Anthony Walongwa,61.013985,,
Alexander William Cochrane,62.875755,,
Matthew Freese,45.943787,,
廖垒,46.551422,,
Harrison Clarke,61.09143,,
Efe Tatlı,60.609673,,
Paul Bourdelle,45.94482,,
Gorka San Nicolás Gil,45.946842,,
Adrian Sandach,45.94592,,
Ahmad Toure Ngouyamsa Nounchil,61.66417,,
Mateus Gonçalo Espanha Fernandes,50.656425,,
Hyun Muk Kang,43.739735,,
Christopher Giuliani,46.08843,,
Jhohann Sebastián Yabur Perea,59.167065,,
Maissa Ndiaye,60.88117,,
Kevin David Salazar Chiquiza,39.09153,,
Adam Ratajczyk,26.97837,,
Matthew Alexander Sorinola,58.610176,,
Yannick Kevin Marchand,60.363113,,
Finn-Dominik Porath,49.499413,,
Dorian Ciezkowski,45.941486,,
Maicol Gil,55.271477,,
Bruno Miguel Ferreira Rodrigues,63.118053,,
Dioggo Isita,44.30498,,
Barry Thomas Crowe,49.322987,,
Alexandros Safarikas,45.96348,,
Jonathan Daniel Benítez Benítez,27.566595,,
Alan Jesús Acosta Montañez,43.82547,,
Bastián Jean Yañez Miranda,30.853704,,
Gonçalo Bento Soares Cardoso,61.806686,,
Gastón Alejandro Pérez Conde,55.311974,,
조영욱 Young Wook Cho,29.639938,,
Anton Mlinaric,59.422867,,
Nikoloz Kutateladze,26.834785,,
Adrian Sæther,45.96761,,
Gassan Ahadme Yahyai,30.134893,,
Devid Eugene Bouah,46.759132,,
Freddy Andrés Roca Vivancos,21.760242,,
皮梓杨,40.339508,,
José Antonio Ángel García,60.556366,,
Bryan Silva Teixeira,46.620453,,
Jesper Manns,58.71608,,
Harry George Kite,52.19777,,
Oğulcan Çağlayan,27.64723,,
Lukas Prokop,55.146248,,
Diego Alexander Gómez,51.55381,,
José Hernando Estupiñan Riascos,61.020943,,
Filipe Bem Relvas V. Oliveira,65.26685,,
Oliver Ross,31.121687,,
Justin Plautz,57.599724,,
Jere Juhani Uronen,61.966526,,
Liam van Gelderen,60.624485,,
Matthew Hatch,47.872902,,
Gian-Luca Waldschmidt,28.844824,,
Coy Craft,41.674606,,
Aaron Nigel Bolger,53.31383,,
Adrián Butzke Benavides,22.67071,,
Nikolaos Vergos,29.450518,,
Mihai Alexandru Dobre,44.50712,,
Joan Manuel Cruz Castro,24.380892,,
蔡浩畅,47.63236,,
Carney Chibueze Chukwuemeka,49.860783,,
James Pradic,45.94034,,
Abdallahi Mohamed Mahmoud,60.881104,,
Alfie Bridgman,38.134235,,
Hélder Gomes Morim,61.523476,,
Alexandru Grigoraș Pantea,57.229404,,
Patrick Gilmar Sequeira,45.94682,,
高天意,58.316875,,
Juan Nazareno,57.710262,,
Flávio Basilua Jacinto Nazinho,62.459625,,
Leo Onni Artturi Väisänen,61.845592,,
Daniel Toma,54.161304,,
Luca Lezzerini,34.271442,,
Jack Thomas,53.658142,,
Thom van Bergen,25.160662,,
Luis Ezequiel Unsain,46.08874,,
Emil Konradsen Ceïde,33.87494,,
Carl Robert Johnston,53.62511,,
Gerónimo Plada,31.831966,,
Alexander Joseph Gersbach,60.467697,,
Victor Alexander da Silva,61.615078,,
Julián Eduardo Palacios,52.921204,,
Thomas Olivier Amang,37.301777,,
Finlay Cross-Adair,19.875996,,
David Robert Bates,63.164818,,
Ibrahim Danlad,45.94505,,
Marko Seufatu Nikola Stamenic,57.731377,,
Aaron Sebastián Astudillo Quiñones,51.87989,,
Andrei Dragoș Șerban,26.507935,,
Carlos Joao Montoya García,61.808037,,
Luis Fernández Teijeiro,28.11846,,
Tomás Lemos Araújo,63.651546,,
Sérgio Pereira Andrade,26.364363,,
Alejandro Díaz Liceága,26.348082,,
Richet Gómez Miranda,62.60621,,
Beto Avila,24.559381,,
何统帅,38.99198,,
Sebastián Parra,45.12759,,
史成龙,43.66917,,
Dylan James Christopher Levitt,60.576496,,
Reece Flanagan,49.663834,,
Teodor Stenshagen,57.690342,,
Matei Moraru,37.7479,,
Martín Ortega,58.547504,,
Ayrthon Quintana,60.089184,,
Tao Sako,55.076008,,
Ben Curtis,51.621376,,
Mika Schröers,35.83782,,
Wai-Tsun Dai,49.35944,,
Cameron Robert Burgess,61.319023,,
Kevin Diks Bakarbessy,65.4807,,
Lalhrezuala Sailung,49.372265,,
Carlos Enrique Rentería Olaya,56.56559,,
Luke Badley-Morgan,54.133934,,
Marcos Johan López Lanfranco,62.2129,,
Moïse Sahi Dion,29.041574,,
Cyrus Dehmie,26.616528,,
Liam McCarron,50.788235,,
Hamza Yiğit Akman,46.779785,,
Pedro Luís Machado Ganchas,63.121563,,
Manuel Lama Maroto,60.06129,,
Joseph Fabrice Ondoa Ebogo,37.99973,,
Rodrigo Miguel Forte Paes Martins,27.816984,,
Thiago Nicolás Borbas Silva,26.817741,,
Lucas Queiroz Canteiro,33.30629,,
Fabrizio Nicolás Correa González,45.943516,,
Max Dyche,55.1787,,
Adnane Abid,21.85361,,
Mustapha Olagunju,56.202663,,
杜月徵,21.687263,,
Carlo Gregor Boukhalfa,57.45246,,
Andrea Librici,44.29616,,
Sean Boyd,32.32054,,
Jay Mingi,56.09463,,
Vincenzo Garofalo,42.682064,,
Dominik Bilogrević,41.400593,,
Geny Cipriano Catamo,35.36937,,
Cillian Heaney,41.32347,,
Tomás Mendes Mendes,50.984177,,
Pedro David Brazão Teixeira,39.297512,,
Maximiliano Samuel Romero,29.608198,,
Christian Schiavone Modica,30.801912,,
Lukas Emanuel Petkov,54.93182,,
Neftali Benedict Manzambi,25.949045,,
Daan Reiziger,45.95541,,
Cristián Alexander Zavala Briones,37.80367,,
Briant D'Altoe,27.110077,,
Stephen Winston Duke-McKenna,38.150833,,
Pedro Miguel Costa Álvaro,65.26784,,
Matías Eduardo Esquivel,53.477936,,
Tyreek Magee,31.466066,,
陶强龙,32.039886,,
Abdoulaye Sissako,61.41667,,
Ji Sol Lee,58.19997,,
Lee Desmond,51.415863,,
Melvin Aladin Ramusović,58.892433,,
Darren Watson,21.406088,,
Louie Mark Barry,23.935335,,
David Rodríguez Ramos,59.304775,,
Tomás Moschión,59.044613,,
Albert Grønbæk Erlykke,57.80908,,
Mika Mármol Medina,61.044643,,
Gaspar Campos Ansó Fernández,34.351753,,
Justin Smith,56.913918,,
Clark Robertson,57.98274,,
George David Dobson,61.93228,,
Brynjar Johnsplass,51.263557,,
Shane Daniel McLoughlin,56.08849,,
Turki Marwan Al-Ammar,49.566772,,
Linus Carlstrand,22.935007,,
Juan Alberto Mosquera Álvarez,60.016296,,
Muheet Shabir Khan,45.94848,,
Unai Ruiz Almandzo,45.951717,,
Evren Eren Elmalı,62.994385,,
Jan Ciućka,20.066595,,
Baltazar Costa Rodrigues de Oliveira,55.88802,,
Luis Fernando Casiani Zúñiga,55.53259,,
陈日金,54.3554,,
Joel Bruce King,61.123257,,
Emilian Metu,52.866943,,
Adam Jan Chrzanowski,60.04272,,
Emmanuel Sowah Adjei,60.709435,,
Gonzalo Damián Abrego,59.900635,,
Tahvon Ravell Campbell,25.71978,,
Marcelo Flores,35.269325,,
Michalis Kosidis,23.48131,,
Julien Vetro,21.553144,,
Olivier Boissy,26.469187,,
Ki-Jana Delano Hoever,62.411934,,
Filip Møller Delaveris,21.69616,,
Timothy Bruce Fayulu,45.942413,,
Maodo Malick M'Baye,47.157665,,
Harvey James Bunker,50.865013,,
Hugo Ozée,56.08252,,
Laurenz Beckemeyer,45.949726,,
Hrithik Tiwari,45.94627,,
Taha Altıkardeş,58.436676,,
李佳恒,45.37776,,
Chris Lotefa,28.024042,,
Braian Alejandro Galván,42.302685,,
Richard Nartey,59.767128,,
Daniels Ontužāns,31.566149,,
Javier Nicolas Vallejo,42.476208,,
Callum Joseph Lang,43.132206,,
郭田雨,36.18391,,
Valdemar Byskov,38.451614,,
陈宇浩,49.07406,,
Dylan José Perera Plasencia,48.1293,,
Omar Antonio Albornoz Contreras,53.58198,,
Mikael Ugland,45.05155,,
Ross Graham,61.052094,,
Lars Kramer,64.62706,,
Oscar Thore Hedvall,46.081264,,
Mattia Vitale,51.73274,,
Adrian Costi Marian Moescu,53.808167,,
Saúl Alejandro Guarirapa Briceño,22.775656,,
Juan Brandáriz Movilla,65.60645,,
Zachary Duncan,58.496758,,
Jean Baptiste Gorby,59.49097,,
Auston Levi-Jesaiah Trusty,65.204704,,
Daniel Nkrumah,22.427094,,
Johannes Manske,18.944092,,
Mika Godts,38.79443,,
Robert Navarro Muñoz,35.666374,,
Conor Mark Chaplin,35.79291,,
Mathias Daniel Pinto Mell,24.658918,,
阿布拉汗·哈力克,44.449554,,
Jason Eyenga-Lokilo,28.182005,,
Miguel de la Fuente Escudero,30.663115,,
Mohamed Ben Fredj,19.905071,,
Joan Stiven Ramírez Martínez,58.318634,,
Joshua William Grant,56.472816,,
Amadou Doumbouya,23.760872,,
Lucas Bernadou,59.511127,,
Zakarie Labidi,45.719173,,
Matías Fernando Lazo Zapata,62.45424,,
Lautaro Nicolás Ríos,61.556004,,
George Oluwaseun Bello,61.331753,,
Callum James Cooke,40.063774,,
Victor Blixt,54.279495,,
Thomas Mcintyre,63.180874,,
Yesit Martínez,58.779976,,
Riley-Jay Harbottle,58.70917,,
Yerson Ronaldo Chacón Ramírez,28.408775,,
安部 裕葵,33.274075,,
Lennart Schulze-Kökelsum,45.93364,,
Daniel Gadegaard Andersen,45.952522,,
Massimo Bertagnoli,60.929253,,
Mahlon Beresford Baker Romeo,52.56821,,
Reinier Jesus Carvalho,42.51424,,
Unai Marrero Larrañaga,45.933216,,
Jonathan Russell,61.545307,,
Will Jonathan Swan,20.825573,,
Marvin Tshibuabua,61.866245,,
Marcus Mølvadgaard,30.381508,,
김대원 金大元,26.424694,,
Beyhan Ametov,26.604479,,
Davide-Jerome Itter,60.008568,,
Ángel De La Cruz,44.062363,,
Emerson Hyndman,52.35705,,
Dennis Olsson,27.961597,,
艾沙江·库尔班,24.491547,,
Ronny Rikal,30.068298,,
Alexis Adelin Beka Beka,64.6551,,
Amel Mujanić,41.34888,,
Andrew da Silva Ventura,45.89439,,
Calvin William Ramsay,56.951675,,
Jackson Gabriel Rodríguez Perlaza,58.005394,,
Eivind Helgeland,42.317917,,
Enzo Martín Roldán,62.468258,,
Benjamin Whiteman,61.593456,,
Tivonge Rushesha,51.343693,,
Juan Pedro Navarro Valverde,45.948593,,
Sam Bowen,52.046036,,
Bernardo Martins Sousa,32.15217,,
Abou-Malal Ba,62.320717,,
Gaby Jean,60.915245,,
Alejandro Pérez Castroviejo,32.17389,,
Tomás Alejandro Chancalay,37.5387,,
Cheikh Ahadou Tidiane Thiam,55.199562,,
Ricardo Jorge Oliveira António,39.447144,,
Aleksander Gajgier,53.852524,,
Benjamín Antonio Garré,37.8849,,
Alejandro Millán Iranzo,34.637627,,
Lucas Ángel Esquivel,60.65101,,
Albert-Nicolas Lottin,58.030064,,
Erik Benjamin Nygren,26.39658,,
Elias Kratzer,52.942528,,
Naim García García,33.132927,,
Emanuel Lalchhanchhuaha,36.786053,,
Jeando Pourrat Fuchs,61.67142,,
Kwaku Bonsu Osei,26.464067,,
Ricardo Manuel Vieira da Silva,45.951366,,
Warren Håkon Christofer Kamanzi,55.53804,,
Dillon Serna,35.396267,,
Junior Alexis Hernández Angulo,63.156906,,
Asier Villalibre Molina,39.389187,,
Daniel Rojas Céspedes,61.15354,,
Logan Chalmers,21.530169,,
Lorenz Knöferl,31.814802,,
Joseph Gubbins,53.30939,,
Enric Llansana Beuse,61.23787,,
魏洺赫,51.23523,,
Oslimg Roberto Mora Pasache,46.104523,,
Nikolas Terkelsen Nartey,63.083076,,
Marco Alexandru Dulca,62.471935,,
Alex Arthur Rufer,39.144207,,
Thomas Clayton,57.962917,,
Bryan David Castrillón Gómez,41.754253,,
Gregorio José Tanco,62.45759,,
Pere Joan García Bauzà,45.94685,,
Igor Drapiński,55.00113,,
Mahamadou Doumbia,39.13726,,
Emil Varhaugvik Breivik,61.19975,,
Matko Mijael Miljevic,51.313362,,
Roque Ramírez,61.446915,,
Milan Smit,25.15067,,
John George McAtee,37.748524,,
Hugo Denar Salvatierra Saucedo,52.970726,,
Abdullah Dijlan Aydın,49.407906,,
George Alexandru Puşcaş,25.385458,,
Alan James Browne,51.528873,,
Alexandru Crivac,52.4563,,
Iago Domínguez Rodríguez,45.97869,,
Nya Jerome Kirby,37.785595,,
Sam Alastair Nicholson,32.892506,,
Rewan Amin,57.226418,,
Maxence André Prévôt,45.95044,,
Luis Miguel Gil,44.548637,,
Stipe Vulikić,62.132057,,
Joe Zoherliana,49.66191,,
杨辰禹,45.339363,,
Tyreik Samuel Wright,33.353394,,
Luke William Offord,49.920425,,
Joshua Atencio,61.637955,,
Jhohan Sebastián Romaña Espitia,59.440865,,
Brayan Garrido,59.33646,,
Sessi Octave Emile D'Almeida,62.98784,,
Shayne Francis Lavery,24.35976,,
Enis Çokaj,64.52343,,
Fabian Herbst,58.720478,,
Jackson Hopkins,40.60183,,
David Raul Miculescu,34.75423,,
Jaziel Orozco,51.624924,,
Daniel Tiefenbach,48.383522,,
Ovidiu Horșia,37.030914,,
Jakub Nowakowski,47.88633,,
Michael O’Connor,23.096926,,
Erik Fernando Godoy,63.249226,,
Ibrahim Sulemana Kakari,61.888996,,
Ignasi Vilarrasa Palacios,64.19092,,
Oscar Halls,50.575806,,
Lukas Rhöse,49.586258,,
Arnau Comas Freixas,62.740326,,
Kevin Villodres Medina,35.02152,,
Andrew Irving,59.05356,,
Daniel Dodds,53.980625,,
Burak Ince,31.171944,,
Alan Uryga,61.7417,,
Pablo Torre Carral,43.019375,,
Tobias-Mbunjiro Knost,57.52721,,
Franco Daryl Tongya Heubang,37.647404,,
Nicolas Thierry Raskin,62.803276,,
Antonio Yakoub,22.809015,,
George Edward Ray,58.41038,,
Edwin Stiven Mosquera Palacios,25.331835,,
Oliwier Wojciechowski,52.51512,,
Lorent Tolaj,33.839542,,
Elijah Henry Just,38.887093,,
Nicolas Martin Hautorp Madsen,59.26214,,
Kays Ruiz-Atil,45.22776,,
Markus André Kaasa,53.825848,,
Ejaita Ifoni,27.207651,,
Joaquin Bigo,45.95512,,
Sofus Berger,49.707306,,
Álvaro Mantilla Pérez,58.46955,,
Beka Dartsmelia,60.318176,,
Adan George,21.049173,,
Archie Finn Collins,55.044918,,
David Ungar,58.604183,,
Santiago Paiva,24.809668,,
Andrés López Gallo,60.922565,,
Naël Jaby,53.262917,,
Nuno Miguel Reis Lima,64.44264,,
Mattéo Ahlinvi,60.426636,,
赵剑非,52.46987,,
Friday Etim,28.961287,,
Nikodem Niski,53.66537,,
Kyle Alex John,60.758385,,
肖开提江·塔依尔,52.738297,,
Cameron Bradley John,56.633877,,
Alexandru Laurențiu Oroian,29.263214,,
Luis Ángel Malagón Velázquez,45.983036,,
Jake Matthew Hull,54.28239,,
Cody Callum Pierre Drameh,56.59974,,
Nicholas Michael Hayes,45.958324,,
Marcos García Trabanco,36.2148,,
William Jääskeläinen,45.91364,,
Manuel Morillo León,21.41577,,
Jan-Rafael Shcherbakovski,35.352448,,
Michael Ndiweni,22.4965,,
Odin Ohray Bailey,35.401493,,
Luka Pršo,51.64932,,
川﨑 修平,26.014816,,
Thomas Gutierrez,60.121918,,
Radu Matei Drăgușin,65.06504,,
Emerson Rivaldo Rodríguez Valois,25.007082,,
Tyler Jordan Magloire,55.610996,,
Oliver Marc Rose-Villadsen,48.28149,,
Flamur Dzelili,29.646645,,
Emilio Kehrer,25.087154,,
Jordan Bernard Rossiter,56.643414,,
Gabriel Veiga Novas,41.04903,,
Diawandou Diagné Niang,60.85624,,
Harry McCarthy,26.500652,,
Jesper Granlund,45.94017,,
Awer Bul Mabil,25.988491,,
Mathias Damm Kvistgaarden,40.205364,,
Hiang'a Mananga Mbock,50.47924,,
Moataz Al-Baqaawi,45.994366,,
Alejandro Zendejas Saavedra,39.267754,,
Matheus Bueno Batista,55.234787,,
Andres Mihai Dumitrescu,59.742706,,
Lewis Payne,51.87087,,
Fatih Yılmaz,59.584824,,
Oliver Michael Rathbone,55.588085,,
Mark Thomas Harris,40.53348,,
Christian Hernando Rivera Cuéllar,61.468277,,
Florin Gheorghe Borţa,56.309196,,
胡家笠,57.7485,,
Mateus Santos Barbosa,26.115767,,
Carmine Soel Chiappetta,19.800522,,
Luca Menke,56.218445,,
Kryštof Daněk,28.612885,,
Lautaro Marco Spatz,61.778164,,
Djeidi Gassama,25.871498,,
Vasilios Sourlis,59.00842,,
Lawrence Nicholas,54.770275,,
Vinicius Silveira de Mello,22.412086,,
Luca Wollschläger,27.155766,,
Jeppe Pedersen,44.353218,,
Bryant Albizo,20.921247,,
Iván Erquiaga,61.220406,,
David Sousa Albino,60.612198,,
Agustín Nicolás Mulet,60.647457,,
Dariusz Pawłowski,61.25916,,
Joan Onofre López Reina,45.967,,
Alexander Parsons,26.127775,,
Benjamin Anthony Brereton Díaz,41.737373,,
渡井 理己,44.42541,,
Christian Thers Nørgaard,55.02848,,
Thiago Thomas Nuss,33.49454,,
Troy Daniel Parrott,30.532099,,
Renat Oleq Oğlu Dadaşov,24.281078,,
Khaled Al Dubaysh,56.01535,,
Saad Al Muwallad,22.879303,,
Cagan Kayra Erciyas,58.215164,,
Mattia Viviani,62.106586,,
Christian Maghoma,61.683453,,
Raúl Moro Prescoli,28.197512,,
Gonzalo Gonzalez,60.55444,,
Hun Min Kim,50.142673,,
William Forrester,57.413662,,
Tommi O'Reilly,50.019382,,
Alex Bangura,61.42227,,
Ismael Quispe,45.945496,,
Martin Adeline,56.297844,,
Gerard Gumbau Garriga,60.85468,,
Lewis Leigh,43.649456,,
Liam McGing,54.967873,,
Alfie Burnett,45.951694,,
Thomas James O'Connor,58.55311,,
Ange Chibozo,22.847504,,
Jesús Alejandro Quintero,60.410828,,
Liam Spencer Gordon,54.450466,,
Jonas Fedl,61.768818,,
Ross James Sykes,63.04187,,
Bryan Fiabema,26.912544,,
Saud Saad Zidan,54.572037,,
James Golding,54.654415,,
杨德江,47.643433,,
Lino Sousa,56.902847,,
Souleymane Cissé,55.97598,,
Luka Đorđević,24.570698,,
Ayoub Jabbari,27.62234,,
Daniel Rebollo Franco,45.76542,,
Ho Jae Lee,26.561777,,
Timm Koch,52.113556,,
Aristide Wam,58.273426,,
Min Seok Kim,41.342476,,
Andrés Felipe Balanta Cifuentes,62.090137,,
Ethyan Jesús González Morales,30.35999,,
Joon Beom Park,21.902668,,
Juan Manuel Cruz,27.778122,,
Andrea Sorrentino,45.944744,,
George David Eric Hirst,31.53293,,
Joider Micolta,26.592833,,
Carlos Manuel Díaz Ferrer,60.529633,,
Ryley Ben Towler,57.159336,,
Kevin Simone Sessa,59.603954,,
Bram Verbong,45.99134,,
Amadou Dia Ndiaye,22.940905,,
Chan Yong Kim,45.965683,,
Nahuel Casasola,60.645634,,
Ruben Kluivert,61.840023,,
Mounir Chouiar,30.224953,,
Nathan Elliot Holland,28.50623,,
Jared Harlock,45.40892,,
Daniel Vidal Martínez,59.94209,,
Mustafa Kizza,57.13441,,
Rodrigo Ribeiro Valente,41.40277,,
Edson Armando Rivas Vielma,21.965897,,
Ebere Paul Onuachu,34.54215,,
Frederik Rahn,49.543755,,
Damil Serena Dankerlui Wadilie,59.9221,,
Håkan Rasmus Wiedesheim-Paul,27.464388,,
Quaine Bartley,28.61741,,
王浩然,45.499886,,
Song Hun Shin,45.954952,,
Eric Andre Kahl,60.5455,,
Carlos Daniel Meza Villa,62.249004,,
Jon Karrikaburu,26.732977,,
Jakub Niedbała,44.02337,,
Nordin Musampa,61.191803,,
Wojciech Kamiński,59.47315,,
Jayden Deslandes Sweeney,51.158474,,
Julian Huertas,45.9481,,
Matías Nahuel Borgogno,26.881577,,
Rakan Shamlan Al-Enezi,38.848473,,
Juan Ignacio Martín Nardoni,55.77127,,
Tim Latteier,54.29571,,
Elicha Ahui,47.493954,,
Eliézer Meléndez,59.03527,,
Tino Andrés Danesi Cammarano,59.645985,,
Ange-Yoan Bonny,22.401102,,
Saeed Juma Hasan Juma Alsaadi,57.51675,,
Alejandro Rodríguez Lorite,55.56491,,
Joe O'Shaughnessy,45.94265,,
Oleksandr Yatsyk,55.573418,,
Alex Duncan Hartridge,58.90287,,
Maximiliano David González,55.18097,,
James Hamon,32.051563,,
Michael Wyparło,51.354733,,
Pape Samba Thiam,33.867916,,
Sander van Looy,57.171604,,
Ricard Sánchez Sendra,60.491135,,
Ezequiel Busquets Sanguinetti,61.068924,,
Juan Pablo Barinaga,51.326847,,
Cristian Camilo Arrieta Medina,62.79663,,
Shani Tarashaj,25.5858,,
Khalifah Adel Al-Dawsari,57.885685,,
Jason Law,50.898117,,
Ezequiel Augusto Bonifacio Moreno,60.479908,,
Andreas Klausen Helmersen,29.045883,,
Pablo Antonio Ortiz Cabezas,61.343376,,
Álex Bermejo Escribano,52.37357,,
Adrian Łyszczarz,35.47793,,
Iker Álvarez de Eulate,45.946236,,
Jesús Vázquez Alcalde,63.891575,,
Oscar Camilo Salomón,63.1673,,
Alan Medina Camacho,53.362263,,
Darragh John Leahy,60.08327,,
Oscar Ignacio Hernández Polanco,38.3117,,
Thomas Roberts,45.028755,,
Elias Kristoffersen Hagen,53.698135,,
Ismail Azzaoui,31.17056,,
Dane Murray,58.30212,,
Daniel Rojano Gómez,58.01669,,
Jean Harisson Marcelin,65.67331,,
Jason Paul Knight,58.445637,,
Cameron Alexander McGeehan,49.284683,,
Marcel Zapytowski,45.9637,,
Devinson Martínez,54.003807,,
Joiner Moreno Montero,49.477604,,
柳貴 博,57.043484,,
Hugo Silva Oliveira,58.285267,,
Ömer Faruk Beyaz,47.629078,,
Ethan Christopher Dobbelaere,38.68313,,
Thody Élie Youan,29.116243,,
Gnantin Yann Gboho,36.001038,,
Dylan Patricio Zúñiga Valenzuela,62.094482,,
Luca Bastian Plogmann,39.939682,,
Floris Smand,61.505947,,
Mohamed Airam Ramos Wade,45.934692,,
Sebastián Macías Correa,60.38899,,
Cristian Gonzalo Torres,30.917435,,
Rubén de Tomás Gómez,31.114902,,
Asif Khan,33.005016,,
Braian Óscar Ojeda Rodríguez,59.498363,,
Gustav Per Fredrik Engvall,30.669916,,
Muhannad Mustafa Al-Shanqeeti,61.02168,,
Lukas Mazagg,60.580914,,
Alejandro Suárez Cardero,50.17968,,
Thijs van Leeuwen,43.682343,,
Paulo Guilherme Gonçalves Bernardo,53.792088,,
Jeppe Friborg Simonsen,35.932907,,
Alexandros Katranis,61.878223,,
Alexander Iacovitti,59.50876,,
Noah Wagner,54.108162,,
Milton Nahuel Valenzuela,61.233685,,
Alexandru Florescu,19.703863,,
Nacim El Hassani,43.414368,,
Andreas Schjølberg Hanche-Olsen,57.170704,,
刘俊贤,19.193825,,
Francis Florin Bălan,48.892372,,
Ángel Algobia Esteves,53.93645,,
Roko Jureskin,59.31202,,
Marcus Serup Hannesbo,54.48031,,
Luke Philip McCormick,55.20616,,
Sergi García Pérez,52.13524,,
Faruk Çakır,36.854424,,
Diego López Noguerol,33.207924,,
Antonio Jeremiah Leone,54.24472,,
刘柏杨,27.912857,,
Sadat Anaku,19.738556,,
Riley Patrick McGree,61.43019,,
Cătălin Albu,38.13717,,
Duván Andrés Vergara Hernández,31.526987,,
Alan Paredes,57.659924,,
Bruno Poveda,45.9524,,
Aurelian Eusebio Păun,45.772198,,
Marinus Larsen,40.730225,,
Omar-Šarif Sijarić,44.6764,,
Panagiotis Panagiotou,59.19656,,
Filip Zawadzki,32.80761,,
Matthew Luke Penney,58.183117,,
Enrique Jesús Salas Valiente,61.793007,,
Caleb Stanko,59.2119,,
Chang Hwan Park,44.608196,,
Agon Muçolli,36.467484,,
Stefan Bajić,45.949413,,
Stanislav Ivanov,19.3463,,
Tomás do Lago Pontes Esteves,60.917507,,
Akinlolu Richard Olamide Famewo,55.259125,,
Kwame Peprah,36.04954,,
Ji Han Lee,30.650772,,
Jonah Osabutey,24.343493,,
Anthony Chigaemezu Uzodimma,55.460587,,
Leonardo Javier Escorcia Barraza,61.947144,,
Stephen Hendrie,57.41606,,
Vitalie Damaşcan,23.024065,,
Joshua Sims,30.379816,,
Emanuel Dat,44.01742,,
Clément Billemaz,37.117786,,
João Henrique Oliveira Veras,34.755463,,
Carlos Alberto Villanueva Fuentes,38.826523,,
Noah Serwy,21.581345,,
Sandro Trémoulet,60.792492,,
Nico Gorzel,57.641827,,
Corey Jordan,56.671894,,
Gabriel Colmenárez,60.520428,,
Ryan James Watson,36.499523,,
Édouard Michut,57.178997,,
Josh Barlow,43.219284,,
Álvaro Martín Barreal,41.817497,,
Herman Johan Haugen,57.91387,,
Saul Shotton,52.560333,,
Zander Mateo Cassierra Cabezas,28.60069,,
Plamedi Buni Jorge,45.88065,,
凌杰,19.315153,,
Thomas Jok Deng,62.617477,,
Dominic David Telford,29.76233,,
Mohammed Bassam Alhurayji,41.5872,,
Juan Soriano Oropesa,45.182312,,
David Edvardsson,44.254818,,
Lewis Paul Jimmy Richards,54.660545,,
Federico Girotti Bonazza,35.457954,,
Brendan Nana Sarpong-Wiredu,60.791344,,
Matías Morello,56.57065,,
Nathan Logue Cunningham,42.090206,,
Roberto Carlos De La Rosa González,41.26867,,
Leroy Abanda Mfomo,56.723213,,
Leo Fuhr Hjelde,62.053226,,
Alejandro Padilla Pérez,45.968433,,
Luciano Daniel Arriagada Garcia,26.127138,,
Miguel Angel Cornejo Loli,61.418015,,
Kellan Sheene Gordon,49.696285,,
Ryan Austin,52.47624,,
Alejandro Pozo Pozo,54.059963,,
Francho Serrano Gracia,56.926773,,
Caoimhin Porter,44.55994,,
Bong Soo Kim,57.872646,,
Mert Arslan,43.080894,,
Vangelis Theocharis,58.676533,,
Junior Morau Kadile,23.47242,,
Michael Kostka,56.683292,,
Jhon Jairo Cuellar Vaca,45.949745,,
Kyan van Dorp,45.954933,,
Sorin Dănuț Șerban,58.473244,,
Jasin-Amin Assehnoun,36.431904,,
Luis Alfredo Montero Ruíz,24.190695,,
Wilson Ramírez,45.95677,,
Juan del Cármen Cámara Mesa,34.566242,,
Jake Alexander Hesketh,47.453403,,
Imanol Machuca,43.725212,,
Aka Wilfried Kanga,24.769358,,
Kouya Mabea,55.35909,,
Dario Oger,54.066975,,
Robin Dahl Østrøm,57.15798,,
陈雅俊,50.53489,,
Andre Antonio Wright,27.144234,,
김태환 Tae Hwan Kim,56.662003,,
Salim Ben Seghir,28.504044,,
Zachary Swanson,57.808434,,
Javier Gómez Castroverde,30.06264,,
Rodrigo Tarín Higón,64.2713,,
Dragoș Sebastian Tescan,28.070234,,
Dominik Florian Klann,60.87151,,
Carlos Domínguez Cáceres,65.42949,,
Vincenzo Ciriello,55.483917,,
Ederson Salomón Rodríguez Lima,29.694138,,
Daniel Filipe Bandeira e Silva,44.989338,,
James Samuel Morton,55.05259,,
Christ-Emmanuel Faitout Maouassa,57.57235,,
Jayden Jezairo Braaf,41.075417,,
邦本 宜裕,43.899242,,
Benjamin Garuccio,54.298477,,
Alexander John Hunt,51.319954,,
Ben Nelson,56.603767,,
温家宝,54.89597,,
Karol Angielski,27.321493,,
Juan Francisco Brunetta,47.989876,,
Ethan Shea Horvath,35.236145,,
Salifo Caropitche Mendes,30.166346,,
Jhon Jairo Velasco,54.160103,,
David Alba Fernández,61.873276,,
Aitor Buñuel Redrado,59.38445,,
Rodrigo Muniz Carvalho,33.26678,,
David Carmona Sierra,61.406685,,
杜智轩,44.67393,,
Aaron Dobbs,21.135227,,
Bright Enobakhare,29.132893,,
Berke Özer,27.188347,,
庞嘉俊,45.95332,,
천성훈 Seong Hoon Cheon,30.37619,,
Romain Jacques Habran,42.54078,,
Ebenezer Kofi Assifuah-Inkoom,27.976719,,
Mustafa Kapı,51.207348,,
Manuel Tadeo Llano Massa,56.09798,,
Daniel Håkans,23.386887,,
Marcos Curado,60.347218,,
Joel Gerezgiher,36.184113,,
Tyler Dominic Boyd,27.643543,,
Junior Olaitan Ishola,52.108433,,
Miguel Ângelo Ferreira Magalhães,61.479923,,
Jackson João Crusso Mutto,21.71067,,
Eusebio Monzó Alfonso,63.439373,,
Jannik Horz,45.959003,,
Kevin Parra,33.386265,,
Roberto Arroyo Gregorio,20.02055,,
Abasa Aremeyaw,52.38042,,
Theoson-Jordan Siebatcheu Pefok,26.581892,,
Răzvan Covaci,43.033756,,
Bastián Sagal,45.076115,,
Edvin Tellgren,56.54126,,
Jokin Ezkieta Mendiburu,33.20719,,
Scott van der Sluis,45.949074,,
Hugo Pérez Balderas,58.135242,,
Junior Armando Mendes,23.65638,,
Tyreece Romayo John-Jules,24.680725,,
Mohammed Al Qahtani,30.323133,,
Federico Darío Navarro,64.37009,,
Melker Ellborg,45.961082,,
Apostolos Tsilingiris,45.957012,,
Pablo Ibáñez Lumbreras,57.72297,,
Brenner Souza da Silva,28.584265,,
Matías Fredes,27.037756,,
Duncan Nosahaere Idehen,56.203068,,
Augustus Kargbo,20.317411,,
Théo Ndicka Matam,58.86608,,
Ji Hoon Lee,31.20731,,
Isak Dybvik Määttä,55.721245,,
Bilal El Khannous,35.452087,,
徐世龙,45.956665,,
Julius Herbert Billy Lindgren,42.66345,,
Francesco Donati,60.45089,,
Daniel Lønne Iversen,46.029263,,
Dominik Piła,25.148575,,
Lukáš Horníček,45.94859,,
Juan Larios López,54.313503,,
Jay Benn,49.865677,,
Jordan Ponticelli,26.908909,,
Thanawat Suengchitthawon,43.056664,,
Carlos Andrés Chore Aguilera,57.86158,,
Isak Ssali Ssewankambo,59.835064,,
Adam Pearce,22.719254,,
Felipe Augusto Rodrigues Pires,32.7102,,
Liam Anthony Kelly,45.791447,,
Tiago Carvalho Santos,60.442665,,
Mateusz Stefan Lewandowski,23.665777,,
George Ionuț Dragomir,40.41326,,
Afonso Gamelas De Pinho Sousa,56.98704,,
Marius Tollefsen,46.025867,,
Ovidiu Ioan Perianu,59.693058,,
Peder Klausen,45.947037,,
Ricardo Florin Grigore,57.58951,,
Clemente José Montes Barroilhet,25.351812,,
Adrian Bukowski,54.151047,,
Alexis Busin,32.72082,,
Kenny Nagera,23.618086,,
Niclas Eliasson Santana,29.907955,,
Daniel dos Santos Penha,34.755646,,
Alejandro Cantero Sánchez,28.612364,,
Adolfo Julián Gaich,27.97339,,
Abdoulaye Sylla,62.312565,,
Mateusz Piotr Bogusz,39.837784,,
Orges Bunjaku,50.3395,,
Rayhaan Rahim Amari Tulloch,25.529902,,
Nicolás Serrano Galdeano,24.455942,,
Heine Gikling Bruseth,37.20336,,
Hubert Matynia,61.455235,,
Raphael Lukas Sallinger,46.044453,,
Vincent Gembalies,58.31077,,
David Concha Salas,34.934494,,
Mairon Jair Quiñónes Cabezas,60.844807,,
Jae Woo Kang,46.485046,,
Leonid Srdic,56.831097,,
Róbert Orri Thorkelsson,55.856937,,
Toby Peter Sibbick,62.588604,,
Ángel Baena Pérez,30.910337,,
Ail Fuad Mohammed Hassan,52.158066,,
Daniel Alessi,53.926193,,
George William Taft,59.64656,,
Jorge Damián González,54.25291,,
Filip Bundgaard Kristensen,37.77265,,
Rik Robert Vercauteren,45.970325,,
Gary Moya,46.580616,,
Maurice Jerome Litka,36.79371,,
Tom van de Looi,62.376266,,
Sören-Kurt Reddemann,60.994095,,
Archie Mark Procter,51.46752,,
Joel Mumbongo,23.829166,,
Antonio Sandoval,58.952034,,
José Santiago Hernández García,45.91115,,
Bilal Bayazit,45.94702,,
Mohammed Al Kunaydiri,52.91189,,
Henry Atola,20.704857,,
Himanshu Jangra,25.433115,,
Ismaël Gharbi,41.308807,,
Miguel Silva Reisinho,57.884277,,
Karlan Ahearne-Grant,28.941711,,
Titas Krapikas,45.95361,,
José Ángel Carmona Navarro,59.46003,,
Leôncio Roger Lobeiro Cunha,33.050484,,
Lucas Barros da Cunha,63.725952,,
Eloge Koffi Yao Guy,62.380783,,
Saberto Josué Botelho Rios,65.96388,,
Corrie Richard Ndaba,56.78413,,
Jack Endacott,45.128265,,
Harvey Giles,45.936134,,
Celton Ansumane Biai,45.94433,,
Conor O'Malley,41.844803,,
Alessandro Cortinovis,54.811916,,
Nikita Fedotov,45.961464,,
Gor Manvelyan,34.746044,,
George Acosta,36.521034,,
Luis Alberto Pavez Muñoz,61.927197,,
Thomas McGill,45.97565,,
Jonathan Ruque,58.96212,,
Joshua Eze,58.4464,,
Benjamin Bender,43.292034,,
Carlos Jhilmar Lora Saavedra,62.22006,,
Ilario Monterisi,61.419537,,
Jacob Mikael Widell Zetterström,45.945637,,
菅 大輝,36.06761,,
Iverson Contreras,55.30459,,
Flavio Bianchi,25.532404,,
Elliott Lee,24.348919,,
Saïd Hamulic,27.806808,,
Gustavo Enrique Giordano Amaro Assunção da Silva,64.48855,,
Maykol Antonio Sánchez Arancibia,34.94735,,
Seydou Sy,44.57584,,
Chukwuemeka Ademola Amachi Aneke,54.611145,,
Mario Hernández Fernández,64.986916,,
Harrison James Chapman,37.440414,,
Tomás Aresta Branco Machado Ribeiro,64.80162,,
Samuel Wikman,44.17527,,
Do Yun Choi,52.80996,,
Ayomide Akinola,20.833544,,
Alessandro Tripaldelli,60.590893,,
David Torres Ortiz,61.796066,,
Andrey Sidenko,48.1205,,
Alejandro Balboa Bandeira,47.914917,,
Mirko Tomianovic,59.766003,,
Ahmed Kutucu,41.46091,,
Billy Brooks,45.332085,,
Nils Arvidsson,45.955364,,
Bruno Miguel Carapeto dos Reis,49.616062,,
Diego Alessandro Guillén Alarcón,58.439785,,
Ross Fay,47.30482,,
Germán Fernández Hidalgo,45.978207,,
Pierre-Emmanuel Ekwah Elimby,54.71713,,
Colm Horgan,58.464615,,
Kacper Sezonienko,28.713938,,
Rodrigo Andrés Piñeiro Silva,45.69248,,
赵越政,44.221382,,
阮奇龙,52.65664,,
Maico Alejandro Quiroz,57.89753,,
Kevin Amir Isa Luna,23.476229,,
Jeriel Nicolás De Santis Córdova,32.551144,,
蔡明民,36.71868,,
Mathys Saban,35.24232,,
Sergio Daniel Fretes Galeano,43.711716,,
Joshua Yorwerth,59.4173,,
Jørgen Sveinhaug,45.954323,,
Wladimir Wagner,23.429665,,
Giovanni Bordón,41.1343,,
Aksel Aktaş,41.579845,,
Radinio Balker,63.718105,,
André Miguel Lapa Ricardo,33.52187,,
Oumar Mickael Solet Bomawoko,61.13932,,
Ewan Henderson,54.195385,,
Maryan Faryna,56.217087,,
Can Hayri Özkan,60.914062,,
Fabio Blanco Gómez,29.972158,,
Diego Gutierrez,19.431316,,
David Bremang,23.383808,,
Miro Max Maria Muheim,51.71768,,
Isaac Opoku Donkor,61.994858,,
Jonathan Jeremy Lewis,29.297054,,
Bilal Nadir,56.739025,,
Ben Edward Stevenson,42.541313,,
Sammy Robinson,54.23488,,
Diesel Herrington,52.58226,,
Moises Castillo Mosquera,62.36749,,
田中 聡,61.45644,,
Joris Kayembe Ditu,26.974579,,
Johan Armando Micolta Ruiz,59.11605,,
Anton Ziegler,35.542603,,
Vincent Olivier Sierro,59.530968,,
Daniel Escriche Romero,30.625448,,
Isaac Karamoko,29.089142,,
Richairo Živković,26.54693,,
Oliver Bjerrum Jensen,44.93631,,
Thomas Mattias Poppler Isherwood,57.358868,,
Jacopo Da Riva,54.487938,,
Bart Straalman,62.334793,,
Dominic James Samuel,29.58601,,
Antal Bencze,45.963505,,
Sascha Härtel,56.316517,,
Bruno Onyemaechi,64.97159,,
José Sánchez Martínez,61.44517,,
Aaron Paul Morley,60.717754,,
Maïdine Douane,28.339102,,
Rida Zouhir,50.339737,,
Nils Eric Roland Björkander,56.980843,,
Joaquín Nicolás Pereyra,58.429646,,
Rayane Falchou,45.953224,,
Sabelo Radebe,47.18104,,
Ben Reveno,54.920128,,
James Clayton Hill,61.665314,,
Bernardo Oliveira,35.71656,,
Jamir Berdecio,54.255833,,
Matchoi Bobó Djaló,39.060074,,
Paolo Alessandro Reyna Lea,60.769913,,
Noah Awuku,25.964521,,
Finley Stevens,57.30327,,
Casper Staring,60.50408,,
李沛楠,49.866608,,
田川 亨介,32.27669,,
Aske Sampers,22.08547,,
西村 拓真,36.30083,,
Jin Yong Lee,60.687428,,
Andriy Kulakov,24.727642,,
Ignacio Nahuel Suárez Ferreira,45.953648,,
Nahuel Alberto Omiliani González,60.067345,,
Francisco Delgado Rojano,56.53814,,
Finn Isaac Azaz,54.425484,,
Lucas Varaldo,25.622795,,
João Manuel Neves Virgínia,45.978863,,
Ali Al Salem,51.73085,,
Pablo Vaca,56.605568,,
徐越,48.806366,,
José Caldera,64.333885,,
Jonier Medina,58.116646,,
Ronaldo Cisneros Morell,30.128225,,
Miguel Maria Mariano Falé,42.4848,,
Momodou Bojang,23.740292,,
Jake Flannigan,46.709515,,
Robert Donald Hunt,56.848743,,
Edmond-Paris Maghoma,55.295147,,
Timothé Nkada,22.150282,,
Amay Caprice,56.889664,,
Keanin Ayer Boya,52.110928,,
Peter Wilson,46.181503,,
Scott John High,59.28523,,
Ralph Priso-Mbongue,59.83974,,
Killian Corenthin,51.54855,,
Elliott Michael Bonds,57.462658,,
Gurmukh Singh,54.548065,,
Lukas Bornhøft Jensen,46.013332,,
Noah Diliberto,51.93926,,
Bernd Gschweidl,25.319143,,
Liberman Bryan Torres Nazareno,57.081802,,
Thom Jan Marinus Haye,60.287666,,
Simon Brady Ngapandouetnbu,45.9422,,
Nathan Thomas,36.154,,
Samuele Spalluto,24.27463,,
Jan Alexandre Bamert,61.92304,,
Tiago Filipe Oliveira Dantas,44.232594,,
Ilyas Lefrancq,27.903381,,
Brandon Anthony Austin,42.745655,,
Simen Vidtun Nilsen,45.91395,,
Hee Seung Kim,41.810795,,
Stefan Bajcetic Maquieira,57.83407,,
Francisco José Serrano Santos,60.125244,,
Jesús López Soria,45.969906,,
Felix Kalu Nmecha,44.503258,,
Benjamin Peter Waine,33.956257,,
Mihai Daniel Lixandru,59.156837,,
Guilherme Borges Guedes,57.2861,,
Jae Won Hwang,55.169353,,
Oswaldo Josué Valenzuela Dileo,60.71467,,
Stefan Mauk,53.444466,,
William Adipepe Pandi Bapaga,28.00863,,
Santiago Gabriel Zamora Araujo,59.295914,,
Sulayman Marreh,64.67334,,
Ibrahima Bamba,59.53195,,
Dawid Igor Kownacki,29.616085,,
Willyan Da Silva Barbosa,32.04601,,
Michał Rostkowski,49.492004,,
Carlos Martín Domínguez,28.033499,,
Pablo López Gallo,60.598534,,
Okan Adil Kurt,43.782322,,
Turki Al Dhafeeri,30.180128,,
Andres Moreno,54.4244,,
Chrislain Iris Aurel Matsima,64.21796,,
Juan Miguel Latasa Fernández,21.043303,,
Min Gyu Kim,52.39939,,
Adrián Mora Barraza,63.94576,,
Nahuel Manganelli,45.874653,,
Elliott Jack Hewitt,59.008667,,
Giovanni Di Noia,46.761158,,
Jhonder Gómez,61.61027,,
Kayky da Silva Chagas,28.625769,,
Madallah Ali Al-Olayan,46.231197,,
Denis Lucian Hrezdac,52.880905,,
Thierry Ambrose,28.391937,,
Tote António Gomes,65.26586,,
Çağtay Kurukalıp,56.228546,,
Jack Alexander Stevens,45.02421,,
Falah Waleed Juma Alsouri Aljneibi,57.395744,,
Mohamed Toure,31.388184,,
Fabrice Olinga Essono,33.275246,,
Daniel González García,43.557827,,
Norbert Wojtuszek,48.989147,,
Javier Marquez,53.967117,,
Adrian Mihai Ioniță,49.742447,,
Thomas Andrew Nichols,25.959126,,
Indy Groothuizen,45.93639,,
Scott Lynch,46.560425,,
Tareiq Holmes-Dennis,58.51476,,
Keesean Ferdinand,51.018063,,
Saku Tuomas Severi Ylätupa,29.95874,,
Sambou Sissoko,56.847134,,
Daniel Leyva,56.318233,,
Matteo Anzolin,59.38514,,
Max Alves da Silva,35.332806,,
Luis Barco,56.87075,,
Ateef Konaté,29.924543,,
Joshua Myles Abraham Key,56.355614,,
Anas Namri,54.2258,,
Marco Harboe Ramkilde,33.555717,,
Salih Kavrazlı,21.864594,,
Tyrone Tormin,28.695381,,
Sergio Arribas Calvo,34.446964,,
Thierry Nevers,29.576548,,
Gianluca Gaudino,44.04339,,
Carlos Alberto Lucumi González,20.468586,,
Agustín Da Silveira Muñoa,63.589134,,
Álvaro Santamaría Arenas,24.509344,,
George Kweku Davies,53.745995,,
Brendan Joel Zibusiso Galloway,61.658253,,
Magnus Nordengen Knudsen,60.51476,,
Ulisses Alexandre Garcia Lopes,61.520885,,
Mohammed Boudiaf,47.76519,,
João Rodolfo Botelho Maia,64.84944,,
Bruno Luiz Fagundeiro Cardenas,54.17094,,
Lautaro Amadé,37.058987,,
Marc Pubill Pagès,61.56774,,
Michael Ologo Inainfe,62.127415,,
Victor Sylvestre Mpindi Ekani,51.030766,,
Robert Dickie,61.27798,,
Vasilije Janjičić,61.123558,,
Liam Francis Peadar Donnelly,60.85086,,
Joel John Randall,30.587967,,
Nigel van Haveren,45.94562,,
Daniel Veiby Held,45.96518,,
Jonas Dakir,45.943336,,
Kean Bryan,60.783592,,
Vincent Carsten Maria Müller,45.9387,,
Oluwarotimi Mark Odusina,60.912727,,
町田 浩樹,61.70736,,
Edgar Eyffer Lastre Mercado,54.200768,,
汪海健,51.55262,,
Thiago Ezequiel Ojeda,42.752842,,
José Ataupillco,60.816494,,
Michaël Heylen,64.37567,,
Sondre Auklend,35.097775,,
Mario Piccinocchi,50.480804,,
Daniel Dumbravanu,54.9625,,
Jack Karadogan,43.880386,,
George Blackwood,45.07712,,
Armando Shashoua,50.10366,,
Callan Rennie Elliot,52.30053,,
Javier Enrique Delgado Saverio,41.249,,
Otis Jan Mohammed Khan,31.062704,,
Jashar Beluli,18.62089,,
Finley Bell,40.95618,,
Anders Bloch Bærtelsen,60.98891,,
Brahim Konaté,61.579144,,
Víctor Andrés Meseguer Cavas,61.945335,,
Yangel Clemente Herrera Ravelo,63.279743,,
Othman Awadh,47.49666,,
Tiago Galletto López,60.919083,,
Ryan Astley,61.631195,,
Maurizio Robotta,50.49333,,
Bendik Kristiansen,52.424686,,
Franco Nicolás Escobar,60.742626,,
Casper Mørup Nielsen,37.08201,,
William Akio,26.475695,,
Alberto Rodríguez Baró,61.820274,,
Robin Maximilian Meißner,21.928392,,
James John Finnerty,59.308235,,
Adetayo Oluwatosin Olusegun Edun,57.632214,,
Jordan Bhekithemba Zemura,62.673653,,
Felix Wennergrund,50.819103,,
Jonaldo Kauã Monteiro Moura,62.47818,,
Juan de Dios Rivas Margalef,63.756905,,
Ben William Nugent,63.64623,,
Daniel Fredrik Granli,60.164116,,
Rufino Lucero,58.56085,,
Chris Vianney Bedia,31.938982,,
Cameron Miles Dawson,41.546047,,
Runar Hauge,48.507576,,
José Racchumick,61.186893,,
Daniel Gómez Alcón,39.16983,,
Emmanuel Danso,46.20457,,
Andrew Lyons,58.17968,,
Marcelo Agustín Miño,45.93754,,
Lautaro Daniel Gianetti,62.322926,,
Jonas Therkelsen,49.007698,,
Dren Feka,57.083836,,
N'Dri Philippe Koffi,23.645716,,
Delano Vianello,58.94462,,
Fredrik Sjøvold,45.590225,,
박지민 Ji Min Park,46.096466,,
Eduard Kozik,60.770893,,
Philipp Ochs,58.13126,,
Orlando David Colmán,52.919754,,
Dimitri Joseph Oberlin Mfomo,42.83351,,
Szymon Sarbinowski,43.162453,,
Antonio Galeano,60.328247,,
Félix Alexandre Andrade Sanches Correia,33.403175,,
Leo Skiri Østigård,58.565765,,
Giacomo Gambetta,46.013847,,
Leonardo Mosquera,56.82232,,
Dario Kreiker,36.155594,,
Ilia Iliev Gruev,54.254818,,
Thomas Kofler,58.369053,,
Moubarack Compaoré,29.46541,,
Mahamadou Dembélé,60.55916,,
杨翼璇,39.986782,,
Aaron Phillips,59.45867,,
Mateo Joseph Fernandez,24.043282,,
Maxime Vincent D'Arpino,56.25274,,
Jordan Allen,43.127316,,
Muamer Tanković,29.212019,,
Martin Rasner,50.79972,,
Souleymane Isaak Touré,61.968735,,
Zeno Van Den Bosch,57.012123,,
Robert Ljubičić,62.63876,,
Tyla Dickinson,45.776207,,
Owen Bevan,58.69656,,
Juan Manuel Cuesta Baena,35.745407,,
Khalid Mohammed Husain Mousa Al-Blooshi,32.29613,,
Lachlan Robert Tua Jackson,55.10715,,
Lluís Recasens Vives,60.69014,,
Michele Rocca,48.746258,,
Arne Rühlemann,46.39361,,
Bruno André Cavaco Jordão,49.109035,,
Santiago Daniel Pierotti,60.80534,,
Filippo De Col,62.82309,,
Alejandro Orellana Gómez,57.76204,,
Juan José Perea Mendoza,27.064749,,
Min Geol Woo,49.818928,,
Raúl Andrés Osorio Medina,61.842857,,
Joshua Michael Blainey Davison,19.547121,,
Rodrigo Esteban Cancino Herrera,45.941704,,
Alexandru Pătlăgică,48.886223,,
Leonardo Alves Chú,31.081388,,
Ronan Thomas Darcy,43.45982,,
Nikolas Polster,45.942646,,
Yackson Stiven Rivas,28.23958,,
Andrei Motoc,59.506317,,
Rodrigo Ezequiel Cabral,30.78725,,
Ahmet Gülay,56.937664,,
Marcos Ariel Pinto,57.890083,,
Tiago Miguel Hora Ribeiro,61.304005,,
Amaury Torralvo Polo,55.985424,,
Mehmet Can Aydin,60.388416,,
Agustín Álvarez Wallace,61.759075,,
Wouter Marinus,34.244747,,
Wilfredo Rivera Cepeda,25.868547,,
Jostein Maurstad Gundersen,55.52498,,
Özkan Yiğiter,54.26459,,
Ismael García,55.85308,,
Jesse Gonzalez,46.071552,,
Misael Omar Cubillos Ramos,27.651783,,
Djorkaeff Neicer Reasco González,33.22934,,
Joseph Tetteh Anang,46.000443,,
Douglas Matías Arezo Martínez,36.24268,,
Juan Miranda González,63.062714,,
Niccolò Zanellato,51.574787,,
Victor Akinwale,20.844503,,
Luke Paul McGee,42.10574,,
João Marcelo Messias Ferreira,62.94926,,
Moses Odjer,62.866188,,
Clément Deprès,27.012812,,
Jeison Andrés Angulo Trujillo,56.267284,,
Ilya Pomazun,45.338867,,
Gonçalo Faria Costa,59.065468,,
Asker Beck,45.589737,,
Benjamin Morris,21.019894,,
Lluís López Mármol,64.30515,,
Mathieu Cachbach,57.93832,,
Joshua James Dixon,37.122456,,
Norbert Pacławski,20.516678,,
Sam Tinubu,49.249348,,
Valentin Ionuț Costache,30.000296,,
Iván Villar Martínez,35.105385,,
Andrea Papetti,60.89148,,
Sverre Bjørkkjær,55.825085,,
Korbinian Vollmann,36.856518,,
Olivier Michel Kemen,63.339954,,
Flynn Clarke,32.81173,,
Luke Owen Jephcott,29.405943,,
牛梓屹,52.671684,,
Timothy Martin,45.95052,,
David Samuel Custódio Lima,60.79341,,
Charlie Terrence Cooper,46.64987,,
Tyler Reid,59.376644,,
Gerard Fdez. Castellano,35.64067,,
Fabricio Mariaca,49.114937,,
José Alberto Barreto,22.467356,,
Alejo Antilef,48.74367,,
Gustav Mogensen,24.906294,,
Jak McCourt,58.71424,,
Facundo Martín Pérez,62.954273,,
李亚伦,19.66579,,
Gustavo Klismahn D Miranda,56.88096,,
蒋光太,63.188557,,
Thomas Michael Hoban,65.53967,,
Matti Kamenz,45.940292,,
Jordi Blom,25.210522,,
Tomás David Sandoval,26.535896,,
Ali Ibrahim Karim Ali Al-Hamadi,22.832823,,
Gabriele Moncini,28.63781,,
Bryn Andrew Morris,50.938152,,
Rodney Iván Redes Cáceres,46.319454,,
Osher Davida,28.107155,,
Sinan Kurt,24.471043,,
Miles James Storey,31.379324,,
Ulises Israel Cardona Carrillo,42.023018,,
Rory Holden,36.165634,,
Adrián Rodríguez Giménez,45.98062,,
Joshua James Vela,60.47204,,
Tim Wiesner,44.92843,,
Mohamad Al-Taay,53.59487,,
Esteban Petignat,53.05981,,
Nongdamba Naorem,32.725216,,
Patryk Plewka,51.726067,,
Marko Marić,45.884037,,
Francisco Javier Chaverra Angulo,42.1444,,
Diego Sánchez Pérez,59.26944,,
Lewis Robert Page,61.994385,,
José Ndong Machín Dicombo,46.413513,,
Florian Nichita Haită,25.593582,,
Elvis Kevin Velasco,59.14284,,
Shawn Blum,24.619759,,
Enzo Joaquín Sosa Romañuk,66.25026,,
Benjamin Warland,48.371292,,
Federico Palacios Martínez,31.210373,,
Antonio Marchena Millán,47.105625,,
Shaquile Coulthirst,27.118559,,
Anderson Cordeiro Costa,26.665787,,
Fabian Daniel Rohner,50.159992,,
Ibrahim Mahnashi,58.024616,,
Vefa Temel,49.139366,,
Iván Azón Monzón,37.372833,,
José Villarreal,40.5451,,
Raúl Blanco Juncal,49.22027,,
Vladyslav Ostrovskyi,22.23599,,
Theodosis Machairas,28.032425,,
王华鹏,52.22874,,
Stanley Flaherty,40.895145,,
Matko Babić,21.914505,,
홍현석 Hyeon Seok Hong,60.739025,,
Johan Hove,59.435165,,
Nawaf Hazazi,25.55772,,
Federico Pace,58.87458,,
Mamadou Khady Thiam,51.5841,,
Cristian Daniel Arango Duque,26.559576,,
Sultan Al Harbi,51.85811,,
Esteban Armando Ruiz Molina,46.1015,,
Óscar Coronel,44.785515,,
Birama Ndoye,62.57221,,
Lesly Rebello,50.617405,,
Guillermo Bueno López,50.319614,,
Christián Herc,52.03025,,
Francis Ross,49.627594,,
Keiber Lamadrid,58.778877,,
Joaquín Indacoechea,56.123657,,
Regan Leslie Poole,60.762375,,
Gilmar Paredes,51.697273,,
Valentino Vermeulen,32.118977,,
Mikołaj Rakowski,52.640675,,
Dany Jean,23.762764,,
Samy Benchamma,57.42664,,
이상헌 Sang Heon Lee,45.90533,,
Andrés Enrique Ferro Peña,63.765015,,
Lukas Josef Gugganig,61.6887,,
Murat Sevimler,22.766052,,
Miguel San Román Ferrándiz,45.93681,,
George Dănuț Ganea,30.68422,,
苏宇亮,23.321041,,
Daniel George Ballard,63.987423,,
Antonio Espigares Morillas,58.30785,,
Lévi Ntumba,46.029613,,
Afonso Manuel Abreu Freitas,59.634438,,
François-Joseph Sollacaro,45.948593,,
Cédric Jan Itten,35.02137,,
Dariusz Formella,36.108425,,
Ian Carlo Poveda-Ocampo,35.214687,,
Máximo David Alonso Fontes,43.56576,,
Zachary Hemming,45.95224,,
Luke Amos,61.538147,,
Eliseo Falcón Falcón,60.191498,,
Andrea Barberis,55.404316,,
Ernesto Alexis Vega Rojas,30.779285,,
Álex Rico Pico,54.988007,,
Damián Ariel Fernández,62.841347,,
Jason Ngouabi Lougagui,56.5259,,
Brandon Pursall,53.107956,,
Egzon Binaku,57.208057,,
Andrés Federico Pereira Castelnoble,65.68757,,
Ed McJannet,34.151318,,
Joaquim Claude  Gonçalves Araújo,64.38246,,
Maximiliano Torrealba,26.497202,,
Salvatore Marrone,50.717182,,
Joseph Charles Wildsmith,45.918446,,
Javier López-Pinto Dorado,29.313017,,
Christopher Maurice Wooh,63.41991,,
Arthur James Read,53.06802,,
Aiden Anthony O'Brien,30.493738,,
Ignacio Francisco Chicco,45.9558,,
Youssouf Amouda Assogba,55.036396,,
Erik Mats Simon Andersson,41.963097,,
Marco Weymans,52.52193,,
Francisco Vidal Bareiro Muñoz,21.37579,,
Rafael Sousa Gancho Brito,55.539875,,
Ju Yeop Kim,55.057682,,
Omar Saeed,56.357285,,
Josh Giurgi,48.174892,,
Alex Jones,26.390993,,
Nathan Broome,45.995705,,
Daniël De Silva,34.514698,,
Max Anchor,45.94349,,
Wanya Marçal Madivádua,34.494267,,
Younes Bakiz,30.347261,,
奥抜 侃志,23.846502,,
Robson Alves Reis,63.252617,,
Aaron Joseph McGowan,60.233902,,
Israel Elías Poblete Zúñiga,35.791286,,
Aleksander Pawlak,57.79284,,
Joel Sundström,41.05589,,
Noah Kemeseng Sonko-Sundberg,60.84562,,
Kleber David Pinargote Lara,45.956234,,
Jong Beom Baek,45.946983,,
Javier Ajenjo Hyjek,49.16904,,
George Christopher Williams,24.478676,,
郷家 友太,49.604965,,
Hidde Willem ter Avest,63.518715,,
Alexander Munksgaard Nielsen,60.303604,,
Matija Horvat,61.85267,,
Juan Artola Canales,45.563694,,
Tristan Michael Alexander Abrahams,22.248491,,
Marlon Hairston,41.743317,,
Padhraic John O'Connor,59.367886,,
Rasmus Thellufsen Pedersen,39.113205,,
Damiano Pecile,49.314827,,
Ayman Shafiq Al Khulaif,23.63726,,
Leonel Marcelo Picco,63.782677,,
Manfred Osei Kwadwo,30.937025,,
Aldreyby Parra,52.053596,,
Jakub Piotr Moder,56.392395,,
Des Kunst,34.538986,,
Moses Opondo,56.711983,,
Miles Gordon Robinson,62.372906,,
Sebastián Guerrero Martínez,30.431585,,
Ji Soo Kim,57.42269,,
Martin Hongla Yma,63.292114,,
Geani Mihai Crețu,56.79588,,
Ruon Kuk Tongyik,56.81569,,
Chris Kouakou,49.38994,,
Hugo Bueno López,51.54258,,
张星亮,24.469738,,
Felix Karl-Ernst Gebhardt,44.703354,,
Gedion Zelalem,44.554783,,
Daniel Hawkins,31.613155,,
Lucas Chrubasik,22.083225,,
Eric David Cantú Guerrero,61.18657,,
Billy van Duijl,57.660408,,
Jens Jakob Dyhr Thomasen,61.026237,,
Lucio Compagnucci,54.295895,,
Jeremy Sivi,27.226303,,
Henrik Rørvik Bjørdal,52.36861,,
Carel Willem Hendrik Eiting,60.28225,,
Rodrigo Díaz Desidel,42.80372,,
José Joaquín Esquivel Martínez,61.580704,,
Natanas Žebrauskas,53.201675,,
Harrison Bright,48.27101,,
Joel Persson,30.66857,,
David Cuenca Barreno,56.87939,,
岡崎 慎,61.060738,,
Aritz Aldasoro Sarriegi,59.833565,,
板仓 晃,61.520325,,
Cem Çelik,49.94125,,
Tae Suk Lee,54.63069,,
Jorge Matias Araya Pozo,52.43132,,
Ezequiel Emanuele,54.131107,,
Jordan Doherty,58.37368,,
Brian Landini,57.265076,,
食野 亮太郎,22.12186,,
伍承儒,42.593246,,
Marcus Matthias Dackers,22.898369,,
Elhadj Dabo,49.594597,,
Taofeek Ismaheel,24.871635,,
Pim Saathof,46.890575,,
Alexander Scott Gilbey,60.938797,,
Kevin Horgan,45.961605,,
Dimitri Kévin Cavaré,62.495266,,
Gonzalo Germán Pérez Corbalán,63.999893,,
Edis Bytyqi,41.88763,,
Bartosz Cybulski,24.54298,,
Kevin Castañeda Vargas,31.5392,,
Matthew Gerrard Smith,59.9739,,
Simon Ivar Alexander Skrabb,29.245752,,
Leonardo Bertone,51.698624,,
Gianni De Nitti,45.933273,,
Ibrahim Diallo,60.60362,,
Ander Martín Odriozola,50.159622,,
Philipp Schobesberger,38.051556,,
Bradley Walker,54.40785,,
Pablo Muñoz Crespo,32.40596,,
Dominik Sokół,24.518549,,
Alexis Steimbach,49.456543,,
Jack McMillan,57.471336,,
Arlind Dakaj,51.25986,,
Raimundo Andrés Rebolledo Valenzuela,60.80532,,
Gustavo Elvis Loayza,52.67065,,
Santiago Ayala,35.70959,,
Florent Da Silva,49.46547,,
Rayan Senhadji,58.792328,,
Moritz Berg,50.63153,,
Franck Cédric Tsadjout,31.168747,,
Jean-Luc Mamadou Diarra Dompé,38.99838,,
Emyr Huws,55.39933,,
Tiberiu Coman,19.800406,,
Firas Tariq Nasser Al-Buraikan,23.386318,,
Saidu Salisu,28.788515,,
Nathan Dekoké,58.986755,,
Víctor Álvarez Rozada,48.68192,,
Franco Baldassarra,60.687435,,
Aubin Pierre Joseph Long,45.95376,,
Jairo Quinteros Sierra,63.6716,,
Mathias Antonsen Normann,47.798027,,
Timur Zhamaletdinov,28.537336,,
Ronan Curtis,41.735535,,
Dennis Emmanuel Abiodun Adeniran,61.377728,,
Ryan Liam Delaney,59.246105,,
Alejandro Pérez Cea,61.541058,,
藤谷 壮,57.597775,,
Néstor Adriel Breitenbruch,61.73029,,
Alexander Thomas Jeremejeff,26.233297,,
Gi Hyeok Lee,47.397484,,
Jorge Vidal Valdez Chamorro,59.64304,,
Reagan Robert William Ogle,52.25794,,
Roli Pereira de Sa,53.410526,,
邓雄涛,45.952927,,
Stephan Vinicius Seiler,52.57576,,
Mohammed Rayman,54.095314,,
Daniel Steven Devine,56.701866,,
Kacper Tabiś,56.33201,,
Mikkel Mejlstrup Pedersen,57.251152,,
Hussain Ahmed Al-Eisa,44.005463,,
Fernando Aurelio Román Villalba,61.91007,,
Eduard Dutu,59.289787,,
Anthony Lesiotis,52.415188,,
Jonathan Arriba Monroy,54.272087,,
Daniel Ściślak,46.5551,,
Alejandro Barbudo Lorenzo,61.40172,,
