Nome,Previsto,Effettivo (2024),Differenza
Marlon Ritter,23.304777,65.0,41.69522285461426
Bright Osayi-Samuel,25.614052,66.0,40.385948181152344
Jakub Szymański,58.29378,23.0,35.29378128051758
Mats Köhlert,28.035791,63.0,34.96420860290527
Malik Tillman,24.833683,59.0,34.166316986083984
Jordan Lotomba,37.481815,71.0,33.518184661865234
Julián Fernández,33.743847,67.0,33.25615310668945
Bode Hidalgo,25.171267,58.0,32.82873344421387
Rhys Byrne,25.827467,58.0,32.17253303527832
Simon Ebonog,24.243906,56.0,31.756093978881836
Keegan Jelacic,25.347673,57.0,31.652326583862305
Paul Izzo,23.439398,55.0,31.56060218811035
David Robson,45.50511,15.0,30.505111694335938
Quentin Galvez-Diarra,45.503185,15.0,30.503185272216797
Taylor Luvambo,27.905865,58.0,30.094135284423828
Patrick Schulte,45.505756,16.0,29.505756378173828
Anthony Schmid,45.513016,17.0,28.513015747070312
Isaac Boehmer,45.50779,17.0,28.507789611816406
David Skubl,45.505493,17.0,28.5054931640625
Blondy Nna Noukeu,45.504604,17.0,28.50460433959961
Barry Lauwers,45.50339,17.0,28.50339126586914
Sven Jansen,45.50312,17.0,28.50312042236328
Tim Rönning,45.50187,17.0,28.501869201660156
Johannes Schenk,45.405827,17.0,28.405826568603516
Lorcan Healy,23.914513,52.0,28.085487365722656
Frederik Børsting,33.092533,61.0,27.907466888427734
Dimitry Bertaud,25.097319,53.0,27.902681350708008
Dimitar Mitov,33.192913,61.0,27.807086944580078
Robin Roefs,45.505505,18.0,27.505504608154297
Paul Tschernuth,45.503597,18.0,27.503597259521484
Toms Leitis,45.503513,18.0,27.50351333618164
Justin Hammel,45.471138,18.0,27.47113800048828
Patrick Pentz,25.611742,53.0,27.38825798034668
Joseph Gbode,45.384407,18.0,27.38440704345703
Patrick Berg,41.768543,69.0,27.231456756591797
Mattia Aramu,24.76988,52.0,27.230119705200195
Missael Rodríguez,43.19791,16.0,27.19791030883789
Curtis Davies,39.867,67.0,27.132999420166016
Jack Payne,24.207106,51.0,26.79289436340332
Jakob Golz,45.513973,19.0,26.513973236083984
Jackson Smith,45.513206,19.0,26.513206481933594
Matthew Connelly,45.507362,19.0,26.507362365722656
Arsh Shaikh,45.506195,19.0,26.506195068359375
Alexandre Pierre,45.50477,19.0,26.50476837158203
Mio Backhaus,45.504654,19.0,26.504653930664062
Macklin Freke,45.504417,19.0,26.504417419433594
Sam Karssies,45.503994,19.0,26.50399398803711
Jonathan Lima,45.503944,19.0,26.503944396972656
Mustafa Burak Bozan,45.503872,19.0,26.50387191772461
Nicholas Bilokapic,45.50277,19.0,26.502769470214844
Lasse Günther,23.68016,50.0,26.319839477539062
Owen Wolff,33.72517,60.0,26.274829864501953
Callum O'Dowda,24.935966,51.0,26.06403350830078
Mikael Egill Ellertsson,29.005016,55.0,25.994983673095703
Jordan Graham,25.062628,51.0,25.9373722076416
Jean Butez,23.459614,49.0,25.540386199951172
Mateusz Dudek,45.51562,20.0,25.515621185302734
Yannick Pandor,45.514435,20.0,25.514434814453125
Vishal Yadav,45.51127,20.0,25.511268615722656
Théo Chatelain,45.510834,20.0,25.510833740234375
Hakon Valdimarsson,45.51079,20.0,25.510791778564453
Filip Marschall,45.510258,20.0,25.510257720947266
Louis Fortin,45.50895,20.0,25.508949279785156
Youri Schoonderwaldt,45.50584,20.0,25.505840301513672
Ethan Cox,45.50382,20.0,25.50381851196289
Lasse Schulz,45.50378,20.0,25.503780364990234
Murphy Mahoney,45.50363,20.0,25.503631591796875
Gaëtan Poussin,45.50362,20.0,25.503620147705078
Hubert Idasiak,45.50351,20.0,25.503509521484375
Kayne Bonnevie,45.485546,20.0,25.485546112060547
Tomasz Pieńko,43.38993,18.0,25.389930725097656
Tobias Bech,32.79722,58.0,25.202781677246094
Damián Pizarro,44.146694,19.0,25.14669418334961
Hamza Sakhi,32.909348,58.0,25.090652465820312
Nicolas Glaus,45.511517,21.0,24.511516571044922
Roman Celentano,45.509743,21.0,24.509742736816406
Leander Øy,45.5068,21.0,24.50680160522461
Petar Zovko,45.506676,21.0,24.506675720214844
Robert Kwasigroch,45.506268,21.0,24.506267547607422
Nathan Harness,45.50608,21.0,24.506080627441406
Mohamed Koné,45.50498,21.0,24.50497817993164
Thomas Gillier,45.504974,21.0,24.504974365234375
Kjell Peersman,45.50356,21.0,24.503559112548828
Przemysław Frankowski,44.532104,69.0,24.4678955078125
Senne Lammens,45.442795,21.0,24.442794799804688
Alexander Nübel,23.637259,48.0,24.362741470336914
Marcin Listkowski,23.793882,48.0,24.206117630004883
Andrea Fulignati,23.864403,48.0,24.135597229003906
Rayan Al Mousa,37.94048,62.0,24.059520721435547
Tijjani Reijnders,47.263317,71.0,23.736682891845703
Romeo Vucic,42.559658,19.0,23.55965805053711
Andrew Hjulsager,38.481293,62.0,23.518707275390625
Phillip Menzel,45.514755,22.0,23.514755249023438
Abdul Manaf Nurudeen,45.513493,22.0,23.513492584228516
Luis Guillén,45.50842,22.0,23.508419036865234
Sachin Suresh,45.505966,22.0,23.505966186523438
Théo De Percin,45.50594,22.0,23.505939483642578
Hunter Sulte,45.50465,22.0,23.504650115966797
Matěj Jurásek,23.495537,47.0,23.50446319580078
Gavin Beavers,45.503902,22.0,23.503902435302734
Jake Turner,45.503105,22.0,23.50310516357422
Bailey Peacock-Farrell,29.764017,53.0,23.23598289489746
Diallang Jaiyesimi,26.976324,50.0,23.0236759185791
Franck Honorat,23.987062,47.0,23.012937545776367
Oliver Abildgaard,46.13457,69.0,22.865428924560547
Jake Davis,34.17364,57.0,22.826358795166016
Jack Lemoignan,45.510983,23.0,22.510982513427734
Jamie Searle,45.50995,23.0,22.50994873046875
Magnus Rugland Ree,45.506214,23.0,22.506214141845703
Daniel Barden,45.505405,23.0,22.50540542602539
Daniel Klein,45.505142,23.0,22.505142211914062
Yann Lienard,45.504917,23.0,22.50491714477539
Joaquín Blázquez,45.50418,23.0,22.504180908203125
Marcel Lotka,45.503872,23.0,22.50387191772461
Manuel Ferrel,45.50361,23.0,22.50360870361328
Erdem Canpolat,45.503296,23.0,22.5032958984375
Taye Ashby-Hammond,45.50328,23.0,22.503280639648438
Jordan Amissah,45.502747,23.0,22.50274658203125
Francesco Di Mariano,29.523853,52.0,22.476146697998047
Nunzio Lella,39.692738,62.0,22.307262420654297
Jesper Karlström,47.69432,70.0,22.305679321289062
Ramon Pascal Lundqvist,34.74824,57.0,22.251758575439453
Manuel Roffo,45.22377,23.0,22.223770141601562
Lazar Samardžić,34.97702,57.0,22.022979736328125
Mathias Delorge,26.277431,48.0,21.72256851196289
Alfie Jones,46.348278,68.0,21.651721954345703
Ryan Wintle,42.35454,64.0,21.645458221435547
George Hall,40.36317,62.0,21.636829376220703
Kian Moore,25.382881,47.0,21.61711883544922
Georgios Theocharis,45.513676,24.0,21.513675689697266
Emmanuel Ochoa,45.51136,24.0,21.51136016845703
Sam Tickle,45.510563,24.0,21.510562896728516
Anthony Patterson,45.508507,24.0,21.508506774902344
Max Hagemoser,45.50745,24.0,21.507450103759766
Steven Hall,45.507015,24.0,21.507015228271484
Fabijan Buntić,45.506695,24.0,21.506694793701172
Bandar Al Shahrani,45.50658,24.0,21.506580352783203
Wille Jakobsson,45.505398,24.0,21.50539779663086
Ben Bottomley,45.504692,24.0,21.50469207763672
Viljami Sinisalo,45.50423,24.0,21.504230499267578
Paul Schermer,45.503452,24.0,21.50345230102539
Diant Ramaj,45.50335,24.0,21.50334930419922
Samuel Brolin,45.503292,24.0,21.503292083740234
Tom Roufosse,45.503254,24.0,21.503253936767578
Joe Whitworth,45.503242,24.0,21.50324249267578
Armin Abaz,45.503105,24.0,21.50310516357422
José Arbio,45.50306,24.0,21.50305938720703
Christian Früchtl,45.49906,24.0,21.499061584472656
Rafał Strączek,45.45386,24.0,21.453861236572266
Connal Trueman,24.729334,46.0,21.270666122436523
Hubert Szulc,38.227886,17.0,21.227886199951172
Christy Pym,23.780537,45.0,21.219463348388672
Rúnar Alex Rúnarsson,23.965555,45.0,21.03444480895996
Harry Leonard,38.967743,18.0,20.967742919921875
Nicolas Kristof,43.880093,23.0,20.88009262084961
Moritz Nicolas,41.81517,21.0,20.815170288085938
Thibo Somers,34.217545,55.0,20.782455444335938
Frederik Lauenborg,45.242405,66.0,20.75759506225586
Ron-Thorben Hoffmann,45.524864,25.0,20.524864196777344
Hunor Gedő,45.51337,25.0,20.513370513916016
Amrit Gope,45.51016,25.0,20.51015853881836
Filippo Manfrin,45.50991,25.0,20.509910583496094
Jonas Kersken,45.509426,25.0,20.50942611694336
Rafael Hornos,45.50831,25.0,20.50830841064453
John Pulskamp,45.507854,25.0,20.507854461669922
Ghjuvanni Quilichini,45.506886,25.0,20.506885528564453
Răzvan Sava,45.50533,25.0,20.505329132080078
Matheo Raab,45.505085,25.0,20.505084991455078
Jack Stacey,48.4951,69.0,20.504901885986328
Massamba Ndiaye,45.504326,25.0,20.50432586669922
Toni Stahl,45.503845,25.0,20.50384521484375
Federico Brancolini,45.503777,25.0,20.50377655029297
Yusuf Karagöz,45.50359,25.0,20.503589630126953
Pascal Kuiper,45.503468,25.0,20.503467559814453
Abraham Rodriguez,45.503338,25.0,20.503337860107422
Adrián Alcaraz,37.495914,17.0,20.495914459228516
Reece James,61.50829,82.0,20.491710662841797
Edoardo Corvi,45.4917,25.0,20.49169921875
Paolo Ghiglione,44.558697,65.0,20.441303253173828
Amankwah Forson,33.929188,54.0,20.070812225341797
Stefano Surdanović,27.187597,47.0,19.812402725219727
Josh Andrews,38.786327,19.0,19.786327362060547
Olivier Deman,45.258636,65.0,19.741363525390625
Freddie Woodman,27.355972,47.0,19.644027709960938
Daniel Adamczyk,45.515427,26.0,19.515426635742188
Ruslan Neshcheret,45.513775,26.0,19.513774871826172
Samik Mitra,45.510033,26.0,19.510032653808594
Arne Schulz,45.50947,26.0,19.509471893310547
Tomás Durso,45.508026,26.0,19.508026123046875
Boubacar Fall,45.507946,26.0,19.507946014404297
Philipp Schulze,45.506123,26.0,19.506122589111328
Trevoh Chalobah,58.49409,78.0,19.505908966064453
Lewis Webb,45.504433,26.0,19.504432678222656
Luca Philipp,45.504242,26.0,19.504241943359375
Alexandru Utiu,45.503983,26.0,19.503982543945312
Lara Sharma,45.503914,26.0,19.50391387939453
Florian Schock,45.503788,26.0,19.503787994384766
Jonas Nickisch,45.50351,26.0,19.503509521484375
Cian Tyler,45.50331,26.0,19.503311157226562
Davy Rouyard,45.50329,26.0,19.50328826904297
Matteo Fiorenza,45.502857,26.0,19.502857208251953
Jarrod Bowen,24.571564,44.0,19.428436279296875
Luka Romero,33.65081,53.0,19.34918975830078
James Delianov,45.259953,26.0,19.259952545166016
Conor McGrandles,40.753513,60.0,19.24648666381836
Mile Svilar,38.87441,58.0,19.125591278076172
George Honeyman,46.117367,65.0,18.882633209228516
Duane Holmes,44.1606,63.0,18.839401245117188
Oscar Taty Maritu,44.813995,26.0,18.813995361328125
Andrea Favilli,43.747395,25.0,18.747394561767578
Luca Moro,41.558807,23.0,18.558807373046875
Jeroen Houwen,23.466496,42.0,18.533504486083984
George Marks,45.515842,27.0,18.51584243774414
Anuj Kumar,45.512054,27.0,18.512054443359375
Matías Córdova,45.511635,27.0,18.511634826660156
Bela Dumrath,45.511345,27.0,18.51134490966797
Fabio Rosales,45.51134,27.0,18.511341094970703
Cieran Slicker,45.511124,27.0,18.511123657226562
CJ dos Santos,45.509945,27.0,18.509944915771484
James Trafford,45.506733,27.0,18.506732940673828
Facundo Sanguinetti,45.50657,27.0,18.506568908691406
Louis Lord,45.50574,27.0,18.505741119384766
Tom Hendriks,45.505,27.0,18.505001068115234
Nahuel Noll,45.504765,27.0,18.504764556884766
Thomas Hasal,45.503716,27.0,18.50371551513672
Niklas Sauter,45.5036,27.0,18.50360107421875
Noah Kruth,45.503082,27.0,18.503082275390625
Jack Wills,45.50247,27.0,18.50246810913086
Tymur Puzankov,45.511654,64.0,18.488346099853516
Pelle van Amersfoort,33.623783,52.0,18.376216888427734
Ole Pohlmann,29.651161,48.0,18.348838806152344
Ashley Maynard-Brewer,45.29331,27.0,18.29330825805664
Joe Rothwell,42.708138,61.0,18.29186248779297
Jules Gaudin,41.73347,60.0,18.266529083251953
Alessandro Lopane,29.817465,48.0,18.18253517150879
Tjark Ernst,45.099895,27.0,18.099895477294922
Mohammed Al Saeed,31.905876,50.0,18.09412384033203
Anthony Marcucci,39.95586,22.0,17.955860137939453
Abu Francis,46.16032,64.0,17.839679718017578
Tijjani Noslin,24.186432,42.0,17.813568115234375
Oregan Ravet,44.8021,27.0,17.802101135253906
Jake Hollman,39.27009,57.0,17.72991180419922
David Turnbull,42.45571,60.0,17.544288635253906
Luke McNicholas,45.51284,28.0,17.512840270996094
Kacper Tobiasz,45.507446,28.0,17.5074462890625
James Nieuwenhuizen,45.50698,28.0,17.506980895996094
Matteo Bignetti,45.506393,28.0,17.506393432617188
Lucien Hawryluk,45.50612,28.0,17.506118774414062
Sem Westerveld,45.505424,28.0,17.50542449951172
Matthew Sutton,45.505016,28.0,17.505016326904297
Andrei Gorcea,45.504406,28.0,17.504405975341797
Ionuț Gurău,45.50385,28.0,17.503849029541016
Magnus Nielsen,45.50342,28.0,17.503421783447266
Vic Chambaere,45.495903,28.0,17.49590301513672
Jodi Jones,26.514698,44.0,17.485301971435547
Jordan Wright,38.479443,21.0,17.479442596435547
Sheriff Sinyan,48.742203,66.0,17.257797241210938
Cameron Harper,31.783836,49.0,17.216163635253906
Connor Malley,35.886696,53.0,17.113304138183594
Emil Bohinen,50.968773,68.0,17.031227111816406
Maximilian Bauer,58.064228,75.0,16.935771942138672
Darren Yapi,38.884514,22.0,16.88451385498047
Sebastiano Luperto,59.170258,76.0,16.829742431640625
Dante Rigo,43.202168,60.0,16.797832489013672
Kegs Chauke,38.22656,55.0,16.773441314697266
Marvin Friedrich,61.24221,78.0,16.757789611816406
Samuel Gustafson,50.37516,67.0,16.624839782714844
Tim Skarke,28.42109,45.0,16.57891082763672
Liam Isherwood,45.51184,29.0,16.5118408203125
Maciej Kowal,45.511616,29.0,16.511615753173828
Gurmeet Singh,45.504696,29.0,16.504695892333984
Heath Richardson,45.504433,29.0,16.504432678222656
Antonio Carrera,45.504192,29.0,16.504192352294922
Rudy Boulais,45.5038,29.0,16.503799438476562
Sławomir Abramowicz,45.503742,29.0,16.503742218017578
Pietro Boer,45.503674,29.0,16.503673553466797
Niraj Kumar,45.503426,29.0,16.50342559814453
Silas Ostrzinski,45.503387,29.0,16.503387451171875
Matthieu Rongier,45.503376,29.0,16.503376007080078
Niklas Hedl,45.5031,29.0,16.503101348876953
Lars Larsson Jendal,45.50274,29.0,16.50273895263672
Maxim Leitsch,57.536938,74.0,16.463062286376953
Jan Reichert,45.43857,29.0,16.438568115234375
Reece Brown,41.57779,58.0,16.422210693359375
Joe Hilton,45.41979,29.0,16.419788360595703
Matteo Rover,23.633486,40.0,16.366514205932617
Jarrod Carluccio,25.790134,42.0,16.20986557006836
Jack Clarke,23.838753,40.0,16.16124725341797
Jaushua Sotirio,27.969437,44.0,16.030563354492188
Riccardo Ciervo,30.038078,46.0,15.961921691894531
Eroll Zejnullahu,43.047028,59.0,15.952972412109375
Jacen Russell-Rowe,31.838985,16.0,15.838985443115234
Ibrahim Cissé,54.201782,70.0,15.7982177734375
Yaimar Medina,39.453213,55.0,15.54678726196289
Alex Palmer,45.516956,30.0,15.516956329345703
Dan Nlundulu,36.51364,21.0,15.513641357421875
Anthony Racioppi,45.512512,30.0,15.51251220703125
Quentin Braat,45.51245,30.0,15.512451171875
Kayne van Oevelen,45.51193,30.0,15.51192855834961
Ross Munro,45.5118,30.0,15.511798858642578
Ryan Schofield,45.51171,30.0,15.511711120605469
Amir Saipi,45.509453,30.0,15.509452819824219
Tobe Leysen,45.508183,30.0,15.508182525634766
Aske Andresen,45.508163,30.0,15.508163452148438
Matthew Cox,45.505188,30.0,15.50518798828125
Meshari Sanyor,45.50479,30.0,15.504791259765625
Sebastian Banozic,45.504333,30.0,15.50433349609375
Obed Nkambadio,45.50413,30.0,15.504131317138672
Kacper Trelowski,45.503914,30.0,15.503913879394531
André Picornell,45.503803,30.0,15.503803253173828
Garissone Innocent,45.50335,30.0,15.503349304199219
James Holden,45.50333,30.0,15.50333023071289
Matěj Kovář,45.50282,30.0,15.502819061279297
Cameron Cook,45.502285,30.0,15.50228500366211
Daniel Margush,45.500698,30.0,15.50069808959961
Sam Long,45.503162,61.0,15.496837615966797
Mauro Luna Diale,42.590908,58.0,15.40909194946289
Rokas Pukstas,45.599922,61.0,15.400077819824219
Ryan Yates,58.637665,74.0,15.362335205078125
Alessandro Buongiorno,63.675087,79.0,15.324913024902344
Marko Milovanović,36.2537,21.0,15.253700256347656
Wout Faes,61.763992,77.0,15.236007690429688
Amadou Bakayoko,25.800514,41.0,15.199485778808594
Edoardo Bove,58.85781,74.0,15.142189025878906
Jairo Concha,44.89432,60.0,15.10567855834961
Jamie McGrath,42.898018,58.0,15.101982116699219
Martin Valjent,61.93511,77.0,15.064891815185547
Bilal Brahimi,31.997032,47.0,15.002967834472656
Nicolás Rossi,36.981586,22.0,14.981586456298828
Kaan Caliskaner,37.97581,23.0,14.975811004638672
Bruno Valdez,59.03788,74.0,14.962120056152344
Heorhii Sudakov,37.10602,52.0,14.893978118896484
Mads Døhr Thychosen,54.158394,69.0,14.841606140136719
Kevin Yakob,47.19141,62.0,14.808589935302734
Oliver Jones,38.243378,53.0,14.756622314453125
Tommaso Milanese,35.262585,50.0,14.737415313720703
Josh Neufville,35.697044,21.0,14.697044372558594
Arianit Ferati,37.410816,52.0,14.589183807373047
Dheeraj Singh Moirangthem,45.5236,31.0,14.523601531982422
Hannes Sveijer,45.516907,31.0,14.51690673828125
Fabian de Keijzer,45.513588,31.0,14.513587951660156
Dennis Smarsch,45.511456,31.0,14.511455535888672
Casper Andersson,45.50783,31.0,14.507831573486328
Jędrzej Grobelny,45.50631,31.0,14.506309509277344
Franco Israel,45.505154,31.0,14.50515365600586
Sebastian Selin,45.50445,31.0,14.504451751708984
Đorđe Petrović,45.503716,31.0,14.503715515136719
Luca Gemello,45.50336,31.0,14.503360748291016
Jack Warshawsky,45.503273,31.0,14.503273010253906
Sulaiman Asiri,32.496902,47.0,14.503097534179688
Stefan Drljača,45.43243,31.0,14.432430267333984
Gino Infantino,33.596836,48.0,14.40316390991211
Morten Thorsby,60.679386,75.0,14.320613861083984
Liam Walsh,43.704475,58.0,14.295524597167969
Mark O'Hara,50.786114,65.0,14.213886260986328
Cédric Zesiger,57.85832,72.0,14.141681671142578
Vitaly Janelt,58.968792,73.0,14.031208038330078
Sikou Niakaté,63.1811,77.0,13.818901062011719
Mats Wieffer,58.211605,72.0,13.788394927978516
Joe Gauci,43.732975,30.0,13.732975006103516
Pietro Ceccaroni,59.284462,73.0,13.715538024902344
Henry Hore,26.313921,40.0,13.686079025268555
Mikkel Desler,53.32169,67.0,13.67831039428711
Louis Jones,26.369188,40.0,13.63081169128418
Janis Antiste,33.613987,20.0,13.61398696899414
Jonas Urbig,45.51316,32.0,13.513160705566406
Nils De Mol,45.51233,32.0,13.5123291015625
Xavier Dziekoński,45.512123,32.0,13.512123107910156
Felix Wienand,45.507343,32.0,13.507343292236328
Celestin De Schrevel,45.50713,32.0,13.507129669189453
Storm Strand-Kolbjørnsen,45.50598,32.0,13.5059814453125
Szymon Weirauch,45.504047,32.0,13.504047393798828
Joey Kesting,45.503345,32.0,13.503345489501953
Max Weiß,45.503338,32.0,13.503337860107422
Nikhil Deka,45.503094,32.0,13.503093719482422
Lasse Rieß,45.486565,32.0,13.486564636230469
Daniel Eduardo Juárez,26.518818,40.0,13.481182098388672
Jacob Brown,34.5714,48.0,13.428600311279297
Václav Černý,24.582481,38.0,13.417518615722656
Daniel Paraschiv,45.405838,32.0,13.405838012695312
Giorgio Scalvini,64.62282,78.0,13.377182006835938
Giulio Maggiore,58.692616,72.0,13.307384490966797
Maximiliano Caufriez,59.737312,73.0,13.262687683105469
Harold Moukoudi,60.75019,74.0,13.249809265136719
Jonas Bager,55.766727,69.0,13.233272552490234
Mamadou Sangare,31.818329,45.0,13.181671142578125
Samuel Iling-Junior,23.851336,37.0,13.148664474487305
William Clem,49.88417,63.0,13.115829467773438
Nolan Mbemba,49.931023,63.0,13.068977355957031
Isaac Price,41.978535,55.0,13.021465301513672
Andréas Hountondji,32.020275,19.0,13.020275115966797
Marcus Ingvartsen,24.984438,38.0,13.015562057495117
Franco Díaz,50.986145,64.0,13.01385498046875
Alou Kuol,41.012897,28.0,13.012897491455078
Matt Targett,62.035637,75.0,12.964363098144531
Sinan Karweina,26.066353,39.0,12.933647155761719
Tomás Martínez,38.067326,51.0,12.932674407958984
Kobe Franklin,47.068623,60.0,12.931377410888672
Matías Godoy,26.11844,39.0,12.881559371948242
Quentin Boisgard,43.28499,56.0,12.715011596679688
Skelly Alvero,51.285973,64.0,12.714027404785156
Jordan Storey,60.339367,73.0,12.660633087158203
Lloyd Kelly,60.38128,73.0,12.618721008300781
Isak Hien,62.408875,75.0,12.59112548828125
Philip Fahrner,44.454697,57.0,12.545303344726562
Conor Brann,45.51546,33.0,12.515460968017578
Ștefan Mușat,45.51294,33.0,12.512939453125
Mutlaq Al Hurayji,45.510868,33.0,12.510868072509766
Bartosz Klebaniuk,45.510128,33.0,12.510128021240234
Harvey Wiles-Richards,45.50999,33.0,12.509990692138672
Ahmad Taleb,45.507076,33.0,12.507076263427734
Emre Bilgin,45.503807,33.0,12.503807067871094
Alessandro Lai,45.50352,33.0,12.503520965576172
Nico Mantl,45.503384,33.0,12.50338363647461
Matte Smets,51.49672,64.0,12.503280639648438
Laurin Mack,45.503246,33.0,12.503246307373047
Will Dennis,45.502567,33.0,12.502567291259766
Antonino La Gumina,23.497507,36.0,12.502492904663086
Joe Walsh,45.497612,58.0,12.502388000488281
Wojciech Łaski,34.501373,47.0,12.498626708984375
William Balikwisha,28.50542,41.0,12.494579315185547
Sam Field,58.546257,71.0,12.453742980957031
Federico Dimarco,61.56232,74.0,12.437679290771484
Oskar Zawada,24.672682,37.0,12.32731819152832
Jake Brimmer,50.714836,63.0,12.285163879394531
Mads Juel Andersen,57.741257,70.0,12.258743286132812
Rico Henry,61.806553,74.0,12.19344711303711
Arda Güler,39.85537,52.0,12.144630432128906
Dael Fry,61.911896,74.0,12.088104248046875
Reece Oxford,62.922043,75.0,12.077957153320312
Mario Dorgeles,37.980793,50.0,12.019207000732422
Leandro Putaro,26.982681,39.0,12.017318725585938
Bjarki Steinn Bjarkason,33.000263,45.0,11.999736785888672
Jez Lofthouse,25.036688,37.0,11.963312149047852
Jean-Charles Castelletto,62.120316,74.0,11.879684448242188
Scott McKenna,60.123276,72.0,11.876724243164062
Marcel Wędrychowski,25.148575,37.0,11.851425170898438
Élysée Logbo,30.850832,19.0,11.850831985473633
Connor Roberts,57.15924,69.0,11.84075927734375
Myles Peart-Harris,40.171944,52.0,11.828056335449219
Carlo Armiento,31.183126,43.0,11.816873550415039
Jamie Allen,52.18769,64.0,11.812309265136719
Aidomo Emakhu,29.77081,18.0,11.770809173583984
Lenn Jastremski,30.75502,19.0,11.755020141601562
Eric Martel,63.270355,75.0,11.729644775390625
Enzo Loiodice,57.27093,69.0,11.729068756103516
Christian Walton,23.320007,35.0,11.67999267578125
Julian Krahl,42.671062,31.0,11.671062469482422
Noé Lebreton,50.357727,62.0,11.64227294921875
Yaw Yeboah,23.424225,35.0,11.575775146484375
Franco Troyansky,23.44638,35.0,11.553619384765625
Jordan Bos,50.471497,62.0,11.52850341796875
Saël Kumbedi,53.47919,65.0,11.520809173583984
Markus Ponath,45.513874,34.0,11.513874053955078
Hans Christian Bernat,45.51205,34.0,11.51205062866211
Giovanni Garofani,45.50627,34.0,11.506271362304688
Maximilian Braune,45.505787,34.0,11.505786895751953
Nicola Bagnolini,45.50327,34.0,11.50326919555664
Arian Llugiqi,23.500473,35.0,11.499526977539062
Tsiy-William Ndenge,56.50973,68.0,11.49026870727539
Sander Tangvik,45.519638,57.0,11.480361938476562
Jake Bickerstaff,29.461866,18.0,11.46186637878418
John Souttar,60.557064,72.0,11.442935943603516
Anton Gaaei,47.592247,59.0,11.407752990722656
Cameron Carter-Vickers,63.610073,75.0,11.38992691040039
Juan José Cáceres,58.613743,70.0,11.38625717163086
Cheick Conde,57.614155,69.0,11.385845184326172
Jean Lambert Evan's,49.637722,61.0,11.36227798461914
Jean-Ricner Bellegarde,58.65289,70.0,11.347110748291016
Enrico Brignola,23.6633,35.0,11.336700439453125
Adrian Mazilu,23.682562,35.0,11.317438125610352
Tony Springett,29.687294,41.0,11.312705993652344
Alberto Dossena,60.739067,72.0,11.260932922363281
Amir Hadžiahmetović,59.795753,71.0,11.204246520996094
Houboulang Mendes,58.85821,70.0,11.141788482666016
Krystian Bielik,59.875736,71.0,11.124263763427734
Victor Loturi,48.93039,60.0,11.069610595703125
Crysencio Summerville,23.952602,35.0,11.04739761352539
Luca Valzania,49.97256,61.0,11.02743911743164
Aleksandar Jukic,42.99085,54.0,11.009151458740234
Felix Keidel,44.02722,55.0,10.9727783203125
Jerome Opoku,61.027973,72.0,10.972026824951172
Ethan Robson,48.02822,59.0,10.971778869628906
Justin Butler,33.958797,23.0,10.958797454833984
Liam Henderson,54.049934,65.0,10.950065612792969
Donat Rrudhani,26.086174,37.0,10.913825988769531
Habib Diarra,55.093544,66.0,10.906455993652344
Nathan-Dylan Saliba,42.103184,53.0,10.89681625366211
Julian Ryerson,62.11872,73.0,10.881278991699219
Vegard Solheim,41.147087,52.0,10.852912902832031
Keanu Baccus,57.162586,68.0,10.837413787841797
Nicolás Romero,60.180286,71.0,10.819713592529297
Mateusz Wieteska,61.2038,72.0,10.796199798583984
Mai Traore,29.762661,19.0,10.76266098022461
Alidu Seidu,64.28411,75.0,10.715888977050781
Alex Badolato,31.28448,42.0,10.715520858764648
Matías González,59.65664,49.0,10.656639099121094
Thomas Buitink,29.345318,40.0,10.654682159423828
Harrison Reed,61.354603,72.0,10.645397186279297
Johan Brattberg,23.409628,34.0,10.590372085571289
Alessandro Di Pardo,50.4235,61.0,10.576499938964844
Leopold Wahlstedt,45.50901,35.0,10.509010314941406
Jakub Stolarczyk,45.504807,35.0,10.504806518554688
Christos Talichmanidis,45.50404,35.0,10.504039764404297
Andi Hoti,57.500538,68.0,10.499462127685547
Prabhsukhan Gill,39.499294,29.0,10.49929428100586
Noah Atubolu,45.491848,35.0,10.49184799194336
Jon McCracken,45.489143,35.0,10.489143371582031
Tadeo Allende,25.517754,36.0,10.482246398925781
Bart Verbruggen,45.51958,56.0,10.480419158935547
Lorenzo Venuti,57.521873,68.0,10.478126525878906
Davide Frattesi,57.524197,68.0,10.47580337524414
Sam Taylor,27.473007,17.0,10.473007202148438
Lucas Lund,45.472546,35.0,10.472545623779297
Abdelkabir Abqar,60.533092,71.0,10.466907501220703
Romeo Lavia,61.562283,72.0,10.43771743774414
Jules Van Cleemput,60.625885,71.0,10.374114990234375
Martin Delavallée,35.64858,46.0,10.351421356201172
Stefano Turati,45.31867,35.0,10.318668365478516
Kasey Palmer,42.691628,53.0,10.308372497558594
Derrick Etienne Jr.,29.694525,40.0,10.305475234985352
Jean-Victor Makengo,62.697304,73.0,10.302696228027344
Arouna Sangante,60.701748,71.0,10.29825210571289
Mirko Antonucci,30.709845,41.0,10.290155410766602
Justin Ferizaj,38.752132,49.0,10.247867584228516
Jakub Niemczyk,27.247381,17.0,10.247381210327148
Joe Mendes,51.79495,62.0,10.20505142211914
Noel Buck,38.819973,49.0,10.18002700805664
Silas Gnaka,59.832848,70.0,10.167152404785156
Amund Wichne,34.836163,45.0,10.163837432861328
Stefan Gartenmann,59.839073,70.0,10.160926818847656
Grégoire Coudert,39.113148,29.0,10.113147735595703
Tyler Walker,46.09505,36.0,10.095050811767578
Alex Greive,28.086193,18.0,10.086193084716797
Kiliann Sildillia,62.936623,73.0,10.063377380371094
Levi Colwill,63.966156,74.0,10.033843994140625
Can Bozdoğan,51.0042,61.0,9.995800018310547
Jake Najdovski,26.99146,17.0,9.991460800170898
Mike Hauptmeijer,43.974243,34.0,9.9742431640625
Manuel García,59.050163,69.0,9.949836730957031
Logan Costa,61.053295,71.0,9.946704864501953
Matteo Gabbia,65.10939,75.0,9.890609741210938
Luca Ranieri,64.11987,74.0,9.880126953125
Christian Witzig,49.127773,59.0,9.87222671508789
Diego Luna,28.148968,38.0,9.851032257080078
Amadou Camara,29.810085,20.0,9.81008529663086
Igoh Ogbu,63.192665,73.0,9.807334899902344
Rayyan Baniya,59.215824,69.0,9.784175872802734
Will Wilson,40.226463,50.0,9.773536682128906
Sam Gallagher,35.24689,45.0,9.753108978271484
Caleb Taylor,58.29009,68.0,9.709911346435547
Daylam Meddah,48.315994,58.0,9.684005737304688
Rico Lewis,60.325954,70.0,9.67404556274414
Valeriy Bondar,64.36708,74.0,9.632919311523438
Callum Doyle,61.37104,71.0,9.628959655761719
Greg Docherty,56.444607,66.0,9.55539321899414
Daniel Samek,62.5398,53.0,9.539798736572266
Utku Yuvakuran,45.522102,36.0,9.522102355957031
Dominik Kotarski,45.51337,36.0,9.513370513916016
Filip Jörgensen,45.507088,36.0,9.507087707519531
Kacper Bieszczad,45.50362,36.0,9.503620147705078
Guillaume Restes,45.502857,36.0,9.502857208251953
Tobias Storm,42.498363,52.0,9.501636505126953
Carl Rushworth,45.503834,55.0,9.496166229248047
Alan Rodríguez,48.518024,58.0,9.481975555419922
Ștefan Târnovanu,45.525356,55.0,9.47464370727539
Adam Wharton,51.527863,61.0,9.472137451171875
Peter Vindahl Jensen,45.464375,36.0,9.464374542236328
Jorne Spileers,59.53686,69.0,9.463138580322266
Lee Evans,56.537083,66.0,9.46291732788086
Lennard Maloney,61.57045,71.0,9.429550170898438
Jeanuël Belocian,59.583347,69.0,9.41665267944336
Manuel Polster,24.59006,34.0,9.409940719604492
Allan Tchaptchet,57.667175,67.0,9.33282470703125
Lucas Hey,55.684513,65.0,9.315486907958984
Ossama Ashley,51.702206,61.0,9.297794342041016
Jimmy Dunne,61.780655,71.0,9.219345092773438
Aiden O'Neill,56.804222,66.0,9.195777893066406
Cedric Teuchert,25.815094,35.0,9.184906005859375
Bautista Kociubinski,59.86288,69.0,9.13711929321289
Bafodé Diakité,63.870087,73.0,9.129913330078125
Jean Hugonet,58.875473,68.0,9.124526977539062
Andy Diouf,56.91275,66.0,9.087249755859375
George Evans,56.939266,66.0,9.060733795166016
Alessandro Deiola,58.95472,68.0,9.045280456542969
Marco Curto,60.986015,70.0,9.013984680175781
Jarrad Branthwaite,62.98899,72.0,9.011009216308594
Christoph Klarer,64.01702,73.0,8.982978820800781
Lars Kehl,30.020523,39.0,8.979476928710938
Luis Miguel Marquines,43.973667,35.0,8.97366714477539
Erdal Rakip,55.03997,64.0,8.960029602050781
Hjalmar Ekdal,64.041,73.0,8.958999633789062
Jacob Greene,45.054916,54.0,8.945083618164062
Kajetan Szmyt,29.093702,38.0,8.90629768371582
Michał Helik,62.117897,71.0,8.882102966308594
Ethan Alagich,37.136105,46.0,8.863895416259766
Nicolás Valentini,63.153996,72.0,8.846004486083984
Arthur Vermeeren,58.16078,67.0,8.839218139648438
Mateo Gamarra,62.178875,71.0,8.821125030517578
Julian Green,24.204992,33.0,8.795007705688477
Lenny Joseph,30.794853,22.0,8.794853210449219
Gautier Lloris,62.22339,71.0,8.776611328125
El Chadaille Bitshiabu,58.250443,67.0,8.749557495117188
Anton Krivotsyuk,62.25078,71.0,8.749221801757812
Benedikt Gimber,62.251476,71.0,8.748523712158203
Adamo Nagalo,61.27318,70.0,8.726821899414062
Nick Woltemade,28.30992,37.0,8.690080642700195
Liam Lindsay,60.325554,69.0,8.674446105957031
Calem Nieuwenhof,55.330593,64.0,8.66940689086914
Jens Odgaard,33.342117,42.0,8.657882690429688
Cheick Keita,62.38996,71.0,8.610038757324219
Kamil Jóźwiak,33.403633,42.0,8.596366882324219
Moritz Jenz,63.43812,72.0,8.561878204345703
Adam Ingi Benediktsson,45.509827,37.0,8.50982666015625
Steven Benda,45.506027,37.0,8.506027221679688
Federico Ravaglia,45.50392,37.0,8.503921508789062
Ted Cann,45.50284,37.0,8.502838134765625
Victor Arong,23.501883,15.0,8.501882553100586
David Sala,47.515614,56.0,8.484386444091797
Filip Ugrinic,59.522263,68.0,8.477737426757812
Lorenzo Pirola,63.524208,72.0,8.475791931152344
Emil Hansson,26.532478,35.0,8.467521667480469
Lenny Pirringuel,40.53266,49.0,8.467338562011719
Denis Franchi,45.408787,37.0,8.40878677368164
Mamadou Fofana,50.603333,59.0,8.39666748046875
Michele Cerofolini,45.39124,37.0,8.391239166259766
Jekob Abiezer Jeno,55.61304,64.0,8.386959075927734
Conrad Wallem,37.62527,46.0,8.37472915649414
Gastón Álvarez,64.64225,73.0,8.357749938964844
Maksim Stjopin,23.349619,15.0,8.349618911743164
Diego Coppola,63.664192,72.0,8.335807800292969
Njabulo Blom,61.67043,70.0,8.329570770263672
Faisal Al Ghamdi,49.686806,58.0,8.313194274902344
Harry Boyes,46.69647,55.0,8.303531646728516
Mohammed Al Dawsari,49.726448,58.0,8.273551940917969
Filip Dagerstål,60.727406,69.0,8.272594451904297
Dimitrios Nikolaou,63.737087,72.0,8.26291275024414
Reece Burke,62.775536,71.0,8.224464416503906
Luke McNally,62.786453,71.0,8.213546752929688
Patrick Osterhage,61.7911,70.0,8.208900451660156
Dexter Lembikisa,47.79492,56.0,8.205078125
Matías Soulé,27.827295,36.0,8.172704696655273
Saad Al Mousa,51.85757,60.0,8.14242935180664
Scott Wharton,60.89991,69.0,8.100090026855469
Noah Karunaratne,26.902872,35.0,8.097127914428711
Daniel Johnson,45.92483,54.0,8.07516860961914
Issa Soumaré,27.07254,19.0,8.072540283203125
Mads Bidstrup,62.932373,71.0,8.067626953125
Robert Gumny,58.93441,67.0,8.065589904785156
Cameron Humphreys-Grant,59.943672,68.0,8.056327819824219
Gonzalo Luján,60.96336,69.0,8.036640167236328
Karol Świderski,23.970566,32.0,8.029434204101562
Hannibal Mejbri,53.972366,62.0,8.027633666992188
Zak Vyner,59.98391,68.0,8.016090393066406
Facundo Colidio,26.985271,35.0,8.014728546142578
Paul Joly,60.00876,68.0,7.991241455078125
Fatih Aksoy,62.01009,70.0,7.989910125732422
Hrvoje Smolčić,64.01025,72.0,7.989753723144531
Moussa Diarra,61.043884,69.0,7.95611572265625
Joseph Rosales,47.07041,55.0,7.929588317871094
Kortney Hause,63.0732,71.0,7.926799774169922
Isaac Olaofe,26.925924,19.0,7.925924301147461
Tim Siersleben,63.074615,71.0,7.925384521484375
Macaulay Gillesphey,60.075504,68.0,7.924495697021484
Quilindschy Hartman,59.08009,67.0,7.919910430908203
Oday Dabbagh,27.089222,35.0,7.910778045654297
Zeno Debast,62.12936,70.0,7.870639801025391
Ben Wilmot,64.13902,72.0,7.8609771728515625
Josh Koroma,30.148386,38.0,7.851613998413086
Fabian Reese,37.15868,45.0,7.841320037841797
Justin Forst,25.836807,18.0,7.8368072509765625
Jakov Medić,63.168976,71.0,7.831024169921875
Alexis Tibidi,24.180382,32.0,7.819618225097656
Juninho Bacuna,57.182224,65.0,7.817775726318359
Toby Savin,37.182423,45.0,7.817577362060547
Mamadou Camara,32.813194,25.0,7.813194274902344
Björn Meijer,62.215324,70.0,7.784675598144531
Dave Gnaase,54.21714,62.0,7.782859802246094
Josh Eccles,59.22757,67.0,7.772430419921875
Antonio Palumbo,50.231594,58.0,7.768405914306641
Enzo Ebosse,64.24094,72.0,7.759063720703125
Oliver Arblaster,44.253044,52.0,7.746955871582031
Vittorio Parigini,24.290447,32.0,7.709552764892578
Jordy Makengo,58.299507,66.0,7.700492858886719
Matías Vera,58.36696,66.0,7.6330413818359375
Alessandro Vogliacco,63.376915,71.0,7.623085021972656
Philippe Sandler,62.377922,70.0,7.622077941894531
Jordi Vanlerberghe,61.3971,69.0,7.602901458740234
Adam Murphy,44.401596,52.0,7.5984039306640625
Matej Maglica,60.404285,68.0,7.595714569091797
Christos Zafeiris,54.40813,62.0,7.591869354248047
Moustapha Mbow,59.436512,67.0,7.563488006591797
Osman Kakay,57.44563,65.0,7.554370880126953
Darius Lipsiuc,34.457363,42.0,7.542636871337891
Łukasz Poręba,59.470375,67.0,7.529624938964844
Matthias Bader,60.471462,68.0,7.528537750244141
Isaac Schmidt,52.472935,60.0,7.527065277099609
Mads Pedersen,58.48346,66.0,7.51654052734375
Theo Sander,45.51332,38.0,7.5133209228515625
Yoann Cathline,37.489548,45.0,7.5104522705078125
Jan-Christoph Bartels,45.509666,38.0,7.509666442871094
Magnus Sjøeng,45.506107,38.0,7.506107330322266
Joachim Imbrechts,45.50542,38.0,7.505420684814453
Diego González,45.505383,38.0,7.505382537841797
Krzysztof Bąkowski,45.50344,38.0,7.503440856933594
Tomás González,23.50441,31.0,7.4955902099609375
Charlie Finney,42.50875,50.0,7.491249084472656
Hayden Hackney,54.511833,62.0,7.488166809082031
Tyronne Ebuehi,61.52827,69.0,7.471729278564453
Moritz Broschinski,23.54924,31.0,7.4507598876953125
Antwoine Hackford,25.44608,18.0,7.446079254150391
Jannis Heuer,62.56503,70.0,7.434970855712891
Alessio Buttaro,54.588287,62.0,7.411712646484375
Trent Buhagiar,33.407448,26.0,7.407447814941406
Callum Brittain,57.5971,65.0,7.402900695800781
Michał Karbownik,60.60717,68.0,7.392829895019531
Louis Patris,61.62474,69.0,7.3752593994140625
Vebjørn Hoff,56.625614,64.0,7.374385833740234
Ethon Varian,28.370049,21.0,7.370048522949219
Enea Mihaj,63.632057,71.0,7.367942810058594
Jonas Föhrenbach,61.63278,69.0,7.367221832275391
Tyler Roberts,30.641829,38.0,7.358171463012695
Elio Capradossi,62.642803,70.0,7.357196807861328
Saxon Earley,47.64605,55.0,7.353950500488281
Julian Niehues,59.652153,67.0,7.347846984863281
Lucas Mauragis,47.652515,55.0,7.347484588623047
Daniel Svensson,54.655262,62.0,7.344738006591797
Marcel Hoffmeier,61.66837,69.0,7.331630706787109
Jake Clarke-Salter,61.6843,69.0,7.315700531005859
Kylian Kaïboué,59.684853,67.0,7.315147399902344
Yan Valery,63.703728,71.0,7.296272277832031
Carl Johansson,59.70391,67.0,7.296089172363281
Jonas Meffert,62.708523,70.0,7.291477203369141
Chuba Akpom,23.71908,31.0,7.280920028686523
Cătălin Cîrjan,43.72047,51.0,7.279529571533203
Trai Hume,55.731182,63.0,7.268817901611328
Federico Redondo,60.73636,68.0,7.263641357421875
Alexander Prass,61.7377,69.0,7.262298583984375
Senne Lynen,61.74017,69.0,7.259830474853516
Leopold Querfeld,57.743843,65.0,7.256156921386719
Okan Erdoğan,59.77267,67.0,7.227329254150391
Juan Cruz De Los Santos,31.785994,39.0,7.214006423950195
Kyle Duncan,55.78785,63.0,7.212150573730469
Nectarios Triantis,55.7915,63.0,7.208499908447266
Rodrigo Guth,63.807625,71.0,7.192375183105469
Gabriel Osho,62.80881,70.0,7.191188812255859
Magnus Riisnæs,46.81318,54.0,7.186820983886719
Louis Zabala,42.817116,50.0,7.182884216308594
Jacob Greaves,63.831882,71.0,7.168117523193359
Ulrik Yttergård Jenssen,57.833004,65.0,7.166996002197266
Kevin Ortiz,61.83529,69.0,7.164710998535156
Jacob Barrett Laursen,57.88148,65.0,7.118518829345703
Xavier Mbuyamba,61.89259,69.0,7.107410430908203
Steve Ngoura,26.087074,19.0,7.087074279785156
Batista Mendy,63.94412,71.0,7.055881500244141
Maximilian Thalhammer,56.958035,64.0,7.041965484619141
Gustaf Lagerbielke,59.01116,66.0,6.988838195800781
Facundo Mansilla,63.016,70.0,6.984001159667969
Alexander Busch,55.018845,62.0,6.9811553955078125
András Schäfer,57.02096,64.0,6.979038238525391
Antonio Candela,58.031887,65.0,6.968112945556641
Marlon Fossey,58.042145,65.0,6.957855224609375
Jean Ruiz,62.066063,69.0,6.933937072753906
Mathias Greve,46.072437,53.0,6.927562713623047
Semih Sahin,56.081326,63.0,6.918674468994141
George Thomas,30.082935,37.0,6.917064666748047
Nicolai Rapp,62.08764,69.0,6.912361145019531
Namgyal Bhutia,38.088837,45.0,6.911163330078125
Bartosz Mrozek,44.90884,38.0,6.908840179443359
Koni De Winter,62.09284,69.0,6.907161712646484
Khalil Fayad,39.10428,46.0,6.895721435546875
Marvin Schulz,61.117397,68.0,6.882602691650391
Simon Elisor,29.117842,36.0,6.882158279418945
Ryan Trevitt,40.154102,47.0,6.845897674560547
John-Patrick Strauß,52.155167,59.0,6.8448333740234375
Alex Mowatt,56.17165,63.0,6.828350067138672
Andy Pembélé,26.172976,33.0,6.827024459838867
Achraf Dari,64.17715,71.0,6.822853088378906
Alimami Gory,28.819994,22.0,6.81999397277832
Stefan Colakovski,26.180779,33.0,6.819221496582031
Liam Gibbs,56.18162,63.0,6.818378448486328
Thibault De Smet,61.189487,68.0,6.810512542724609
Bradley Locko,62.201103,69.0,6.798896789550781
Gabriel Slonina,34.211224,41.0,6.788776397705078
Michael Zetterer,34.2153,41.0,6.784698486328125
Will Fish,58.217995,65.0,6.782005310058594
Patrick Sutter,55.23526,62.0,6.764739990234375
Konstantinos Koulierakis,61.243294,68.0,6.756706237792969
Riccardo Marchizza,62.24452,69.0,6.755481719970703
Adam Obert,62.25836,69.0,6.74163818359375
Youssef Chermiti,26.265099,33.0,6.734901428222656
Hayden Carter,62.27277,69.0,6.727230072021484
Andreas Gruber,27.274855,34.0,6.72514533996582
Baptiste Guillaume,24.285732,31.0,6.714267730712891
Formose Mendy,61.311825,68.0,6.688175201416016
Yannik Keitel,62.315212,69.0,6.684787750244141
Tom Ducrocq,59.31602,66.0,6.683979034423828
Erik Dueñas,44.324417,51.0,6.6755828857421875
Iyad Mohamed,54.335426,61.0,6.664573669433594
Marc Bola,58.34519,65.0,6.654811859130859
Flavien-Enzo Boyomo,62.348633,69.0,6.6513671875
Conan Noonan,24.624813,18.0,6.624813079833984
Ryan Raposo,45.383865,52.0,6.6161346435546875
Victor Bezerra,24.604609,18.0,6.604608535766602
Lindrit Kamberi,57.39706,64.0,6.602939605712891
Ibrahim Salah,23.40166,30.0,6.598339080810547
Josh Austerfield,43.412266,50.0,6.587734222412109
Sebastián González,57.434242,64.0,6.565757751464844
Florian Ayé,23.454327,30.0,6.545673370361328
Guillermo Enrique,63.45874,70.0,6.541259765625
Boris Tomiak,63.463165,70.0,6.536834716796875
Alfie Doughty,56.47419,63.0,6.525810241699219
Gaëtan Coucke,45.515755,39.0,6.515754699707031
Mohammad Nawaz,45.50402,39.0,6.504020690917969
Robert Popa,45.50387,39.0,6.503868103027344
Osama Al Mermish,45.503048,39.0,6.503047943115234
Charlie Goode,59.498005,66.0,6.501995086669922
Killian Phillips,55.4987,62.0,6.501300811767578
Saikou Touray,47.501205,54.0,6.4987945556640625
Santiago Núñez,60.513237,67.0,6.486763000488281
Morten Ågnes Konradsen,55.532715,62.0,6.46728515625
Leonidas Stergiou,63.536255,70.0,6.4637451171875
Furkan Bayır,58.550854,65.0,6.449146270751953
Clemens Riedel,62.558304,69.0,6.4416961669921875
Alessio Da Cruz,29.56409,36.0,6.435909271240234
Callum Hendry,24.58414,31.0,6.415859222412109
Noah Botić,27.409866,21.0,6.4098663330078125
Noah Persson,47.596798,54.0,6.403202056884766
Jamie Lawrence,60.609337,67.0,6.390663146972656
Vítězslav Jaroš,45.373516,39.0,6.373516082763672
Giorgio Altare,64.626595,71.0,6.373405456542969
Leonardo Díaz,57.64191,64.0,6.358089447021484
Turki Al Mutairi,23.352089,17.0,6.352088928222656
Gauthier Hein,40.33123,34.0,6.331230163574219
Yordi López,42.673878,49.0,6.326122283935547
Clément Vidal,63.687164,70.0,6.312835693359375
Andrea Carboni,64.69025,71.0,6.30975341796875
Abiel Osorio,27.71286,34.0,6.287139892578125
Felix Horn Myhre,54.716724,61.0,6.283275604248047
Musab Al Juwair,43.765034,50.0,6.234966278076172
Mateusz Kochalski,45.21316,39.0,6.213161468505859
Julian Stark,53.79044,60.0,6.209560394287109
Felipe Peña,62.799416,69.0,6.200584411621094
Justin Haak,53.802837,60.0,6.197162628173828
Christiaan Ravych,59.83565,66.0,6.164348602294922
Giorgio Cittadini,61.847874,68.0,6.152126312255859
Aleksa Terzić,61.852875,68.0,6.147125244140625
David Schnegg,61.853603,68.0,6.146396636962891
Callum Robinson,25.857203,32.0,6.142797470092773
Aurèle Amenda,54.861115,61.0,6.138885498046875
Yassine Kechta,53.864456,60.0,6.1355438232421875
Darnell Furlong,61.86803,68.0,6.131969451904297
Kyan Vaesen,25.871204,32.0,6.128795623779297
Lewis Hall,56.873962,63.0,6.12603759765625
Ravil Tagir,62.874607,69.0,6.125392913818359
Oscar Wiklöf,45.87618,52.0,6.123821258544922
Hugo Larsson,53.87909,60.0,6.12091064453125
Noel Eichinger,23.880926,30.0,6.119073867797852
Henning Matriciani,61.882442,68.0,6.117557525634766
Nikola Soldo,63.886284,70.0,6.113716125488281
Frankie Kent,59.89844,66.0,6.101558685302734
Fynn Lakenmacher,23.901478,30.0,6.098522186279297
Barış Alper Yılmaz,30.90702,37.0,6.092979431152344
Nicolas Vouilloz,57.909615,64.0,6.090385437011719
Matteo Meisl,59.924835,66.0,6.075164794921875
Amar Dedić,59.941208,66.0,6.0587921142578125
Odin Thiago Holm,46.94562,53.0,6.054378509521484
Bartłomiej Kłudka,50.94694,57.0,6.053058624267578
Kazımcan Karataş,57.98709,64.0,6.012908935546875
Aidan Morris,61.993153,68.0,6.006847381591797
Chay Cooper,41.005234,35.0,6.0052337646484375
Leandro Morgalla,60.998978,67.0,6.0010223388671875
Bryan Reynolds,60.00664,66.0,5.993358612060547
Myron van Brederode,26.017548,32.0,5.982452392578125
Youssouf Koné,58.03413,64.0,5.965869903564453
Lewis Warrington,54.034958,60.0,5.9650421142578125
Justen Glad,63.041237,69.0,5.958763122558594
Bobby Thomas,61.041294,67.0,5.958705902099609
Adam Buksa,25.052559,31.0,5.947441101074219
Agustín Giay,61.053936,67.0,5.946063995361328
Jack Robinson,62.93511,57.0,5.935108184814453
Tanguy Zoukrou,60.072193,66.0,5.927806854248047
Emmanuel Iyoha,42.907288,37.0,5.90728759765625
Junior Mwanga,63.11356,69.0,5.886440277099609
Ronnie Edwards,63.14395,69.0,5.856048583984375
Ismajl Beka,59.15442,65.0,5.8455810546875
Yoni Gomis,54.16143,60.0,5.838569641113281
Allahyar Sayyadmanesh,40.161568,46.0,5.838432312011719
Casper Terho,25.170492,31.0,5.829507827758789
Samuel Silvera,29.179174,35.0,5.820825576782227
Huseyin Biler,50.19298,56.0,5.807018280029297
Tahith Chong,44.19786,50.0,5.8021392822265625
Mason Bennett,36.202152,42.0,5.797847747802734
Stefan Knežević,61.209667,67.0,5.790332794189453
Kai Corbett,26.786625,21.0,5.786624908447266
Nicholas Pierini,32.216785,38.0,5.783214569091797
Odin Luraas Bjørtuft,62.22256,68.0,5.777439117431641
Ben Thompson,56.226654,62.0,5.773345947265625
Marin Šverko,58.235367,64.0,5.7646331787109375
Sivasakthi Narayanan,25.236063,31.0,5.763936996459961
Flavio Alcedo,57.23856,63.0,5.761440277099609
İsmail Yüksek,63.254154,69.0,5.745845794677734
James Bree,61.256783,67.0,5.743217468261719
Johann Lepenant,63.258068,69.0,5.741931915283203
Malcom Bokele,63.262104,69.0,5.737895965576172
Jack Keaney,52.267685,58.0,5.7323150634765625
Nicolás Paz,59.274406,65.0,5.725593566894531
Oliver Sail,43.28578,49.0,5.7142181396484375
Conor McCarthy,59.28613,65.0,5.713871002197266
Momodou Lamin Sonko,23.710852,18.0,5.710851669311523
Serdar Saatçı,62.294724,68.0,5.7052764892578125
Oliver Cooper,52.30086,58.0,5.699138641357422
David Affengruber,63.31088,69.0,5.689121246337891
Naorem Mahesh Singh,25.313486,31.0,5.686513900756836
Arnaud Lusamba,58.31666,64.0,5.683338165283203
Maxim De Cuyper,60.318253,66.0,5.6817474365234375
Jacob Muir,50.321426,56.0,5.6785736083984375
Marco Burch,62.32271,68.0,5.6772918701171875
Beni Baningime,64.324615,70.0,5.675384521484375
Dennis Hadžikadunić,64.33198,70.0,5.668022155761719
Bjørn Inge Utvik,59.333076,65.0,5.666923522949219
Hugo Andersson,60.350685,66.0,5.649314880371094
Óscar Zambrano,60.351486,66.0,5.6485137939453125
Antoine Makoumbou,61.397575,67.0,5.602424621582031
Rune Paeshuyse,57.42019,63.0,5.579811096191406
Rick van Drongelen,63.421535,69.0,5.578464508056641
Benjamin Ozegovic,40.57751,35.0,5.577510833740234
Jakob Tånnander,45.435352,51.0,5.564647674560547
Edward McGinty,45.438736,51.0,5.5612640380859375
Brad Potts,55.446423,61.0,5.553577423095703
Jan Schöppner,62.447594,68.0,5.552406311035156
Mathias Olesen,53.45196,59.0,5.548038482666016
Daniel Bielica,43.53953,38.0,5.539531707763672
Patrick Wood,23.469078,29.0,5.530921936035156
Marko Divković,25.530514,20.0,5.530513763427734
Mehdi Boukamir,56.472794,62.0,5.5272064208984375
Jesper Daland,63.48107,69.0,5.518928527832031
Markus Schubert,45.508953,40.0,5.508953094482422
Alessandro Sorrentino,45.504997,40.0,5.504997253417969
Dominique Youfeigane,45.50393,40.0,5.503929138183594
Lennart Grill,45.50311,40.0,5.503108978271484
Maarten Vandevoordt,45.5031,40.0,5.503101348876953
Tim Breithaupt,63.497223,69.0,5.502777099609375
Vincent Marchetti,62.510406,68.0,5.489593505859375
Jannes Van Hecke,53.5105,59.0,5.489498138427734
Ilyes Hamache,23.485317,18.0,5.485317230224609
Arda Kızıldağ,62.51845,68.0,5.481548309326172
Nathan Trott,45.479683,40.0,5.479682922363281
Till Cissokho,61.527527,67.0,5.47247314453125
Liam Delap,23.533043,29.0,5.466957092285156
Maurice Dehler,30.461983,25.0,5.461982727050781
Hayden Coulson,56.53991,62.0,5.460090637207031
Josh Flint,57.548294,63.0,5.4517059326171875
Mads Bech Sørensen,63.5499,69.0,5.450099945068359
Harry Toffolo,60.555958,66.0,5.444042205810547
Thomas Santos,47.558117,53.0,5.441883087158203
Khalil Al Absi,23.564232,29.0,5.435768127441406
Jakub Lutostański,23.409468,18.0,5.409467697143555
Kenneth Paal,59.60449,65.0,5.395511627197266
Charlie Cresswell,62.60744,68.0,5.392559051513672
Aapo Halme,57.617073,63.0,5.382926940917969
Raphael Framberger,60.61964,66.0,5.380359649658203
Riccardo Calafiori,62.621105,68.0,5.378894805908203
Cauley Woodrow,24.626032,30.0,5.373968124389648
Brian Salvareschi,63.630505,69.0,5.369495391845703
Davino Knappe,24.636019,30.0,5.363981246948242
Max Caputo,23.637186,29.0,5.362813949584961
Linus Gechter,63.637367,69.0,5.362632751464844
Edvin Kurtulus,63.6381,69.0,5.361900329589844
Shady Oukhadda,57.656746,63.0,5.343254089355469
Dante Sealy,24.343018,19.0,5.343017578125
Bruno Amione,62.669495,68.0,5.33050537109375
George Miller,31.67021,37.0,5.329790115356445
Ignacio Rodríguez,62.67181,68.0,5.328189849853516
Runar Espejord,24.677319,30.0,5.322681427001953
Bonke Innocent,62.677338,68.0,5.322662353515625
Fardin Ali Molla,23.318792,18.0,5.318792343139648
Callum Styles,58.687447,64.0,5.312553405761719
Sean Zawadzki,54.69373,60.0,5.306270599365234
Fred Onyedinma,42.69498,48.0,5.305019378662109
Leonardo Benedetti,52.699497,58.0,5.300502777099609
Rassoul Ndiaye,59.700523,65.0,5.299476623535156
Rocco Ascone,49.700886,55.0,5.299114227294922
Kevin Schade,23.704294,29.0,5.295705795288086
Giuseppe Cuomo,57.71669,63.0,5.2833099365234375
Sandy Walsh,62.71704,68.0,5.282958984375
Niccolò Corrado,58.72684,64.0,5.273159027099609
Gerasimos Mitoglou,62.732246,68.0,5.267753601074219
Giulian Biancone,63.735905,69.0,5.264095306396484
Salem Al Najdi,47.746002,53.0,5.253997802734375
Valentin Gendrey,61.752495,67.0,5.247505187988281
Griffin Dorsey,46.762646,52.0,5.237354278564453
Boris Lambert,62.77681,68.0,5.2231903076171875
Yanis Begraoui,26.221409,21.0,5.221408843994141
Frank Magri,26.211437,21.0,5.211437225341797
Dominik Stumberger,59.79998,65.0,5.200019836425781
Kenneth Schmidt,61.80113,67.0,5.198871612548828
Ryan Flamingo,62.81088,68.0,5.189121246337891
Joe Taylor,25.185347,20.0,5.185346603393555
Sofian Kiyine,58.81708,64.0,5.182918548583984
Max Christiansen,62.821526,68.0,5.178474426269531
Shawn Adewoye,62.83351,68.0,5.1664886474609375
Oualid Mhamdi,50.843285,56.0,5.156715393066406
Ross McCrorie,61.84343,67.0,5.1565704345703125
Mateo Tanlongo,61.847256,67.0,5.152744293212891
Jonathan Varane,59.849472,65.0,5.1505279541015625
Jan Sobociński,58.85768,64.0,5.1423187255859375
Elias Jelert,58.86521,64.0,5.134788513183594
Max Rosenfelder,61.87284,67.0,5.127159118652344
Kieron Bowie,26.881092,32.0,5.118907928466797
Leif Davis,58.883007,64.0,5.116992950439453
George Wickens,24.89732,30.0,5.102680206298828
Ramiro Ruiz Rodríguez,32.909927,38.0,5.0900726318359375
Yoan Koré,57.920868,63.0,5.079132080078125
Jay Idzes,60.93953,66.0,5.0604705810546875
Vetle Walle Egeli,49.940006,55.0,5.059993743896484
Jacopo Fazzini,56.968727,62.0,5.031272888183594
Enzo Tchato,57.975277,63.0,5.024723052978516
Syb van Ottele,60.981834,66.0,5.018165588378906
Aleksa Pejić,60.999004,66.0,5.000995635986328
Bill Tuiloma,61.007458,66.0,4.992542266845703
Guy-Marcelin Kilama,61.01006,66.0,4.989940643310547
Maik Nawrocki,63.012222,68.0,4.9877777099609375
Jhon Solís,59.01553,64.0,4.984470367431641
Sammie Szmodics,43.017956,48.0,4.982044219970703
Saïdou Sow,64.040535,69.0,4.959465026855469
Santiago Castro,29.040813,34.0,4.959186553955078
Sven Mijnans,57.042076,62.0,4.957923889160156
Ryan Ledson,58.04555,63.0,4.954448699951172
Allan Campbell,64.04583,69.0,4.954170227050781
Nelson Palacio,60.048306,65.0,4.951694488525391
Jack Currie,52.04883,57.0,4.951171875
Ryan O'Kane,28.056623,33.0,4.943376541137695
Zac Ashworth,54.065956,59.0,4.934043884277344
CJ Egan-Riley,61.06855,66.0,4.931449890136719
Johan Bångsbo,61.072926,66.0,4.927074432373047
Gustav Grubbe,52.076305,57.0,4.923694610595703
Niklas Schmidt,48.077,53.0,4.923000335693359
Jérémy Blasco,62.08074,67.0,4.919258117675781
Ernest Muçi,24.910725,20.0,4.910724639892578
Jaheim Headley,50.092503,55.0,4.907497406005859
Charlie Patino,60.09771,65.0,4.902290344238281
Owen Dale,26.10341,31.0,4.896589279174805
Mario Stroeykens,25.11872,30.0,4.881280899047852
Moritz Oswald,54.125614,59.0,4.874385833740234
Oscar Wallin,53.13592,58.0,4.864078521728516
Farès Chaïbi,63.148197,68.0,4.851802825927734
Felix Allgaier,52.151638,57.0,4.848361968994141
Juan Pablo Torres,57.833305,53.0,4.833305358886719
Tanner Tessmann,59.173237,64.0,4.826763153076172
Théo Le Bris,58.17351,63.0,4.826488494873047
Melle Meulensteen,63.19217,68.0,4.807830810546875
Luciano Gondou,31.204779,36.0,4.795221328735352
Kouame Autonne,62.20629,67.0,4.793708801269531
Nicolò Cambiaghi,33.209785,38.0,4.790214538574219
Christian Dalle Mura,60.212704,65.0,4.787296295166016
Rafik Zekhnini,34.78217,30.0,4.782169342041016
Hakim Guenouche,51.219337,56.0,4.780662536621094
Max Ejdum,36.22485,41.0,4.775150299072266
David Nemeth,63.24376,68.0,4.7562408447265625
Philipp Treu,56.24996,61.0,4.750038146972656
Úmaro Embaló,26.253574,31.0,4.746425628662109
Chinedu Ekene,24.258537,29.0,4.741462707519531
Gjoko Zajkov,63.260838,68.0,4.739162445068359
Jan Gyamerah,60.266468,65.0,4.733531951904297
Francisco Perruzzi,60.269905,65.0,4.730094909667969
Dennis Borkowski,26.281416,31.0,4.718584060668945
Dean Cornelius,52.28909,57.0,4.710910797119141
Jaouen Hadjam,58.304466,63.0,4.695533752441406
Cristian Castro Devenish,63.306652,68.0,4.693347930908203
Nicolás Garayalde,56.31619,61.0,4.683811187744141
Nikolai Rehnen,39.668808,35.0,4.6688079833984375
Adam Dźwigała,59.33621,64.0,4.663791656494141
Lohann Doucet,56.33864,61.0,4.6613616943359375
Solomon Bonnah,59.642723,55.0,4.642723083496094
Magnus Retsius Grødem,40.364643,45.0,4.635356903076172
Ranko Veselinović,63.370937,68.0,4.629062652587891
Quentin Merlin,62.37804,67.0,4.621959686279297
Ajibola Alese,61.38137,66.0,4.618629455566406
Kacper Kozłowski,59.38538,64.0,4.614620208740234
Patrick Schmidt,23.410719,28.0,4.58928108215332
Noé Sow,59.414165,64.0,4.585834503173828
Luca Langoni,29.414999,34.0,4.585000991821289
Kazeem Olaigbe,27.416807,32.0,4.583192825317383
Mark Byrne,23.582396,19.0,4.582395553588867
Thomas Thiesson Kristensen,61.41877,66.0,4.581230163574219
Ryan Porteous,63.421204,68.0,4.57879638671875
Yohan Cassubie,60.43573,65.0,4.56427001953125
Andreas Dithmer,43.542076,39.0,4.542076110839844
Oliver Sørensen,54.462955,59.0,4.537044525146484
Will Sands,52.475677,57.0,4.524322509765625
Nathan Baxter,45.514595,41.0,4.514595031738281
Yahia Fofana,45.513596,41.0,4.5135955810546875
Marco Pompetti,48.487415,53.0,4.512584686279297
Lewis Ferguson,63.48909,68.0,4.5109100341796875
Kjell Scherpen,45.509106,41.0,4.509105682373047
Yusuf Erdoğan,54.490948,59.0,4.509052276611328
Issam El Maach,45.50561,41.0,4.505611419677734
Luca Unbehaun,45.5045,41.0,4.5045013427734375
Nathan Ferguson,63.496017,68.0,4.5039825439453125
Lucas Chevalier,45.50374,41.0,4.5037384033203125
Oliver Petersen,45.503143,41.0,4.503143310546875
Max Johnston,55.499557,60.0,4.5004425048828125
Dominic Ball,60.500523,65.0,4.499477386474609
Mateusz Łęgowski,56.502647,61.0,4.497352600097656
Filip Stanković,45.50341,50.0,4.496589660644531
Adis Jasic,59.50615,64.0,4.4938507080078125
Maxime Busi,62.52201,67.0,4.477989196777344
Lewis Gordon,51.52372,56.0,4.476280212402344
Patryk Dziczek,59.52483,64.0,4.475170135498047
Eamonn Brophy,26.525627,31.0,4.474372863769531
Nicolas Janvier,57.526817,62.0,4.473182678222656
Harry Pickering,61.528896,66.0,4.471103668212891
Abdulkareem Al Sultan,54.53407,59.0,4.465930938720703
Alessandro Zanoli,63.54684,68.0,4.453159332275391
Adilson Malanda,60.54768,65.0,4.452320098876953
Daniel Kanu,24.451958,20.0,4.451957702636719
Marc Leonard,56.551113,61.0,4.448886871337891
Tom Fellows,23.448751,19.0,4.448751449584961
Felix Bacher,60.557316,65.0,4.442684173583984
Danny McNamara,61.55752,66.0,4.442478179931641
Bernhard Unger,45.43918,41.0,4.439178466796875
Emanuel Emegha,25.56549,30.0,4.43450927734375
Bruce Anderson,23.432291,19.0,4.432291030883789
Davide Bettella,62.568058,67.0,4.431941986083984
Baran Mogultay,51.570835,56.0,4.429164886474609
Kieran Dowell,44.42778,40.0,4.4277801513671875
Alexander Freeman,42.57288,47.0,4.427120208740234
Kelvin Ehibhatiomhan,23.421902,19.0,4.421901702880859
Linton Maina,24.580292,29.0,4.419708251953125
Robert Street,25.587511,30.0,4.41248893737793
Andy Cannon,55.594143,60.0,4.405857086181641
Liston Colaco,23.403013,19.0,4.403013229370117
Jack McGlynn,51.59926,56.0,4.4007415771484375
Othman Al Othman,23.3822,19.0,4.382200241088867
Danny Norris,37.618862,42.0,4.381137847900391
Gavin Hodgins,39.62327,44.0,4.376731872558594
Shurandy Sambo,59.624035,64.0,4.375965118408203
Taylor Moore,59.633404,64.0,4.366596221923828
Tim Oermann,61.647846,66.0,4.352153778076172
Radosław Majecki,23.649683,28.0,4.350317001342773
Maurits Kjaergaard,58.649815,63.0,4.350185394287109
Petko Hristov,63.658924,68.0,4.341075897216797
Niklas Tauer,63.659897,68.0,4.3401031494140625
Mats Knoester,62.660458,67.0,4.339542388916016
Harvey Lintott,52.663086,57.0,4.3369140625
Tim Civeja,48.668495,53.0,4.331504821777344
Henry Rorig,57.32908,53.0,4.329078674316406
Tope Fadahunsi,23.327404,19.0,4.327404022216797
Maël de Gevigney,62.68228,67.0,4.317718505859375
Kilian Fischer,61.69231,66.0,4.307689666748047
Kyle Edwards,35.70054,40.0,4.299461364746094
Loreintz Rosier,62.702538,67.0,4.297462463378906
Muharem Huskovic,23.296366,19.0,4.296365737915039
András Németh,24.296099,20.0,4.296098709106445
Matti Peltola,57.719437,62.0,4.2805633544921875
Niklas Lang,61.724297,66.0,4.275703430175781
Marco Brescianini,56.72878,61.0,4.271221160888672
David Brekalo,62.73017,67.0,4.269828796386719
Alfie Chang,55.731873,60.0,4.26812744140625
Eoin Toal,59.732834,64.0,4.2671661376953125
Dennis Cirkin,59.73732,64.0,4.2626800537109375
Bogdan Racovițan,62.741558,67.0,4.258441925048828
Matías Silva,51.744167,56.0,4.255832672119141
Cyril Ngonge,30.757854,35.0,4.242145538330078
Mathias Løvik,50.7629,55.0,4.237098693847656
David Čolina,62.764923,67.0,4.235076904296875
Halid Šabanović,63.76729,68.0,4.2327117919921875
Jeremy Ngakia,63.783745,68.0,4.216255187988281
Daniel Gutiérrez,61.786922,66.0,4.213077545166016
Maximilian Wittek,61.800144,66.0,4.199855804443359
Serano Seymor,60.80181,65.0,4.198188781738281
Felix Agu,57.802383,62.0,4.1976165771484375
Nicholas Gioacchini,24.803997,29.0,4.196002960205078
George Johnston,61.811966,66.0,4.1880340576171875
Kalidou Sidibé,62.81628,67.0,4.183719635009766
Raphael Schifferl,60.818558,65.0,4.1814422607421875
Matija Šarkić,41.180283,37.0,4.1802825927734375
Maximilien Balard,49.821934,54.0,4.178066253662109
Ousseni Bouda,24.176954,20.0,4.17695426940918
Edgaras Utkus,62.827606,67.0,4.172393798828125
Bojan Miovski,23.829962,28.0,4.170038223266602
Nathaniel Brown,52.83251,57.0,4.167488098144531
Ransford-Yeboah Königsdörffer,36.83624,41.0,4.163761138916016
Issiar Dramé,59.84056,64.0,4.1594390869140625
Alieu Fadera,52.845646,57.0,4.154354095458984
Jakub Lewicki,47.85004,52.0,4.149959564208984
Tommy Conway,24.149761,20.0,4.149761199951172
Lasse Berg Johnsen,62.854843,67.0,4.1451568603515625
Steffen Tigges,40.85968,45.0,4.14031982421875
Jann-Fiete Arp,26.859991,31.0,4.140008926391602
Saikou Janneh,33.136444,29.0,4.136444091796875
Alex Paulsen,44.868877,49.0,4.131122589111328
Ewoud Pletinckx,62.874462,67.0,4.125537872314453
Mohamed Kaba,59.876884,64.0,4.123115539550781
Jack Maher,62.88225,67.0,4.117748260498047
Valerio Mastrantonio,51.882828,56.0,4.1171722412109375
Louis Thompson,59.88869,64.0,4.111309051513672
Gustav Berggren,57.88874,62.0,4.111259460449219
Michael Steinwender,61.89468,66.0,4.105319976806641
Azeem Abdulai,49.91068,54.0,4.089321136474609
Bright Akwo Arrey-Mbi,59.917515,64.0,4.082485198974609
Žan Zaletel,61.920113,66.0,4.079887390136719
Dragoș Albu,59.92315,64.0,4.076850891113281
Lukas Sulzbacher,56.923576,61.0,4.076423645019531
Benjamin Kanuric,51.92768,56.0,4.072319030761719
Kévin Keben,61.94111,66.0,4.058891296386719
Thomas Geris,24.058771,20.0,4.058771133422852
Azzedine Ounahi,59.943817,64.0,4.056182861328125
Erlend Dahl Reitan,58.949387,63.0,4.0506134033203125
Joe Rankin-Costello,61.950203,66.0,4.049797058105469
Maxim Dekker,61.951756,66.0,4.048244476318359
Joe Riley,60.0432,56.0,4.043201446533203
Manuel De Luca,29.959667,34.0,4.040332794189453
Stipe Biuk,33.962254,38.0,4.037746429443359
Harry Steele,48.97259,53.0,4.027408599853516
Nathan Moriah-Welsh,48.978893,53.0,4.021106719970703
Orri Óskarsson,23.983301,28.0,4.016698837280273
Mike Eerdhuijzen,61.98449,66.0,4.015510559082031
Bryan Lasme,28.015312,24.0,4.015312194824219
Kai Klefisch,62.990707,67.0,4.0092926025390625
Ariel Mosór,61.995037,66.0,4.004962921142578
Lorenz Assignon,61.9953,66.0,4.00469970703125
Matías Ramírez,23.995813,28.0,4.004186630249023
Victor Dican,61.000095,65.0,3.9999046325683594
Lewis Mayo,59.000565,63.0,3.9994354248046875
Maxwell Gyamfi,61.00582,65.0,3.9941787719726562
Kryspin Szcześniak,60.010036,64.0,3.9899635314941406
Patrick Kammerbauer,60.9831,57.0,3.9831008911132812
Cihan Çanak,35.024094,39.0,3.9759063720703125
Fabrizio Caligara,63.028725,67.0,3.9712753295898438
Akor Jerome Adams,25.047321,29.0,3.952678680419922
Leighton Clarkson,56.04942,60.0,3.950580596923828
Vikram Singh,23.942892,20.0,3.942892074584961
Yasser Larouci,61.06615,65.0,3.933849334716797
Matteo Ruggeri,63.07069,67.0,3.929309844970703
Armin Gigović,53.07197,57.0,3.928028106689453
Ed Turns,59.0839,63.0,3.9160995483398438
Casper Widell,60.085007,64.0,3.9149932861328125
Matías Alfonso,62.095875,66.0,3.904125213623047
Amadou Mbengue,62.0967,66.0,3.903301239013672
Gabriele Corbo,62.110855,66.0,3.8891448974609375
Enzo Leopold,52.1139,56.0,3.8861007690429688
Cas Odenthal,63.11863,67.0,3.8813705444335938
Santiago Visentin,57.121967,61.0,3.878032684326172
Thibault Campanini,58.133507,62.0,3.8664932250976562
Rasmus Cronvall,23.862516,20.0,3.862516403198242
Luca Belardinelli,60.139854,64.0,3.8601455688476562
Di'Shon Bernard,63.14708,67.0,3.8529205322265625
Jayden Oosterwolde,59.152637,63.0,3.847362518310547
Juan Cruz Giacone,23.840483,20.0,3.840482711791992
Dara Keane,47.161095,51.0,3.8389053344726562
Anders Trondsen,60.161137,64.0,3.8388633728027344
Ahmetcan Kaplan,63.167843,67.0,3.8321571350097656
Tyler Smith,24.173456,28.0,3.8265438079833984
Michael Svoboda,62.17349,66.0,3.8265113830566406
Görkem Sağlam,50.173534,54.0,3.826465606689453
Japhet Sery Larsen,60.17861,64.0,3.8213882446289062
Douglas James-Taylor,24.17968,28.0,3.8203201293945312
Mounaïm El Idrissy,25.179934,29.0,3.820066452026367
Mehdi Merghem,44.191612,48.0,3.8083877563476562
Cisse Sandra,33.197353,37.0,3.8026466369628906
Vicente Taborda,48.21959,52.0,3.7804107666015625
Flynn Downes,63.22251,67.0,3.7774887084960938
Gift Links,52.228218,56.0,3.7717819213867188
Jake Eastwood,33.238533,37.0,3.7614669799804688
Jamal Amofa,61.25028,65.0,3.7497215270996094
Théo Sainte-Luce,61.257088,65.0,3.7429122924804688
Gavin Molloy,53.25715,57.0,3.7428512573242188
Regan Slater,61.25989,65.0,3.7401084899902344
Taylor Gardner-Hickman,61.261784,65.0,3.7382164001464844
Johan Bakayoko,26.262173,30.0,3.7378273010253906
Pape Ndiaga Yade,40.269398,44.0,3.730602264404297
Alessandro Fontanarosa,63.270016,67.0,3.7299842834472656
Baptiste Roux,62.277336,66.0,3.7226638793945312
Joseph N'Duquidi,56.283104,60.0,3.7168960571289062
Mor Ndiaye,62.283188,66.0,3.7168121337890625
Ethan Laird,62.30076,66.0,3.6992416381835938
David Kinsombi,61.30949,65.0,3.690509796142578
Francesco Cassata,56.682777,53.0,3.6827774047851562
Lino Tempelmann,62.317547,66.0,3.682453155517578
Tom Sanne,23.678127,20.0,3.6781272888183594
Agustín Martegani,46.32473,50.0,3.6752700805664062
Sam McCallum,62.32937,66.0,3.6706314086914062
Tobias Berger,55.331383,59.0,3.6686172485351562
Loïc Mbe Soh,62.334805,66.0,3.6651954650878906
Sebastián Álvarez,60.336605,64.0,3.6633949279785156
Tyrese Shade,52.662434,49.0,3.662433624267578
Kamil Kruk,61.343464,65.0,3.656536102294922
Ryan Duncan,35.349068,39.0,3.6509323120117188
Adam Gnezda Čerin,49.35035,53.0,3.6496505737304688
Jakob Lewald,61.350792,65.0,3.6492080688476562
Lucas Cueto,31.356544,35.0,3.6434555053710938
Constantin Grameni,60.358414,64.0,3.6415863037109375
Yonas Malede,23.637068,20.0,3.6370677947998047
Preston Judd,23.635147,20.0,3.6351470947265625
Łukasz Bejger,61.368557,65.0,3.6314430236816406
Samuel Stückler,46.372242,50.0,3.627758026123047
Gabriel Aranda,61.372723,65.0,3.627277374267578
James Clarke,51.374302,55.0,3.6256980895996094
Liam Kerrigan,39.37465,43.0,3.6253509521484375
Dawson Devoy,49.378963,53.0,3.6210365295410156
Nicolae Păun,62.379734,66.0,3.6202659606933594
Balthazar Pierret,60.387066,64.0,3.612934112548828
Hassan Al Slais,23.61187,20.0,3.6118698120117188
Noah Fadiga,59.388172,63.0,3.611827850341797
Samson Tovide,34.392082,38.0,3.6079177856445312
Martin Samuelsen,26.397865,30.0,3.6021347045898438
Amir Richardson,60.403885,64.0,3.5961151123046875
Anthony Olusanya,23.595245,20.0,3.595245361328125
Filip Szymczak,24.594767,21.0,3.594766616821289
Umut Güneş,60.407703,64.0,3.592296600341797
Dion Sanderson,63.416782,67.0,3.5832176208496094
Anthony Roncaglia,59.42432,63.0,3.5756797790527344
Mohammed Al Yami,56.57296,53.0,3.5729598999023438
Andrea Pinamonti,23.429722,27.0,3.5702781677246094
Nikhil Prabhu,48.430595,52.0,3.5694046020507812
Connor Taylor,61.43669,65.0,3.5633087158203125
Zac Sapsford,28.43753,32.0,3.562469482421875
Kevin Paredes,56.559254,53.0,3.559253692626953
Fabio Strauss,59.44391,63.0,3.55609130859375
Laldinliana Renthlei,57.544662,54.0,3.5446624755859375
Eoghan O'Connell,59.458855,63.0,3.5411453247070312
Stelios Andreou,62.461006,66.0,3.5389938354492188
Jamie Roche,58.462246,62.0,3.5377540588378906
Mohammed Diomande,59.46852,63.0,3.5314788818359375
Bryce Hosannah,56.53033,53.0,3.5303306579589844
Martin Moormann,60.475834,64.0,3.5241661071777344
Elidon Qenaj,30.479742,34.0,3.5202579498291016
Bård Finne,23.486298,27.0,3.513702392578125
Pietro Pellegri,24.513653,21.0,3.513652801513672
Bader Al Enazi,45.50775,42.0,3.50775146484375
Arthur Lyska,45.505913,42.0,3.5059127807617188
Damian Las,45.50516,42.0,3.5051612854003906
Miguel Acosta,45.50328,42.0,3.5032806396484375
Isaac Hovar,49.503277,46.0,3.503276824951172
Kosi Thompson,58.49821,55.0,3.498210906982422
Phillip Tietz,29.502588,33.0,3.4974117279052734
Teddy Boulhendi,45.50344,49.0,3.4965591430664062
Callum Connolly,61.514393,65.0,3.485607147216797
Theocharis Tsingaras,63.51868,67.0,3.4813194274902344
Peter Bjur,56.520535,60.0,3.4794654846191406
Kusini Yengi,32.479366,29.0,3.4793663024902344
Eyram Viegbe,50.52157,54.0,3.4784317016601562
Jack Hamilton,42.530987,46.0,3.469013214111328
Jan Mlakar,24.533922,28.0,3.4660778045654297
Anton Eriksson,60.539078,64.0,3.4609222412109375
Alec Van Hoorenbeeck,61.546074,65.0,3.4539260864257812
Salim Diakité,62.546673,66.0,3.453327178955078
Denis Huseinbašić,57.548042,61.0,3.4519577026367188
Gabriel Charpentier,24.557545,28.0,3.442455291748047
Jonson Clarke-Harris,24.563993,28.0,3.436006546020508
Thomas Sabitzer,23.565237,27.0,3.434762954711914
Kevin Jensen,23.428495,20.0,3.428495407104492
Alex Scott,59.577396,63.0,3.4226036071777344
Ousmane Camara,61.583637,65.0,3.416362762451172
Zakaria Hawsawi,50.589207,54.0,3.4107933044433594
Juan Pablo Pignani,62.59179,66.0,3.4082107543945312
Hugo Siquet,61.59826,65.0,3.4017410278320312
Kik Pierie,62.60475,66.0,3.3952484130859375
Dmytro Riznyk,44.605473,48.0,3.3945274353027344
Máximo Perrone,63.606247,67.0,3.3937530517578125
Daniel Edelman,60.607407,64.0,3.3925933837890625
Valentino Müller,58.610836,62.0,3.3891639709472656
Marvin Çuni,23.389124,20.0,3.3891239166259766
Kévin N'Doram,63.611244,67.0,3.3887557983398438
Tim Sechelmann,62.61678,66.0,3.383220672607422
Antonino Gallo,59.617916,63.0,3.3820838928222656
Valentin Antov,61.62093,65.0,3.379070281982422
Kyle McAllister,45.62113,49.0,3.3788681030273438
Connor Chapman,62.378784,59.0,3.3787841796875
Deji Elerewe,54.63111,58.0,3.3688888549804688
Nathan Young-Coombes,23.364382,20.0,3.364381790161133
Valon Zumberi,59.636765,63.0,3.3632354736328125
Alessandro Circati,54.641373,58.0,3.3586273193359375
Anwar Ali,54.641552,58.0,3.358448028564453
Lorenzo Rajot,58.64746,62.0,3.3525390625
Jasper van der Werff,63.65138,67.0,3.348621368408203
Tom Baack,60.65556,64.0,3.344440460205078
Aleksander Buksa,26.344421,23.0,3.34442138671875
Thomas Aquilina,55.344227,52.0,3.344226837158203
John Tolkin,62.657516,66.0,3.3424835205078125
Henrik Molvær Melland,49.66053,53.0,3.3394699096679688
Isaac Ogundere,48.668045,52.0,3.3319549560546875
Virgiliu Postolachi,29.671364,33.0,3.3286361694335938
Ragnar Ache,24.6716,28.0,3.328399658203125
Ibrahima Baldé,23.327274,20.0,3.3272743225097656
Agyemang Diawusie,24.67301,28.0,3.3269901275634766
Oumar Ngom,55.679836,59.0,3.3201637268066406
Rafał Adamski,23.316765,20.0,3.3167648315429688
Dominic Solanke,24.693176,28.0,3.30682373046875
Abdourahmane Barry,61.696022,65.0,3.3039779663085938
Vontae Daley-Campbell,56.303097,53.0,3.3030967712402344
Ian Murphy,59.69882,63.0,3.3011817932128906
Marvin Pieringer,26.706528,30.0,3.2934722900390625
Promise Omochere,39.713345,43.0,3.2866554260253906
Ismael Cortez,61.717075,65.0,3.2829246520996094
Valentín Gómez,63.7188,67.0,3.281200408935547
Mateusz Wdowiak,38.726143,42.0,3.2738571166992188
Noah Katterbach,62.732582,66.0,3.2674179077148438
Florian Kleinhansl,57.265144,54.0,3.2651443481445312
Jay Barnett,52.745434,56.0,3.254566192626953
Jan Gorenc,62.74677,66.0,3.2532310485839844
Frederik Jäkel,62.748436,66.0,3.2515640258789062
Naouirou Ahamada,57.757435,61.0,3.242565155029297
Jamil Siebert,61.757797,65.0,3.2422027587890625
Jacob Davenport,61.23754,58.0,3.2375411987304688
Mamadou Tounkara,59.763077,63.0,3.2369232177734375
Mads Søndergaard,43.76634,47.0,3.233661651611328
Claudio Kammerknecht,60.768044,64.0,3.2319564819335938
Bradley Fink,26.768393,30.0,3.231607437133789
Filippo Terracciano,59.770832,63.0,3.229167938232422
Emin Bayram,60.77677,64.0,3.2232284545898438
Bećir Omeragić,62.780594,66.0,3.2194061279296875
Felix Götze,61.790817,65.0,3.2091827392578125
Eli King,52.791183,56.0,3.2088165283203125
Leo Greiml,62.792683,66.0,3.207317352294922
Deniz Hümmet,24.79421,28.0,3.205789566040039
Kévin Boma,59.79652,63.0,3.203479766845703
Idris El Mizouni,57.797626,61.0,3.202373504638672
Duplexe Tchamba,61.800987,65.0,3.1990127563476562
Prince Aning,54.197533,51.0,3.1975326538085938
Facundo Bruera,24.81363,28.0,3.186370849609375
Nishan Velupillay,28.818033,32.0,3.181966781616211
Malcolm Cacutalua,62.82189,66.0,3.1781082153320312
Nikolai Hopland,57.82295,61.0,3.177051544189453
Ruben Providence,25.839981,29.0,3.1600189208984375
Henrik Heggheim,61.844765,65.0,3.1552352905273438
Nicolas Milanovic,31.851118,35.0,3.1488819122314453
Edward Caspers,39.85239,43.0,3.1476097106933594
Johaneko Louis-Jean,61.14649,58.0,3.1464881896972656
Ethan Bartlow,59.854782,63.0,3.1452178955078125
Marco Kana,62.8549,66.0,3.145099639892578
Arkadiusz Pyrka,54.85933,58.0,3.1406707763671875
Jerry Yates,25.861675,29.0,3.138324737548828
Grejohn Kyei,23.86782,27.0,3.1321792602539062
Mateo Pellegrino,26.868261,30.0,3.1317386627197266
Ibrahima Camará,62.87127,66.0,3.1287307739257812
Ryan McLaughlin,59.126644,56.0,3.1266441345214844
Marco John,59.87397,63.0,3.1260299682617188
Finn Ole Becker,54.882313,58.0,3.117687225341797
Cameron Humphreys,53.885212,57.0,3.114788055419922
Oussama Targhalline,58.906265,62.0,3.0937347412109375
Jannes Vollert,58.91155,62.0,3.088451385498047
Isak Helstad Amundsen,60.91329,64.0,3.086711883544922
Wilson Odobert,24.92014,28.0,3.0798606872558594
George Harmon,53.928024,57.0,3.0719757080078125
Rhys Williams,61.930305,65.0,3.0696945190429688
Gonzalo Flores,24.063547,21.0,3.063547134399414
Liam Kitching,61.940044,65.0,3.059955596923828
Gabriele Zappa,61.946915,65.0,3.0530853271484375
Tyreke Wilson,57.052986,54.0,3.0529861450195312
Bartuğ Elmaz,57.947258,61.0,3.0527420043945312
Tommy Leigh,56.052372,53.0,3.0523719787597656
Giannis Konstantelias,33.95043,37.0,3.0495681762695312
Johan Bakke,50.9552,54.0,3.0447998046875
Bruno Portugal,28.957644,32.0,3.042356491088867
Jonathan Panzo,63.958755,67.0,3.0412445068359375
Simone Canestrelli,61.96386,65.0,3.0361404418945312
Connor O'Toole,52.96664,56.0,3.0333595275878906
Conor Coventry,60.967735,64.0,3.0322647094726562
Julian Rieckmann,60.97272,64.0,3.0272789001464844
Eldin Dzogovic,53.974262,57.0,3.025737762451172
Seydouba Cisse,58.979023,62.0,3.020977020263672
Tony Gallacher,58.01998,55.0,3.0199813842773438
Gian Nardelli,62.98163,66.0,3.01837158203125
Julien Ponceau,51.982643,55.0,3.0173568725585938
Søren Tengstedt,24.012197,21.0,3.012197494506836
Faris Pemi Moumbagna,24.01482,27.0,2.985179901123047
Harvey O'Brien,49.016808,52.0,2.9831924438476562
Ethan Erhahon,60.01857,63.0,2.9814300537109375
Francesco Lo Celso,58.98129,56.0,2.9812889099121094
Jasper Moon,61.024002,64.0,2.9759979248046875
Claudio Gomes,62.02902,65.0,2.9709815979003906
Botond Balogh,62.03076,65.0,2.96923828125
Santiago Herrera,33.031822,36.0,2.9681777954101562
Ángel Vaca,27.037153,30.0,2.9628467559814453
Liam Cullen,28.04063,31.0,2.959369659423828
Gökhan Gül,60.041637,63.0,2.958362579345703
Eliezer Mayenda,31.95056,29.0,2.950559616088867
Gabriel David,49.050247,52.0,2.9497528076171875
Tim Iroegbunam,59.052765,62.0,2.947235107421875
Léo Leroy,58.056767,61.0,2.9432334899902344
Zachary Elbouzedi,37.941032,35.0,2.9410324096679688
Florian Miguel,63.061363,66.0,2.9386367797851562
Max Bruns,59.06311,62.0,2.9368896484375
John Iredale,23.9352,21.0,2.935199737548828
Mateusz Skrzypczak,60.066517,63.0,2.933483123779297
Femi Azeez,30.073597,33.0,2.926403045654297
Félix Lemaréchal,57.074306,60.0,2.9256935119628906
Callum Talbot,54.080704,57.0,2.9192962646484375
Adrian Gryszkiewicz,62.081352,65.0,2.9186477661132812
Sander Moen Foss,61.084496,64.0,2.9155044555664062
Niall Huggins,52.090137,55.0,2.909862518310547
Georgios Vagiannidis,58.09333,61.0,2.9066696166992188
Ardon Jashari,61.09496,64.0,2.905040740966797
Renzo Sanchez,33.10595,36.0,2.8940505981445312
Rarmani Edmonds-Green,63.10647,66.0,2.8935317993164062
Teden Mengi,62.106586,65.0,2.893413543701172
Kendall Burks,56.114613,59.0,2.885387420654297
Lucas Soto,57.88051,55.0,2.8805084228515625
Michael Venturi,63.119606,66.0,2.8803939819335938
Marcel Beifus,61.125477,64.0,2.874523162841797
Felix Beijmo,61.130093,64.0,2.8699073791503906
Kader Keïta,56.131687,59.0,2.8683128356933594
Sam McClelland,59.13405,62.0,2.8659515380859375
Anto Grgić,61.13827,64.0,2.8617286682128906
Magnus Christensen,60.13869,63.0,2.861309051513672
Raphaël Eyongo,32.138905,35.0,2.861095428466797
Jakub Kadak,38.14296,41.0,2.8570404052734375
Thijs Dallinga,24.146679,27.0,2.853321075439453
Ethan Bristow,54.147263,57.0,2.8527374267578125
Uğurcan Yazğılı,60.160263,63.0,2.8397369384765625
Gideon Mensah,61.160576,64.0,2.8394241333007812
John Martin,39.837322,37.0,2.837322235107422
Jason Sraha,52.162968,55.0,2.8370323181152344
Rollin Menayese,56.16724,59.0,2.8327598571777344
Agustín Cayetano,63.16913,66.0,2.83087158203125
Benjamin Bouchouari,49.169224,52.0,2.8307762145996094
Mohammed Al Oufi,49.169685,52.0,2.8303146362304688
Yusuf Özdemir,54.170166,57.0,2.829833984375
Gary Boylan,51.175884,54.0,2.824115753173828
Abdulkerim Çakar,26.18439,29.0,2.815610885620117
Florian Flick,62.1851,65.0,2.814899444580078
Mauro Méndez,31.187729,34.0,2.8122711181640625
Daniel Arzani,31.188925,34.0,2.811075210571289
Sadik Fofana,59.19133,62.0,2.8086700439453125
Reyes Cleary,26.191687,29.0,2.8083133697509766
Louis Munteanu,27.192606,30.0,2.807394027709961
Willum Þór Willumsson,55.80649,53.0,2.8064918518066406
José-Enrique Ríos Alonso,60.19644,63.0,2.803558349609375
Scott Robertson,58.80329,56.0,2.8032913208007812
Conor Bradley,58.197914,61.0,2.8020858764648438
Dženis Burnić,61.19902,64.0,2.8009796142578125
Morgan Whittaker,35.19958,38.0,2.8004188537597656
Jacob Farrell,59.20106,62.0,2.798938751220703
George Campbell,58.202488,61.0,2.7975120544433594
Adrian Benedyczak,29.211863,32.0,2.788137435913086
Hugo Vandermersch,62.2121,65.0,2.7878990173339844
Bali Mumba,61.21491,64.0,2.7850914001464844
Koba Leïn Koindredi,53.215443,56.0,2.784557342529297
Luke Robinson,55.781673,53.0,2.7816734313964844
Jeison Mina,60.22089,63.0,2.7791099548339844
Deni Milošević,39.22412,42.0,2.77587890625
Aleksander Paluszek,60.224792,63.0,2.77520751953125
Dawid Drachal,25.224823,28.0,2.775177001953125
Roberto Piccoli,31.22792,34.0,2.7720794677734375
Kevin Ehlers,63.22991,66.0,2.7700881958007812
César Araújo,62.23164,65.0,2.768360137939453
Martin Wasinski,60.23205,63.0,2.7679481506347656
Seedy Jatta,23.232428,26.0,2.7675724029541016
Oliver Burke,39.76738,37.0,2.7673797607421875
Emanuel Aiwu,62.23635,65.0,2.7636489868164062
Serge-Philippe Raux-Yao,59.236637,62.0,2.7633628845214844
Djenahro Nunumete,55.75714,53.0,2.75714111328125
Nayel Mehssatou,59.24504,62.0,2.7549591064453125
Dujon Sterling,62.24741,65.0,2.7525901794433594
Caleb Zady Sery,23.750425,21.0,2.750425338745117
James Gomez,60.250404,63.0,2.7495956420898438
Darren Robinson,53.250534,56.0,2.7494659423828125
Ibrahim Sadiq,30.252663,33.0,2.7473373413085938
Kaare Barslund,52.261154,55.0,2.7388458251953125
Trevor Clarke,56.73436,54.0,2.7343597412109375
Diego Calcaterra,62.269577,65.0,2.7304229736328125
Kiyan Nassiri,23.725513,21.0,2.725513458251953
Enzo Cornelisse,62.27891,65.0,2.721088409423828
Scott Galloway,60.714893,58.0,2.714893341064453
Darragh Markey,38.29817,41.0,2.701831817626953
Lars Lukas Mai,62.301575,65.0,2.69842529296875
Victor Adeboyejo,24.303055,27.0,2.6969451904296875
Dominik Kother,23.69343,21.0,2.693429946899414
Justin Heekeren,41.6909,39.0,2.690898895263672
Givson Singh,37.312138,40.0,2.6878623962402344
Mathieu Choinière,58.3142,61.0,2.6857986450195312
Tyrese Campbell,30.317831,33.0,2.682168960571289
Torben Müsel,25.319687,28.0,2.6803131103515625
Fabio Chiarodia,59.32041,62.0,2.6795883178710938
Jamie Egan,51.322342,54.0,2.6776580810546875
Joaquín Pombo,62.32269,65.0,2.6773109436035156
Tasos Douvikas,31.323078,34.0,2.676921844482422
Samuel Rogers,61.32357,64.0,2.6764297485351562
Sweden Fernandes,23.67522,21.0,2.675220489501953
Michel Stöcker,59.33274,62.0,2.6672592163085938
Emeric Depussay,61.65696,59.0,2.6569595336914062
Lukas Fadinger,45.34419,48.0,2.655811309814453
Darko Gyabi,52.34655,55.0,2.6534500122070312
Alex Murphy,59.346645,62.0,2.6533546447753906
Charles Vanhoutte,61.34781,64.0,2.652191162109375
Marvin Senaya,61.349567,64.0,2.650432586669922
Christian Theoharous,26.349684,29.0,2.6503162384033203
Corey Hollman,45.35417,48.0,2.6458282470703125
Nico Hug,56.35793,59.0,2.642070770263672
Dennis Jastrzembski,32.362656,35.0,2.6373443603515625
Peer Koopmeiners,60.36321,63.0,2.636791229248047
Charly Nouck Horneman,24.635386,22.0,2.635385513305664
Max Woltman,23.63492,21.0,2.634920120239258
Jitendra Singh,55.62971,53.0,2.629711151123047
Jack Marriott,23.371513,26.0,2.6284866333007812
Lucas Noubi,56.37341,59.0,2.6265907287597656
Brian Plat,60.37476,63.0,2.6252403259277344
Ian Fray,54.380547,57.0,2.6194534301757812
Nnamdi Collins,58.38338,61.0,2.616619110107422
Reece Hutchinson,56.613407,54.0,2.6134071350097656
Tristan Crama,59.388893,62.0,2.6111068725585938
Fabricio Vidal,57.389294,60.0,2.610706329345703
Noah De Ridder,48.396233,51.0,2.6037673950195312
Daniel Wilmering,54.599957,52.0,2.599956512451172
Oskar Ågren,56.400543,59.0,2.599456787109375
Christos Kourfalidis,56.40561,59.0,2.594390869140625
Yannik Engelhardt,60.406837,63.0,2.5931625366210938
Dominik Steczyk,25.412554,28.0,2.5874462127685547
Tommy Lonergan,23.585,21.0,2.5849990844726562
Leon Dajaku,23.583778,21.0,2.5837783813476562
Yahya Al Najai,25.418339,28.0,2.5816612243652344
Jayden Nelson,45.421833,48.0,2.578166961669922
Alexandro Calut,56.57624,54.0,2.5762405395507812
Alan Virginius,24.42786,27.0,2.5721397399902344
Kevin Rüegg,62.429188,65.0,2.570812225341797
Paul-Philipp Besong,26.429623,29.0,2.5703773498535156
Jarosław Kubicki,59.43008,62.0,2.5699195861816406
Simon Asta,61.431118,64.0,2.5688819885253906
Gabriel Kobylak,29.434448,32.0,2.5655517578125
Tom Baumgart,35.56241,33.0,2.562408447265625
Niclas Stierlin,61.44223,64.0,2.557769775390625
Matthis Riou,61.443306,64.0,2.5566940307617188
Rodrigo Márquez,28.444437,31.0,2.555562973022461
Mario Šuver,61.444656,64.0,2.5553436279296875
Abass Issah,29.549644,27.0,2.5496444702148438
Marco Farfan,61.45039,64.0,2.549610137939453
Samuele Mulattieri,34.450626,37.0,2.5493736267089844
Sofyan Chader,24.54831,22.0,2.548309326171875
Mateusz Żyro,60.45861,63.0,2.5413894653320312
Nadir Zortea,63.463264,66.0,2.5367355346679688
Gabriel Kirejczyk,24.4637,27.0,2.5363006591796875
Otto Rosengren,47.46465,50.0,2.535350799560547
Patricio Pizarro,61.46568,64.0,2.534320831298828
Aaron Calver,58.46581,61.0,2.534191131591797
Bartłomiej Wdowik,58.53145,56.0,2.5314483642578125
Makan Winkle Chothe,23.530546,21.0,2.530546188354492
Michael Gallagher,50.469646,53.0,2.530353546142578
Mason Toye,27.471874,30.0,2.528125762939453
Billal Brahimi,26.472252,29.0,2.5277481079101562
Victor Bobsin,62.47346,65.0,2.526538848876953
Armindo Sieb,23.477535,26.0,2.5224647521972656
Taïryk Arconte,25.479258,28.0,2.520742416381836
Mohamed El Arouch,53.52058,51.0,2.520580291748047
Felix Passlack,63.485664,66.0,2.5143356323242188
Kamil Pestka,61.48756,64.0,2.512439727783203
Moritz Schulze,45.510803,43.0,2.51080322265625
Erik Botheim,24.490376,27.0,2.509624481201172
Giannis Satsias,52.491276,55.0,2.5087242126464844
Agustín Vera,33.494907,36.0,2.5050926208496094
Gino Fechner,61.496002,64.0,2.503997802734375
Andreas Gülstorff,45.503872,43.0,2.5038719177246094
Ebrima Colley,24.497269,27.0,2.5027313232421875
Nathan Tella,30.498768,33.0,2.501232147216797
Ibrahima Kébé,62.499302,65.0,2.5006980895996094
Rami Kaib,55.50139,58.0,2.4986114501953125
Brandon Soppy,62.501995,65.0,2.498004913330078
Mohamed Achi,54.497623,52.0,2.4976234436035156
Ben Chrisene,53.50375,56.0,2.4962501525878906
Pablo Pagis,23.49503,21.0,2.4950294494628906
Timo Königsmann,45.51059,48.0,2.489410400390625
Elia Caprile,45.51281,48.0,2.4871902465820312
Josh Earl,62.518135,65.0,2.4818649291992188
Tega Ikoba,23.481733,21.0,2.4817333221435547
Oliver Christensen,41.51967,44.0,2.4803314208984375
Al-Amin Kazeem,53.523323,56.0,2.4766769409179688
Toni Domgjoni,61.52688,64.0,2.4731216430664062
Jelle Bataille,60.53391,63.0,2.4660911560058594
Sonny Carey,36.534092,39.0,2.4659080505371094
Zidane Iqbal,49.539948,52.0,2.460052490234375
Manfred Ugalde,26.541206,29.0,2.4587936401367188
Tayvon Gray,59.54346,62.0,2.4565391540527344
Andres Jasson,38.544353,41.0,2.455646514892578
Uran Bislimi,56.455307,54.0,2.4553070068359375
Mandela Keita,61.548977,64.0,2.4510231018066406
Federico Versaci,24.550959,27.0,2.4490413665771484
Santeri Väänänen,58.550983,61.0,2.449016571044922
Yusuf Barası,23.444128,21.0,2.4441280364990234
Anass Salah-Eddine,59.556656,62.0,2.4433441162109375
Mateusz Żukowski,56.556732,59.0,2.443267822265625
Thibault Klidje,23.5579,26.0,2.4421005249023438
Kailin Barlow,45.562298,48.0,2.437702178955078
Evan Ferguson,23.434607,21.0,2.4346065521240234
Mirnes Pepić,59.429035,57.0,2.429035186767578
Brayann Pereira,58.428097,56.0,2.4280967712402344
Simon Adingra,26.572943,29.0,2.4270572662353516
Taras Gomulka,56.573643,59.0,2.4263572692871094
Sorba Thomas,51.426067,49.0,2.426067352294922
Mustafa Kourouma,55.57405,58.0,2.4259490966796875
Niklas Geyrhofer,62.575207,65.0,2.424793243408203
Emanuele Valeri,62.576218,65.0,2.4237823486328125
Eric N'Jo,59.57923,62.0,2.4207687377929688
Aimen Moueffek,62.580704,65.0,2.4192962646484375
Lee Buchanan,61.58182,64.0,2.4181785583496094
Matthias Braunöder,59.59086,62.0,2.4091415405273438
Kyle Joseph,25.408777,23.0,2.4087772369384766
Joel Mvuka,38.591484,41.0,2.4085159301757812
Jacob Wakeling,23.404835,21.0,2.404834747314453
Nene Dorgeles,34.59563,37.0,2.404369354248047
Andreas Müller,62.598755,65.0,2.4012451171875
Luke Bolton,56.398285,54.0,2.398284912109375
Sami Lahssaini,60.604877,63.0,2.395122528076172
Taylor Richards,52.394936,50.0,2.3949356079101562
Florian Wustinger,57.394844,55.0,2.3948440551757812
Amadou Ciss,53.394722,51.0,2.3947219848632812
Lenny Vallier,58.39346,56.0,2.3934593200683594
Callum Timmins,57.393204,55.0,2.3932037353515625
Marinos Tzionis,23.610632,26.0,2.3893680572509766
José David Romero,23.386738,21.0,2.386737823486328
Sivert Heggheim Mannsverk,61.613663,64.0,2.3863372802734375
Dominik Fitz,30.616312,33.0,2.383687973022461
Lukas Boeder,61.620373,64.0,2.379627227783203
Himad Abdelli,56.621315,59.0,2.3786849975585938
Etienne Camara,59.622402,62.0,2.3775978088378906
Vetle Skjærvik,59.6257,62.0,2.374298095703125
Dylan Portilla,57.372795,55.0,2.3727951049804688
Darragh Burns,39.62738,42.0,2.37261962890625
Aimé Mabika,58.627865,61.0,2.3721351623535156
Johnny Koutroumbis,60.633923,63.0,2.366077423095703
Sydney van Hooijdonk,24.634548,27.0,2.3654518127441406
Doğukan Sinik,40.349022,38.0,2.3490219116210938
Nadjib Cissé,57.652836,60.0,2.3471641540527344
Bradley Barcola,28.654215,31.0,2.345785140991211
Kelland Watts,62.65479,65.0,2.3452110290527344
Kasey McAteer,45.661163,48.0,2.338836669921875
Grant Ward,58.33867,56.0,2.3386688232421875
Richmond Tachie,25.667688,28.0,2.3323116302490234
Jonathan Dubasin,29.669085,32.0,2.3309154510498047
Dragoș Iancu,47.67248,50.0,2.3275184631347656
Julius Eskesen,55.32709,53.0,2.3270912170410156
Noah Eile,59.673367,62.0,2.3266334533691406
Antonio Raimondo,25.67723,28.0,2.3227691650390625
Abdullah Al Hamdan,31.6781,34.0,2.3218994140625
Mohamed Ofkir,27.678596,30.0,2.3214035034179688
Henrik Skogvold,33.678757,36.0,2.3212432861328125
Daan Heymans,53.682632,56.0,2.3173675537109375
Adam Armstrong,32.687355,35.0,2.3126449584960938
Kristoffer Lund Hansen,59.688232,62.0,2.311767578125
Selmin Hodza,47.691162,50.0,2.308837890625
Nigel Lonwijk,62.691494,65.0,2.3085060119628906
Leandro Lozano,62.69362,65.0,2.3063812255859375
Muhammed Gümüşkaya,54.304684,52.0,2.3046836853027344
Philippe Paulin Keny,26.696463,29.0,2.303537368774414
Marvin Senger,60.69816,63.0,2.3018417358398438
Carl Björk,24.705135,27.0,2.2948646545410156
Aljaž Casar,58.70858,61.0,2.2914199829101562
Lamare Bogarde,57.710556,60.0,2.2894439697265625
Osvaldo Cisneros,35.713337,38.0,2.286663055419922
Florian Hoxha,56.28664,54.0,2.286640167236328
Maximiliano Puig,57.71376,60.0,2.2862396240234375
Amir Abdijanovic,23.284672,21.0,2.2846717834472656
Santiago Ramos Mingo,60.715736,63.0,2.2842636108398438
Mohamed Sankoh,26.281397,24.0,2.2813968658447266
Tani Oluwaseyi,26.718765,29.0,2.2812347412109375
Samson Okikiola Tijani,59.723793,62.0,2.2762069702148438
Tayo Adaramola,55.275475,53.0,2.2754745483398438
Adrián Sánchez,60.726208,63.0,2.273792266845703
Federico Bonazzoli,25.7303,28.0,2.2696990966796875
Ryan Graydon,29.732374,32.0,2.2676258087158203
Josué Casimir,25.267303,23.0,2.267303466796875
Norman Bassette,29.259897,27.0,2.259897232055664
Edwin Cerrillo,60.74349,63.0,2.256511688232422
Jordan James,62.254047,60.0,2.254047393798828
Noa Savignac,26.746613,29.0,2.253387451171875
Lequincio Zeefuik,23.748241,26.0,2.251758575439453
Christian Saydee,25.748392,28.0,2.251607894897461
Harvey Vale,44.74853,47.0,2.2514686584472656
Tyler Morton,59.749672,62.0,2.2503280639648438
Matisse Samoise,61.750904,64.0,2.249095916748047
Jocelyn Janneh,56.750984,59.0,2.2490158081054688
Nassim Elouarti,49.756275,52.0,2.243724822998047
Dominic Iorfa,62.75938,65.0,2.240619659423828
Casper Tengstedt,28.762154,31.0,2.2378463745117188
Julien Masson,60.76275,63.0,2.2372512817382812
Oliver Sonne,58.763863,61.0,2.2361373901367188
Alassana Jatta,25.767445,28.0,2.232555389404297
Franco Zapiola,47.77387,50.0,2.2261314392089844
Kevin Martin Krygård,60.777596,63.0,2.2224044799804688
Adrian Durrer,57.214474,55.0,2.2144737243652344
Ernest Boahene,57.21445,55.0,2.2144508361816406
Daniel Pik,25.790361,28.0,2.2096385955810547
Yáser Asprilla,44.79155,47.0,2.2084503173828125
Andy Smith,58.794014,61.0,2.2059860229492188
Sebastian Wade,61.794224,64.0,2.2057762145996094
Tobias Fleckstein,61.7962,64.0,2.2038002014160156
Georgios Sideras,59.80475,62.0,2.19525146484375
Ivan Vujica,58.806183,61.0,2.193817138671875
Xander Blomme,58.808247,61.0,2.191753387451172
José Alfredo Flores,39.810783,42.0,2.1892166137695312
Jerry Skotadis,55.185154,53.0,2.1851539611816406
Abdullah Al Yousif,51.81583,54.0,2.1841697692871094
Joseph Forde,45.822342,48.0,2.1776580810546875
Noah Naujoks,56.17117,54.0,2.1711692810058594
Mark Natta,58.829346,61.0,2.170654296875
Romoney Crichlow,60.83182,63.0,2.1681785583496094
Matthéo Xantippe,59.832897,62.0,2.167102813720703
Danylo Sikan,23.836443,26.0,2.1635570526123047
Kristers Tobers,61.837563,64.0,2.1624374389648438
Jeremías James,61.8397,64.0,2.1603012084960938
Vlad Pop,56.15914,54.0,2.1591415405273438
Julian Hettwer,30.841066,33.0,2.158933639526367
Claudiu Negoescu,34.149464,32.0,2.149463653564453
Alec Georgen,58.852623,61.0,2.1473770141601562
Isak Vanlalruatfela,37.852627,40.0,2.1473731994628906
Frank Ronstadt,59.857246,62.0,2.1427536010742188
Felix Afena-Gyan,36.85776,39.0,2.1422386169433594
Yukhym Konoplia,61.858593,64.0,2.141407012939453
Marcos Portillo,53.859676,56.0,2.1403236389160156
Haydon Roberts,59.862106,62.0,2.1378936767578125
Ilija Vukotić,61.863846,64.0,2.1361541748046875
Ísak Bergmann Jóhannesson,58.875023,61.0,2.1249771118164062
Michel Ndary Adopo,59.879448,62.0,2.1205520629882812
Jonathan Leko,32.88612,35.0,2.113880157470703
Luca Bendel,43.108303,41.0,2.1083030700683594
Jani Atanasov,60.89364,63.0,2.1063613891601562
Przemysław Wiśniewski,62.906258,65.0,2.0937423706054688
Sékou Mara,23.908978,26.0,2.091022491455078
David Otto,24.911747,27.0,2.0882530212402344
Yentl Van Genechten,58.913418,61.0,2.0865821838378906
Connor Barron,57.91529,60.0,2.0847091674804688
Elkan Baggott,57.916176,60.0,2.0838241577148438
Josh Coburn,24.082775,22.0,2.082775115966797
Boubacar Traoré,60.91863,63.0,2.081371307373047
Maksymilian Pingot,57.92312,60.0,2.0768814086914062
Raphael Borges Rodrigues,30.926947,33.0,2.0730533599853516
Mamadou Coulibaly,61.929016,64.0,2.07098388671875
Rami Al Hajj,47.929123,50.0,2.0708770751953125
Nabil Alioui,24.931229,27.0,2.0687713623046875
Karlo Butić,34.93429,37.0,2.0657081604003906
George Thomason,58.063324,56.0,2.063323974609375
Lex-Tyger Lobinger,25.937695,28.0,2.062305450439453
Tawanda Maswanhise,26.94035,29.0,2.059650421142578
Jacob Bedeau,59.95169,62.0,2.048309326171875
Kristoffer Velde,40.952244,43.0,2.0477561950683594
İsmail Çokçalış,59.045307,57.0,2.045307159423828
Colm Whelan,31.95622,34.0,2.0437793731689453
Nesta Guinness-Walker,56.956264,59.0,2.0437355041503906
Marcin Cebula,51.957016,54.0,2.0429840087890625
James McManus,51.95925,54.0,2.0407485961914062
Bohdan Viunnyk,27.960854,30.0,2.0391464233398438
Lorenzo Colombo,26.963299,29.0,2.036701202392578
Brahim Traoré,60.963326,63.0,2.0366744995117188
Besfort Zeneli,24.036312,22.0,2.0363121032714844
Josh Williams,58.03596,56.0,2.035961151123047
Adam Wikman,53.971077,56.0,2.0289230346679688
Luc Ihorst,26.974327,29.0,2.0256729125976562
Ibrahima Koné,28.975853,31.0,2.0241470336914062
Elijah Krahn,56.97758,59.0,2.022418975830078
Miłosz Matysik,61.97963,64.0,2.0203704833984375
Mohamed Belhadj Mahmoud,56.981033,59.0,2.0189666748046875
Lassine Sinayoko,23.985802,26.0,2.0141983032226562
Luca Petrasso,57.010498,55.0,2.010498046875
Oussama El Azzouzi,58.992138,61.0,2.007862091064453
Gyan de Regt,24.992617,27.0,2.007383346557617
Ezequiel Herrera,57.995552,60.0,2.0044479370117188
Lawrence Ennali,25.996086,28.0,2.0039138793945312
Reece McAlear,44.9981,47.0,2.0018997192382812
Ivan Nevistić,40.00089,38.0,2.0008888244628906
Keke Topp,23.999912,26.0,2.0000877380371094
Calvin Brackelmann,59.001743,61.0,1.9982566833496094
Jovan Marković,29.00547,31.0,1.9945297241210938
Maciej Rosołek,24.009283,26.0,1.9907169342041016
Adam Sørensen,53.009533,55.0,1.9904670715332031
Ollie Tanner,24.990446,23.0,1.9904460906982422
Nathan Harriel,62.00968,64.0,1.9903182983398438
Pascal Müller,55.990005,54.0,1.9900054931640625
Will Ferry,52.010403,54.0,1.9895973205566406
Jake Morris,52.983448,51.0,1.9834480285644531
Conor Masterson,61.0177,63.0,1.9822998046875
Alex Mitchell,61.017704,63.0,1.9822959899902344
Ellis Simms,24.01995,26.0,1.9800491333007812
Antonio Foti,51.021038,53.0,1.9789619445800781
Jack Sanders,57.977345,56.0,1.9773445129394531
Dembo Sylla,54.022926,56.0,1.9770736694335938
Yllan Okou,61.023827,63.0,1.9761734008789062
Sam Sherring,60.02684,62.0,1.9731597900390625
Kacper Jodłowski,56.968636,55.0,1.9686355590820312
Noha Ndombasi,26.032824,28.0,1.9671764373779297
Jack Ellis,51.03443,53.0,1.9655685424804688
Thierno Baldé,61.035942,63.0,1.9640579223632812
Aleks Ławniczak,61.038635,63.0,1.96136474609375
Aidan Keena,35.042473,37.0,1.9575271606445312
Stephen Kelly,56.043903,58.0,1.9560966491699219
Gaetano Oristanio,39.044914,41.0,1.9550857543945312
Guillermo Rendón,54.046272,56.0,1.9537277221679688
Lucas Halangk,56.04713,58.0,1.9528694152832031
Billy Mitchell,63.050507,65.0,1.949493408203125
Ari Leifsson,61.05383,63.0,1.9461708068847656
Adam Wilk,40.056442,42.0,1.9435577392578125
Luis Zárate,62.056988,64.0,1.9430122375488281
Mika Baur,41.058422,43.0,1.9415779113769531
Willem Geubbels,24.064846,26.0,1.9351539611816406
Muhammed Uvais,55.93396,54.0,1.9339599609375
Kévin Cabral,39.066273,41.0,1.9337272644042969
Amadou Sagna,33.06798,35.0,1.9320182800292969
Daniel Bassi,44.068256,46.0,1.9317436218261719
Gabrijel Rukavina,25.93054,24.0,1.9305400848388672
Mohamad Rakip,46.071148,48.0,1.9288520812988281
Leny Meyer,50.073364,52.0,1.9266357421875
Gabriel Vidović,23.92643,22.0,1.9264297485351562
Marko Lazetić,32.07733,34.0,1.92266845703125
Brandon Cooper,61.078594,63.0,1.9214057922363281
Jasper Pattenden,46.92121,45.0,1.9212112426757812
Ibrahim Cissoko,30.08349,32.0,1.9165096282958984
Facundo Zabala,60.08379,62.0,1.9162101745605469
Aaron Ramsey,48.0851,50.0,1.9149017333984375
Saidy Janko,62.085644,64.0,1.9143562316894531
Milutin Osmajić,35.087498,37.0,1.9125022888183594
Pontus Almqvist,36.088997,38.0,1.9110031127929688
Ryan Howley,56.089714,58.0,1.9102859497070312
Oscar Vilhelmsson,27.091951,29.0,1.9080486297607422
Ricky Shabong,47.903423,46.0,1.9034233093261719
Calvin Verdonk,63.09845,65.0,1.90155029296875
Derek Mazou-Sacko,52.10212,54.0,1.8978805541992188
Liam Scales,61.10502,63.0,1.8949813842773438
Dennis Lütke-Frie,53.894188,52.0,1.8941879272460938
Wilitty Younoussa,61.11061,63.0,1.8893890380859375
Jay Stansfield,24.110666,26.0,1.889333724975586
Abdoullah Ba,55.888397,54.0,1.888397216796875
Benjamin Van Durmen,59.11781,61.0,1.8821907043457031
Doğucan Haspolat,63.118046,65.0,1.8819541931152344
Thomas Kastanaras,23.87744,22.0,1.8774394989013672
Aljoscha Kemlein,56.87721,55.0,1.8772087097167969
Amarjit Singh Kiyam,50.875443,49.0,1.8754425048828125
Franco Ortellado,62.13036,64.0,1.8696403503417969
Žan Rogelj,59.8678,58.0,1.8678016662597656
Cristhian García,58.133564,60.0,1.8664360046386719
Kieran Cruise,48.134674,50.0,1.865325927734375
Soumaila Coulibaly,60.143417,62.0,1.8565826416015625
Malik Batmaz,24.85562,23.0,1.8556194305419922
Miles Leaburn,24.144758,26.0,1.8552417755126953
Carlos Esparragoza,62.1466,64.0,1.8534011840820312
Nathan Ngoy,59.15022,61.0,1.8497810363769531
Igor Matanović,31.150784,33.0,1.8492164611816406
Lion Schuster,61.153152,63.0,1.8468475341796875
Gaurav Bora,52.844048,51.0,1.8440475463867188
Rory Feely,54.15629,56.0,1.8437118530273438
Oliver Fobassam,58.157154,60.0,1.8428459167480469
Filip Marchwiński,42.84269,41.0,1.8426895141601562
Justin Salmon,58.84159,57.0,1.8415908813476562
Josef Brian Baccay,54.839027,53.0,1.8390274047851562
Falko Michel,60.837757,59.0,1.8377571105957031
Oskar van Hattum,37.164818,39.0,1.8351821899414062
Scott Wright,27.165117,29.0,1.8348827362060547
Sam Surridge,26.16526,28.0,1.8347396850585938
Bünyamin Balcı,62.16988,64.0,1.8301200866699219
Jordon Garrick,40.17071,42.0,1.8292884826660156
Mohammed Abbas,55.828407,54.0,1.8284072875976562
Patrick Nwadike,58.17266,60.0,1.8273391723632812
Daan Rots,32.17339,34.0,1.8266105651855469
Joshua Schwirten,42.17531,44.0,1.8246917724609375
Lewis Miller,59.175518,61.0,1.8244819641113281
Tomi Horvat,49.17575,51.0,1.824249267578125
Jordhy Thompson,23.822739,22.0,1.8227386474609375
Wiktor Długosz,52.822315,51.0,1.8223152160644531
Jusuf Gazibegović,62.178547,64.0,1.8214530944824219
Damián Bobadilla,61.181274,63.0,1.8187255859375
Pathé Mboup,23.817703,22.0,1.8177032470703125
Maren Haile-Selassie,40.184486,42.0,1.8155136108398438
Severin Ottiger,56.189095,58.0,1.8109054565429688
Conor Kane,53.805157,52.0,1.8051567077636719
Mark Doyle,30.196815,32.0,1.8031845092773438
Yaw Moses,62.20032,64.0,1.7996788024902344
Marko Johansson,42.79954,41.0,1.7995414733886719
Bryce Duke,44.200462,46.0,1.7995376586914062
Juan Alexander Franco,59.200874,61.0,1.7991256713867188
Louis Breunig,60.204086,62.0,1.7959136962890625
Giannis Papanikolaou,61.204834,63.0,1.795166015625
Erencan Yardımcı,25.207191,27.0,1.7928085327148438
Miloš Ćoćić,31.207346,33.0,1.792654037475586
Jake Rooney,57.208397,59.0,1.7916030883789062
Filip Stojilković,27.21106,29.0,1.7889404296875
Adrien Louveau,60.213013,62.0,1.7869873046875
Mads Hansen,39.2152,41.0,1.7848014831542969
Amadou Dante,62.221127,64.0,1.7788734436035156
Roshan Singh,49.221195,51.0,1.7788047790527344
Lion Semić,56.778774,55.0,1.7787742614746094
Dan Sîrbu,57.223755,59.0,1.7762451171875
Femi Seriki,54.776123,53.0,1.776123046875
Innes Cameron,45.226017,47.0,1.7739830017089844
Lucas Stassin,23.772007,22.0,1.7720069885253906
Robin Hack,31.228537,33.0,1.771463394165039
Daniel Maldini,37.229397,39.0,1.7706031799316406
Patrick Yazbek,59.230843,61.0,1.7691574096679688
Keinan Davis,41.231827,43.0,1.7681732177734375
Linus Rosenlöcher,57.23917,59.0,1.7608299255371094
Sascha Risch,55.74778,54.0,1.7477798461914062
Delano Burgzorg,28.252844,30.0,1.7471561431884766
Anssi Suhonen,36.254795,38.0,1.7452049255371094
Michael Glück,55.255447,57.0,1.7445526123046875
Abdoul Fessal Tapsoba,23.741625,22.0,1.7416248321533203
Augusto Schott,60.7401,59.0,1.7401008605957031
Dennis Dressel,59.263264,61.0,1.7367362976074219
Loick Ayina,56.265583,58.0,1.7344169616699219
Rohit Danu,24.268293,26.0,1.7317066192626953
Noah Bischof,23.730095,22.0,1.7300949096679688
Zymer Bytyqi,35.272896,37.0,1.7271041870117188
Lewis Richardson,24.27316,26.0,1.7268390655517578
Felix Platte,26.72678,25.0,1.7267799377441406
Jose Herrera,23.726612,22.0,1.7266120910644531
Marley Aké,37.27516,39.0,1.7248382568359375
James Abankwah,57.723774,56.0,1.7237739562988281
Ashley Phillips,58.28233,60.0,1.7176704406738281
Liam Ravenhill,53.28397,55.0,1.7160301208496094
Denso Kasius,57.284954,59.0,1.7150459289550781
Hayden Muller,58.28849,60.0,1.7115097045898438
David Datro Fofana,23.708157,22.0,1.7081565856933594
Théo Magnin,55.707165,54.0,1.7071647644042969
Josué Escartin,61.293526,63.0,1.7064743041992188
Jad Hakiki,47.29769,49.0,1.7023086547851562
Abdoulaye Bakayoko,62.300667,64.0,1.6993331909179688
Ignacio Agustín Rodríguez,54.698982,53.0,1.6989822387695312
Oliver Wähling,38.69444,37.0,1.6944389343261719
Calvin Twigt,59.306374,61.0,1.6936264038085938
Lukas Schleimer,39.31487,41.0,1.6851310729980469
Michael Mieles,52.683197,51.0,1.683197021484375
Robbie Gotts,55.680855,54.0,1.6808547973632812
Harvey Macadam,54.322144,56.0,1.6778564453125
Daniel Bîrligea,23.323748,25.0,1.6762523651123047
Andre Dozzell,60.328636,62.0,1.6713638305664062
Tom Lacoux,62.330734,64.0,1.6692657470703125
Tom Bloxham,25.331598,27.0,1.6684017181396484
Filippo Ranocchia,59.3342,61.0,1.6657981872558594
Miguel Chaiwa,51.33628,53.0,1.6637191772460938
Antonios Papadopoulos,62.337723,64.0,1.6622772216796875
Ola Brynhildsen,47.339466,49.0,1.6605339050292969
Radu Negru,60.660477,59.0,1.6604766845703125
Serafin Szota,59.34564,61.0,1.6543617248535156
Paul Ramfangzauva,48.65258,47.0,1.6525802612304688
Sayfallah Ltaief,32.646145,31.0,1.6461448669433594
Bledian Krasniqi,54.35803,56.0,1.6419715881347656
Ronan Boyce,56.64194,55.0,1.6419410705566406
Marco Antonio Angulo,58.36084,60.0,1.63916015625
Jack Byrne,51.638622,50.0,1.6386222839355469
Caspar Jander,59.36207,61.0,1.6379318237304688
Tim Rossmann,25.364817,27.0,1.635183334350586
Anthony Fontana,44.36877,46.0,1.6312294006347656
Filip Bilbija,29.369621,31.0,1.6303787231445312
Joshua Cavallo,52.629757,51.0,1.6297569274902344
Edvard Sandvik Tagseth,57.373486,59.0,1.6265144348144531
Adam Lewis,56.625965,55.0,1.6259651184082031
Jonatan Braut-Brunes,40.375328,42.0,1.6246719360351562
Ross Tierney,55.622528,54.0,1.622528076171875
Scott Tanser,56.378803,58.0,1.6211967468261719
Salvatore Dario La Vardera,57.37986,59.0,1.6201400756835938
Abdullah Matuq,24.618258,23.0,1.6182575225830078
Marcus Ferkranus,56.617783,55.0,1.6177825927734375
Laorent Shabani,54.61734,53.0,1.617340087890625
Silas Nwankwo,25.38607,27.0,1.6139297485351562
Suresh Wangjam,50.613335,49.0,1.6133346557617188
Casper Øyvann,60.38792,62.0,1.6120796203613281
Romeo Amane,47.388397,49.0,1.611602783203125
Alessandro Bianco,57.391552,59.0,1.6084480285644531
Zeki Amdouni,44.391693,46.0,1.608306884765625
Nik Prelec,31.391865,33.0,1.6081352233886719
Kevin Höög Jansson,57.395073,59.0,1.6049270629882812
John Kitolano,56.60424,55.0,1.6042404174804688
Sondre Fosnæss Hanssen,59.396378,61.0,1.6036224365234375
Ben Goodliffe,60.39709,62.0,1.6029090881347656
Bilal Boutobba,23.600298,22.0,1.6002979278564453
Daniel Mancini,57.399757,59.0,1.6002426147460938
Lachlan Rose,45.400837,47.0,1.5991630554199219
Fabian Nürnberger,63.402462,65.0,1.5975379943847656
Louie Watson,39.408096,41.0,1.5919036865234375
Nelson Weiper,23.412403,25.0,1.5875968933105469
Simon Straudi,57.41643,59.0,1.5835685729980469
Fin Back,55.580963,54.0,1.580963134765625
Dirk Asare,52.58095,51.0,1.5809516906738281
Georg Strauch,56.57354,55.0,1.5735397338867188
Adam Petersson,55.571743,54.0,1.5717430114746094
Neil Farrugia,53.42853,55.0,1.5714683532714844
Tyreeq Bakinson,62.42868,64.0,1.571319580078125
Yassin Oukili,52.431347,54.0,1.5686531066894531
Daniel Aguirre,48.434235,50.0,1.565765380859375
Demba Seck,28.43566,30.0,1.564340591430664
Žan Celar,25.437525,27.0,1.5624752044677734
Maximilian Sellinger,56.56227,55.0,1.5622711181640625
Enzo Larrosa,26.559359,25.0,1.5593585968017578
Jacob Eng,23.440979,25.0,1.55902099609375
Hampus Finndell,64.441795,66.0,1.5582046508789062
Jamie Bramwell,50.557304,49.0,1.5573043823242188
Malick Fofana,23.447142,25.0,1.5528583526611328
Franz Roggow,52.449173,54.0,1.5508270263671875
Omar Faraj,23.550121,22.0,1.5501213073730469
Lucas Souto,61.450565,63.0,1.5494346618652344
Erik Majetschak,60.45387,62.0,1.5461311340332031
Alexander Oroz,25.456455,27.0,1.5435447692871094
Josh Coley,26.45742,28.0,1.5425796508789062
Tuhin Das,41.459167,43.0,1.54083251953125
Ernest Poku,27.46058,29.0,1.539419174194336
Junior Tchamadeu,56.534557,55.0,1.5345573425292969
Jay Matete,62.467186,64.0,1.5328140258789062
Aske Adelgaard,57.468754,59.0,1.5312461853027344
Rijad Sadiku,58.469433,60.0,1.5305671691894531
Nikola Djorić,59.469517,61.0,1.5304832458496094
Mohammed Al Qunayan,51.473213,53.0,1.5267868041992188
Thierry Small,54.47419,56.0,1.5258102416992188
Siriné Doucouré,23.474356,25.0,1.525644302368164
Tobias Anselm,39.477993,41.0,1.5220069885253906
Joel Coleman,45.5216,44.0,1.5215988159179688
Dion Krasniqi,23.521349,22.0,1.5213489532470703
Luke Mbete,60.520428,59.0,1.5204277038574219
Elias Achouri,26.479927,28.0,1.5200729370117188
Jay Rich-Baghuelou,57.519478,56.0,1.5194778442382812
Nachon Nsingi,24.481747,26.0,1.5182533264160156
Kipp Keller,57.51464,56.0,1.5146408081054688
Christopher Negele,37.486668,39.0,1.5133323669433594
Arthur Okonkwo,45.513123,44.0,1.51312255859375
Luke Ivanovic,23.512278,22.0,1.512277603149414
Zac Williams,58.50801,57.0,1.5080108642578125
Jan Král,61.492603,63.0,1.5073966979980469
Antoine Semenyo,23.506323,22.0,1.5063228607177734
Moussa N'Diaye,59.494614,61.0,1.5053863525390625
Rory Jordan,32.49561,34.0,1.5043907165527344
Brynjar Ingi Bjarnason,61.495792,63.0,1.5042076110839844
Yannis Letard,61.49701,63.0,1.50299072265625
Lewis Bate,56.49821,58.0,1.5017890930175781
Stanisław Wawrzynowicz,58.499115,57.0,1.499114990234375
Bartosz Białek,33.502796,35.0,1.4972038269042969
Oğuz Aydın,29.50537,31.0,1.4946308135986328
Carlton Morris,30.50603,32.0,1.4939708709716797
Tom Geerkens,55.506416,57.0,1.4935836791992188
Pragyan Gogoi,47.492886,46.0,1.4928855895996094
Connor McLennan,44.50873,46.0,1.4912681579589844
Adam Campbell,23.509901,25.0,1.4900989532470703
Ramiro Sordo,31.510508,33.0,1.489492416381836
Victor Eriksson,61.511032,63.0,1.4889678955078125
Chris Sze,23.487625,22.0,1.4876251220703125
Calvin Harris,31.51601,33.0,1.4839897155761719
Stephan Negru,55.519264,57.0,1.4807357788085938
Daniel Pereira,59.480686,58.0,1.4806861877441406
Nordin Jackers,44.4792,43.0,1.4791984558105469
Andy Breuer,40.522335,42.0,1.4776649475097656
Lennon Gill,24.528843,26.0,1.4711570739746094
Oliver Batista Meier,29.529316,31.0,1.4706840515136719
Tariq Uwakwe,57.47055,56.0,1.470550537109375
Ben Lederman,56.468494,55.0,1.4684944152832031
Can Keleş,33.532204,35.0,1.4677963256835938
Alexandru Ișfan,32.534267,34.0,1.4657325744628906
Jack Vale,24.538214,26.0,1.4617862701416016
Daniel Hall,61.540516,63.0,1.4594841003417969
Nawaf Al Qumairi,51.541252,53.0,1.4587478637695312
Juan José Giménez,28.458471,27.0,1.4584712982177734
Baba Fernandes,61.454155,60.0,1.4541549682617188
Luca Warrick Koleosho,28.546003,30.0,1.4539966583251953
Omar Megeed,25.547094,27.0,1.4529056549072266
Danny Amos,56.45029,55.0,1.4502906799316406
Kobe Hernández-Foster,57.54996,59.0,1.4500389099121094
Yahya Kalley,56.45003,55.0,1.4500312805175781
Dilane Bakwa,28.5512,30.0,1.4487991333007812
Gabriele Piccinini,58.446323,57.0,1.4463233947753906
Patricio Ostachuk,60.555866,62.0,1.4441337585449219
Nicola Rauti,23.562738,25.0,1.4372615814208984
Shayne Pattynama,56.43696,55.0,1.4369583129882812
Richard Neudecker,49.56548,51.0,1.4345207214355469
Yunus Bahadır,55.430874,54.0,1.4308738708496094
Jordan Lawrence-Gabriel,61.5707,63.0,1.4292984008789062
Lewis Brunt,56.57117,58.0,1.4288291931152344
Halil İbrahim Dervişoğlu,37.57251,39.0,1.427490234375
Yayah Kallon,23.426353,22.0,1.4263534545898438
Simone Davi,59.42542,58.0,1.4254188537597656
Jack Rudoni,58.578323,60.0,1.4216766357421875
Machop Chol,24.579336,26.0,1.420663833618164
Abundance Salaou,51.579903,53.0,1.4200973510742188
Conor Noß,30.582516,32.0,1.4174842834472656
Reece Devine,57.415985,56.0,1.415985107421875
Agustín Baldi,60.58433,62.0,1.4156684875488281
Lameck Banda,28.586845,30.0,1.4131546020507812
Rezan Corlu,25.586884,27.0,1.413116455078125
Tom Bayliss,57.590103,59.0,1.4098968505859375
Seok-ju Hong,24.409756,23.0,1.4097557067871094
Nicolas Popescu,54.40944,53.0,1.4094390869140625
Brison Fernandes,39.59101,41.0,1.4089889526367188
Mehmet Ibrahimi,28.592484,30.0,1.4075164794921875
Michael Ameyaw,24.593857,26.0,1.4061431884765625
José Bolívar,60.59641,62.0,1.4035911560058594
Tate Russell,55.402622,54.0,1.4026222229003906
Fraser Hornby,23.597752,25.0,1.4022483825683594
Jonathan Aspropotamitis,61.401867,60.0,1.4018669128417969
Giordano Colli,51.39828,50.0,1.3982810974121094
Orest Lebedenko,60.602253,62.0,1.3977470397949219
El Hadji Dieye,27.602324,29.0,1.3976764678955078
Hákon Arnar Haraldsson,56.60326,58.0,1.3967399597167969
Dru Yearwood,63.605183,65.0,1.3948173522949219
Ryan Longman,52.392113,51.0,1.3921127319335938
Charlie Lakin,57.607986,59.0,1.3920135498046875
Matúš Holíček,29.608025,31.0,1.3919754028320312
Betim Fazliji,61.609,63.0,1.3909988403320312
Marko Bulat,59.390793,58.0,1.3907928466796875
Eman Marković,28.610632,30.0,1.3893680572509766
William Osula,23.387053,22.0,1.3870525360107422
Abdoulie Sanyang,41.386787,40.0,1.3867874145507812
Cole Bassett,57.61415,59.0,1.3858489990234375
Steven Warnock,27.383429,26.0,1.3834285736083984
Soyal Joshy,51.381413,50.0,1.3814125061035156
Devendra Murgaonkar,24.622177,26.0,1.3778228759765625
Bobby Adekanye,28.622477,30.0,1.377523422241211
Alfie Bendle,50.62312,52.0,1.3768806457519531
Benedict Hollerbach,25.624084,27.0,1.37591552734375
Sam Greenwood,53.374195,52.0,1.3741950988769531
Fabian Greilinger,55.371174,54.0,1.3711738586425781
Santiago Moreno,49.629166,51.0,1.3708343505859375
Jubril Okedina,61.629185,63.0,1.3708152770996094
Gonzalo Nápoli,61.629875,63.0,1.3701248168945312
Robert Voloder,58.6318,60.0,1.3681983947753906
Rhys Bozinovski,47.633053,49.0,1.3669471740722656
Szymon Włodarczyk,23.364597,22.0,1.3645973205566406
Dennis Gjengaar,49.6357,51.0,1.3642997741699219
Hugo Vetlesen,59.635933,61.0,1.3640670776367188
Olivier Dumont,49.635983,51.0,1.3640174865722656
Taylor Perry,48.636417,50.0,1.3635826110839844
Þórir Jóhann Helgason,49.363525,48.0,1.363525390625
Lisandru Tramoni,37.63653,39.0,1.3634681701660156
Dylan Mbayo,27.63922,29.0,1.3607807159423828
Rashaan Fernandes,24.360537,23.0,1.3605365753173828
Dylan Williams,56.3591,55.0,1.359100341796875
Gonzalo Piñeiro,47.641216,49.0,1.3587837219238281
Justin Rasmussen,55.356895,54.0,1.3568954467773438
Jack Sparkes,56.645103,58.0,1.3548965454101562
Ebrima Darboe,61.645916,63.0,1.3540840148925781
Kevin Bukusu,60.6473,62.0,1.3526992797851562
Tim Köther,51.352528,50.0,1.3525276184082031
Lewie Coyle,60.649418,62.0,1.3505821228027344
Xavier Simons,59.651985,61.0,1.3480148315429688
Enis Destan,45.652122,47.0,1.3478775024414062
Victor Lind,40.652645,42.0,1.3473548889160156
Artem Bondarenko,59.652702,61.0,1.3472976684570312
Dickson Abiama,24.347235,23.0,1.3472347259521484
Federico Paradela,52.347187,51.0,1.3471870422363281
Luca Herrmann,50.34676,49.0,1.3467597961425781
Owen Beck,57.346203,56.0,1.3462028503417969
Amario Cozier-Duberry,29.345474,28.0,1.3454742431640625
Godson Kyeremeh,30.657665,32.0,1.3423347473144531
Nikolaos Michelis,61.659725,63.0,1.3402748107910156
George Tanner,60.65999,62.0,1.3400115966796875
Abdelwahed Wahib,56.33942,55.0,1.3394203186035156
Tymoteusz Puchacz,61.661537,63.0,1.3384628295898438
Victor Larsson,58.661972,60.0,1.3380279541015625
Elies Mahmoud,29.662035,31.0,1.3379650115966797
Niko Tsakiris,33.33533,32.0,1.3353309631347656
Sander Svendsen,34.665024,36.0,1.3349761962890625
Nikolas Veratschnig,59.665558,61.0,1.334442138671875
Samuel Giovane,58.329052,57.0,1.3290519714355469
Michael Baidoo,48.672184,50.0,1.3278160095214844
Bjarne Pudel,59.672886,61.0,1.3271141052246094
Cyrill Akono,26.673841,28.0,1.3261585235595703
Anass Zaroury,25.675924,27.0,1.324075698852539
Lucas Brumme,44.677868,46.0,1.3221321105957031
Lewin Blum,57.68034,59.0,1.3196601867675781
Andri Lucas Guðjohnsen,24.68137,26.0,1.3186302185058594
Jamie Shackleton,62.68154,64.0,1.3184585571289062
Jonathan Rowe,25.681763,27.0,1.3182373046875
Deian Verón,55.31752,54.0,1.3175201416015625
Hugo Vogel,54.317505,53.0,1.3175048828125
Rodrigo Saravia,62.684017,64.0,1.3159828186035156
Dirk Proper,62.68541,64.0,1.3145904541015625
Kyle Robinson,24.686716,26.0,1.313283920288086
Ante Palaversa,63.68745,65.0,1.3125495910644531
Issouf Sissokho,63.688572,65.0,1.3114280700683594
Youri Baas,59.688866,61.0,1.3111343383789062
Eric Uhlmann,57.307053,56.0,1.3070526123046875
Johannes Naschberger,56.305637,55.0,1.3056373596191406
Colin Rösler,59.695084,61.0,1.3049163818359375
Ibrahima Cissé,58.695675,60.0,1.3043251037597656
Luca Kerber,58.695736,60.0,1.3042640686035156
Jayden Richardson,56.302513,55.0,1.3025131225585938
Niko Kijewski,60.698524,62.0,1.3014755249023438
Sadou Diallo,56.300797,55.0,1.3007965087890625
Musa Juwara,29.298418,28.0,1.2984180450439453
Benjamin Goller,50.702175,52.0,1.2978248596191406
Filipe Sissé,46.702606,48.0,1.297393798828125
Alejo Veliz,23.702654,25.0,1.2973461151123047
Brandon Kavanagh,35.7047,37.0,1.2952995300292969
Jón Dagur Þorsteinsson,41.295208,40.0,1.2952079772949219
Kostyantyn Vivcharenko,58.29178,57.0,1.291778564453125
Odel Offiah,60.70891,62.0,1.2910881042480469
Mukhair Al Rashidi,56.287632,55.0,1.2876319885253906
Obed Vargas,56.28698,55.0,1.2869796752929688
Devin Angleberger,58.285522,57.0,1.2855224609375
Vladislav Molchan,59.71553,61.0,1.2844696044921875
Morgan Feeney,60.716213,62.0,1.2837867736816406
Marcel Benger,61.283657,60.0,1.2836570739746094
Felix Vrede Winther,59.28356,58.0,1.2835617065429688
Berkan Taz,29.716957,31.0,1.2830429077148438
Magnus Warming,31.719242,33.0,1.2807579040527344
Mohamed Daramy,24.72166,26.0,1.2783393859863281
Jesper Ceesay,57.7218,59.0,1.2781982421875
Ionuț Andres,55.72234,57.0,1.2776603698730469
Romaric Yapi,58.275944,57.0,1.2759437561035156
John Nelson,59.727627,61.0,1.2723731994628906
Alfie Devine,50.728767,52.0,1.2712326049804688
Noah Allen,51.269253,50.0,1.2692527770996094
Jostin Alarcón,60.73395,62.0,1.2660484313964844
Florian Engelhardt,55.263935,54.0,1.2639350891113281
Tyler Burey,36.73716,38.0,1.2628402709960938
Julian Baas,56.2595,55.0,1.2594985961914062
Adam Devine,54.25896,53.0,1.2589607238769531
Reda Khadra,40.741726,42.0,1.2582740783691406
Jack Cooper-Love,31.742264,33.0,1.2577362060546875
David Savic,57.255787,56.0,1.2557868957519531
Shane Blaney,56.74602,58.0,1.2539787292480469
Jakub Myszor,28.2517,27.0,1.251699447631836
Denilho Cleonise,32.748306,34.0,1.2516937255859375
Jiteshwor Singh,50.2501,49.0,1.2500991821289062
Marcus Browne,29.249557,28.0,1.2495574951171875
Logan Delaurier-Chaubet,27.751411,29.0,1.2485885620117188
Franco Fagúndez,24.75287,26.0,1.2471294403076172
Evan Caffrey,51.756382,53.0,1.2436180114746094
Thibaut Vargas,61.757404,63.0,1.2425956726074219
Bastien Toma,61.759373,63.0,1.2406272888183594
Antonio Jonjić,29.759727,31.0,1.2402725219726562
Lalrinliana Hnamte,46.23884,45.0,1.2388381958007812
Santiago Toloza,50.237118,49.0,1.2371177673339844
Sidi Sané,41.763077,43.0,1.2369232177734375
Lewis Simper,47.765015,49.0,1.2349853515625
Sebastian Nanasi,30.234226,29.0,1.2342262268066406
Maximiliano González,61.766266,63.0,1.233734130859375
Cameron Archer,23.766651,25.0,1.2333488464355469
Slobodan Tedić,23.767368,25.0,1.2326316833496094
Darko Churlinov,49.76863,51.0,1.2313690185546875
Mehdi Dorval,59.23061,58.0,1.2306098937988281
David Toure,43.77261,45.0,1.2273902893066406
Kylian Kouassi,31.773361,33.0,1.2266387939453125
Johan Arath Gómez,36.77513,38.0,1.2248687744140625
Tom Bischof,41.775253,43.0,1.2247467041015625
Loum Tchaouna,35.779373,37.0,1.2206268310546875
Ismaël Koné,56.78014,58.0,1.2198600769042969
Yacine El Amri,30.783287,32.0,1.2167129516601562
Marco Tilio,38.785152,40.0,1.2148475646972656
Gonçalo Esteves,62.785694,64.0,1.2143058776855469
Samuel Shashoua,37.78654,39.0,1.2134590148925781
Oliver Antman,36.78669,38.0,1.2133102416992188
Afimico Pululu,24.786903,26.0,1.2130966186523438
Djevencio van der Kust,61.211334,60.0,1.211334228515625
Tobias Raschl,59.209194,58.0,1.2091941833496094
Yaw Ackah,63.79251,65.0,1.207489013671875
Frederik Recktenwald,50.206966,49.0,1.2069664001464844
Peter Kioso,60.796696,62.0,1.2033042907714844
Maximilian Beier,23.797686,25.0,1.2023143768310547
Mattéo Tramoni,46.798443,48.0,1.2015571594238281
Joe-Loïc Affamah,26.799723,28.0,1.200277328491211
Mert Yılmaz,57.197506,56.0,1.1975059509277344
Nicholas Pennington,60.196682,59.0,1.1966819763183594
Juan Carlos Gauto,27.80394,29.0,1.1960601806640625
Hassan Al Mohammed,51.19421,50.0,1.1942100524902344
Alper Demirol,51.80686,53.0,1.1931381225585938
Ahmed Qasem,35.188877,34.0,1.1888771057128906
Nils Rossen,54.185646,53.0,1.1856460571289062
Amine Salama,23.818169,25.0,1.1818313598632812
Anthony Oyono,61.1811,60.0,1.1810989379882812
Hormipam Ruivah,56.81948,58.0,1.1805191040039062
Ogechika Heil,51.18015,50.0,1.1801490783691406
Martin Šviderský,61.82151,63.0,1.1784896850585938
Max Bird,62.82311,64.0,1.1768913269042969
Killian Sardella,59.82417,61.0,1.1758308410644531
Patryk Makuch,24.825378,26.0,1.17462158203125
Matthew Dennis,37.827312,39.0,1.1726875305175781
Kyle Magennis,59.16855,58.0,1.168548583984375
Tobias Schützenauer,37.168163,36.0,1.1681632995605469
Joaquín Torres,32.832726,34.0,1.1672744750976562
Dominic Jefferies,59.1672,58.0,1.1671981811523438
Luciano Boggio,54.832817,56.0,1.1671829223632812
Ian Smeulers,57.16511,56.0,1.1651115417480469
Evann Guessand,23.834919,25.0,1.1650810241699219
Nikolas Agrafiotis,23.836582,25.0,1.1634178161621094
Rémy Vita,59.836674,61.0,1.1633262634277344
Emil Kischka,37.837925,39.0,1.1620750427246094
Murphy Bennett,50.15851,49.0,1.15850830078125
Amin Farouk,36.15838,35.0,1.1583786010742188
Meritan Shabani,33.841705,35.0,1.158294677734375
Oliver Zandén,60.84351,62.0,1.1564903259277344
Arthur Zagré,58.15509,57.0,1.15509033203125
Brahian Palacios,35.845837,37.0,1.1541633605957031
Lasso Coulibaly,35.153706,34.0,1.1537055969238281
Wouter Burger,60.84641,62.0,1.1535911560058594
Mamadou Doucouré,60.84669,62.0,1.1533088684082031
Phillip König,35.84721,37.0,1.1527900695800781
Jeremy Sarmiento,27.84911,29.0,1.1508903503417969
Bartosz Slisz,62.849316,64.0,1.1506843566894531
Max Thompson,23.853466,25.0,1.1465339660644531
Piotr Samiec-Talar,27.854809,29.0,1.1451911926269531
Sambou Soumano,23.856588,25.0,1.143411636352539
Frank Junior Adjei,23.85667,25.0,1.1433296203613281
Cameron Dummigan,60.14284,59.0,1.1428413391113281
Franco Carboni,58.85764,60.0,1.1423606872558594
Denis Genreau,62.85782,64.0,1.142181396484375
James McAtee,39.859276,41.0,1.1407241821289062
Pierre Dwomoh,51.86006,53.0,1.1399383544921875
Paul Kalambayi,59.86025,61.0,1.1397514343261719
James Maxwell,57.139343,56.0,1.13934326171875
Marcelo Esponda,60.138206,59.0,1.1382064819335938
Matthis Abline,24.134556,23.0,1.1345558166503906
Jurgen Çelhaka,61.13415,60.0,1.1341514587402344
Sidney Raebiger,56.133778,55.0,1.1337776184082031
Milan Robberechts,46.868004,48.0,1.1319961547851562
Amin Sarr,23.869394,25.0,1.130605697631836
Giuliano Simeone,24.870586,26.0,1.1294136047363281
Patrick Vroegh,57.12814,56.0,1.1281394958496094
Freddie Draper,23.873758,25.0,1.126241683959961
Alex Lowry,35.12618,34.0,1.1261787414550781
Paddy Lane,54.12563,53.0,1.1256294250488281
Alex Monis,27.877981,29.0,1.122018814086914
Yusuf Sarı,30.884943,32.0,1.1150569915771484
Facundo Buonanotte,23.886364,25.0,1.1136360168457031
Bas Van Den Eynden,57.112637,56.0,1.1126365661621094
Alexander Ranacher,55.11254,54.0,1.1125411987304688
Domingos Quina,45.11215,44.0,1.1121482849121094
Gene Kennedy,52.10981,51.0,1.1098098754882812
Luke Heeney,52.89115,54.0,1.1088485717773438
Isaac Nuhu,30.891373,32.0,1.1086273193359375
Billy Koumetio,59.895367,61.0,1.1046333312988281
Manoj Mohammad,49.10445,48.0,1.1044502258300781
D'Mani Mellor,40.89673,42.0,1.103271484375
Yari Otto,40.897263,42.0,1.1027374267578125
Mansour Al Shammari,58.102055,57.0,1.1020545959472656
Samuel Abifade,24.101143,23.0,1.1011428833007812
Eber Moreno,60.89937,62.0,1.1006317138671875
Julius Ertlthaler,37.900658,39.0,1.0993423461914062
Bryang Kayo,58.098804,57.0,1.0988044738769531
Filip Olsson,50.092823,49.0,1.0928230285644531
Alexander Lind,34.90892,36.0,1.0910797119140625
Ellis Taylor,40.909504,42.0,1.0904960632324219
Ben Purrington,57.911133,59.0,1.0888671875
Jacques Ekomié,61.914085,63.0,1.0859146118164062
Noah Smith,55.08502,54.0,1.0850181579589844
Halvor Rødølen Opsahl,59.915047,61.0,1.0849533081054688
Moritz Römling,56.084457,55.0,1.0844573974609375
Hussein Carneil,25.083122,24.0,1.0831222534179688
Fisayo Dele-Bashiru,58.081985,57.0,1.0819854736328125
Deandre Kerr,45.919975,47.0,1.0800247192382812
Daniel Adshead,53.07986,52.0,1.0798606872558594
Julius Kade,60.920483,62.0,1.0795173645019531
Emmanuel Fernandez,56.07827,55.0,1.0782699584960938
Mateo Sanabria,27.075619,26.0,1.0756187438964844
Lewis Dobbin,23.926184,25.0,1.0738162994384766
Brooke Norton-Cuffy,58.926277,60.0,1.0737228393554688
Edward Chilufya,25.927307,27.0,1.07269287109375
Jordan Meyer,58.93055,60.0,1.0694503784179688
Serkan Asan,61.932014,63.0,1.0679855346679688
James Olayinka,46.932518,48.0,1.0674819946289062
Jack Aitchison,23.933636,25.0,1.0663642883300781
Cameron Windust,56.0644,55.0,1.0643997192382812
Marcel Zylla,38.062767,37.0,1.0627670288085938
José Gómez,61.937626,63.0,1.0623741149902344
Kevin Doukoure,60.941044,62.0,1.0589561462402344
Simone Mazzocchi,24.941418,26.0,1.0585823059082031
Tyrhys Dolan,40.942745,42.0,1.0572547912597656
Marouan Azarkan,24.05717,23.0,1.0571708679199219
Xander Martlé,28.945576,30.0,1.0544242858886719
Robin Voisine,57.94943,59.0,1.0505714416503906
Noel Niemann,27.950018,29.0,1.0499820709228516
Fraser Murray,48.950745,50.0,1.04925537109375
Paul Will,60.95084,62.0,1.0491600036621094
Albert Hofman,25.950907,27.0,1.049093246459961
Komal Thatal,27.04727,26.0,1.0472698211669922
Giuseppe Caso,28.046673,27.0,1.0466728210449219
Hicham Mahou,37.95899,39.0,1.0410118103027344
Mathis Lachuer,56.04071,55.0,1.04071044921875
Aaron Rowe,53.038757,52.0,1.03875732421875
Ludvig Carlius,44.961826,46.0,1.0381736755371094
Arquimides Ordoñez,23.964159,25.0,1.0358409881591797
Gavin Kilkenny,61.032597,60.0,1.0325965881347656
Stefán Teitur Thórdarson,58.968483,60.0,1.0315170288085938
Mihajlo Ivančević,60.97007,62.0,1.0299301147460938
Maximilian Breunig,23.970741,25.0,1.0292587280273438
Youri Regeer,60.97109,62.0,1.0289115905761719
Mathias Honsak,48.97266,50.0,1.0273399353027344
Róbert Boženík,29.973549,31.0,1.0264511108398438
Maghnes Akliouche,43.974815,45.0,1.0251846313476562
Cemali Sertel,61.974964,63.0,1.0250358581542969
Akash Mishra,56.022945,55.0,1.0229454040527344
Guillermo Balzi,52.022003,51.0,1.022003173828125
Tolaji Bola,57.02055,56.0,1.0205497741699219
Michał Skóraś,38.98051,40.0,1.0194892883300781
Gonzalo Maroni,40.981785,42.0,1.0182151794433594
Ben Worman,52.016293,51.0,1.0162925720214844
Tyler Goodrham,40.98464,42.0,1.0153617858886719
Sebastian Aigner,58.010933,57.0,1.0109329223632812
Désiré Doué,34.01055,33.0,1.0105514526367188
Amadou Keita,36.98996,38.0,1.010040283203125
Lucas Rocrou,24.99182,26.0,1.0081806182861328
Danny Mândroiu,52.008022,51.0,1.0080223083496094
Oskar Wójcik,58.007523,57.0,1.0075225830078125
Mads Enggård,56.99461,58.0,1.0053901672363281
Josh Reid,58.00197,57.0,1.0019683837890625
Erdon Daci,23.99864,25.0,1.0013599395751953
Francisco Marco,59.998898,61.0,1.0011024475097656
Lewis Fiorini,55.001007,56.0,0.998992919921875
Alex Saji,53.99891,53.0,0.9989089965820312
Hamza Mendyl,61.998604,61.0,0.9986038208007812
Jamie Mullins,28.99783,28.0,0.9978294372558594
Couhaib Driouech,25.007334,26.0,0.9926662445068359
Laurenz Dehl,45.010235,46.0,0.9897651672363281
Deepak Tangri,56.98941,56.0,0.989410400390625
Freddie Potts,54.01453,55.0,0.9854698181152344
Carlos Mendes Gomes,30.014715,31.0,0.9852848052978516
Antonio Marin,30.983833,30.0,0.9838333129882812
Bernhard Zimmermann,30.017809,31.0,0.9821910858154297
Eskil Edh,57.020027,58.0,0.9799728393554688
Nathaniel Adjei,54.02079,55.0,0.9792098999023438
Ricky-Jade Jones,27.023008,28.0,0.9769916534423828
Etienne Amenyido,37.024723,38.0,0.9752769470214844
Luca Oyen,38.025925,39.0,0.9740753173828125
Tom Grivosti,60.02714,61.0,0.9728584289550781
Marcel Wenig,43.02965,44.0,0.9703483581542969
Juan José Heinze,39.96947,39.0,0.9694709777832031
Ryan Stirk,57.968044,57.0,0.9680442810058594
Yegor Matsenko,54.032116,55.0,0.9678840637207031
Csaba Bukta,40.033237,41.0,0.9667625427246094
Mathys Tel,25.034779,26.0,0.9652214050292969
Ben Paton,52.034843,53.0,0.9651565551757812
Eros Mancuso,59.03658,60.0,0.9634208679199219
Semi Belkahia,62.037148,63.0,0.9628524780273438
Asish Rai,55.962837,55.0,0.9628372192382812
Derry John Murkin,57.958675,57.0,0.9586753845214844
Ion Gheorghe,42.957073,42.0,0.9570732116699219
James Balagizi,45.044598,46.0,0.9554023742675781
Collin Smith,51.955074,51.0,0.9550743103027344
Robbie McKenzie,60.95475,60.0,0.9547500610351562
Anouar Ait El Hadj,44.953358,44.0,0.9533576965332031
Tim Lemperle,31.047182,32.0,0.9528179168701172
Cian Kavanagh,24.049685,25.0,0.9503154754638672
Kenzo Goudmijn,56.95,56.0,0.9500007629394531
Alex Gilbert,27.948347,27.0,0.9483470916748047
Zech Obiero,35.05331,36.0,0.9466896057128906
Keanan Bennetts,42.0544,43.0,0.9455986022949219
Jonas Michelbrink,38.056007,39.0,0.9439926147460938
Jewison Bennette,26.05664,27.0,0.943359375
Medon Berisha,53.938282,53.0,0.9382820129394531
Othmane Boussaid,44.937435,44.0,0.9374351501464844
Mohamed Farsi,55.93588,55.0,0.9358787536621094
Ismaël Boura,62.06453,63.0,0.9354705810546875
Ștefan Baiaram,29.934689,29.0,0.9346885681152344
Matt Baker,59.06732,60.0,0.93267822265625
Shayden Morris,23.930513,23.0,0.9305133819580078
Vincy Barretto,24.93017,24.0,0.9301700592041016
Sakarias Opsahl,60.07106,61.0,0.9289398193359375
James Penrice,58.072598,59.0,0.9274024963378906
Martin Baturina,58.07404,59.0,0.9259605407714844
Brian Mansilla,46.07876,47.0,0.9212417602539062
Aniket Jadhav,28.91989,28.0,0.9198894500732422
Jökull Andrésson,25.918615,25.0,0.9186153411865234
Mikael Norø Ingebrigtsen,42.91749,42.0,0.9174880981445312
Dan Martin,51.08819,52.0,0.9118118286132812
Anis Mehmeti,54.91124,54.0,0.9112396240234375
Muhammed Damar,37.08929,38.0,0.9107093811035156
Jannes Wulff,53.091393,54.0,0.9086074829101562
Justo Giani,24.091625,25.0,0.9083747863769531
Tyreece Campbell,24.90664,24.0,0.9066390991210938
Kas de Wit,39.0971,40.0,0.9029006958007812
Reed Baker-Whiting,50.0996,51.0,0.9003982543945312
Phillip Cancar,59.10054,60.0,0.8994598388671875
Nikolas Sattlberger,57.10116,58.0,0.8988418579101562
Ali Youssef,36.898033,36.0,0.8980331420898438
Peter Abimbola,46.103535,47.0,0.8964653015136719
Alexander Bernhardsson,44.10497,45.0,0.8950309753417969
Jobe Bellingham,56.894947,56.0,0.8949470520019531
Mamady Diambou,59.894302,59.0,0.8943023681640625
Manolo Portanova,54.10731,55.0,0.8926887512207031
Jordan Williams,61.107594,62.0,0.8924064636230469
Nikita Iosifov,25.110598,26.0,0.8894023895263672
Arvin Appiah,27.111084,28.0,0.888916015625
Jannik Rochelt,46.11359,47.0,0.8864097595214844
Marian Danciu,29.8858,29.0,0.8857994079589844
Babajide Adeeko,45.11468,46.0,0.8853187561035156
Josh Johnson,47.885,47.0,0.8849983215332031
Habib Sylla,61.115013,62.0,0.8849868774414062
Karim Zedadka,57.884457,57.0,0.8844566345214844
Kayne Ramsay,58.88258,58.0,0.8825798034667969
Yvandro Borges Sanches,53.878162,53.0,0.8781623840332031
Bart van Rooij,60.87742,60.0,0.8774185180664062
Philipp Schulz,58.124214,59.0,0.8757858276367188
Brandon Fleming,60.875668,60.0,0.8756675720214844
Mazeed Ogungbo,58.874386,58.0,0.8743858337402344
Jason Ceka,28.873734,28.0,0.8737335205078125
Alfie Lewis,57.872738,57.0,0.8727378845214844
Sascha Horvath,48.86979,48.0,0.8697891235351562
Niklas May,59.132946,60.0,0.8670539855957031
Josh Tymon,61.135662,62.0,0.8643379211425781
Joe Tomlinson,57.858475,57.0,0.8584747314453125
Rocco Reitz,55.144394,56.0,0.8556060791015625
Hussain Furayj,52.85303,52.0,0.8530311584472656
Jerry Lalrinzuala,50.851063,50.0,0.8510627746582031
Teddy Alloh,58.85094,58.0,0.8509407043457031
Giacomo Vrioni,23.849758,23.0,0.8497581481933594
Juan Arias,59.150646,60.0,0.8493537902832031
Filippo Melegoni,59.15078,60.0,0.8492202758789062
Dylan Duffy,43.15112,44.0,0.8488807678222656
Demeaco Duhaney,58.848255,58.0,0.8482551574707031
Brian Jepthe Bayeye,55.84677,55.0,0.846771240234375
Callum Slattery,60.84655,60.0,0.8465499877929688
Jack Stretton,24.154444,25.0,0.8455562591552734
Ciaran Brennan,59.15474,60.0,0.8452606201171875
Bendegúz Bolla,59.15502,60.0,0.8449783325195312
Fabian Holst-Larsen,49.84294,49.0,0.8429412841796875
Islam Hawsawi,51.158245,52.0,0.8417549133300781
Steven Sserwadda,43.158432,44.0,0.8415679931640625
Yankuba Minteh,23.839972,23.0,0.8399715423583984
Reece Welch,54.166046,55.0,0.833953857421875
Barry Cotter,56.83269,56.0,0.8326911926269531
Olaus Jair Skarsem,56.83176,56.0,0.8317604064941406
Emir Tintiş,57.831345,57.0,0.8313446044921875
Isak Jansson,40.16971,41.0,0.830291748046875
Charlie Colkett,57.828754,57.0,0.8287544250488281
Ibrahim Said,24.827467,24.0,0.8274669647216797
Robert Wagner,58.1747,59.0,0.8252983093261719
Eduard Radaslavescu,46.824055,46.0,0.8240547180175781
Liam Burt,35.177727,36.0,0.8222732543945312
Mark Dignam,49.177734,50.0,0.822265625
Kilian Ludewig,58.8197,58.0,0.8196983337402344
Badredine Bouanani,30.181595,31.0,0.8184051513671875
Agustín Chopitea,62.185276,63.0,0.8147239685058594
Håkon Røsten,56.18564,57.0,0.814361572265625
Alex Nolan,35.814335,35.0,0.8143348693847656
Evan McLaughlin,35.18784,36.0,0.8121604919433594
Sam Sanna,61.187885,62.0,0.8121147155761719
Gideon Tetteh,34.19054,35.0,0.8094596862792969
Ravi Rana,42.191753,43.0,0.8082466125488281
Andrei Dragu,54.193283,55.0,0.8067169189453125
Brian McManus,52.193695,53.0,0.806304931640625
Jérémy Livolant,57.800377,57.0,0.8003768920898438
Matthew Bondswell,56.80021,56.0,0.8002090454101562
Paul Lehmann,55.202274,56.0,0.7977256774902344
Chem Campbell,40.20243,41.0,0.7975692749023438
Merlin Röhl,58.204056,59.0,0.7959442138671875
Dylan Kadji,51.20523,52.0,0.794769287109375
Aaron Basenach,51.205296,52.0,0.7947044372558594
Oscar Solnørdal,52.206707,53.0,0.7932929992675781
Shane Farrell,47.207817,48.0,0.7921829223632812
Carl Gustafsson,57.791054,57.0,0.7910537719726562
Gabriele Ferrarini,63.20977,64.0,0.7902297973632812
Marwan Al Sahafi,25.78816,25.0,0.7881603240966797
Nicklas Shipnoski,25.212378,26.0,0.7876224517822266
Viktor Widell,50.786873,50.0,0.7868728637695312
Kyliane Dong,23.78516,23.0,0.7851600646972656
Ismet Lushaku,50.218613,51.0,0.7813873291015625
Samuel Loric,62.220993,63.0,0.7790069580078125
Jahkeele Marshall-Rutty,51.22116,52.0,0.778839111328125
Osame Sahraoui,45.775963,45.0,0.7759628295898438
Rijad Smajić,60.224625,61.0,0.7753753662109375
Zidan Sertdemir,46.225624,47.0,0.7743759155273438
Lukáš Ambros,38.77357,38.0,0.7735710144042969
Oisin Smyth,47.227787,48.0,0.7722129821777344
Florian Dietz,24.231758,25.0,0.7682418823242188
Leonhard Münst,53.23219,54.0,0.7678108215332031
Ole Enersen,46.232285,47.0,0.7677154541015625
Vahan Bichakhchyan,54.23238,55.0,0.7676200866699219
Nohan Kenneh,60.76672,60.0,0.7667198181152344
Bertram Kvist,36.23353,37.0,0.7664718627929688
Brandan Craig,54.764843,54.0,0.7648429870605469
Maxime Bastian,58.23551,59.0,0.7644882202148438
Ernest Terpiłowski,24.23637,25.0,0.7636299133300781
Cassius Mailula,30.23675,31.0,0.7632503509521484
Louie Sibley,56.238277,57.0,0.7617225646972656
John Mahon,60.761208,60.0,0.7612075805664062
Iron Gomis,57.760212,57.0,0.7602119445800781
Sylvester Jasper,38.24092,39.0,0.7590789794921875
Oleg Ocheretko,35.75883,35.0,0.7588310241699219
Andreas Bruus,58.755432,58.0,0.75543212890625
Dylan Pierias,50.755013,50.0,0.7550125122070312
Hussein Ali,58.752678,58.0,0.7526779174804688
Paweł Stolarski,58.752052,58.0,0.7520523071289062
Lucas Kåhed,30.248844,31.0,0.7511558532714844
Meiko Sponsel,59.24894,60.0,0.7510604858398438
Daniel Karlsbakk,26.250122,27.0,0.7498779296875
Marley Marshall Miranda,55.25589,56.0,0.744110107421875
Alex Dunne,48.743515,48.0,0.7435150146484375
Niclas Thiede,44.743286,44.0,0.7432861328125
Garang Kuol,24.25971,25.0,0.7402896881103516
Mohammed Sangare,56.261726,57.0,0.7382736206054688
Jesper Adolfsson,56.736866,56.0,0.7368659973144531
Jack Milne,51.736103,51.0,0.7361030578613281
Jackson Tchatchoua,58.735336,58.0,0.7353363037109375
Tomás Galván,35.732414,35.0,0.7324142456054688
Owen Gene,58.268883,59.0,0.7311172485351562
Franco Orozco,29.269033,30.0,0.7309665679931641
Jack Nolan,46.271023,47.0,0.7289772033691406
Jonathan Afolabi,23.727087,23.0,0.7270870208740234
Greg Kiltie,46.726048,46.0,0.7260475158691406
Jack Moylan,45.725838,45.0,0.7258377075195312
Souffian El Karouani,61.274822,62.0,0.7251777648925781
Kaide Gordon,24.275959,25.0,0.7240409851074219
Felipe Valencia,23.723415,23.0,0.7234153747558594
Lys Mousset,23.279745,24.0,0.7202548980712891
Andrea Oliveri,36.281185,37.0,0.7188148498535156
Frankie Amaya,63.282944,64.0,0.7170562744140625
Cody Johnson,47.284424,48.0,0.715576171875
Jack Lynn,24.28467,25.0,0.7153301239013672
Mattia Chiesa,38.28597,39.0,0.7140312194824219
Fritiof Hellichius,44.287144,45.0,0.7128562927246094
Francis Momoh,24.289167,25.0,0.7108325958251953
Jean-Manuel Mbom,63.289364,64.0,0.7106361389160156
Ryan Edwards,58.29048,59.0,0.7095184326171875
Finlay Pollock,39.290524,40.0,0.7094764709472656
Lassi Lappalainen,53.707684,53.0,0.7076835632324219
Zack Farnsworth,56.705643,56.0,0.7056427001953125
Niklas Vesterlund,58.705368,58.0,0.7053680419921875
Jonatas Santos,25.294895,26.0,0.7051048278808594
Kolbeinn Birgir Finnsson,60.296585,61.0,0.7034149169921875
Jonathan Meier,60.703125,60.0,0.703125
Kian Leavy,49.29768,50.0,0.7023200988769531
Juan Boselli,23.700325,23.0,0.7003250122070312
Kerim Çalhanoğlu,59.70014,59.0,0.7001419067382812
Ibrahim El Kadiri,23.698893,23.0,0.6988925933837891
Cem Üstündag,42.30497,43.0,0.6950302124023438
Timur Gayret,41.694614,41.0,0.6946144104003906
Omari Hutchinson,43.307198,44.0,0.6928024291992188
Bryan Okoh,61.691696,61.0,0.6916961669921875
Jake Cain,57.309555,58.0,0.6904449462890625
Steven Bradley,25.310474,26.0,0.6895256042480469
Franklin Nyenetue,25.311241,26.0,0.6887588500976562
Nedim Bajrami,58.31136,59.0,0.6886405944824219
Noah Söderberg,55.311428,56.0,0.6885719299316406
Paul Omo Mukairu,31.3135,32.0,0.6865005493164062
Jaylin Lindsey,60.31352,61.0,0.6864814758300781
Kian Fitz-Jim,59.318054,60.0,0.68194580078125
Joey Antonioli,51.681557,51.0,0.6815567016601562
Carlos Gavilán,35.318615,36.0,0.6813850402832031
Sebastian Pasquali,54.68122,54.0,0.6812210083007812
Efe-Kaan Sihlaroglu,49.319305,50.0,0.680694580078125
Cian Hayes,26.679468,26.0,0.6794681549072266
Charlie Kelman,25.321297,26.0,0.6787033081054688
Brian Aguirre,32.67748,32.0,0.6774787902832031
Mallik Wilks,23.676868,23.0,0.6768684387207031
Allan Linguet,61.324375,62.0,0.6756248474121094
Caleb Wiley,56.325542,57.0,0.6744575500488281
Luke Le Roux,59.674168,59.0,0.6741676330566406
Ernest Nuamah,24.671965,24.0,0.6719646453857422
Achraf Douiri,56.671776,56.0,0.6717758178710938
Yadaly Diaby,32.67096,32.0,0.67095947265625
Matías Galarza,60.331173,61.0,0.6688270568847656
Junior Noguera,24.668541,24.0,0.6685409545898438
Jeakson Singh,58.33263,59.0,0.6673698425292969
Noah Mbamba,60.333096,61.0,0.6669044494628906
Marius Cioiu,36.333656,37.0,0.6663436889648438
Abdulaziz Noor,29.334408,30.0,0.6655921936035156
Güven Yalçın,23.665518,23.0,0.6655178070068359
Alan Nuñez,54.662403,54.0,0.6624031066894531
Andri Fannar Baldursson,59.340492,60.0,0.6595077514648438
Kenji-Van Boto,60.34121,61.0,0.6587905883789062
Marcus Forss,38.341904,39.0,0.6580963134765625
Axel Bamba,63.344337,64.0,0.6556625366210938
Dion Pereira,33.344753,34.0,0.6552467346191406
Buhari Ibrahim,60.34479,61.0,0.6552085876464844
Liam Bennett,54.34606,55.0,0.6539382934570312
Krystian Okoniewski,24.346596,25.0,0.6534042358398438
Loris Mouyokolo,60.34683,61.0,0.6531715393066406
Kyle Hudlin,24.34872,25.0,0.6512794494628906
Niclas Holm Pedersen,24.348812,25.0,0.6511878967285156
Oliver Tipton,53.34926,54.0,0.6507415771484375
Souleymane Diaby,58.650265,58.0,0.6502647399902344
André Boman,56.350353,57.0,0.6496467590332031
Anton Kade,24.3513,25.0,0.6487007141113281
Dominik Becker,61.351387,62.0,0.6486129760742188
Ziyad Larkeche,53.648552,53.0,0.6485519409179688
Omar El Hilali,60.351803,61.0,0.6481971740722656
Ninthoi Meetei,28.353123,29.0,0.6468772888183594
Isaak Davies,23.64671,23.0,0.6467094421386719
Waniss Taïbi,53.646454,53.0,0.646453857421875
Michael Baldisimo,58.64631,58.0,0.6463088989257812
Kimberly Ezekwem,60.353836,61.0,0.6461639404296875
Iván Leguizamón,36.644226,36.0,0.64422607421875
Daniel Eid,57.64394,57.0,0.6439399719238281
Brahima Diarra,31.64362,31.0,0.6436195373535156
Louis Torres,57.6423,57.0,0.6422996520996094
Anton Sorenson,50.64089,50.0,0.6408882141113281
Charles Boli,44.360622,45.0,0.6393775939941406
Aymen Boutoutaou,32.366016,33.0,0.6339836120605469
Sebastian Berhalter,58.367,59.0,0.6329994201660156
Vegard Kongsro,55.63156,55.0,0.631561279296875
Woyo Coulibaly,57.36844,58.0,0.631561279296875
Adam Montgomery,56.370014,57.0,0.6299858093261719
Malcolm Ebiowei,37.370823,38.0,0.6291770935058594
D'Margio Wright-Phillips,27.372368,28.0,0.6276321411132812
Ianis Stoica,28.374128,29.0,0.6258716583251953
Patrik Mercado,56.375202,57.0,0.6247978210449219
Kian Harratt,23.624605,23.0,0.6246051788330078
Thomas Van Den Keybus,61.37595,62.0,0.6240501403808594
Wisdom Amey,59.383064,60.0,0.6169357299804688
Anders Klynge,61.613148,61.0,0.6131477355957031
Thor Úlfarsson,23.388212,24.0,0.6117877960205078
Kristoffer Askildsen,61.609955,61.0,0.609954833984375
Gary Magnée,60.391106,61.0,0.6088943481445312
Ervin Omić,59.39379,60.0,0.6062088012695312
August Mikkelsen,32.39433,33.0,0.6056709289550781
Brodie Spencer,54.604282,54.0,0.6042823791503906
Deroy Duarte,60.395935,61.0,0.60406494140625
Wungngayam Muirang,51.396988,52.0,0.6030120849609375
Samed Onur,29.600014,29.0,0.6000137329101562
Jack Carter,44.599827,44.0,0.5998268127441406
Joshua Feeney,58.596153,58.0,0.5961532592773438
El Bilal Touré,23.59513,23.0,0.5951309204101562
Eniss Shabani,54.595104,54.0,0.5951042175292969
Mario Bratu,27.405615,28.0,0.5943851470947266
Kwadwo Opoku,35.40571,36.0,0.5942916870117188
Muhammed Nemil,35.592693,35.0,0.5926933288574219
Luis Carlos Rodríguez,56.592392,56.0,0.5923919677734375
Vedad Radonja,60.408127,61.0,0.5918731689453125
Sacha Delaye,53.409855,54.0,0.5901451110839844
Jesper Skau,51.409863,52.0,0.5901374816894531
Baïla Diallo,54.40998,55.0,0.5900192260742188
Quentin Bena,58.41089,59.0,0.589111328125
Nico Ochojski,58.58833,58.0,0.5883293151855469
Dawid Kurminowski,24.412405,25.0,0.5875949859619141
Niklas Kölle,59.58609,59.0,0.586090087890625
Rico Richards,25.414228,26.0,0.5857715606689453
Ahmed Longmire,54.41599,55.0,0.5840110778808594
Jay Henderson,52.416103,53.0,0.5838966369628906
Derry Scherhant,23.58192,23.0,0.5819206237792969
Tomás Jacob,60.419575,61.0,0.5804252624511719
Aaron Zehnter,57.579052,57.0,0.5790519714355469
Oisín McEntee,57.423164,58.0,0.5768356323242188
Kamil Dankowski,56.423557,57.0,0.5764427185058594
Juljan Shehu,61.425507,62.0,0.574493408203125
Donal Higgins,49.425694,50.0,0.5743064880371094
Tomás Silva,58.42594,59.0,0.5740585327148438
Elias Hoff Melkersen,29.427427,30.0,0.5725727081298828
Jacob Ondrejka,45.427616,46.0,0.5723838806152344
Samuel Folarin,38.57166,38.0,0.5716590881347656
Kyrylo Melichenko,60.42974,61.0,0.5702590942382812
Fabio Torsiello,23.429749,24.0,0.57025146484375
Thomas Williams,51.4314,52.0,0.5685997009277344
Julian Guttau,37.4343,38.0,0.5657005310058594
Abdullah Al Shanqeeti,52.43579,53.0,0.564208984375
Mika Biereth,28.43587,29.0,0.5641307830810547
Sekou Sidibe,29.563173,29.0,0.5631732940673828
Richard Ledezma,46.43781,47.0,0.5621910095214844
Ben Bobzien,28.438246,29.0,0.5617542266845703
Jordi Osei-Tutu,59.56135,59.0,0.5613517761230469
Oskar Leśniak,34.56039,34.0,0.5603904724121094
Marvin De Lima,24.559938,24.0,0.5599384307861328
Darian Males,35.440304,36.0,0.5596961975097656
Callum Wright,57.558624,57.0,0.558624267578125
Allan Arigoni,58.55846,58.0,0.5584602355957031
Sebastian Saftig,47.556507,47.0,0.5565071105957031
Sunusi Ibrahim,23.555641,23.0,0.5556411743164062
Ayrton Paz,54.55454,54.0,0.5545387268066406
Madou Touré,56.445896,57.0,0.5541038513183594
Casey Walls,52.446083,53.0,0.5539169311523438
Matthew Nocita,56.55307,56.0,0.553070068359375
Karl Edouard Etta Eyong,61.55293,61.0,0.5529289245605469
Khaled Narey,61.44731,62.0,0.5526885986328125
Million Manhoef,60.54863,60.0,0.5486297607421875
Marius Ștefănescu,58.54765,58.0,0.5476493835449219
Mert Yusuf Torlak,32.546436,32.0,0.5464363098144531
Charlie Webster,46.453636,47.0,0.5463638305664062
Mohammed Fuseini,23.455334,24.0,0.5446662902832031
Marvin Mehlem,50.45585,51.0,0.5441513061523438
Felix Strauss,60.45605,61.0,0.5439491271972656
Warren Bondo,58.54167,58.0,0.5416717529296875
Aramide Oteh,23.541525,23.0,0.5415248870849609
Emeka Oduah,25.458723,26.0,0.5412769317626953
Edgar Babayan,42.540066,42.0,0.5400657653808594
Paweł Olszewski,58.53913,58.0,0.5391311645507812
Federico Giraudo,56.460953,57.0,0.5390472412109375
Filip Stevanović,35.538372,35.0,0.5383720397949219
Lewis Billington,50.537903,50.0,0.53790283203125
Miguel Monsalve,34.464825,35.0,0.5351753234863281
Fabio Markelic,52.466034,53.0,0.533966064453125
Devin Sür,36.466072,37.0,0.5339279174804688
Jack Hannah,52.4675,53.0,0.532501220703125
Tyrell Warren,59.532284,59.0,0.5322837829589844
Juan Cruz Esquivel,23.53073,23.0,0.5307292938232422
Folarin Balogun,23.530626,23.0,0.5306262969970703
Jonas Sterner,60.530613,60.0,0.5306129455566406
Johan Karlsson,54.470863,55.0,0.5291366577148438
Ezequiel Alfonso,24.473684,25.0,0.5263156890869141
Matías Pellegrini,48.475143,49.0,0.5248565673828125
Enzo Luna,29.476706,30.0,0.5232944488525391
Valentín Sánchez,42.478565,43.0,0.5214347839355469
Marco Rus,33.520126,33.0,0.5201263427734375
Max Mata,24.519402,24.0,0.5194015502929688
Maciej Śliwa,46.517166,46.0,0.5171661376953125
Agustín Sández,62.48432,63.0,0.5156784057617188
Martin Luciano,60.484493,61.0,0.5155067443847656
Florent Muslija,29.484941,30.0,0.5150585174560547
Jean N'Guessan,59.48542,60.0,0.5145797729492188
Sinclair Armstrong,23.514421,23.0,0.5144214630126953
Nathanael Ogbeta,59.48869,60.0,0.5113105773925781
Ayman Benarous,38.509827,38.0,0.50982666015625
Sanders Ngabo,46.509686,46.0,0.5096855163574219
Osaze Urhoghide,60.49188,61.0,0.5081214904785156
Kacper Urbański,40.492558,41.0,0.5074424743652344
Ramy Najjarine,37.492874,38.0,0.5071258544921875
Lars Mogstad Ranger,57.505985,57.0,0.5059852600097656
Dominik Reimann,45.50526,45.0,0.5052604675292969
Paul Nebel,28.49516,29.0,0.5048408508300781
Thomas Himeur,45.50422,45.0,0.5042190551757812
Luca Everink,59.503365,59.0,0.5033645629882812
Finn Surman,59.50099,59.0,0.5009918212890625
Isaiah Parente,44.499645,45.0,0.5003547668457031
Tom Rothe,59.500465,60.0,0.49953460693359375
Gastón González,39.501274,40.0,0.49872589111328125
Abderrahman Rebbach,35.50345,36.0,0.496551513671875
Dean Williams,25.504845,26.0,0.49515533447265625
Abdulaziz Makin,36.49438,36.0,0.4943809509277344
Noel Törnqvist,45.50675,46.0,0.4932518005371094
Jusef Erabi,24.508356,25.0,0.49164390563964844
Sævar Atli Magnússon,31.5098,32.0,0.4902000427246094
Lautaro Ovando,23.488247,23.0,0.4882469177246094
Hassan Ndam,60.512844,61.0,0.4871559143066406
Hussain Sibyani,47.487125,47.0,0.4871253967285156
Tommaso Baldanzi,40.51508,41.0,0.4849205017089844
Thijs Timmermans,41.515316,42.0,0.4846839904785156
Adrian Fein,61.51781,62.0,0.4821891784667969
Nassim Innocenti,59.51821,60.0,0.48178863525390625
Vladyslav Vanat,24.48103,24.0,0.4810295104980469
Nathan Tjoe-A-On,58.477093,58.0,0.4770927429199219
Ertuğrul Ersoy,63.522923,64.0,0.4770774841308594
Boubacar Fofana,29.474276,29.0,0.4742755889892578
Nasser Al Bishi,34.473946,34.0,0.47394561767578125
Jhon Durán,24.527609,25.0,0.47239112854003906
Cameron Congreve,30.530323,31.0,0.4696769714355469
Alessio Besio,24.532146,25.0,0.4678535461425781
Luca Bolay,49.465324,49.0,0.46532440185546875
Thierry Lutonda,58.535805,59.0,0.46419525146484375
Baba Alhassan,59.46393,59.0,0.46392822265625
Cameron Peupion,40.537704,41.0,0.4622955322265625
Isaac Hutchinson,54.461544,54.0,0.4615440368652344
Connor Mahoney,38.460304,38.0,0.46030426025390625
Yassin Belkhdim,58.541283,59.0,0.45871734619140625
Kastriot Imeri,57.45816,57.0,0.458160400390625
Princeton Rebello,50.457386,50.0,0.4573860168457031
Nilson Angulo,33.542828,34.0,0.4571723937988281
Gatlin O'Donkor,24.545511,25.0,0.45448875427246094
Ousoumane Camara,47.54925,48.0,0.4507484436035156
Will Richmond,24.450209,24.0,0.4502086639404297
David Bendrik,49.447266,49.0,0.447265625
Andréa Librici,49.552795,50.0,0.44720458984375
Engson Singh,34.447094,34.0,0.4470939636230469
Pat Jones,29.446299,29.0,0.44629859924316406
Mohamed Amoura,45.443836,45.0,0.4438362121582031
Dylan Nealis,61.556797,62.0,0.4432029724121094
Quinn Sullivan,47.441044,47.0,0.4410438537597656
Randy Schneider,35.44045,35.0,0.4404487609863281
Simone Panada,60.44005,60.0,0.4400482177734375
Daniel Chesters,32.439438,32.0,0.4394378662109375
Joel Senior,54.43549,54.0,0.4354896545410156
Kostandinos Grozos,53.56463,54.0,0.43537139892578125
Albion Ademi,25.565676,26.0,0.4343242645263672
Doru Andrei,33.566853,34.0,0.4331474304199219
Michael Obafemi,23.430965,23.0,0.4309654235839844
Niklas Jessen,41.425602,41.0,0.4256019592285156
Dominic Thompson,58.424603,58.0,0.4246025085449219
Maksym Kucheriavyi,32.575897,33.0,0.424102783203125
Issa Fomba,29.421871,29.0,0.4218711853027344
Sander Risan Mørk,52.578194,53.0,0.42180633544921875
David Jaunegg,56.42153,56.0,0.42153167724609375
Evan Weir,54.578506,55.0,0.4214935302734375
Ali Makki,56.578697,57.0,0.42130279541015625
William Mikelbrencis,60.420757,60.0,0.4207572937011719
Mohammed Tolba,60.582108,61.0,0.4178924560546875
Jordan McEneff,42.415905,42.0,0.4159049987792969
Bruno Leyes,60.584606,61.0,0.4153938293457031
Youssef Amyn,40.415047,40.0,0.41504669189453125
Darragh Nugent,54.413864,54.0,0.4138641357421875
Tobi Omole,53.58677,54.0,0.41323089599609375
Pontus Kindberg,47.59172,48.0,0.4082794189453125
Harry Van der Saag,52.591938,53.0,0.4080619812011719
Runar Norheim,45.591953,46.0,0.4080467224121094
Sarpreet Singh,47.593475,48.0,0.406524658203125
Salvatore Esposito,59.404545,59.0,0.4045448303222656
Christian Kinsombi,30.596636,31.0,0.4033641815185547
Abdulelah Al Shammari,33.403316,33.0,0.4033164978027344
Drissa Camara,51.402718,51.0,0.40271759033203125
Dženan Pejčinović,23.597698,24.0,0.4023017883300781
Arnór Sigurðsson,40.59969,41.0,0.4003105163574219
Dominik Schad,57.600174,58.0,0.3998260498046875
Markus Solbakken,58.60148,59.0,0.39852142333984375
Ben McCormack,47.39601,47.0,0.3960113525390625
Fredrik Oppegård,58.604015,59.0,0.3959846496582031
Sergio Oregel,34.394646,34.0,0.39464569091796875
Kevin Wiethaup,38.394188,38.0,0.39418792724609375
Nick Otto,58.608337,59.0,0.39166259765625
Salem Al Toiawy,46.60843,47.0,0.391571044921875
Daniel Stynes,43.608902,44.0,0.3910980224609375
Josh Benson,59.60939,60.0,0.3906097412109375
John Ross Wilson,55.389774,55.0,0.3897743225097656
Łukasz Łakomy,60.61088,61.0,0.3891181945800781
Anosike Ementa,24.612326,25.0,0.38767433166503906
Noah Ohio,24.613646,25.0,0.3863544464111328
Michael Halliday,49.385414,49.0,0.38541412353515625
Abdul Rabeeh,42.61464,43.0,0.3853607177734375
Jaiden Kucharski,33.616665,34.0,0.3833351135253906
Gonzalo Álvez,25.382524,25.0,0.3825244903564453
Hady Camara,59.617607,60.0,0.38239288330078125
Bryan Nokoue,58.381714,58.0,0.3817138671875
Javier Casas Jr.,37.380516,37.0,0.38051605224609375
Oliver Hammond,48.620193,49.0,0.3798065185546875
Luke Harris,37.378407,37.0,0.3784065246582031
Liam Thompson,60.62225,61.0,0.3777503967285156
Christian Dahle Borchgrevink,59.37647,59.0,0.3764686584472656
Mehdi Loune,42.627678,43.0,0.37232208251953125
Kamory Doumbia,57.3714,57.0,0.37139892578125
Nathan Bitumazala,60.629276,61.0,0.3707237243652344
Declan Drysdale,60.369865,60.0,0.36986541748046875
Gbemi Arubi,24.631031,25.0,0.3689689636230469
Iván Tapia,53.368782,53.0,0.36878204345703125
Yehvann Diouf,45.367706,45.0,0.367706298828125
Jens Castrop,56.36738,56.0,0.36737823486328125
Sajal Bag,43.365818,43.0,0.3658180236816406
Adrian Nilsen Pereira,59.365726,59.0,0.3657264709472656
Aventis Aventisian,58.36571,58.0,0.3657112121582031
Nigel Thomas,27.364172,27.0,0.36417198181152344
Josh Hawkes,35.63671,36.0,0.36328887939453125
Albian Hajdari,58.638332,59.0,0.3616676330566406
Lasse Sørensen,59.638626,60.0,0.3613739013671875
Dylan Teves,43.640484,44.0,0.3595161437988281
Lewis Macari,58.64111,59.0,0.3588905334472656
Harrison Burrows,59.641342,60.0,0.3586578369140625
Josh Campbell,59.64394,60.0,0.3560600280761719
Timothy Noor Ouma,37.647045,38.0,0.3529548645019531
Tobias Kraulich,61.64784,62.0,0.3521614074707031
Stefano Russo,61.352127,61.0,0.3521270751953125
Caolán Boyd-Munce,44.647972,45.0,0.35202789306640625
Kelvin Abrefa,56.35197,56.0,0.3519706726074219
Ayman Azhil,60.351437,60.0,0.3514366149902344
Sherel Floranus,60.650658,61.0,0.34934234619140625
Nick Bätzner,56.348827,56.0,0.3488273620605469
Aaron Pressley,23.652325,24.0,0.3476753234863281
Jaider Asprilla,30.34717,30.0,0.3471698760986328
Luca Hoole,57.65395,58.0,0.3460502624511719
Fabian Wilfinger,43.65648,44.0,0.3435211181640625
Thoiba Singh Moirangthem,52.342712,52.0,0.34271240234375
Noah Rupp,41.659405,42.0,0.3405952453613281
Kenji Cabrera,51.336723,51.0,0.33672332763671875
Adrien Lebeau,46.66332,47.0,0.3366813659667969
Yan Dhanda,41.663692,42.0,0.3363075256347656
Tyler Onyango,53.33535,53.0,0.33535003662109375
Narender Gahlot,53.66897,54.0,0.33103179931640625
Tjay De Barr,28.669252,29.0,0.3307476043701172
Stefan Parkes,57.671406,58.0,0.3285942077636719
Matty Daly,53.673416,54.0,0.3265838623046875
Lynnt Audoor,57.3263,57.0,0.32630157470703125
Cole Palmer,45.676414,46.0,0.32358551025390625
Hendry Antonay,47.32219,47.0,0.3221893310546875
Nathan McGinley,60.32141,60.0,0.3214111328125
Aldo Florenzi,51.31993,51.0,0.3199310302734375
Dean James,59.681736,60.0,0.3182640075683594
Kacper Smoliński,58.31699,58.0,0.3169898986816406
Louis Mouton,55.316814,55.0,0.3168144226074219
Lars Olden Larsen,51.683517,52.0,0.3164825439453125
Mattia Zanotti,59.68355,60.0,0.3164482116699219
Oscar Luigi Fraulo,54.686653,55.0,0.31334686279296875
Noah Shamoun,37.686703,38.0,0.3132972717285156
Jojea Kwizera,36.686737,37.0,0.313262939453125
Noureddine El Bahhar,29.688236,30.0,0.3117637634277344
Mohammed Al Abdullah,41.68831,42.0,0.3116912841796875
Damian Rivera,24.310478,24.0,0.31047821044921875
Nassim Boujellab,50.310066,50.0,0.31006622314453125
Joshua Wilson-Esbrand,55.691498,56.0,0.308502197265625
Alex Robertson,49.691555,50.0,0.3084449768066406
Niall Morahan,55.308292,55.0,0.3082923889160156
Jack MacKenzie,59.69206,60.0,0.3079414367675781
Jordan Holsgrove,54.306652,54.0,0.3066520690917969
Joaquín Lavega,26.305334,26.0,0.30533409118652344
Christian Schmidt,23.697561,24.0,0.30243873596191406
Marten Winkler,23.698122,24.0,0.3018779754638672
Karol Knap,60.698483,61.0,0.3015174865722656
Adam Long,57.30108,57.0,0.30107879638671875
Kelvin Arase,30.699594,31.0,0.30040550231933594
Emil Benny,41.70173,42.0,0.29827117919921875
Aral Şimşir,36.296455,36.0,0.29645538330078125
Alexandre Phliponeau,59.70548,60.0,0.2945213317871094
Owen Dodgson,56.70697,57.0,0.29302978515625
James Furlong,56.711163,57.0,0.2888374328613281
Jack Wells-Morrison,51.71223,52.0,0.2877693176269531
Lukas Pinckert,59.28732,59.0,0.2873191833496094
Brooklyn Ezeh,59.28591,59.0,0.28591156005859375
Aaron Drewe,51.283607,51.0,0.28360748291015625
Ciarán Kelly,58.28247,58.0,0.282470703125
Denis Rența,50.28229,50.0,0.2822914123535156
Abdullah Al Enazi,25.28025,25.0,0.28025054931640625
Anthony Markanich,55.279716,55.0,0.27971649169921875
Luca Jaquez,54.276886,54.0,0.276885986328125
Clarke Oduor,57.275356,57.0,0.2753562927246094
Justin Njinmah,24.275206,24.0,0.2752056121826172
Timothy Tillman,44.72572,45.0,0.2742805480957031
Ask Tjærandsen-Skau,50.726658,51.0,0.2733421325683594
Giacomo Quagliata,61.72827,62.0,0.271728515625
Cosmin Bucuroiu,25.268885,25.0,0.26888465881347656
Matthew Hoppe,23.731226,24.0,0.26877403259277344
Zeno Ibsen Rossi,61.26746,61.0,0.2674598693847656
Alexandru Jipa,42.266285,42.0,0.2662849426269531
Ethan Chislett,52.264347,52.0,0.2643470764160156
Brandon Baiye,60.261974,60.0,0.2619743347167969
Sonny Cox,23.738617,24.0,0.261383056640625
Rafik Guitane,30.74197,31.0,0.2580299377441406
Ayush Adhikari,49.74385,50.0,0.2561492919921875
Zachary Brault-Guillard,60.25202,60.0,0.25202178955078125
Kyle Taylor,52.250763,52.0,0.250762939453125
Matthew Bozinovski,52.751312,53.0,0.248687744140625
Ben Folami,25.753838,26.0,0.24616241455078125
Harald Nilsen Tangen,37.24402,37.0,0.2440185546875
Michael Ruhs,40.757336,41.0,0.24266433715820312
Guillaume Furrer,24.24192,24.0,0.24192047119140625
Belal Halbouni,60.758224,61.0,0.2417755126953125
Žan Kolmanič,56.759983,57.0,0.24001693725585938
Harrison Ashby,56.239193,56.0,0.23919296264648438
Cristian Volpato,38.760952,39.0,0.23904800415039062
Abdoulaye Cissoko,59.768356,60.0,0.2316436767578125
Samba Lélé Diba,45.2309,45.0,0.23089981079101562
Fabian Rieder,50.76975,51.0,0.23025131225585938
Ethan Ingram,51.770702,52.0,0.22929763793945312
Abhishek Suryavanshi,36.229164,36.0,0.22916412353515625
Faride Alidou,27.770866,28.0,0.22913360595703125
Oliver Alfonsi,40.77143,41.0,0.22856903076171875
Szymon Czyż,44.773224,45.0,0.226776123046875
Göktan Gürpüz,43.773342,44.0,0.22665786743164062
Johan Kenneryd,51.7743,52.0,0.22570037841796875
Fatih Kaya,23.77513,24.0,0.2248706817626953
Marco Sala,62.224277,62.0,0.22427749633789062
Ayman Aiki,25.224178,25.0,0.22417831420898438
Sonny Perkins,23.777431,24.0,0.22256851196289062
Ben Knight,27.778826,28.0,0.2211742401123047
Fisnik Asllani,23.779514,24.0,0.22048568725585938
Roko Šimić,25.78048,26.0,0.21952056884765625
Andrea Danzi,60.21947,60.0,0.21947097778320312
Boris Singh,49.218533,49.0,0.21853256225585938
Gerrit Gohlke,60.781967,61.0,0.2180328369140625
Kayden Pierre,45.7829,46.0,0.21709823608398438
Shaqai Forde,27.783997,28.0,0.21600341796875
Sumit Rathi,49.784203,50.0,0.21579742431640625
Luca D'Andrea,38.784847,39.0,0.21515274047851562
Abdessamad Ezzalzouli,26.784966,27.0,0.21503448486328125
Emmanuel Yeboah,37.784966,38.0,0.21503448486328125
Ahmed Al Ghamdi,41.21464,41.0,0.21464157104492188
Julián Malatini,60.786343,61.0,0.21365737915039062
Aaron Gurd,56.21288,56.0,0.21287918090820312
Parthib Gogoi,24.787886,25.0,0.2121143341064453
Nawaf Boushal,60.21147,60.0,0.2114715576171875
Jong-min Seo,38.208996,38.0,0.20899581909179688
Lukas Gütlbauer,40.791786,41.0,0.20821380615234375
Thomas Rekdal,41.79193,42.0,0.20806884765625
Haji Wright,24.205797,24.0,0.2057971954345703
Luca Kronberger,34.794266,35.0,0.2057342529296875
Jean-Mattéo Bahoya,38.20509,38.0,0.20508956909179688
Joseph Hungbo,32.79579,33.0,0.2042083740234375
Rhys Hughes,45.796318,46.0,0.20368194580078125
Brian Gutiérrez,37.198975,37.0,0.198974609375
Fabio Ponsi,61.198574,61.0,0.19857406616210938
Logan Ndenbe,60.197823,60.0,0.19782257080078125
Bradley Halliday,59.197723,59.0,0.197723388671875
Malek Al Darwish,36.195244,36.0,0.19524383544921875
Gustav Mortensen,47.80519,48.0,0.1948089599609375
Daniel Bunk,32.80566,33.0,0.19433975219726562
Jacky Donkor,25.805986,26.0,0.1940135955810547
Zinédine Ould Khaled,60.193516,60.0,0.19351577758789062
Igor Strzałek,37.193172,37.0,0.19317245483398438
Ben Jackson,58.806877,59.0,0.19312286376953125
Mamadou Jobe,51.192944,51.0,0.19294357299804688
Cameron McJannet,59.807697,60.0,0.19230270385742188
Angus Thurgate,59.189774,59.0,0.1897735595703125
James Connolly,60.810715,61.0,0.1892852783203125
Jakub Kałuziński,58.811012,59.0,0.18898773193359375
Jake Girdwood-Reich,53.81263,54.0,0.18737030029296875
Jacob Shaffelburg,51.813313,52.0,0.18668746948242188
Antoine Hainaut,46.186687,46.0,0.18668746948242188
Ștefan Pănoiu,38.813362,39.0,0.18663787841796875
Zico Buurmeester,58.185658,58.0,0.18565750122070312
Archie Goodwin,23.815052,24.0,0.18494796752929688
Jake Garrett,61.184753,61.0,0.18475341796875
Sem Steijn,33.81572,34.0,0.1842803955078125
Miguel Reichmuth,53.18253,53.0,0.18252944946289062
Rareș Ispas,58.8195,59.0,0.18050003051757812
Serge Ngoma,37.819946,38.0,0.1800537109375
Eli Adams,32.178173,32.0,0.17817306518554688
Aleksander D. Nilsson,50.821835,51.0,0.17816543579101562
Abdoulaye Kamara,57.825726,58.0,0.17427444458007812
Alexandru Blidar,36.82577,37.0,0.17422866821289062
Ethan Hamilton,60.17191,60.0,0.17190933227539062
Yanis Cimignani,51.831444,52.0,0.16855621337890625
Laurin Ulrich,44.83197,45.0,0.16802978515625
Jalen Hawkins,23.83246,24.0,0.1675395965576172
Rodney Elongo-Yombo,40.166725,40.0,0.16672515869140625
Scott Smith,46.165768,46.0,0.16576766967773438
Festy Ebosele,57.165394,57.0,0.16539382934570312
Fotis Ioannidis,23.834656,24.0,0.16534423828125
Paxton Pomykal,60.834713,61.0,0.16528701782226562
Reo Griffiths,23.834766,24.0,0.16523361206054688
Lennart Czyborra,61.165028,61.0,0.16502761840820312
Chris Hegardt,40.83777,41.0,0.1622314453125
Mayckel Lahdo,27.16152,27.0,0.16152000427246094
Charlie McCann,54.83864,55.0,0.1613616943359375
Christoph Lang,32.838676,33.0,0.16132354736328125
Samuel Edozie,28.16026,28.0,0.16025924682617188
Liam Coyle,59.840885,60.0,0.15911483764648438
Bryce Miranda,35.841286,36.0,0.15871429443359375
Abdurrahim Dursun,60.84479,61.0,0.15520858764648438
David Zalazar,32.84738,33.0,0.152618408203125
James Gale,35.847816,36.0,0.15218353271484375
Michał Ozga,55.151943,55.0,0.15194320678710938
Elayis Tavşan,23.849426,24.0,0.15057373046875
Giovanni Fabbian,57.84992,58.0,0.15008163452148438
Mariusz Fornalczyk,27.147665,27.0,0.14766502380371094
Alexandar Popović,60.14591,60.0,0.14590835571289062
Jibril Ibrahimi,23.857243,24.0,0.14275741577148438
Joe White,50.85747,51.0,0.14252853393554688
Mirza Cihan,32.86252,33.0,0.137481689453125
Dion Kacuri,37.1371,37.0,0.1371002197265625
Kevin Felida,60.137096,60.0,0.13709640502929688
Adam Carlén,59.863064,60.0,0.13693618774414062
Tashreeq Matthews,29.863245,30.0,0.13675498962402344
David Ajiboye,37.864838,38.0,0.135162353515625
Jonny Yull,41.1349,41.0,0.13489913940429688
Marlon Suliman Mustapha,24.134672,24.0,0.1346721649169922
Ishaq Abdulrazak,57.865356,58.0,0.1346435546875
Patryk Zaucha,24.134275,24.0,0.1342754364013672
Jack Armer,56.866653,57.0,0.1333465576171875
Burak Kapacak,49.866753,50.0,0.13324737548828125
Antonio Nusa,40.13277,40.0,0.13277053833007812
Julian Eitschberger,55.867836,56.0,0.13216400146484375
Martin Agnarsson,47.132133,47.0,0.13213348388671875
Benjamin Böckle,58.86974,59.0,0.13026046752929688
Franklin Tebo Uchenna,58.127674,58.0,0.12767410278320312
Herbie Kane,59.87372,60.0,0.12628173828125
Kyle Hurst,29.124163,29.0,0.12416267395019531
Brooks Lennon,58.876286,59.0,0.12371444702148438
Andrew Quinn,56.8763,57.0,0.12369918823242188
Hans Nicolussi Caviglia,52.87741,53.0,0.122589111328125
Dante Polvara,54.879498,55.0,0.12050247192382812
Max Cleworth,58.881847,59.0,0.11815261840820312
Sebastián Quintana,54.881878,55.0,0.11812210083007812
Smail Prevljak,23.882471,24.0,0.11752891540527344
Moussa Sylla,23.884682,24.0,0.11531829833984375
Daniel Oyegoke,58.884834,59.0,0.11516571044921875
Julian Gaines,48.114597,48.0,0.11459732055664062
Eirik Blikstad,53.886253,54.0,0.11374664306640625
Dixon Vera,48.113743,48.0,0.11374282836914062
Emirhan İlkhan,49.88749,50.0,0.11251068115234375
Abdul Fatawu Issahaku,34.889362,35.0,0.11063766479492188
Maciej Żurawski,50.110626,50.0,0.110626220703125
Mateusz Praszelik,39.109352,39.0,0.10935211181640625
Niko Vukancic,57.10899,57.0,0.10898971557617188
Nawaf Al Rashoudi,31.107126,31.0,0.10712623596191406
Sebastiano Esposito,34.893326,35.0,0.1066741943359375
Adam Zimarino,32.893536,33.0,0.10646438598632812
Simen Bolkan Nordli,48.89627,49.0,0.103729248046875
Charlie Savage,57.100357,57.0,0.1003570556640625
Dion De Neve,48.90046,49.0,0.09954071044921875
Naatan Skyttä,43.09763,43.0,0.09762954711914062
Leon Augustine,25.90285,26.0,0.09715080261230469
Naci Ünüvar,36.903183,37.0,0.0968170166015625
Oscar Uddenäs,26.095093,26.0,0.0950927734375
Nicholas Mickelson,56.905834,57.0,0.09416580200195312
Kreshnik Krasniqi,51.908443,52.0,0.09155654907226562
Oscar Schönfelder,47.090405,47.0,0.09040451049804688
Alex Mighten,26.9106,27.0,0.08939933776855469
Vesel Demaku,62.08759,62.0,0.08758926391601562
Antoine Valério,56.912525,57.0,0.08747482299804688
Mads Frøkjær-Jensen,49.914497,50.0,0.08550262451171875
Kacper Chodyna,59.084324,59.0,0.08432388305664062
Josh Murphy,27.916044,28.0,0.08395576477050781
Christian Viet,59.083332,59.0,0.08333206176757812
Ignace Van der Brempt,59.916756,60.0,0.08324432373046875
Michał Rakoczy,41.917645,42.0,0.08235549926757812
Axel Guessand,58.9179,59.0,0.08209991455078125
Patrick Sontheimer,60.917953,61.0,0.0820465087890625
Rahim Ali,24.081854,24.0,0.08185386657714844
Jordan Brown,57.081413,57.0,0.08141326904296875
Kreshnik Hajrizi,59.08118,59.0,0.08118057250976562
Bobby Faulkner,57.08027,57.0,0.08026885986328125
Jamie Bynoe-Gittens,24.080256,24.0,0.08025550842285156
Denis Benga,51.920734,52.0,0.07926559448242188
Augustine Boakye,25.922049,26.0,0.07795143127441406
Simon Olsson,55.077515,55.0,0.0775146484375
Jesurun Rak-Sakyi,23.923294,24.0,0.0767059326171875
Edvin Becirovic,26.923725,27.0,0.07627487182617188
Tommaso Cassandro,59.92416,60.0,0.07583999633789062
Romeo Giovannini,23.927372,24.0,0.07262802124023438
Evan Haddock,50.07246,50.0,0.07246017456054688
Vincenzo Millico,29.928486,30.0,0.07151412963867188
Oliver Larraz,45.069424,45.0,0.06942367553710938
Sofiane Alakouch,61.931965,62.0,0.06803512573242188
Jonathan Tomkinson,60.932476,61.0,0.06752395629882812
Divin Mubama,23.935226,24.0,0.0647735595703125
Filip Trpcevski,26.062405,26.0,0.062404632568359375
Marin Ljubičić,24.062271,24.0,0.0622711181640625
Richard Chin,50.061443,50.0,0.061443328857421875
Cameron Duke,51.061428,51.0,0.061428070068359375
Mimeirhel Benita,58.059593,58.0,0.05959320068359375
Valentin Ticu,60.05946,60.0,0.059459686279296875
Joscha Wosz,48.941235,49.0,0.058765411376953125
Tiago José Geralnik,36.94296,37.0,0.057041168212890625
Noah Weißhaupt,31.944626,32.0,0.0553741455078125
Dario Del Fabro,64.05522,64.0,0.0552215576171875
Grégory Coelho,58.946735,59.0,0.053264617919921875
Joel Tabiner,44.94968,45.0,0.050319671630859375
Ahmed Bahusayn,49.04853,49.0,0.04853057861328125
Alex Méndez,48.951855,49.0,0.048145294189453125
Dijon Kameri,37.95197,38.0,0.048030853271484375
Sanjeev Stalin,51.047054,51.0,0.047054290771484375
Michał Feliks,23.95317,24.0,0.0468292236328125
Emiliano Viveros,45.046516,45.0,0.04651641845703125
Anders Dahl,50.954075,51.0,0.045925140380859375
Gianluca Frabotta,62.955505,63.0,0.04449462890625
Suwailem Al Menhali,49.956448,50.0,0.043552398681640625
Sahil Panwar,53.04355,53.0,0.043548583984375
Faisal Ali,29.042242,29.0,0.04224205017089844
Killian Corredor,23.959372,24.0,0.04062843322753906
Nicholas Bonfanti,23.960443,24.0,0.03955650329589844
Oliver Valaker Edvardsen,45.96049,46.0,0.039508819580078125
Leo Walta,46.03831,46.0,0.038311004638671875
Paxten Aaronson,37.0383,37.0,0.038299560546875
Iván Flores,57.035015,57.0,0.035015106201171875
Jeriel Dorsett,59.96638,60.0,0.033618927001953125
Daouda Guindo,59.96724,60.0,0.0327606201171875
Joel Cotterill,46.96925,47.0,0.030750274658203125
Glenn McConnell,42.028503,42.0,0.02850341796875
Max Melbourne,58.0277,58.0,0.027698516845703125
Daniel Butterworth,34.973392,35.0,0.026607513427734375
Stefan Škrbo,42.974087,43.0,0.025913238525390625
Bent Andresen,53.97793,54.0,0.02207183837890625
Bruno Gutiérrez,57.020203,57.0,0.02020263671875
Kyle Knoyle,56.02009,56.0,0.02008819580078125
Tom Zimmerschied,36.017254,36.0,0.017253875732421875
George Horbury,41.01655,41.0,0.01654815673828125
Milan Corryn,48.98449,49.0,0.01551055908203125
Adrian Gantenbein,57.015022,57.0,0.01502227783203125
Jakob Breum,34.014263,34.0,0.014263153076171875
Oisin Gallagher,40.98608,41.0,0.013919830322265625
Anton Tsarenko,35.01391,35.0,0.01390838623046875
Marius Ros,58.013763,58.0,0.013763427734375
Marco Nasti,23.986523,24.0,0.013477325439453125
Philip Otele,27.013168,27.0,0.0131683349609375
Tomasz Makowski,59.989796,60.0,0.010204315185546875
Lion Lauberbach,39.01003,39.0,0.010028839111328125
Haissem Hassan,25.989996,26.0,0.010004043579101562
Saurav Mandal,29.990822,30.0,0.00917816162109375
Konrad Matuszewski,57.002777,57.0,0.002777099609375
Rasmus Örqvist,61.997646,62.0,0.002353668212890625
Sebastian Kowalczyk,42.99777,43.0,0.002231597900390625
Gurkirat Singh,27.000748,27.0,0.0007476806640625
Aaron Anthony Connolly,23.30437,,
Aaron Braithwaite,45.22173,,
Aaron Davis,45.503647,,
Aaron Doran,35.303574,,
Aaron Facundo Quiroz,62.082455,,
Aaron Graham John Collins,23.78546,,
Aaron James Lewis,60.047363,,
Aaron Joseph McGowan,57.591587,,
Aaron Leya Iseka,23.36484,,
Aaron Maurice O'Driscoll,57.245922,,
Aaron Nassur Kamardin,60.079224,,
Aaron Opoku-Tiawiah,38.190487,,
Aaron Paul Morley,60.208603,,
Aaron Sebastián Astudillo Quiñones,52.555904,,
Aaron Tshibola,60.051357,,
Aarón Rodrigues,57.66963,,
Ababacar Moustapha Lô,59.136097,,
Abakar Loubadhe Sylla,62.338715,,
Abasa Aremeyaw,52.81476,,
Abbas Sadiq Al Hassan,50.866142,,
Abd-Al-Ali Morakinyo Olaposi Koiki,57.843468,,
Abdallah Basit,44.007156,,
Abdallahi Mohamed Mahmoud,60.326244,,
Abdel Zagré,23.962137,,
Abdelkahar Kadri,59.469547,,
Abdelrahman Saidi,40.995132,,
Abdoulaye Niakhate Ndiaye,59.991287,,
Abdoulaye Sissako,61.022854,,
Abdoulaye Sylla,60.43672,,
Abdoulie Jallow,34.93314,,
Abdul Malik Abubakari,25.81375,,
Abdulaziz Al Yousef,23.669666,,
Abdulkadir Taşdan,45.514366,,
Abdulkareem Al Muzayil,47.1572,,
Abdullah Dijlan Aydın,48.864483,,
Abdullah Hadi Radif,23.62494,,
Abdullah Nahar Al Shammari,49.45176,,
Abdullah Yiğiter,44.184425,,
Abdulmohsen Al Qahtani,24.010033,,
Abdulrahman Anwar,25.120245,,
Abdulrahman Kamel Abdullah Al Ghamdi,24.23759,,
Abdulrahman Mutlaq Al-Dawsari,55.362984,,
Abdulrahman Saad,25.643324,,
Abel Alejandro Bustos,58.17461,,
Abel Bretones Cruz,46.310253,,
Abel Eric Moreno Vargas,55.381214,,
Abel William Stensrud,23.427095,,
Abou-Malal Ba,62.554245,,
Aboubacar Dit Boubou Konté,35.106987,,
Aboubacar Kobele Keita,61.33854,,
Aboubakary Yeli Koita,46.686874,,
Abraham Del Moral Rando,60.63403,,
Abraham Ifoghale Odoh,48.463036,,
Abu-Bekir Ömer El-Zein,42.56728,,
Abzi Diyaeddine,57.83242,,
Achraf Madi,52.240776,,
Adalberto Eliécer Carrasquilla Alcázar,58.50223,,
Adam Armour,49.136482,,
Adam Daghim,51.360928,,
Adam Dębiński,55.23963,,
Adam Esparza Saldaña,51.151123,,
Adam Fletcher Randell,58.95985,,
Adam Griger,37.29419,,
Adam Jan Chrzanowski,59.289845,,
Adam Jeremy Pavlesic,45.50627,,
Adam John May,52.101643,,
Adam Jozef Przybek,24.207045,,
Adam Kieran O'Reilly,59.95391,,
Adam Lovatt,45.7722,,
Adam McCaffrey,41.556328,,
Adam Porter,43.06612,,
Adam Ratajczyk,26.015995,,
Adam Ryczkowski,25.118591,,
Adam Uche Idah,23.44053,,
Adam Örn Arnarson,55.833828,,
Adama Fofana,57.98492,,
Adan George,23.533758,,
Aday Ercan,57.108738,,
Ade Oguns,29.421392,,
Ademipo Ibrahim Odubeko,23.609573,,
Adetayo Oluwatosin Olusegun Edun,49.45146,,
Adisu Bayew,25.172283,,
Admiral Dalindlela Muskwe,28.31838,,
Adnan Ugur,60.709343,,
Adnane Abid,23.432842,,
Adrian Bukowski,54.999973,,
Adrian Costi Marian Moescu,53.517647,,
Adrian Gheorghe Șut,62.563538,,
Adrian Mihai Gîdea,30.749548,,
Adrian Mihai Ioniță,55.39569,,
Adrian Sandach,45.503574,,
Adrian Segecic,33.90128,,
Adrian Soboń,32.098076,,
Adrian Szczutowski,34.353485,,
Adrian Sæther,45.518837,,
Adrian Łyszczarz,34.331898,,
Adriano Firmino da Silva,59.21487,,
Adrien Delphis,42.77021,,
Adrià Altimira Reynaldos,59.887863,,
Adrián Bernabé García,56.603,,
Adrián Butzke Benavides,23.907902,,
Adrián González Moyano,45.502796,,
Adrián López Garrote,30.356264,,
Adrián Rodríguez Giménez,45.390392,,
Adrián de la Fuente Barquilla,62.868404,,
Aeron Zinga,28.374752,,
Afeez Aremu Olalekan,64.20297,,
Afonso Gamelas De Pinho Sousa,57.90108,,
Afonso Manuel Abreu Freitas,59.66335,,
Agon Muçolli,35.363693,,
Agustín Barcellos,59.31275,,
Agustín Da Silveira Muñoa,63.86281,,
Agustín Hausch,28.64056,,
Agustín Lastra,45.493942,,
Agustín Nicolás Mulet,60.391823,,
Agustín Santurio,33.312714,,
Agustín Univaso,23.606037,,
Agustín Álvarez Wallace,60.720337,,
Ahmad Toure Ngouyamsa Nounchil,61.03079,,
Ahmed El Messaoudi,62.588512,,
Ahmed Kutucu,40.82891,,
Ahmet Ege Gürleyen,60.15951,,
Ahmet Gülay,57.909744,,
Ahmet Karademir,33.53399,,
Ahoueke Steeve Kévin Denkey,25.483149,,
Aidan Thomas Stone,44.8186,,
Aidan Will Barlow,39.955067,,
Aiden Connor O'Neill,61.467735,,
Aiden McFadden,57.1862,,
Ail Fuad Mohammed Hassan,52.353104,,
Aimar Oroz Huarte,47.341747,,
Aimar Sher,51.9981,,
Aitor Buñuel Redrado,62.303276,,
Aitor Paredes Casamichana,61.237434,,
Ajak Deu,50.511993,,
Aka Wilfried Kanga,23.644371,,
Aketchi Luc-Martin Kassi,51.288097,,
Akinkunmi Ayobami Amoo,25.557062,,
Akinlolu Richard Olamide Famewo,61.84456,,
Akinwale Joseph Odimayo,61.102676,,
Aksel Aktaş,40.564068,,
Akshunna Tyagi,23.439661,,
Al Hassan Toure,27.425045,,
Alaa Hamad Bakir,29.657906,,
Alai Hussain Ghasem,52.039898,,
Alan Francisco Rodríguez Armoa,58.84803,,
Alan Godoy Domínguez,28.832237,,
Alan Jesús Acosta Montañez,43.21988,,
Alan Jonathan Patrício Botelho,64.61949,,
Alan Madaliński,45.512764,,
Alan Medina Camacho,56.472935,,
Alan Nicolás Marinelli,35.070248,,
Alan Paredes,58.25146,,
Alan Steve Minda García,29.142084,,
Alan Steven Franco Palma,60.443462,,
Alassane Sidibe,53.999527,,
Albert Grønbæk Erlykke,58.600887,,
Albert Palmberg Thorsen,23.515682,,
Albert Tivadar Stahl,39.178406,,
Albert-Nicolas Lottin,58.405186,,
Alberto Flores López,45.511253,,
Alberto Hórreo Taveras,45.51027,,
Alberto Martín Díaz,53.092728,,
Alberto Moreno Rebanal,53.43795,,
Alberto Rodríguez Baró,61.522186,,
Alberto del Moral Saelices,61.93511,,
Albie Robert Morgan,56.18761,,
Albin Mörfelt,39.815163,,
Albin Zackarias Lohikangas,53.422787,,
Aldair Ccorahua,31.21525,,
Aldair Edgardo Peña Torres,45.507534,,
Aldair Neves Paulo Faustino,62.731113,,
Aldo-Nsawila Kalulu Kyatengwa,23.42733,,
Aldreyby Parra,52.61994,,
Alec Hugo Deneumostier Ortmann,64.22443,,
Alejandro Alvarado,43.44285,,
Alejandro Asensio Crespillo,41.580883,,
Alejandro Balboa Bandeira,47.06602,,
Alejandro Barbudo Lorenzo,60.718403,,
Alejandro Blanco Sánchez,35.51889,,
Alejandro Cantero Sánchez,25.682825,,
Alejandro Carbonell Vallés,58.157715,,
Alejandro Domingo Gómez,56.35123,,
Alejandro Domínguez Romero,45.516777,,
Alejandro Díaz Liceága,29.443878,,
Alejandro García Mejías,29.422766,,
Alejandro Garnacho Ferreyra,24.019564,,
Alejandro Iturbe Encabo,45.503315,,
Alejandro José Marqués Méndez,31.095919,,
Alejandro Millán Iranzo,32.018738,,
Alejandro Orellana Gómez,59.28134,,
Alejandro Pachón Párraga,39.916935,,
Alejandro Padilla Pérez,45.503777,,
Alejandro Pozo Pozo,23.682701,,
Alejandro Primo Hernández,45.50425,,
Alejandro Pérez Castroviejo,30.964987,,
Alejandro Pérez Cea,61.544582,,
Alejandro Ramos Rodríguez,57.617146,,
Alejandro Revuelta Montero,60.235245,,
Alejandro Rodríguez Lorite,56.688812,,
Alejandro Sola López-Ocaña,61.21049,,
Alejandro Suárez Cardero,49.834324,,
Alejandro Zendejas Saavedra,39.68179,,
Alejo Antilef,54.678707,,
Aleksandar Boljević,24.628147,,
Aleksander Biermann Stenseth,24.246538,,
Aleksander Gajgier,54.409973,,
Aleksander Pawlak,58.226788,,
Aleksandr Maksimenko,45.524853,,
Alessandro Albanese,47.276154,,
Alessandro Balbo,61.58953,,
Alessandro Cortinovis,56.30907,,
Alessandro Fiordaliso,59.03826,,
Alessandro Lombardi,56.753464,,
Alessandro Mallamo,55.348957,,
Alessandro Piu,23.46101,,
Alessandro Russo,45.476887,,
Alessandro Tripaldelli,61.178474,,
Alex Aguilar,60.82011,,
Alex Arthur Rufer,33.869236,,
Alex Bangura,60.958557,,
Alex Byrne,48.502506,,
Alex Duncan Hartridge,60.191696,,
Alex Emilio Timossi Andersson,29.097023,,
Alex Forés Mendoza,32.124664,,
Alex Jones,24.119862,,
Alex Juárez,59.317997,,
Alex Matías Ibacache Mora,59.525314,,
Alex Nicholas Gilliead,24.12653,,
Alex Vigo Gamaliel,61.827152,,
Alexandar Borković,62.222538,,
Alexandar Popovic,58.807255,,
Alexander Ballegaard Ammitzbøll,25.703568,,
Alexander Díaz,30.1457,,
Alexander Ernesto Aravena Guzmán,24.370695,,
Alexander García,56.4292,,
Alexander Iacovitti,58.928745,,
Alexander John Hunt,51.589764,,
Alexander Joseph Gersbach,61.31661,,
Alexander Larsson,23.809967,,
Alexander Louis Jakubiak,23.887735,,
Alexander Michael Bass,23.707077,,
Alexander Munksgaard Nielsen,59.78026,,
Alexander Parsons,24.20428,,
Alexander Prokopenko,24.14348,,
Alexander Scott Gilbey,60.71853,,
Alexander Sosa,23.390823,,
Alexander William Cochrane,62.43665,,
Alexandre Nascimento Costa Silva,24.3786,,
Alexandre Penetra Correia,64.16065,,
Alexandro Ezequiel Bernabei,59.851814,,
Alexandros Safarikas,45.51562,,
Alexandru Constantin Chilili,53.11142,,
Alexandru Crivac,52.11401,,
Alexandru Despa,24.467865,,
Alexandru Florescu,23.363415,,
Alexandru Grigoraș Pantea,60.37932,,
Alexandru Irinel Mățan,35.088463,,
Alexandru Laurențiu Oroian,27.369467,,
Alexandru Mihai Ilie,31.996582,,
Alexandru Petre,47.588966,,
Alexandru Pătlăgică,48.45316,,
Alexi Paul Pitu,28.335924,,
Alexis Adelin Beka Beka,63.67748,,
Alexis Alégué Elandi,27.924337,,
Alexis Amadeo Sabella,56.10863,,
Alexis Antunes Gomez,36.42864,,
Alexis Busin,31.988422,,
Alexis David Duarte Pereira,64.89456,,
Alexis Francisco Flores,61.329803,,
Alexis Francisco Peña López,59.303875,,
Alexis Steimbach,49.80507,,
Alexis Trouillet,59.554882,,
Alexsandro de Souza Ribeiro,62.29205,,
Alfie Bridgman,37.481323,,
Alfie Burnett,45.50423,,
Alfie Dillon Beestin,38.420067,,
Alfie Malik Whiteman,42.71671,,
Alfons Amade,61.96813,,
Alfons Nygaard,23.410425,,
Alfonso González Martínez,29.21834,,
Alfonso Ocampo-Chávez,25.417618,,
Alfonso Simarra,58.875427,,
Alfonso Trezza Hernández,53.41354,,
Alfred Lalroutsang,25.470585,,
Alhagi Marie Touray Sisay,35.394302,,
Alhassan Yusuf Abdullahi,61.994194,,
Ali Al Salem,52.235397,,
Ali Demirel,39.314304,,
Ali Ibrahim Karim Ali Al-Hamadi,23.353552,,
Aliou Badara Traore,54.205143,,
Alistair Coote,37.51442,,
Alistair Edward McCann,62.830643,,
Alistair Oluwashaun Smith,56.442875,,
Almoatasim Siddiq,25.236502,,
Alois Dominik Oroz,61.604027,,
Aloyayari Abdulmalik,53.440292,,
Aloïs Penin,57.94518,,
Alvas Elvis Powell,63.583702,,
Amad Diallo Traoré,23.94415,,
Amadou Dia Ndiaye,33.69339,,
Amadou Doumbouya,23.715414,,
Amankwaa Akurugu,57.569927,,
Amar Ahmed Fatah,27.580965,,
Amar Gerxhaliu,54.919266,,
Amay Caprice,58.143528,,
Ameen Al-Dakhil,60.92737,,
Amel Mujanić,40.327564,,
Amin Al-Hamawi,23.4183,,
Amir Ismaïl,23.581354,,
Amirhossein Hosseinzadeh,38.18438,,
Amjhad Nazih,45.358524,,
Anargyros Kampetsis,25.231596,,
Anas Bakhat,43.56393,,
Anas Namri,56.717945,,
Ander Iruarrizaga Díez,45.50337,,
Ander Martín Odriozola,50.122044,,
Anders Bloch Bærtelsen,60.19138,,
Anders Hartveit Ryste,25.21696,,
Anderson Arroyo Córdoba,63.922386,,
Anderson Cordeiro Costa,24.467505,,
Anderson de Oliveira da Silva,29.655926,,
Anderson-Lenda Lucoqui,53.15213,,
Andi Avdi Zeqiri,23.778984,,
Andre Jay Green,34.472393,,
Andre Reynolds II,56.26729,,
Andrea Palazzi,57.327663,,
Andrea Papetti,60.202126,,
Andrea Sorrentino,45.50443,,
Andreas Aalen Vindheim,57.29456,,
Andreas Klausen Helmersen,23.571497,,
Andreas Mircea Mihaiu,24.697521,,
Andreas Poulsen,60.327194,,
Andreas Rædergård Schjelderup,35.636654,,
Andreas Schjølberg Hanche-Olsen,61.625015,,
Andreas Skjold,31.77209,,
Andreas Skovgaard Larsen,57.773808,,
Andrei Chindriș,62.04029,,
Andrei Daniel Vlad,37.864838,,
Andrei Dragoș Șerban,24.248531,,
Andrei Gabriel Ureche,45.46668,,
Andrei Ioan Cordea,36.66169,,
Andrei Jercălău,45.50527,,
Andrei Motoc,59.36555,,
Andres Mihai Dumitrescu,59.878353,,
Andres Moreno,55.82626,,
Andrew Abiola Omobamidele,64.314384,,
Andrew Alexander Kiwomya,23.694067,,
Andrew Christopher Teuten Ponzoni,62.270203,,
Andrew Draper,47.22153,,
Andrew Irving,58.117443,,
Andrew Lyons,58.91996,,
Andrew Thomas,45.512547,,
Andrew da Silva Ventura,45.512753,,
Andriy Kulakov,25.374664,,
André Barbosa da Silva,58.40461,,
André Campos Moreira,23.553682,,
André Filipe Rio Liberal,23.94687,,
André Fonseca Amaro,62.765938,,
André Leipold,24.322645,,
André Miguel Lapa Ricardo,31.774202,,
Andrés Alberto Andrade Cedeño,63.37614,,
Andrés Carlos Caro Serrano,62.872196,,
Andrés Enrique Ferro Peña,62.945587,,
Andrés Federico Pereira Castelnoble,63.69251,,
Andrés Felipe Balanta Cifuentes,62.11692,,
Andrés Felipe Perea Castañeda,61.91699,,
Andrés Felipe Reyes Ambuila,63.65036,,
Andrés Felipe Tello Muñoz,61.65096,,
Andrés López Gallo,60.67389,,
Andrés Martín García,24.59963,,
Andrés Souper De La Cruz,35.129616,,
Andy Musayev,26.339256,,
Ange Chibozo,23.534628,,
Ange-Yoan Bonny,33.899887,,
Angelo Bačić,43.314312,,
Anis Ben Slimane,58.45146,,
Anselmo Túlio Marques Barni,63.750175,,
Antal Bencze,45.503666,,
Antef Tsoungui,60.662144,,
Anthony Aires,29.77257,,
Anthony Chigaemezu Uzodimma,56.83182,,
Anthony Driscoll-Glennon,57.20709,,
Anthony Hartigan,58.651897,,
Anthony Kenneth Evans,50.98703,,
Anthony Kevin Descotte,26.335508,,
Anthony Lenin Valencia Bajaña,43.041767,,
Anthony Maisonnial,37.65794,,
Anthony Mandrea,27.44842,,
Anthony Richard Scully,33.883537,,
Anthony Tite Musaba,23.994307,,
Antoine Benjamin Colassin,36.015743,,
Antoine Joseph Emmanuel Bernède,63.303417,,
Anton Mlinaric,58.94666,,
Anton Skipper Hendriksen,58.63109,,
Anton Vladimirovich Mitryushkin,24.738367,,
Anton Walkes,60.474392,,
Anton Willy Tanghe,63.582825,,
Anton Ziegler,34.679646,,
Anton-Leander Donkor,29.783272,,
Antoni Kozubal,52.932224,,
Antoni Mikułko,45.503494,,
Antonio Cortés Heredia,23.457136,,
Antonio Espigares Morillas,59.327663,,
Antonio Galeano,60.0031,,
Antonio Gomis Alemañ,45.503128,,
Antonio Iervolino,47.99319,,
Antonio Jeremiah Leone,54.270863,,
Antonio Marchena Millán,46.655495,,
Antonio Marín Colmán,23.976557,,
Antonio Mihai Stan,31.453886,,
Antonio Pacheco Ruiz,58.378033,,
Antonio Sandoval,59.326595,,
Antonio Sefer,30.553911,,
Antonio Sola Villalba,60.49987,,
Antonio Yakoub,23.618847,,
Antonio Zarzana Pérez,23.680155,,
Antonis Aidonis,60.845844,,
Antonis Makatounakis,45.505642,,
Antony Alves Santos,37.726856,,
Anyelberth Vera,23.450115,,
Aodh Dervin,55.609806,,
Apostolos Tsilingiris,45.50676,,
Aqeel Al Dhafeeri,45.78492,,
Arbnor Muja,36.712833,,
Archie Finn Collins,58.757416,,
Archie Mark Procter,52.53834,,
Archie Meekison,46.97677,,
Arda Okan Kurtulan,41.710968,,
Aribim Pepple,25.779812,,
Aridon Racaj,23.465782,,
Ariel Alfonso Uribe Lepe,40.20413,,
Arif Kocaman,56.523884,,
Arijanet Anan Murić,45.358192,,
Aristide Wam,58.74718,,
Aritz Aldasoro Sarriegi,59.49824,,
Arlind Dakaj,51.896946,,
Armand Smrcka,59.289913,,
Armando Shashoua,49.416622,,
Armstrong Echezolachukwu Inya Okoflex,24.822926,,
Arnaldo Zambrano,57.787674,,
Arnau Comas Freixas,62.64458,,
Arnau Puigmal Martínez,57.932034,,
Arnau Tenas Ureña,45.503693,,
Arnaud Dony,55.70556,,
Arnaud Nkodi Luzayadio,57.828167,,
Arne Rühlemann,46.148987,,
Aron Leonard Dønnum,43.225277,,
Artem Onischenko,52.735645,,
Arthur Gomes Lourenço,23.657274,,
Arthur James Read,53.355995,,
Arthur Lomax,23.566126,,
Arthur Vitelli,57.703796,,
Arthur de Oliveira Sales,29.699972,,
Aryan Romaní,44.851604,,
Arón David Rodríguez Franco,42.479122,,
Asad Kasumovic,23.317146,,
Asger Strømgaard Sørensen,59.09531,,
Ashley Matthew Hunter,24.667965,,
Asier Villalibre Molina,23.74095,,
Asif Khan,31.80325,,
Aske Sampers,24.033337,,
Asker Beck,44.808617,,
Astemir Gordyushenko,50.286434,,
Ateef Konaté,28.870237,,
Atem Dor Jok,36.21282,,
Attila Mocsi,61.098717,,
Attilio Morosoli,45.50497,,
Aubin Pierre Joseph Long,45.51432,,
Audenirton Soares da Silva,45.51678,,
August Erlingmark,61.77732,,
Augustin Drakpe,59.520615,,
Augusto Alcorcel,45.502956,,
Aurel Loubongo-M'Boungou,23.986416,,
Aurelian Eusebio Păun,44.97846,,
Aurélien Nguiamba,59.19554,,
Auston Levi-Jesaiah Trusty,63.81166,,
Avan Jones,47.505707,,
Awad Haidar Al Nashri,55.93842,,
Awer Bul Mabil,24.413397,,
Awn Mutlaq Al Slaluli,60.086918,,
Axel Prado,61.907986,,
Axel Wilfredo Werner,23.630238,,
Aylan Benyahia-Tani,23.467743,,
Ayman Yahya Salem,29.80275,,
Ayman Yusef Al-Hujaili,38.721943,,
Ayodeji Sotona,27.744204,,
Ayomide Akinola,23.402874,,
Ayotomiwa Dele-Bashiru,60.157738,,
Ayoub Assal,36.8822,,
Ayoub Jabbari,24.310368,,
Ayrthon Quintana,59.72073,,
Ayrton Enrique Costa,64.42421,,
Ayush Dev Chhetri,48.383217,,
Aziz Ouattara Mohammed,60.336815,,
Azzeddine Toufiqui,47.362373,,
Baba Oulen Souare,56.072235,,
Bader Al Huwaidi,51.350033,,
Bader Mohammed Munshi,57.62943,,
Baily James Cargill,61.636913,,
Baltazar Costa Rodrigues de Oliveira,57.073303,,
Barry Thomas Crowe,48.437187,,
Bartosz Bida,23.413826,,
Bartosz Cybulski,23.856031,,
Bartłomiej Ciepiela,34.827812,,
Bartłomiej Gradecki,45.503025,,
Bartłomiej Mruk,57.46977,,
Baruj Aburto,29.82506,,
Barış Əkinçiər,39.50659,,
Bas Edo Kuipers,63.04048,,
Bassekou Diabaté,25.047665,,
Bastian Bsullak,51.456123,,
Bastián Jean Yañez Miranda,27.509363,,
Bastián Pino,57.968426,,
Bastián Sagal,45.00745,,
Batuhan Ahmet Şen,45.502766,,
Beckham Sunderland,45.507877,,
Beka Dartsmelia,60.5772,,
Belmin Beganović,25.95874,,
Ben Alexander Voll,45.50709,,
Ben Collins,51.30413,,
Ben Curtis,52.14596,,
Ben Easton Close,53.700493,,
Ben Edward Stevenson,54.96304,,
Ben Engdahl,46.848377,,
Ben Kennedy,38.29263,,
Ben Klefisch,59.037388,,
Ben Lloyd,30.588438,,
Ben Nelson,57.358536,,
Ben Reveno,56.707535,,
Ben Scholte,41.579533,,
Benas Šatkus,57.22852,,
Bendik Kristiansen,53.156853,,
Benedikt Paul Grawe,45.511112,,
Beni Redžić,25.718248,,
Benjamin Acquah,56.60762,,
Benjamin Bender,42.698795,,
Benjamin Cabango,64.2869,,
Benjamin Craig Old,44.008396,,
Benjamin Faraas,38.921062,,
Benjamin Garuccio,57.42871,,
Benjamin Hemcke,51.123367,,
Benjamin House,30.598911,,
Benjamin Jack Wiles,60.42276,,
Benjamin Jake Fox,50.363823,,
Benjamin Kikanovic,24.108566,,
Benjamin Leneis,45.50627,,
Benjamin Lhassine Kone,31.537432,,
Benjamin Luke Woodburn,24.03344,,
Benjamin Mbunga-Kimpioka,28.063728,,
Benjamin Michael Whitfield,36.155544,,
Benjamin Mines,44.637257,,
Benjamin Peter Waine,40.191113,,
Benjamin Steenfeldt Hvidt,60.56224,,
Benjamin Warland,56.653275,,
Benjamin Williams,59.53461,,
Benjamín Antonio Garré,36.291943,,
Benjamín Dominguez,28.6263,,
Benjamín Ignacio Galdames Millán,34.006657,,
Bennet Schieber,52.69679,,
Benni Smales-Braithwaite,29.574986,,
Benno Dietze,57.496517,,
Berat Kalkan,29.380714,,
Berkan Küpelikılınç,57.321606,,
Berkay Vardar,60.258324,,
Berke Özer,25.272343,,
Bernardo Gouveia da Silva,58.73748,,
Bernardo Maria Cardoso Vital,64.24314,,
Bernardo Martins Sousa,30.090034,,
Bernardo Oliveira,34.747234,,
Bernardo Silva Conceição,53.023346,,
Bernd Gschweidl,23.612818,,
Bertuğ Yıldırım,29.918474,,
Besard Šabović,41.583035,,
Besart Topalloj,58.262684,,
Beto Avila,23.811394,,
Beyhan Ametov,24.600687,,
Beñat Prados Díaz,59.67471,,
Beñat Turrientes Imaz,60.041344,,
Biel Farrés del Castillo,60.76796,,
Bijoy Varghese,50.04693,,
Bilal Bayazit,45.50579,,
Bilal El Khannous,35.848553,,
Bilal Nadir,57.673878,,
Billy Brooks,44.25798,,
Billy John Sass-Davies,59.327305,,
Billy van Duijl,58.961006,,
Bjørn Martin Kristensen,24.69712,,
Blas Esteban Armoa Núñez,23.913189,,
Bleiner David Agrón Mosquera,62.899914,,
Blás Miguel Riveros Galeano,61.208878,,
Bobby-Emmanuel Kamwa,45.63091,,
Bode Davis,25.163965,,
Bogdan Filip,45.767315,,
Bojan Radulović Samouković,25.713129,,
Bong Soo Kim,58.34362,,
Bongokuhle Hlongwane,43.88322,,
Boon-Cheul Goo,42.51196,,
Boris Popović,61.88827,,
Borislav Ivaylov Stankov,26.318024,,
Borja Garcés Moreno,28.557823,,
Borja Manuel Llarena Barroso,32.37923,,
Borja Sainz Eguskiza,38.49184,,
Boubacar Rafael Neto Hanne,34.92803,,
Boureima Hassane Bandé,28.05292,,
Brad Kelly,45.505558,,
Bradford Jamieson IV,29.594736,,
Bradley Holmes,23.505188,,
Bradley House,45.515568,,
Bradley Matufueni M'bondo,59.37732,,
Bradley Walker,56.454136,,
Brady Canfield Scott,45.50663,,
Braian Alejandro Galván,40.946083,,
Braian Ezequiel Mansilla,24.126513,,
Braian Miguel Angel Martínez,39.920116,,
Braian Nahuel Aguirre,62.74185,,
Braian Óscar Ojeda Rodríguez,63.402138,,
Branco Antonio Provoste Ovalle,49.29825,,
Brandon Alex Graham Hanlan,30.122578,,
Brandon Alexander Mason,60.644382,,
Brandon Anthony Austin,44.338737,,
Brandon Iván Servania,60.100803,,
Brandon Joel Gaetano Borrello,23.437632,,
Brandon Lee Colin Barker,30.51641,,
Brandon Michael Clarke Thomas-Asante,29.007082,,
Brandon Neil Haunstrup,56.295303,,
Brandon Pursall,53.65477,,
Brandon Thomas Llamas,23.940144,,
Brandon Vázquez Toledo,29.76628,,
Brandon Wilson,51.192936,,
Branislav Knežević,37.104477,,
Brayan Garrido,59.6155,,
Brayan Medina,60.59556,,
Brayan Parada,36.367092,,
Brayan Yohangel Hurtado Cortesía,25.902397,,
Brendan Joel Zibusiso Galloway,62.675537,,
Brendan Nana Sarpong-Wiredu,60.485744,,
Brenner Souza da Silva,26.08476,,
Brent Vugts,27.525232,,
Brett Minnema,45.503662,,
Brian Alexis Leizza,61.772526,,
Brian Oddei,33.672745,,
Brian Philip Maher,27.143095,,
Brian Rocha Araújo,45.51624,,
Briant D'Altoe,24.501589,,
Bright Enobakhare,27.441265,,
Brody Paterson,49.531082,,
Brooklyn Lyons-Foster,57.690575,,
Brooklyn Raines,45.731743,,
Bruno André Cavaco Jordão,47.75022,,
Bruno Báez Panero,27.655005,,
Bruno Henrique Marques Torres,24.300558,,
Bruno Luiz Fagundeiro Cardenas,54.2232,,
Bruno Miguel Carapeto dos Reis,49.786564,,
Bruno Miguel Ferreira Rodrigues,62.450794,,
Bruno Onyemaechi,64.066154,,
Bruno Pachito,41.329777,,
Bruno Poveda,45.50295,,
Bruno Recalde,41.72405,,
Bruno Rivas Reyes,45.504642,,
Bruny Nsimba,32.025745,,
Bryan Alfonso Vejar Utreras,62.060486,,
Bryan Andrés Carvallo Utreras,26.128302,,
Bryan Andrés Rovira Ferreira,59.204018,,
Bryan David Castrillón Gómez,40.07566,,
Bryan Fiabema,24.383541,,
Bryan González,42.550716,,
Bryan Javier Caicedo Jurado,60.18126,,
Bryan Passi,60.949467,,
Bryan Silva Teixeira,46.647434,,
Bryan Soumaré,56.72351,,
Bryan Zaragoza Martínez,29.83234,,
Bryant Albizo,23.398186,,
Bryant Nieling,61.16217,,
Bryant Ortega,36.019825,,
Bryce Washington,57.59635,,
Bryn Andrew Morris,53.73023,,
Brynjar Johnsplass,51.753204,,
Brynjólfur Darri Willumsson,36.971348,,
Bum Su Kim,24.848986,,
Burak Ince,28.961828,,
Béni Makouana,29.155745,,
Bénie Adama Traoré,29.900282,,
Cade Dylan Cowell,33.93688,,
Caden Clark,46.68048,,
Cagan Kayra Erciyas,58.7006,,
Caleb Cassius Watts,49.297615,,
Callan Rennie Elliot,55.081043,,
Callum Alex David Burton,41.536507,,
Callum Damian Peter Morton,32.76048,,
Callum David Cockerill-Mollett,55.0598,,
Callum James Cooke,31.427078,,
Callum Jason Noel Camps,42.950546,,
Callum Joseph Lang,36.391644,,
Callum Thomas Ainley,37.234913,,
Callum William McCowatt,53.20668,,
Calum Kavanagh,24.126585,,
Calvin William Ramsay,57.536255,,
Cameron Alexander McGeehan,48.04584,,
Cameron Bradley John,58.896404,,
Cameron Dunbar,23.423256,,
Cameron Jake Borthwick-Jackson,63.64417,,
Cameron James Evans,57.652348,,
Cameron Kerr,56.491455,,
Cameron Lisceous Humphreys-Grant,63.38514,,
Cameron MacPherson,59.098797,,
Cameron Mark Thomas Brannagan,60.33529,,
Cameron Puertas Castro,63.82258,,
Cameron Robert Burgess,61.558815,,
Cameron Rooney,41.091415,,
Cameron Terry Coxe,56.015335,,
Camilo Hernán Albornoz,58.38281,,
Can Hayri Özkan,60.328957,,
Caoimhin Porter,43.68634,,
Caolan McLaughlin,24.183441,,
Carl Adam Andersson,47.009983,,
Carl Adam Jonathan Hellborg,59.88215,,
Carl Henrik Jordan Larsson,23.9914,,
Carl Robert Johnston,53.530037,,
Carlens Jean Fedlaire Ruby Arcus,60.1258,,
Carlo Adriano García Prades,49.330822,,
Carlo Gregor Boukhalfa,60.229225,,
Carlo Johan Holse Justesen,54.941883,,
Carlo Roberto Casap,44.164444,,
Carlos Alberto Lucumi González,44.867504,,
Carlos Alberto Villanueva Fuentes,37.615875,,
Carlos Alonso Vargas Tenorio,63.12757,,
Carlos Andrés Chore Aguilera,58.504253,,
Carlos Augusto Rojas,57.882584,,
Carlos Beitia Cardos,45.348835,,
Carlos Blanco Moreno,63.831516,,
Carlos Daniel Calzadilla Durán,27.118534,,
Carlos Daniel Meza Villa,62.31184,,
Carlos Domínguez Cáceres,64.45873,,
Carlos Eccehomo Cuesta Figueroa,57.716484,,
Carlos Fernández Luna,26.05892,,
Carlos Gabriel Villalba Rivas,64.039085,,
Carlos Jhilmar Lora Saavedra,61.714844,,
Carlos Joao Montoya García,60.854153,,
Carlos López Nogueras,45.50306,,
Carlos Manuel Díaz Ferrer,60.331512,,
Carlos Manuel Insaurralde Ochart,57.79276,,
Carlos Martín Domínguez,26.211037,,
Carlos Mateo Abastoflor Aguilera,40.363705,,
Carlos Miguel Harvey Cesneros,51.49653,,
Carlos Nieto Herrero,60.145393,,
Carlos Niño Junior Espinola Díaz,60.285816,,
Carlos Paraco,27.78626,,
Carlos Percy Liza Espinoza,37.78481,,
Carlos Raúl Olses Quijada,45.505325,,
Carlos Reinaldo Moreira Alves,27.66955,,
Carlos Romero Serrano,57.807007,,
Carlos Terán Díaz,61.086964,,
Carmine Soel Chiappetta,26.422886,,
Carney Chibueze Chukwuemeka,49.91138,,
Carson Buschman-Dormond,29.59832,,
Casper Kaarsbo Winther,54.99923,,
Casper Staring,60.359806,,
Celton Ansumane Biai,45.505817,,
Cem Tuna Türkmen,58.13567,,
Cem Çelik,49.693375,,
Cenk Özkaçar,63.00287,,
Cezary Miszta,45.50335,,
Chan Yong Kim,45.520573,,
Chang Hwan Park,43.893047,,
Chanka Zimba,34.98152,,
Charbel Codjo Gomez,23.944355,,
Charles Melker Otto Hallberg,56.139137,,
Charles Mutawe,54.320553,,
Charles Nathan Abi,25.215874,,
Charles Nduwuisi Ondo,47.438828,,
Charley Kendall,24.55571,,
Charlie Caton,32.887135,,
Charlie Daniel Brown,23.69472,,
Charlie David Kirk,28.893202,,
Charlie Patrick Jolley,23.90947,,
Charlie Seaman,52.391243,,
Charlie Williams,23.651049,,
Check Oumar Diakité,60.990246,,
Cheick Aymar Timité,33.537952,,
Cheick Tiemoko Diabate,59.394276,,
Cheikh Ahadou Tidiane Thiam,56.157722,,
Cheikh Ahmet Tidian Niasse,63.106133,,
Cheikh Tidiane Sabaly,23.601376,,
Chidiebere Chijioke Nwakali,59.1416,,
Chiekh Thiam,51.205807,,
Chigozier Caleb Chukwuemeka,42.740547,,
Chinonso Offor Nnamdi,30.033525,,
Chris Donovan,32.00002,,
Chris Forino-Joseph,61.3785,,
Chris Kouakou,48.626907,,
Chris Lotefa,27.217363,,
Chris Vianney Bedia,27.222874,,
Chrislain Iris Aurel Matsima,63.348614,,
Christian Acella,43.244442,,
Christian Adán Larotonda Adán,62.73439,,
Christian Capone,23.916471,,
Christian Diego Pastina,62.821198,,
Christian Dominick Torres,23.76562,,
Christian Fernandes Marques,58.94788,,
Christian Franco,35.752968,,
Christian Frederick Bayoi Makoun Reyes,62.620113,,
Christian Jaeger Cappis,59.287354,,
Christian Joe Conteh,27.455128,,
Christian Joel Sánchez Leal,45.4078,,
Christian Kouan Oulaï,61.10065,,
Christian Maghoma,57.264145,,
Christian Mork Breivik,47.782177,,
Christian Norton,28.991451,,
Christian Rivera Hernández,62.55646,,
Christian Schiavone Modica,27.8156,,
Christian Tapia,45.503548,,
Christián Herc,52.11384,,
Christopher Brady,45.506096,,
Christopher Cadden,46.433422,,
Christopher Francis Merrie,58.097157,,
Christopher Gavin Scott,26.578724,,
Christopher Giuliani,35.233734,,
Christopher Gloster,57.11873,,
Christopher James Durkin,62.272552,,
Christopher Lungoyi,31.25592,,
Christopher Maurice Wooh,63.136177,,
Christopher Michael Long,24.416782,,
Christopher Robin Olivares Burga,31.00845,,
Cian William Thomas Harries,58.645817,,
Ciaran Patrick Gilligan,58.321404,,
Cillian Heaney,36.90917,,
Ciro Panico,60.45259,,
Claudio Espinoza,42.55866,,
Claudiu Adrian Mihai Petrila,34.509933,,
Clayton Fernandes Silva,24.435728,,
Cleilton Monteiro da Costa,23.6061,,
Clelio Gustavo Nnachi Espinoza,25.691792,,
Clemente José Montes Barroilhet,23.801,,
Clint Leemans,57.50778,,
Clinton Mola,60.86124,,
Clyde Nick García Segura,59.5341,,
Clément Bayiha,54.800472,,
Clément Billemaz,35.670387,,
Cody Callum Pierre Drameh,61.456623,,
Cody Collins,53.22351,,
Cole Turner,54.750008,,
Collin Martin,40.65267,,
Collins Sichenje,57.320442,,
Connor Isaac Metcalfe,59.304764,,
Connor Pye,48.992374,,
Connor Smith,37.406895,,
Conor Dominic Geoffrey Wilkinson,31.558352,,
Conor Mark Chaplin,32.507637,,
Conor Michael Grant,56.28012,,
Conor O'Malley,23.445982,,
Constantin Cristian Dima,61.84208,,
Corentin Jacob,59.32373,,
Corrie Richard Ndaba,59.600086,,
Cosimo Marco Da Graca,24.345028,,
Cosmin Gabriel Atănase,29.332598,,
Cosmin Tucaliuc,24.481825,,
Cottrell Ezekwem,60.45873,,
Craig David Tanner,31.031649,,
Cristhian David Riveros Silvero,45.503525,,
Cristhian Fabián Paredes Maciel,61.985043,,
Cristhian Mosquera Ibargüen,63.213608,,
Cristhian Penayo,43.313095,,
Cristian Alejandro Cuevas Jara,61.3709,,
Cristian Camilo Arrieta Medina,63.075897,,
Cristian Camilo Tovar Angola,58.06909,,
Cristian Cosmin Dumitru,39.176407,,
Cristian Daniel Arango Duque,25.609556,,
Cristian Enrique Cruz Meleán,56.094234,,
Cristian Estaban Trujillo Riascos,57.550083,,
Cristian Ezequiel Ferreira,57.763786,,
Cristian Gonzalo Torres,30.056355,,
Cristian Ignat,54.785435,,
Cristian Maxim,47.67112,,
Cristian Nahuel Barrios,40.554497,,
Cristian Nicolás Medina,62.593815,,
Cristian Riquelme,58.74229,,
Cristian Yonathan Calderón Del Real,58.00324,,
Cristiano Lombardi,25.487621,,
Cristián Alexander Zavala Briones,36.17833,,
Cristián Daniel Gutiérrez Zúñiga,60.263977,,
Cristián Díaz,56.34285,,
Cristián Díaz Ferrada,52.9349,,
Cristo Ramón González Pérez,40.78916,,
Cristopher Alejandro Medina García,56.04605,,
Cristopher Javier Varela Caicedo,36.6417,,
Cristóbal Ignacio Finch Barrios,58.01243,,
Cyril Etoga,56.85458,,
Cyrus Dehmie,23.949915,,
César Alejandro Menacho Claros,33.648605,,
César Gelabert Piña,46.486877,,
César Pérez,43.266083,,
César Roman Ibáñez,61.90504,,
César Tárrega Requeni,60.69614,,
César Valero Álvarez,59.65783,,
Călin Popescu,40.494446,,
Cătălin Albu,37.380245,,
Daam Wonnebald Foulon,60.99803,,
Daan Reiziger,45.503307,,
Dae Woo Kim,56.501797,,
Daishawn Orpheo Marvin Redan,23.815685,,
Daithí McCallion,52.17374,,
Daleho Irandust,40.78164,,
Dalibor Markovic,49.797523,,
Dalisson de Almeida Leite,40.72767,,
Damaitphang Lyngdoh,32.036034,,
Damian Daniel Isac,56.18387,,
Damian Duffy,43.351166,,
Damiano Pecile,52.474705,,
Damir Redzic,23.89135,,
Damián Ariel Fernández,62.502796,,
Damián Moreno,29.849958,,
Dan Assane Ndoye,43.985195,,
Dan Davies,47.199966,,
Dana Amaral,55.170372,,
Dane James Ingham,47.600502,,
Dane Murray,59.17155,,
Dane Pharrell Scarlett,23.384106,,
Dango Aboubacar Faissal Ouattara,23.870317,,
Daniel Albiar Serrano,56.515358,,
Daniel Alejandro Pérez Córdova,25.31112,,
Daniel Alonso Aceves Patiño,61.452698,,
Daniel Andrés Luna García,33.94934,,
Daniel David Jebbison,27.399384,,
Daniel Dodds,55.486935,,
Daniel Dumbravanu,56.6191,,
Daniel Ebenezer Kwasi Agyei,25.778143,,
Daniel Escriche Romero,28.46764,,
Daniel Esmorís Tasende,59.316986,,
Daniel Esteban Ríos,34.445225,,
Daniel Filipe Bandeira e Silva,44.378777,,
Daniel Francis Anyembe,56.772793,,
Daniel Gadegaard Andersen,44.7511,,
Daniel George Ballard,64.348656,,
Daniel González,63.151196,,
Daniel González Flores,23.85544,,
Daniel González García,43.171555,,
Daniel Grant,40.399807,,
Daniel Gómez Alcón,37.235306,,
Daniel Happe,59.57113,,
Daniel Harry Kemp,28.87276,,
Daniel Hawkins,29.766605,,
Daniel Håkans,23.410288,,
Daniel Leyva,57.80777,,
Daniel Londoño Castañeda,63.07435,,
Daniel Lorenzo Guerrero,59.55956,,
Daniel Lønne Iversen,38.72191,,
Daniel Mandroiu,51.2032,,
Daniel Martín Fernández,45.47585,,
Daniel Mesenhöler,36.69774,,
Daniel Mosquera,25.537186,,
Daniel Namaso Edi-Mesumbe Loader,24.549255,,
Daniel Neil,61.700665,,
Daniel Nkrumah,34.540573,,
Daniel Parra,56.500065,,
Daniel Polanco,62.82171,,
Daniel Queipo Menéndez,29.063564,,
Daniel Rebollo Franco,45.432003,,
Daniel Rojas Céspedes,61.02156,,
Daniel Shaquille Jabari Phillips,60.353405,,
Daniel Steven Devine,53.978817,,
Daniel Szelągowski,23.406046,,
Daniel Tan Barlaser,38.22466,,
Daniel Thomas Batty,58.583794,,
Daniel Tiefenbach,48.142197,,
Daniel Toma,53.781708,,
Daniel Veiby Held,45.508865,,
Daniel Vidal Martínez,60.33159,,
Daniel Villahermosa,59.006676,,
Daniel William Harvie,60.694748,,
Daniel dos Santos Penha,33.208927,,
Daniel Ściślak,45.30552,,
Daniel Štefulj,58.415226,,
Daniels Ontužāns,29.065542,,
Danilo Acosta,62.133427,,
Danilo Filipe Melo Veiga,63.491432,,
Daniël De Silva,29.529613,,
Daniël van Kaam,60.11556,,
Danny Bakker,63.320698,,
Danny Cashman,23.388905,,
Dantouma Yaya Toure,23.895136,,
Dany Jean,23.559065,,
Dapo Mebude,23.490927,,
Dara Costelloe,26.90815,,
Darijo Grujcic,57.277718,,
Dario Kreiker,34.76387,,
Dario Nicola Marzino,35.355972,,
Dario Oger,54.99054,,
Darius Constantin Grosu,47.686188,,
Dariusz Pawłowski,59.815826,,
Darlin Alberto Leiton Lamilla,27.170834,,
Darlin Zidane Yongwa Ngameni,59.021057,,
Darluis Paz,37.97689,,
Darnell Tobias Jack Johnson,60.151634,,
Darragh John Leahy,57.569824,,
Darrell Kamdem Tibell,25.184008,,
Darren Collins,31.214603,,
Darren Watson,23.36051,,
Darío Ramos Pinazo,45.503014,,
David Agbo,56.65299,,
David Alba Fernández,62.029896,,
David Argüelles Álvarez,59.12632,,
David Atanga,37.796898,,
David Ayomide Kasumu,62.46274,,
David Bremang,23.613256,,
David Concha Salas,24.645573,,
David Cuenca Barreno,57.575024,,
David Djigla,24.55409,,
David Edvardsson,43.384422,,
David Fisher,26.090374,,
David Iordache,56.363834,,
David Jacovic,58.86701,,
David Kjær Kruse,51.4308,,
David Lennart Philipp,37.758007,,
David Mayoral Lastras,27.551939,,
David Ochoa,45.505966,,
David Odumosu,44.830612,,
David Peter Kopacz,38.12112,,
David Poreba,50.783806,,
David Puntigam,45.50459,,
David Raul Miculescu,31.948425,,
David Ribera,38.24305,,
David Robert Bates,58.50984,,
David Rodríguez Ramos,59.62087,,
David Samuel Custódio Lima,60.65866,,
David Sousa Albino,60.67625,,
David Strelec,30.49353,,
David Torres Ortiz,61.53446,,
David Ungar,58.01471,,
David Vogt,56.592037,,
David Vraciu,39.24609,,
David-Marian Croitoru,30.48053,,
Davide Merola,23.592007,,
Davide-Jerome Itter,59.854404,,
Dawid Igor Kownacki,26.329296,,
Dawid Kocyła,26.690737,,
Daykol Romero,57.140484,,
Dayler Quintela,45.513638,,
Dean Graeme Campbell,54.58814,,
Declan Christopher John,63.00877,,
Declan David Glass,46.823643,,
Degnand Wilfried Gnonto,28.140602,,
Deian Boldor,60.50338,,
Deiber Jair Caicedo Mideros,34.87709,,
Dejan Tetek,61.323345,,
Delano Vianello,59.31958,,
Denilson Josué Ovando Ramírez,23.961273,,
Denis Emanuel Rodríguez,50.114532,,
Denis Graţian Haruţ,61.323494,,
Denis Lucian Hrezdac,53.013725,,
Denis Mihai Drăguş,23.334934,,
Denis Will Poha,61.992424,,
Denizcan Cosgun,33.964016,,
Dennis Emmanuel Abiodun Adeniran,61.52123,,
Dennis Olsson,24.90653,,
Dennis-Adam Gorka,45.50745,,
Dennis-Dorian Politic,28.941837,,
Denver Jay Hume,57.2075,,
Derek Agyakwa,56.875813,,
Derek Germano Kutesa,40.870026,,
Derik Gean Severino Lacerda,29.489895,,
Derlis Darío Martínez González,23.644407,,
Derrick Arthur Köhn,59.213123,,
Des Kunst,32.591248,,
Desevio Ilan Payne,63.246918,,
Devansh Dabas,45.504986,,
Devante James Parker,31.534235,,
Devid Eugene Bouah,46.25173,,
Devin Remie,45.504272,,
Devinson Martínez,54.949467,,
Devlin Mackay,23.480507,,
Diaz Wright,42.845078,,
Didier Bueno,60.210068,,
Didrik Hafstad,23.562538,,
Diego Acevedo,51.491936,,
Diego Alende López,61.982456,,
Diego Alessandro Guillén Alarcón,59.13684,,
Diego Alexander Gómez,51.436943,,
Diego Altube Suárez,45.5055,,
Diego Ariel Duarte Garcete,26.777037,,
Diego Augusto Rodríguez Carreño,52.756878,,
Diego Collado Raya,28.456831,,
Diego Gabriel Silva Rosa,59.176136,,
Diego Gustavo Rodrigues de Lima,42.273342,,
Diego Gutierrez,24.055416,,
Diego Gutiérrez Chinea,60.90432,,
Diego Hernández,46.223316,,
Diego José Conde Alcolado,45.5131,,
Diego Luis Valoyes Ruíz,49.197586,,
Diego López Noguerol,31.206818,,
Diego Manuel J. da Silva Moreira,31.3725,,
Diego Martín Valencia Morello,23.951202,,
Diego Medina,58.290653,,
Diego Moreno Garbayo,59.71136,,
Diego Nicolás Aranda Rojas,45.50834,,
Diego Sánchez Pérez,61.074276,,
Diego Valentín Rodríguez Alonso,58.731037,,
Diego Varela Pampín,56.683884,,
Diego Vicente Bri Carrazoni,24.522835,,
Diesel Herrington,53.610043,,
Dikeni Salifou,59.25021,,
Dilan Kumar Markanday,24.819221,,
Dillan Solomons,62.333813,,
Dimitri Joseph Oberlin Mfomo,41.10597,,
Dimitri Kévin Cavaré,64.21738,,
Dinis L. Casals Pinto,58.737335,,
Dino Salihovic,51.65928,,
Dioggo Isita,43.71706,,
Diogo Costa Pinto,24.064161,,
Diogo Filipe Pacheco Abreu,46.425667,,
Diogo Lucas Queirós,62.46952,,
Diogo Nathan Peixe Barreto,23.868826,,
Diogo Pinheiro Monteiro,53.960663,,
Diogo dos Santos Cabral,61.485916,,
Diosdany Goncalves,57.58521,,
Dipu Mirdha,28.03674,,
Djamal Moussadek,54.750797,,
Djeidi Gassama,24.296783,,
Djibril Thialaw Diop,61.821293,,
Djorkaeff Neicer Reasco González,31.197227,,
Do Yun Choi,54.202152,,
Dom Ballard,23.40038,,
Dominic David Telford,26.04858,,
Dominic Edward Gape,60.321354,,
Dominic Thomas,47.74352,,
Dominik Bauer,54.85027,,
Dominik Bilogrević,40.654095,,
Dominik Florian Klann,60.451424,,
Dominik Franke,60.231724,,
Dominik Piła,24.408958,,
Dominik Prpić,59.96242,,
Dominik Sokół,33.684464,,
Dominik Widemann,23.987959,,
Dorian Ciezkowski,45.504787,,
Douglas Matías Arezo Martínez,34.51182,,
Douglas Tharme,57.11276,,
Doğukan Kaya,45.50945,,
Dragoljub Savić,28.321346,,
Dragoș Sebastian Tescan,26.315819,,
Drew Baker,53.520557,,
Drey Jermaine Wright,28.903955,,
Dries Wouters,60.850395,,
Duccio Degli Innocenti,57.032936,,
Duncan Nosahaere Idehen,56.820335,,
Dylan Adjei-Hersey,26.0756,,
Dylan Barkers,53.488583,,
Dylan Demuynck,27.958633,,
Dylan Duncan,48.07303,,
Dylan Durivaux,55.701084,,
Dylan Felipe Borrero Caicedo,23.63458,,
Dylan G'Beuly,38.010723,,
Dylan Hayes,52.8797,,
Dylan James Christopher Levitt,59.499165,,
Dylan José Perera Plasencia,47.783653,,
Dylan Lobban,37.966106,,
Dylan Louis Ange Ouédraogo,62.193977,,
Dylan Molloy,47.16965,,
Dylan Murugesapillai,52.973076,,
Dylan Patricio Zúñiga Valenzuela,61.047203,,
Dylan Reid,50.854313,,
Dynel Brown Kembo Simeu,59.911022,,
Dário Cassia Luís Essugo,61.89899,,
Dêniro Rubens Prestes Cadete,25.144232,,
Ebeguowen Owen Otasowie,59.27468,,
Ebrima-Dominique N’dure,58.00626,,
Ed McJannet,32.787064,,
Eddie Anthony Salcedo Mora,35.866814,,
Eddie Munjoma,53.194183,,
Eddy Sylvestre Negadi,24.92502,,
Edenildo Eloi Lagoas Regalo,62.696228,,
Ederson Salomón Rodríguez Lima,25.971079,,
Edgar Alberto Olivares Villarroel,58.877144,,
Edgar Eyffer Lastre Mercado,54.323765,,
Edgar Joel Elizalde Ferreira,63.7213,,
Edi Sylisufaj,26.69161,,
Edin Omeragic,45.503075,,
Edison Alexander Azcona Vélez,23.89031,,
Edison Mero,59.05581,,
Edmond-Paris Maghoma,56.268444,,
Edoardo Iannoni,56.081078,,
Edoardo Piana,45.01596,,
Edoardo Pierozzi,57.24549,,
Edson Acevedo,57.52723,,
Edson Armando Rivas Vielma,43.12785,,
Eduard Dutu,59.22345,,
Eduard Kozik,60.164715,,
Eduard Probst,24.045212,,
Eduardo Dos Santos Haesler,45.503815,,
Eduardo Enrique Fereira Peñaranda,58.18987,,
Eduardo Filipe Quaresma Vieira Coimbra Simões,64.293755,,
Eduardo Oliveira Borges,60.753567,,
Eduards Daškevičs,33.098717,,
Edvin Austbø,23.4818,,
Edvin Tellgren,57.146538,,
Edward Campbell Sutherland,29.12639,,
Edward James Bishop,52.216408,,
Edward Kizza,26.84846,,
Edwin Ronaldo Ariza Cabezas,28.876812,,
Edwin Stiven Mosquera Palacios,42.566673,,
Edwin Valencia,23.855736,,
Eetu Vertainen,44.12954,,
Efe Arda Koyuncu,57.961308,,
Efe Tatlı,60.581165,,
Efraín Orona Zavala,58.92843,,
Efraín Álvarez,27.148216,,
Egli Kaja,40.66761,,
Egoitz Arana Aizpurua,45.362232,,
Egzon Binaku,56.35013,,
Einar Galilea Azaceta,58.869446,,
Eiran Cashin,63.115246,,
Eivind Helgeland,41.94999,,
Ejaita Ifoni,24.750908,,
Ekin Çelebi,58.297947,,
El Mehdi Moubarik,61.068867,,
Eleutherios Lyratzis,63.241047,,
Elhadj Dabo,51.47314,,
Elias Aarflot,25.191872,,
Elias Imed Damergy,45.503593,,
Elias Jona Bördner,45.50478,,
Elias Kratzer,53.56358,,
Elias Kristoffersen Hagen,60.649136,,
Elias Löder,37.897484,,
Elias Manoel,26.075191,,
Elias Sebastian Solberg,34.392773,,
Elicha Ahui,47.120564,,
Elija Wohlgemuth,45.505276,,
Elijah Henry Just,38.298195,,
Elio Salazar,49.17789,,
Elione Fernandes Neto,58.799854,,
Eliézer Meléndez,59.594437,,
Ellery Ronald Balcombe,33.538586,,
Elliot John Embleton,54.14644,,
Elliot Jorge Simões Inácio,26.382257,,
Elliot Morgan Thorpe,47.6782,,
Elliot William Watt,59.255108,,
Elliott Anderson,58.229572,,
Elliott Bolton,43.77827,,
Elliott Lee,23.773285,,
Elliott Michael Bonds,57.880882,,
Elliott Ricardo Wignal List,26.095325,,
Ellis Carlo Iandolo,42.282948,,
Ellis Darren Chapman,54.13263,,
Eloge Koffi Yao Guy,64.12453,,
Elvis Kevin Velasco,59.333916,,
Elyas Al Biladi,49.551064,,
Elías Alejandro Arias Rengel,57.505833,,
Elías Alejandro Ramos Castillo,61.274235,,
Elías Britez,58.53605,,
Elías Iván Pereyra,61.68175,,
Elías Rafn Ólafsson,24.445587,,
Elías Sebastián López,59.8991,,
Emanuel Dat,43.093887,,
Emanuel Lalchhanchhuaha,35.824577,,
Emanuele Ndoj,59.659645,,
Emerson Hyndman,53.640427,,
Emerson Rivaldo Rodríguez Valois,23.928104,,
Emerson Velasquez,61.52256,,
Emil Alfons Holm,59.704304,,
Emil Hellman,57.01384,,
Emil Konradsen Ceïde,31.565441,,
Emil Nestved Kornvig,57.746048,,
Emil Riis Jakobsen,23.23123,,
Emil Roback,23.33459,,
Emil Varhaugvik Breivik,60.893772,,
Emilian Metu,53.276577,,
Emiliano Agustín Villar Vidal,28.600485,,
Emiliano Brienza,25.12899,,
Emiliano Clavijo,58.911392,,
Emiliano Marcondes Camargo Hansen,33.36911,,
Emiliano Martínez Toranza,63.47365,,
Emiliano Vidart,58.291286,,
Emilio Kehrer,23.938017,,
Emir Kaan Gültekin,31.70142,,
Emmanuel Afriyie Mario Sabbi,26.52559,,
Emmanuel Attipoe,56.961395,,
Emmanuel Danso,45.289505,,
Emmanuel Delan Junior Latte Lath,33.90843,,
Emmanuel Ebuka Osadebe,47.77914,,
Emmanuel Ekong,23.701853,,
Emmanuel Ilesanmi,23.659132,,
Emmanuel Justine Rabby Banda,37.52965,,
Emmanuel Longelo Mbule,51.927944,,
Emmanuel Matuta,58.44407,,
Emmanuel Ogura,45.513325,,
Emre Demir,36.86563,,
Emre Topcu,43.635914,,
Emrecan Uzunhan,57.977093,,
Emrehan Gedikli,23.712185,,
Enis Çokaj,63.843662,,
Enmerson Geovanny Batalla Martínez,27.539679,,
Enric Llansana Beuse,61.29506,,
Enrico Celeghin,56.161686,,
Enrico Del Prato,61.103725,,
Enrico Erick Dueñas Hernández,24.063145,,
Enrique Achahuanco,52.112663,,
Enrique Barja Afonso,25.952026,,
Enrique Camargo,60.038628,,
Enrique Clemente Maza,62.33822,,
Enrique Jesús Salas Valiente,61.21226,,
Enrique Manuel Peña Zauner,33.905964,,
Enrique Ríos Vega,60.030624,,
Enrique Taborga,56.080544,,
Enzo Camille Alain Millot,51.788082,,
Enzo Joaquín Sosa Romañuk,64.57315,,
Enzo López,45.507877,,
Enzo Martín Roldán,61.137356,,
Ephron Jardell Mason-Clark,28.268784,,
Eray Ervin Cömert,59.998997,,
Eren Sami Dinkçi,24.830116,,
Eric Anders Smith,45.9341,,
Eric Andre Kahl,60.55603,,
Eric Joel Andersson,59.31582,,
Eric Junior Bocat,58.68769,,
Eric Ocansey,26.165281,,
Erick Perleche,60.2694,,
Erick Steven Ferigra Burnham,62.914402,,
Erik Benjamin Nygren,23.58649,,
Erik Centeno,47.149586,,
Erik Jorgens de Menezes,61.994766,,
Erik Nicolás López Samaniego,23.813623,,
Erik Ring,32.06005,,
Erik Ross Palmer-Brown,62.284622,,
Erik Shuranov,25.655603,,
Erik Sorga,23.467585,,
Erik Tallig,50.52738,,
Erik Tobias Tangen Sandberg,58.48534,,
Eris Abedini,60.051872,,
Erison Danilo de Souza,23.699402,,
Ernesto Alexis Vega Rojas,24.768099,,
Erolind Krasniqi,34.756584,,
Ertuğrul Çetin,45.504704,,
Esey Gebreyesus,25.442244,,
Esmir Bajraktarevic,34.305332,,
Estanislau Pedrola Fortuny,23.97057,,
Esteban Cristóbal Valencia Reyes,59.368603,,
Esteban Kirkman,45.50297,,
Esteban Petignat,53.985348,,
Ethan Christopher Dobbelaere,38.079292,,
Ethan Craig Brierley,53.086994,,
Ethan Stuart William Galbraith,60.741703,,
Ethan Walker Ross,45.52204,,
Ethyan Jesús González Morales,28.468977,,
Euan Henderson,28.436224,,
Eusebio Monzó Alfonso,62.804543,,
Evan Marley Khouri,46.86757,,
Evan Ovendale,45.5035,,
Evidence Makgopa,26.672112,,
Evren Eren Elmalı,62.503662,,
Ewan Henderson,54.59269,,
Exon Gustavo Vallecilla Godoy,60.885506,,
Eylon Almog,24.691988,,
Ezequiel Busquets Sanguinetti,60.96161,,
Ezequiel Cannavó,46.644806,,
Ezequiel Emanuele,54.71939,,
Fabian Daniel Rohner,49.80279,,
Fabian Herbst,58.828125,,
Fabian Tauchhammer,56.65884,,
Fabiano Cibi,47.54063,,
Fabiano Josué de Souza Silva,62.214718,,
Fabio Blanco Gómez,28.506378,,
Fabio Rojas,63.5651,,
Fabio Schneider,55.21862,,
Fabián Steven Ángel Bernal,63.36847,,
Fabrice Daniel Hartmann,23.763288,,
Fabrice Olinga Essono,23.893108,,
Fabricio Mariaca,48.849464,,
Fabrizio Nicolás Correa González,45.5056,,
Facundo Daniel Kruspzky,52.33747,,
Facundo Ezequiel Almada,63.88269,,
Facundo Fabián Trinidad Carballo,38.73864,,
Facundo Leonel Mater,63.08665,,
Facundo Martín Pérez,62.873608,,
Facundo Nicolás Cambeses,45.514988,,
Facundo Pellistri Rebollo,30.301493,,
Fahad Khalid Al-Dossari,45.546677,,
Faisal Al Mutairi,41.940525,,
Falah Waleed Juma Alsouri Aljneibi,57.847,,
Fares Al Garzae,23.74007,,
Farick Haddad,42.397755,,
Farrend James Rawson,62.236584,,
Faruk Can Genç,59.505775,,
Faruk Çakır,23.976028,,
Fatih Yiğit Şanlıtürk,44.907486,,
Fatih Yılmaz,59.471664,,
Faustino Adebola Rasheed Anjorin,49.840828,,
Fedde de Jong,49.534042,,
Federico Agustín Gattoni,63.86901,,
Federico Darío Navarro,64.1885,,
Federico Girotti Bonazza,33.1781,,
Federico Pace,59.536903,,
Federico Palacios Martínez,29.98044,,
Felipe Tomás Zenobio,45.504852,,
Felix Brand,55.943817,,
Felix Dornebusch,23.436127,,
Felix Eriksson,51.004524,,
Felix Kalu Nmecha,43.57136,,
Felix Karl-Ernst Gebhardt,31.825718,,
Felix Khonde Mambimbi,23.906525,,
Felix Lange,60.068077,,
Felix Omoruyi Irorere,57.863518,,
Felix Wennergrund,50.673523,,
Fernando Andrés Prado Avelino,61.03586,,
Fernando Aurelio Román Villalba,61.724598,,
Fernando Beltrán Cruz,58.569424,,
Fernando David Cardozo Paniagua,26.749798,,
Fernando Díaz,52.866867,,
Fernando Fabián Ovelar Martínez,47.230854,,
Fernando Medrano Gastañaga,57.76302,,
Fernando Pacheco,43.75407,,
Fernando Raúl Romero González,23.752464,,
Fernando Ruiz Díaz,43.508423,,
Fernán Faerron,57.6492,,
Filip Bundgaard Kristensen,34.582874,,
Filip Chalupniczak,45.503357,,
Filip Filipos Lars Sachpekidis,36.34389,,
Filip Koperski,58.86957,,
Filip Kramarz,45.506203,,
Filip Rønningen Jørgensen,57.06001,,
Filip Wojciech Jagiełło,39.757446,,
Filip Zawadzki,31.362043,,
Filipe Bem Relvas V. Oliveira,63.660282,,
Filipe De Carvalho,23.755613,,
Filipe Miguel Barros Soares,56.133102,,
Filippo Delli Carri,62.911415,,
Filippo Palazzino,35.479946,,
Filippo Tripi,61.820934,,
Finlay Cross-Adair,23.351995,,
Finley Bell,39.585144,,
Finley Stevens,58.175472,,
Finn Isaac Azaz,57.016335,,
Finn-Dominik Porath,43.33425,,
Firas Tariq Nasser Al-Buraikan,29.485619,,
Fisnik Isaki,24.989563,,
Flamur Dzelili,27.34594,,
Flavio Bianchi,23.929916,,
Florent Da Silva,48.83365,,
Florentin Lucien Jean Bloch,45.512646,,
Florian Butscher,43.530197,,
Florian Krüger,23.49731,,
Florian Nichita Haită,24.088251,,
Florian-Horst Carstens,61.154793,,
Florin Gheorghe Borţa,57.61629,,
Floris Smand,61.417603,,
Flynn Clarke,31.056171,,
Flávio Basilua Jacinto Nazinho,62.210716,,
Fortune Bassey,23.61463,,
Francesco Antonucci,31.699549,,
Francesco Donati,60.4685,,
Francho Serrano Gracia,57.14915,,
Francis Florin Bălan,48.199368,,
Francis Ross,45.565407,,
Francisco Agustín González,25.302826,,
Francisco Antonio Figueroa Díaz,26.618198,,
Francisco Bregante,53.798904,,
Francisco Delgado Rojano,57.26355,,
Francisco Fabián Álvarez,63.433815,,
Francisco Ginella Dabezies,58.92902,,
Francisco Javier Chaverra Angulo,41.02922,,
Francisco Javier Montero Rubio,64.2444,,
Francisco Joel Gerometta,62.581085,,
Francisco Jorge Tavares Oliveira,32.787956,,
Francisco José Rodríguez Araya,37.39583,,
Francisco José Serrano Santos,60.38107,,
Francisco José Villalba Rodrigo,41.459305,,
Francisco Manuel Gonzalez Verjara,61.340366,,
Francisco Meira Meixedo,45.504925,,
Francisco Sampaio Moura,63.304543,,
Francisco Sebastián Moyano Jiménez,36.79835,,
Francisco Vidal Bareiro Muñoz,29.305779,,
Franck Cédric Tsadjout,29.851154,,
Franck Elimane Kanouté,61.016716,,
Franck Junior Evina,32.097713,,
Franco Agustín Quinteros,62.04349,,
Franco Baldassarra,60.63502,,
Franco Daryl Tongya Heubang,36.97295,,
Franco Gabriel Ibarra,62.50931,,
Franco Herrera,45.502644,,
Franco Manuel Saravia Rojas,45.507645,,
Franco Nicolás Fragueda,45.50561,,
Franco Sebastián Cristaldo,58.848545,,
Frank Stople,45.515396,,
Frankarlos Benítez,45.44457,,
Franz Brorsson,61.805252,,
François Marquet,59.69806,,
Fred Marcos Cardouso Pombal,38.799885,,
Freddie Carter,54.75678,,
Freddy Alejandro Oncoy Huarote,61.131836,,
Freddy Andrés Roca Vivancos,24.917967,,
Freddy Kleemann,57.450752,,
Frederik Alves Ibsen,60.18466,,
Frederik Franck Winther,62.119797,,
Frederik Lucas Holst,61.351685,,
Frederik Rahn,49.076103,,
Fredrik Sjøvold,44.808002,,
Fredy Valencia,59.210205,,
Friday Etim,25.241323,,
Fryderyk Gerbowski,56.17519,,
Furkan Zorba,58.286053,,
Fynn Otto,59.20597,,
Fábio André Freitas Vianna,57.358276,,
Fábio André Tavares Desidério,25.092392,,
Fábio Daniel Soares Silva,23.696577,,
Fábio Pereira Baptista,60.051197,,
Fábio Ronaldo Costa Conceição,25.044443,,
Félix Alexandre Andrade Sanches Correia,31.496658,,
Fıratcan Üzüm,26.552824,,
Gabriel Agustín Sotomayor Cardozo,41.910862,,
Gabriel Alonso Suazo Urbina,56.442047,,
Gabriel Colmenárez,60.39429,,
Gabriel Dănuleasă,55.43857,,
Gabriel Fernandes Castro,53.433754,,
Gabriel Julien Dominique Barès,58.600666,,
Gabriel Mutombo Kupa,59.52182,,
Gabriel Nascimento Resende Brazão,45.50486,,
Gabriel Norambuena,25.48039,,
Gabriel Pereira dos Santos,33.16916,,
Gabriel Silva Vieira,23.868147,,
Gabriel Vega,45.984417,,
Gabriel Veiga Novas,39.768013,,
Gabriele Gori,23.605015,,
Gabriele Moncini,23.488007,,
Gaby Jean,60.978634,,
Gali Balanta,35.62922,,
Garis Mina,57.80736,,
Gary Moya,45.525303,,
Gaspar Campos Ansó Fernández,32.043056,,
Gassan Ahadme Yahyai,26.827902,,
Gastón Alejandro Pérez Conde,56.075592,,
Gastón Benítez,59.990414,,
Gastón Luciano Ávila,63.987564,,
Gastón Nicolás Martirena Torres,62.156593,,
Gastón Nicolás Verón,27.567837,,
Gaultiér Overman,57.142876,,
Gaute Høberg Vetti,58.886322,,
Gavin Okeroghene Bazunu,45.50348,,
Geani Mihai Crețu,57.39685,,
Gedion Zelalem,42.07797,,
Gennaro Borrelli,23.855877,,
Geny Cipriano Catamo,33.615143,,
Geon Woo Park,45.018715,,
George Acosta,35.44291,,
George Alexandru Cîmpanu,35.049328,,
George Asomani,49.065243,,
George Blackwood,24.376602,,
George Burroughs,54.53886,,
George Christopher Williams,24.193304,,
George Cowmeadow,40.615257,,
George Cristian Merloi,39.202984,,
George Damien Nurse,61.33017,,
George David Dobson,61.41237,,
George David Eric Hirst,29.269001,,
George Dănuț Ganea,27.496826,,
George Iain Cooper,26.14635,,
George Ionuț Dragomir,39.509636,,
George Kweku Davies,33.737957,,
George Lewis,32.6134,,
George Mells,53.09081,,
George Mihai Micle,45.511135,,
George Oluwaseun Bello,60.777588,,
George Owen Marsh,61.2357,,
George Robert Lawrence Lloyd,31.2157,,
George Thomas Maris,30.273813,,
Georgi Tunjov,51.863766,,
Georgie Poynton,48.388233,,
Georgiy Melkadze,48.417545,,
Gerald Martin Távara Mogollón,61.969177,,
Gerard Fdez. Castellano,34.89832,,
Gerard Garner,24.124218,,
Gerard Yepes Laut,50.412937,,
Germán Eduardo Contreras Puentes,58.49319,,
Germán Fernández Hidalgo,45.515865,,
Germán Valera Karabinaite,25.234936,,
Gervane Zjandric Adonnis Kastaneer,30.781303,,
Gerónimo Plada,29.93623,,
Geykel Gabriel Parra Arias,45.518738,,
Gi Hyeok Lee,46.97244,,
Giacomo Gambetta,45.457638,,
Giacomo Olzer,31.10698,,
Gian Franco Cabezas Rodríguez,55.23642,,
Gian-Luca Itter,62.946693,,
Gian-Luca Waldschmidt,23.332647,,
Gianfranco Chávez Massoni,63.24893,,
Gianluca Gaudino,45.80458,,
Gianluca Saro,45.505657,,
Gianmarco Cangiano,28.26431,,
Gianni De Nitti,45.51222,,
Gianni Ryan Stensness,61.532646,,
Giannis Sardelis,35.601357,,
Gilbert Fuentes,39.49047,,
Gilles Richard,57.029274,,
Gilmar Paredes,52.554043,,
Gilson Benchimol Tavares,23.887094,,
Giorgi Kokhreidze,43.21349,,
Giorgi Tsitaishvili,31.820154,,
Giotto Giuseppe Morandi,49.412342,,
Giovanni Bordón,39.915882,,
Giovanni Crociata,25.89484,,
Giovanni Goran Rodríguez Rivero,23.820452,,
Giovanni Grotta,45.50326,,
Giovanni Troupée,62.500854,,
Giuseppe Ciocci,45.50437,,
Giuseppe Di Serio,23.605434,,
Giuseppe Marcianò,45.50336,,
Giuseppe Panico,28.871197,,
Glen Rea,60.149727,,
Glenn Bell Dollar Middleton,27.628126,,
Gloire Amanda,23.655296,,
Gnantin Yann Gboho,34.543674,,
Godsway Donyoh,23.345526,,
Goduine Koyalipou,25.261065,,
Godwin Kobby Bentil,41.967464,,
Gontie Junior Diomandé,28.047821,,
Gonzalo Andrés Tapia Dubournais,24.488525,,
Gonzalo Damián Abrego,60.599712,,
Gonzalo Gabriel Sánchez Franco,23.480225,,
Gonzalo Germán Pérez Corbalán,63.28243,,
Gonzalo Gonzalez,60.503475,,
Gonçalo Bento Soares Cardoso,61.6,,
Gonçalo Faria Costa,59.581413,,
Gonçalo Oscar Albuquerque Borges,26.391108,,
Gonçalo Pinto,45.511806,,
Goodman Mosele,61.57047,,
Gor Manvelyan,32.56245,,
Gorka San Nicolás Gil,45.50298,,
Grant Dean Horton,56.407078,,
Greg John Taylor,48.604874,,
Gregor Zabret,23.245079,,
Gregorio Gracia Sánchez,58.680958,,
Gregorio José Tanco,61.756565,,
Gregory Kwesi Wüthrich,60.12455,,
Griffin McDorman Yow,23.480616,,
Grégory Berthier,27.060219,,
Guido Guerrieri,37.796448,,
Guilherme Araújo Soares,61.52382,,
Guilherme Borges Guedes,57.865623,,
Guilherme Silva Souza,61.73693,,
Guilherme da Silva,61.867737,,
Guillaume Laurent Dietsch,45.512154,,
Guillermo Bueno López,50.06641,,
Guillermo Duhalde,58.451862,,
Guillermo Gajardo,45.503197,,
Guillermo Rosas Alonso,60.707653,,
Guillermo Wagner,61.301846,,
Guilmer Giro,58.3577,,
Gurmukh Singh,54.96454,,
Gustav Lillienberg,45.50726,,
Gustav Mogensen,23.67754,,
Gustav Molin,44.50371,,
Gustav Per Fredrik Engvall,29.555082,,
Gustav Tang Isaksen,37.968113,,
Gustavo Adolfo Carvajal Gómez,56.370834,,
Gustavo Elvis Loayza,53.58842,,
Gustavo Enrique Giordano Amaro Assunção da Silva,63.700428,,
Gustavo Filipe Azevedo Sá,51.49958,,
Gustavo Klismahn D Miranda,57.84483,,
Gustavo Peralta,26.879982,,
Gustavo Peredo Ortíz,42.46582,,
Gustavo Verón,48.93142,,
Guus Gertsen,58.115013,,
Guy Carel Mbenza Kamboleke,23.577364,,
Guy Dahan,23.670467,,
Gyeong Jun Byun,24.72327,,
Gyu Hyeong Kim,34.914223,,
Gyung Hyun Min,57.618217,,
Gédéon Kalulu Kyatengwa,62.14129,,
Gökdeniz Bayrakdar,35.689877,,
Habib Ali Keita,56.105274,,
Haitam Abaida El Achhab,27.874916,,
Haji Mnoga,55.36098,,
Hak-Yoon Lee,45.507793,,
Hakan Demir,47.22356,,
Hakeeb Adeola Jerome Adelakun,24.194954,,
Halldor Østervold Stenevik,46.7859,,
Hamad Abdan Al Abdan,28.843096,,
Hamad Fayez Alsayyaf,52.596004,,
Hamad Turki Al Tuhayfan Al Yami,54.634922,,
Hamed Abdullah Al Ghamdi,49.839775,,
Hampus Gustafsson,45.506622,,
Hamza Bahaïd,56.907932,,
Hamza Yiğit Akman,46.330338,,
Han Beom Lee,59.681877,,
Han Min Jeong,25.13783,,
Han-Noah Massengo,62.57356,,
Hani Ismaeel Al-Sebyani,55.533707,,
Hannes Küng,58.24461,,
Hans Nunoo Sarpei,62.63207,,
Haralambie Mociu,45.50347,,
Harmanpreet Singh,32.181614,,
Harrison Bright,47.884403,,
Harrison Clarke,61.098083,,
Harrison James Chapman,30.498749,,
Harrison James Holgate,59.72283,,
Harrison Joshua Perritt,52.307022,,
Harrison McGahey,58.90057,,
Harrison Neal,56.89162,,
Harrison Sohna,47.291553,,
Harry Birtwistle,49.76122,,
Harry George Kite,52.70634,,
Harry George Lennon,59.890934,,
Harry Jack Darling,62.616688,,
Harry Jewitt-White,47.60169,,
Harry John Anderson,32.412388,,
Harry Kyprianou,57.613487,,
Harry Lee,45.5041,,
Harry McCarthy,24.339493,,
Harry Nicolson,50.870598,,
Harry William Brockbank,57.930565,,
Harun Alpsoy,58.260197,,
Harvey Andrew Knibbs,43.294296,,
Harvey David White,59.28085,,
Harvey Giles,45.50252,,
Harvey James Bunker,50.463226,,
Harvey James Rodgers,57.47738,,
Harvey Jay Cartwright,45.505066,,
Harvey William St Clair,31.427229,,
Hassan Mohammed Al-Tambakti,62.11948,,
Hassan Mousa Alqayd,26.509398,,
Hatim Far,23.553938,,
Hayden Lindley,54.4538,,
Hayrullah Erkip,33.11047,,
Hazazi Sulaiman Yahya,49.01317,,
Hazim Hassan Al Zahrani,49.563652,,
Hazzaa Ahmed Al-Ghamdi,27.630028,,
Hector Matthew Kyprianou,58.61689,,
Hee Seung Kim,40.79644,,
Heine Gikling Bruseth,36.142574,,
Heitor Rodrigues Fonseca,61.122257,,
Henri Koudossou,48.218075,,
Henricus Gerardus Hubertus Maria Linthorst,60.081257,,
Henrik Rørvik Bjørdal,53.34086,,
Henrique Jocú,62.18674,,
Henry Atola,26.163845,,
Henry Lawrence,57.6562,,
Herman Johan Haugen,58.349422,,
Herman Sørby Stengel,53.641537,,
Hermann Tebily,23.698397,,
Hernandes Rodrigues Da Silva,27.484331,,
Hernán Darío López Muñoz,35.660545,,
Hiang'a Mananga Mbock,60.40242,,
Hidde Willem ter Avest,63.364193,,
Hillary Chukwah Gong,32.45599,,
Himanshu Jangra,23.801765,,
Hiram Kojo Kwarteng Boateng,57.980694,,
Hisham Al Dubais,23.548157,,
Hmar Pialtu Lalremruata,35.69512,,
Ho Jae Lee,24.349115,,
Ho Jin Jeong,56.919468,,
Homam Ahmed,61.45463,,
Hoo Sung Oh,39.550648,,
Hristu Sofianu,27.6156,,
Hrithik Tiwari,45.503426,,
Hubert Matynia,61.268078,,
Hugo Anglada Gutiérrez,61.88281,,
Hugo Bueno López,52.123398,,
Hugo Claudio Vallejo Avilés,35.551723,,
Hugo Denar Salvatierra Saucedo,53.93252,,
Hugo Fabián Franco Schlender,60.568592,,
Hugo Javier Martínez Cantero,62.084743,,
Hugo Lorenzo Quintana Escobar,54.369144,,
Hugo Novoa Ramos,27.505205,,
Hugo Ozée,57.743958,,
Hugo Pérez Balderas,59.04367,,
Hugo Redón Almela,46.497288,,
Hugo Silva Oliveira,59.142757,,
Hugo Sotelo Gómez,24.880096,,
Hun Min Kim,50.14544,,
Hussain Ahmed Al-Eisa,42.579468,,
Hyeon Bin Seol,45.465073,,
Hyeon Joon Yang,35.590588,,
Hyun Muk Kang,42.69094,,
Håkan Gustaf Nilsson,28.791922,,
Håkan Rasmus Wiedesheim-Paul,24.275307,,
Héctor José Hernández Marrero,23.37067,,
Hélder Gomes Morim,61.32496,,
Hélder José Oliveira Sá,59.686996,,
Iago Domínguez Rodríguez,45.07192,,
Ian Carlo Poveda-Ocampo,33.12072,,
Ian Ethan Maatsen,62.783203,,
Ibrahim Al Ali,49.649086,,
Ibrahim Danlad,45.504265,,
Ibrahim Diallo,62.283512,,
Ibrahim Jamal,47.20004,,
Ibrahim Mahnashi,58.259083,,
Ibrahim Sulemana Kakari,62.100285,,
Ibrahim Yalatif Diabate,31.15899,,
Ibrahima Bamba,62.1893,,
Ibrahima Cissokho,38.504074,,
Ibraima José Barry Pérez,56.0456,,
Idris Kanu,26.34022,,
Idrissa Thiam,23.822153,,
Ignacio Antonio Saavedra Pino,60.18282,,
Ignacio Castillo Ameyugo,46.00928,,
Ignacio Daniel Maestro Puch,23.623873,,
Ignacio Ferri Julià,24.531065,,
Ignacio Laquintana,30.879425,,
Ignacio Méndez Navia Fernández,52.37401,,
Ignacio Nahuel Suárez Ferreira,44.09189,,
Ignacio Santiago Aliseda,38.674282,,
Ignasi Vilarrasa Palacios,63.24566,,
Igor Drapiński,55.94348,,
Igor Lewandowski,55.76963,,
Igor Lucatelli,45.512608,,
Iker Benito Sánchez,34.702335,,
Iker Bravo Solanilla,23.520937,,
Iker Goujón Pozuelo,42.678078,,
Iker Losada Aragunde,30.934124,,
Iker Piedra Blanco,45.498238,,
Iker Álvarez de Eulate,45.502625,,
Ilan Benjamin Sauter,54.3119,,
Ilario Monterisi,61.17917,,
Ilay Eliyau Elmkies,57.6903,,
Ilhan Altuntas,55.07427,,
Ilia Iliev Gruev,63.050735,,
Ilias Akhomach Chakkour,23.67871,,
Ilias Chatzitheodoridis,60.357822,,
Ilias Koutsoupias,56.205215,,
Ilya Pomazun,32.82906,,
Ilyas Chouaref,26.85084,,
Ilyas Lefrancq,26.516327,,
Iman Griffith,29.139116,,
Imanol Baz Berganza,62.220036,,
Imanol García de Albéniz,62.506588,,
Imanol Machuca,39.930565,,
Immanuël-Johannes Pherai,36.797928,,
Imoh Fred Friday,23.409906,,
Indiana Denchev Vassilev,30.48376,,
Indy Boonen,46.784004,,
Ioan Andrei Vasile Dumiter,38.89729,,
Ioan Tolea,52.31208,,
Ionuț Zanfir,53.020424,,
Iroy Eckenfelder,24.269253,,
Irvyn Lomami,60.8751,,
Isaac Annan,54.78073,,
Isaac Gómez Sánchez,48.399887,,
Isaac Karamoko,27.926392,,
Isaac Lihadji,25.385052,,
Isac Alexi Sivert Lidberg,36.336372,,
Isaiah Brown,36.85355,,
Isaiah Parker,40.042576,,
Isak Bjerkebo,23.717155,,
Isak Dybvik Määttä,56.725533,,
Isak Kjelsrud Vik,55.81622,,
Isak Ssali Ssewankambo,61.03463,,
Ismael García,56.67602,,
Ismael Quispe,45.519054,,
Ismael Ruiz Sánchez,62.059765,,
Ismael Saibari Ben El Basra,41.921024,,
Ismail Azzaoui,24.45811,,
Ismaila Cheick Coulibaly,62.002445,,
Ismaël Aaneba,62.96638,,
Ismaël Gharbi,39.77948,,
Ismaël Landry Doukouré,62.16993,,
Iulian Zamfir,34.843025,,
Ivan Krolo,54.94578,,
Ivan Lepinjica,63.09627,,
Ivan Mesík,59.353554,,
Ivan Tarek Fjellstad Näsberg,60.325695,,
Ivan Toney,39.030403,,
Ivan Šarić,23.399145,,
Iverson Contreras,56.43372,,
Iván Azón Monzón,35.285694,,
Iván Bonifazi,45.5054,,
Iván Darío Angulo Cortés,38.301186,,
Iván Fresneda Corraliza,60.693024,,
Iván Gil Calero,35.543106,,
Iván Martín Núñez,40.354275,,
Iván Martínez Gonzálvez,29.926157,,
Iván Morante Ruiz,49.1409,,
Iván René Franco Díaz,35.905323,,
Iván Romero de Ávila,23.582531,,
Iván San José Cantalejo,34.949104,,
Iván Villar Martínez,45.38327,,
Jack Alexander Stevens,40.35331,,
Jack Bridge,41.5233,,
Jack David Vincent Whatmough,60.108624,,
Jack Endacott,44.848045,,
Jack Hinchy,46.97256,,
Jack James Earing,58.431053,,
Jack Jamie Arthur,45.503784,,
Jack Jenkins,57.289223,,
Jack Karadogan,42.684277,,
Jack Levi Sutton,49.045395,,
Jack McMillan,57.864338,,
Jack Moore,48.836304,,
Jack Newman,45.503857,,
Jack Richard Lankester,41.65999,,
Jack Robert Tucker,61.8444,,
Jack Stephen Burroughs,60.00169,,
Jack Tyler Diamond,30.361628,,
Jack Wakely,57.885887,,
Jack Walton,25.964325,,
Jack Williams,38.98844,,
Jack Young,50.1265,,
Jack de Vries,24.2441,,
Jackson Gabriel Porozo Vernaza,63.845913,,
Jackson Gabriel Rodríguez Perlaza,60.830402,,
Jackson Hopkins,39.552105,,
Jackson Joseph Fitzwater,60.84987,,
Jackson João Crusso Mutto,23.44175,,
Jackson Ragen,60.366592,,
Jacob Anthony Chapman,45.5037,,
Jacob Carney,45.503193,,
Jacob Christian Maddox,55.68901,,
Jacob Jones,50.2519,,
Jacob Melling,59.382782,,
Jacob Michael Italiano,45.00873,,
Jacob Mikael Widell Zetterström,45.50427,,
Jacob Slater,46.369267,,
Jacob Steen Christensen,62.994316,,
Jacob Vandsø Rasmussen,59.50325,,
Jacopo Da Riva,54.97954,,
Jaden Bevan,45.505337,,
Jaden Philogene-Bidace,28.037706,,
Jaden Wavey Brown,57.222286,,
Jae Hun Cho,24.170042,,
Jae Hwan Hwang,32.708862,,
Jae Sung Kim,38.871105,,
Jae Won Hwang,56.502003,,
Jae Won Shin,47.543,,
Jae Woo Kang,46.641045,,
Jahnoah Markelo,28.816427,,
Jaime Durán Jiménez,45.510757,,
Jaimy Buter,58.859528,,
Jair Veiga Vieira Tavares,25.427542,,
Jairo Quinteros Sierra,63.124855,,
Jairo Ralph Farnias Almeida,45.47454,,
Jak McCourt,56.928364,,
Jake Alan Young,24.25115,,
Jake Alexander Hesketh,45.233208,,
Jake Billy Doyle-Hayes,61.838448,,
Jake Flannigan,46.86006,,
Jake Hastie,29.783648,,
Jake Jon Taylor,53.61898,,
Jake Joshua Burton,32.444782,,
Jake Matthew Hull,54.511387,,
Jakob Axel Krister Voelkerling-Persson,57.205162,,
Jakob Blåbjerg Mathiasen,59.412796,,
Jakob Bookjans,33.214767,,
Jakob Odehnal,45.50396,,
Jakub Kisiel,57.656265,,
Jakub Niedbała,43.351418,,
Jakub Nowakowski,47.107475,,
Jakub Ojrzyński,44.19344,,
Jakub Piotrowski,60.706,,
Jakub Rajczykowski,45.50259,,
Jakub Sypek,42.979115,,
Jakub Wrąbel,23.55904,,
Jamal Baptiste,56.814365,,
James Andrew Cumming,40.487125,,
James Anthony Wilson,24.624578,,
James Carragher,52.371674,,
James Charles Jones,37.65034,,
James Clayton Hill,61.2696,,
James Dominic Brown,56.458935,,
James Doona,41.335335,,
James Golding,55.352802,,
James Hamon,23.32536,,
James Hoban Sands,64.116905,,
James John Finnerty,59.18128,,
James Melhado,47.79006,,
James Norris,57.675457,,
James Pardington,45.468136,,
James Pradic,45.5058,,
James Robert McGarry,47.719402,,
James Samuel Morton,56.031918,,
James Taylor,49.47419,,
James Tyler Waite,45.634933,,
James William Hanson,62.324833,,
Jamie Bowden,59.888924,,
Jamir Berdecio,54.902546,,
Jan Alexandre Bamert,60.000584,,
Jan Boller,61.837547,,
Jan Ciućka,27.639284,,
Jan Fortelný,57.511616,,
Jan Hoekstra,45.50656,,
Jan Jakob Olschowsky,45.49959,,
Jan Jurcec,25.28593,,
Jan Luca Schuler,30.240421,,
Jan Niklas Beste,58.754128,,
Jan Schröder,53.510406,,
Jan de Boer,45.50798,,
Jan Žambůrek,41.89234,,
Jan-Rafael Shcherbakovski,33.470722,,
Jang Woo Hong,43.110268,,
Jankat Yılmaz,45.503483,,
Jannes Luca Wieckhoff,56.51099,,
Jannes-Kilian Horn,62.011433,,
Jannik Horz,45.50355,,
Jannik Pohl,31.61461,,
Jannik Zahmel,23.665255,,
Janus Guillermo Vivar Estrella,29.407078,,
Janusz Nojszewski,37.22871,,
Jared Harlock,45.032955,,
Jari Vlak,60.672134,,
Jashar Beluli,23.28123,,
Jasin-Amin Assehnoun,34.871296,,
Jason Bahamboula,32.15172,,
Jason Eyenga-Lokilo,25.725645,,
Jason Law,50.41292,,
Jason Mbock,23.413616,,
Jason Meerstadt,58.77973,,
Jason Ngouabi Lougagui,56.699203,,
Jason Paul Knight,61.500523,,
Jasper ter Heide,61.438236,,
Jaume Albert Cuéllar Mendoza,24.131435,,
Jaume Tovar Seguí,24.140297,,
Javain Okemio Brown,62.14722,,
Javier Agustín Obando,29.434847,,
Javier Ajenjo Hyjek,47.94746,,
Javier Almerge Viñuales,59.99467,,
Javier Alonso Bello,60.468086,,
Javier Cueto Suárez,24.068848,,
Javier Enrique Delgado Saverio,39.5875,,
Javier Garrido López,45.503113,,
Javier Guerra Moreno,53.132694,,
Javier Gómez Castroverde,27.860855,,
Javier Hernández Tarroc,60.885895,,
Javier Iván Cazal Báez,27.29853,,
Javier Llabrés Exposito,30.0987,,
Javier López Carballo,62.91491,,
Javier López-Pinto Dorado,27.624245,,
Javier Marquez,54.70661,,
Javier Martínez Calvo,57.07836,,
Javier María Vázquez López,59.10467,,
Javier Mier Martínez,62.545685,,
Javier Nicolas Vallejo,40.296356,,
Javier Rubio Haro,57.30883,,
Javier Serrano Martínez,60.03872,,
Jay Benn,49.603073,,
Jay Mingi,56.55846,,
Jay Turner-Cooke,52.75762,,
Jay-Dee Geusens,42.355927,,
Jay-Roy Grot,38.67828,,
Jayden Andrew Reid,24.09734,,
Jayden Davis,28.163363,,
Jayden Deslandes Sweeney,49.888355,,
Jayden Jezairo Braaf,39.974552,,
Jayden John-Lloyd Harris,54.75782,,
Jayden Wareham,24.012703,,
Jayson Patrick Molumby,60.7626,,
Jaziel Orozco,52.06431,,
Je Ho Yu,43.052734,,
Jean Baptiste Gorby,60.173023,,
Jean Bone,54.151287,,
Jean Botué,25.96915,,
Jean Harisson Marcelin,64.24439,,
Jean Paul Madera,52.269978,,
Jean Pierre Chalá,24.32762,,
Jean Thierry Lazare Amani,52.61691,,
Jean Torres,55.92574,,
Jean-Jacques Danley,60.479324,,
Jean-Luc Mamadou Diarra Dompé,39.267303,,
Jean-Marie Dongou Tsafack,23.492203,,
Jeando Pourrat Fuchs,63.4153,,
Jeff Dewsnup,45.504425,,
Jeff Hardeveld,63.587833,,
Jefferson José Gómez Genes,61.99891,,
Jefferson Justo Cáceres Chávez,23.564322,,
Jeison Andrés Angulo Trujillo,57.33861,,
Jeisson Andrés Vargas Salazar,33.114822,,
Jeizon Jesús Ramírez Chacón,26.458382,,
Jelle Duin,24.020357,,
Jens Dalsgaard Stage,53.91879,,
Jens Jakob Dyhr Thomasen,55.444115,,
Jens Teunckens,44.99319,,
Jensen Guy Weir,57.019535,,
Jeong Hoon Kim,45.266087,,
Jephte Tanga,31.986145,,
Jeppe Friborg Simonsen,30.189894,,
Jeppe Møldrup Okkels,37.887516,,
Jeppe Pedersen,43.093014,,
Jeppe Ørris Nielsen,45.505913,,
Jeremy Nicolás Silva González,34.561443,,
Jeremy Rafanello,26.248737,,
Jeremy Sivi,25.713799,,
Jeremy van Mullem,61.93261,,
Jeremías Perales,25.49611,,
Jeriel Nicolás De Santis Córdova,29.180525,,
Jermaine Anderson,45.205864,,
Jerome Sinclair,37.565372,,
Jerrell Anthony Sellars,30.414465,,
Jerónimo Pourtau,45.16258,,
Jesper Bergset Robertsen,48.06806,,
Jesper Dickman,25.737082,,
Jesper Granlund,45.50326,,
Jesper Manns,62.866505,,
Jesper Strand Isaksen,58.014336,,
Jesse Edem Tugbenyo,58.625298,,
Jesse Gonzalez,23.354908,,
Jessic Gaïtan Ngankam,25.148706,,
Jesús Abdallah Castillo Molina,62.21464,,
Jesús Alberto Angulo Uriarte,61.22805,,
Jesús Alejandro Quintero,59.66849,,
Jesús Alvarado,51.540783,,
Jesús Areso Blanco,59.439014,,
Jesús Armando Vargas Rojas,34.708107,,
Jesús Castellano,42.986385,,
Jesús Daniel Bueno Áñez,62.579575,,
Jesús David Marimón Báez,58.89429,,
Jesús Emanuel Pretell Panta,61.29285,,
Jesús Fernández Alonso,58.81721,,
Jesús Lázaro Owono Ngua Akeng,45.503468,,
Jesús López Soria,45.474396,,
Jesús Manuel Orozco Hernández,24.209488,,
Jesús Vázquez Alcalde,63.11057,,
Jetmir Topalli,25.55331,,
Jeyson Alejandro Rojas Orellana,61.611336,,
Jeyson Ariel Chura Almanza,23.48793,,
Jhoan Sebastián Ayala Sanabria,56.244694,,
Jhoanner Stalin Chávez Quintero,58.999706,,
Jhoao Leandro Rodríguez González,31.902258,,
Jhohan Sebastián Romaña Espitia,59.12719,,
Jhohann Sebastián Yabur Perea,59.152714,,
Jhon Jairo Cuellar Vaca,45.50758,,
Jhon Jairo Espinoza Izquierdo,61.860977,,
Jhon Jairo Velasco,55.35969,,
Jhon Stiven Mondragón Dosman,60.97455,,
Jhonder Gómez,61.301605,,
Jhondly van der Meer,62.16867,,
Jhonny Peitzmeier,45.50378,,
Ji Han Lee,26.752064,,
Ji Hoon Lee,30.647905,,
Ji Moog Choi,57.58236,,
Ji Sol Lee,59.245483,,
Ji Soo Kim,58.6082,,
Ji Yong Lee,24.126907,,
Ji won Park,23.64206,,
Jimmy Knowles,25.494993,,
Jin Ho Kim,56.834614,,
Jin Hyun Kim,46.303707,,
Jin Seong Park,56.834866,,
Jin Woo Jo,61.213535,,
Jin Yong Lee,59.690365,,
Joachim Christian Andersen,63.12814,,
Joan García Pons,45.512455,,
Joan González Cañellas,51.70346,,
Joan Manuel Cruz Castro,24.583063,,
Joan Onofre López Reina,45.508373,,
Joan Stiven Ramírez Martínez,59.33741,,
Joao Alberto Grimaldo Ubidia,36.262215,,
Joaquin Bigo,45.514534,,
Joaquín Gabriel Trasante Hernández,61.94318,,
Joaquín Indacoechea,57.65839,,
Joaquín López,58.893536,,
Joaquín Matías Ardaiz de los Santos,23.663027,,
Joaquín Muñoz Benavides,23.951744,,
Joaquín Nicolás Pereyra,59.53685,,
Joe Cameron Lewis,59.658913,,
Joe Dodoo,26.083473,,
Joe Grey,23.720936,,
Joe James Powell,54.022392,,
Joe O'Shaughnessy,45.506153,,
Joe Wormleighton,56.056137,,
Joe Zen Robert Bell,61.96531,,
Joe Zoherliana,49.13619,,
Joel Bruce King,60.108208,,
Joel Filipe Organista da Silva,53.701088,,
Joel Gerezgiher,35.194942,,
Joel Ideho,34.20786,,
Joel John Randall,27.416187,,
Joel Joshghene Asoro,24.598724,,
Joel Matthew Bagan,60.896317,,
Joel Mumbongo,23.774574,,
Joel Persson,28.214336,,
Joel Poiso,56.509563,,
Joel Quispe,52.51604,,
Joel Steven Quintero Nazareno,62.117474,,
Joel Sundström,39.771603,,
Joel Torrance,45.50305,,
Jofre Carreras Pagès,33.17061,,
Johan Armando Micolta Ruiz,59.887463,,
Johan Bengtsson,23.752851,,
Johan Hove,59.23327,,
Johan Rojas,52.989708,,
Johan Stenmark,56.932167,,
Johan Stiven Carbonero Balanta,31.243317,,
Johandry Jericoth Hidalgo Mora,58.67894,,
Johannes Manske,24.398882,,
Johannes Tartarotti,55.52282,,
John Elian García Sossa,36.783474,,
John George McAtee,36.019234,,
John Gunnar Björkengren,59.14717,,
John Joe Patrick Finn Benoa,25.624086,,
John Mayanga Nekadio,58.13222,,
John Nwankwo Chetauya Donald Okeh,61.735664,,
John Ryan,48.09363,,
John Yeboah Zamora,24.010534,,
Joider Micolta,24.476917,,
Joiner Moreno Montero,48.895412,,
Jokin Ezkieta Mendiburu,23.477148,,
Jomaine Ellay Consbruch,54.82309,,
Jon Ander Olasagasti Imizcoz,61.85959,,
Jon Karrikaburu,24.09883,,
Jon Pacheco Dozagarat,63.81764,,
Jonah Osabutey,26.223133,,
Jonaldo Kauã Monteiro Moura,62.2883,,
Jonas Antonius Auer,61.10916,,
Jonas Benjamin Chimezie David,62.493225,,
Jonas Fedl,61.39879,,
Jonas Therkelsen,49.18632,,
Jonas Welson Orsi de Meneses,37.5483,,
Jonas Wendlinger,45.512997,,
Jonas-Janko Weyand,45.503105,,
Jonatan Carmona Álamo,60.23306,,
Jonathan Alexánder Pérez,25.65067,,
Jonathan Arriba Monroy,54.79067,,
Jonathan Capuz,54.568222,,
Jonathan Corozo,59.83824,,
Jonathan Daniel Benítez Benítez,26.120047,,
Jonathan Fernando Castillo Aguirre,36.34105,,
Jonathan Gary Smith,30.945465,,
Jonathan Mitchell,23.602585,,
Jonathan Montiel Caballero,50.4292,,
Jonathan Risbjerg Ægidius,45.456318,,
Jonathan Ruque,59.567562,,
Jonathan Russell,61.223415,,
Jonathan Turra,59.32231,,
Jonathan Villagra,63.472816,,
Jong Beom Baek,45.51275,,
Jong Mu Han,39.71649,,
Jonier Medina,58.875046,,
Joon Beom Park,23.389038,,
Joon Ho Lee,24.170824,,
Jordan Alan Courtney-Perkins,56.22958,,
Jordan Alexander Houghton,59.107513,,
Jordan Allen,55.1666,,
Jordan Andrew Davies,56.25255,,
Jordan Bernard Rossiter,62.587994,,
Jordan Bhekithemba Zemura,62.275867,,
Jordan Carrillo Rodríguez,31.403006,,
Jordan Cropper,50.458397,,
Jordan Doherty,58.62729,,
Jordan Kenneth Willis,60.23937,,
Jordan Lewis Helliwell,51.47996,,
Jordan O'Doherty,46.063057,,
Jordan Patrick Dear Hamilton,24.921015,,
Jordan Perruzza,40.19734,,
Jordan Robert Turnbull,62.299934,,
Jordan Scanlon,43.536392,,
Jordan Stevens,50.478188,,
Jordi Blom,24.121555,,
Jordi Escobar Fernández,25.226519,,
Jordi González-Pola,61.380592,,
Jordi Mboula Queralt,30.034035,,
Jordie Hiwula-Mayifuila,24.185553,,
Jordy José Alcívar Macías,58.900192,,
Jordy Schelfhout,45.504997,,
Jorge Agustín Rodríguez,59.746525,,
Jorge Andrés Marsiglia Carrascal,60.35408,,
Jorge Benito Peña Canales,45.503693,,
Jorge Damián González,55.65121,,
Jorge Denilson Cabezudo Ormeño,45.43169,,
Jorge Hernandez,40.76816,,
Jorge Martín Aruga Torales,58.96961,,
Jorge Sáenz de Miera Colmeiro,62.07365,,
Jose Luís García Vayá,47.813248,,
Jose María Pérez García,60.43841,,
Josef John Bursik,32.84968,,
Joseff John Morrell,47.81525,,
Josep Gayà Martínez,62.015423,,
Joseph Adams,30.587662,,
Joseph Alejandro Espinoza Montenegro,60.95299,,
Joseph Amoako,30.31854,,
Joseph Charles Wildsmith,35.141552,,
Joseph Fabrice Ondoa Ebogo,30.713024,,
Joseph Gubbins,53.489075,,
Joseph Minala,60.370132,,
Joseph Nuttall,26.586105,,
Joseph Olugbenga Olowu,59.934772,,
Joseph Redmond,60.638603,,
Joseph Shaun Hodge,48.34862,,
Joseph Tetteh Anang,45.36557,,
Josh Barlow,42.40143,,
Josh Blunkell,45.503086,,
Josh Brooking,60.7612,,
Josh Chapman,45.50316,,
Josh Clarke,32.298454,,
Josh Edwards,41.612785,,
Josh Giurgi,47.88506,,
Josh Lundstram,45.687016,,
Josh O'Brien,52.399387,,
Josh Onomah,26.392998,,
Josh Pask,57.02688,,
Josh Thomas Doig,62.016407,,
Joshua Akinola Ogunfaolu-Kayode,23.937038,,
Joshua Anthony Vickers,23.61211,,
Joshua Atencio,61.302395,,
Joshua Eijgenraam,61.44347,,
Joshua Emmanuel,61.041527,,
Joshua Eze,59.283085,,
Joshua Felix Okpoda Eppiah,29.002567,,
Joshua Gaston Kitolano,59.472656,,
Joshua James Dixon,38.23361,,
Joshua James Griffiths,45.50321,,
Joshua Jon Cullen,56.75234,,
Joshua Lloyd Ginnelly,26.220829,,
Joshua Michael Blainey Davison,27.31811,,
Joshua Myles Abraham Key,56.71631,,
Joshua Nisbet,53.645596,,
Joshua Oluwayemi,45.50405,,
Joshua Saul Martin,38.48377,,
Joshua Sims,29.01667,,
Joshua Tapia,45.505436,,
Joshua Thomas Sargent,45.54467,,
Joshua William Grant,59.057953,,
Joshué Jampier Quiñónez Rodriguez,60.7506,,
Jostein Maurstad Gundersen,57.977997,,
Josué Misael Domínguez González,38.475704,,
José Aguilar Martinez,49.297062,,
José Alberto Barreto,23.774176,,
José Alonso Lara,31.140802,,
José Antonio Devecchi,27.685331,,
José Antonio Paradela,58.16815,,
José Antonio Ángel García,61.18991,,
José Ardila,38.112507,,
José Ataupillco,60.58017,,
José Aurelio Suárez García,23.447178,,
José Caldera,63.668034,,
José Carlos Martínez Garzón,39.43372,,
José Carlos Natário Ferreira,61.973564,,
José Carlos Ramírez Suárez,62.37062,,
José Daniel Lasso,45.503242,,
José David Menargues,59.610416,,
José David Álvarez Adsuar,63.24174,,
José Francisco dos Santos Júnior,27.050764,,
José Gragera Amado,63.056393,,
José Hernando Estupiñan Riascos,61.090042,,
José Javier Belman Calvo,45.502758,,
José Joaquín Esquivel Martínez,58.561546,,
José Luis Sierra Pando,23.338573,,
José Luis Zalazar Martínez,25.397856,,
José Manuel Arias Copete,64.52117,,
José Manuel Fontán Mondragón,64.18874,,
José Marcos Costa Martins,28.094147,,
José Martín Ballesteros Vera,45.4729,,
José Martínez Marsà,62.618496,,
José Mijares,56.79846,,
José Ndong Machín Dicombo,47.96642,,
José Pedro Ferreira Oliveira,29.416601,,
José Racchumick,60.960342,,
José Raúl Gutiérrez Parejo,59.71088,,
José Ricardo Avelar,58.216373,,
José Salinas Morán,60.13099,,
José Santiago Hernández García,45.505356,,
José Sánchez Martínez,61.277615,,
José Ángel Carmona Navarro,59.18853,,
Jovan Manev,62.135387,,
Jovanny David Bolívar Alvarado,25.388424,,
Jozef Pukaj,45.50264,,
João Diogo Fonseca Ferreira,62.337704,,
João Henrique Oliveira Veras,33.58493,,
João Manuel Neves Virgínia,45.510384,,
João Marcelo Messias Ferreira,62.33677,,
João Marcos Lima Cândido,24.063341,,
João Miguel Teixeira Mendes,56.856728,,
João Nuno Figueiredo Valido,45.50635,,
João Paulo dos Santos Pereira,29.335331,,
João Pedro E. Santo Oliveira,45.50641,,
João Pedro Eira Antunes Silva,60.54051,,
João Pedro Ferreira Silva,29.171658,,
João Pedro Loureiro da Costa,62.46151,,
João Pedro Oliveira Gonçalves,45.503365,,
João Pedro Teixeira Silva,45.50442,,
João Rodolfo Botelho Maia,63.92641,,
Joël Latibeaudiere,63.159348,,
Joël Monteiro Almada,23.62208,,
Joël Pascal Schmied,62.26628,,
Joël Zakarias Kabongo,56.87381,,
Joël van Kaam,58.256245,,
Ju Yeop Kim,56.407352,,
Juan Alberto Mosquera Álvarez,60.409588,,
Juan Andrés Meli,53.44127,,
Juan Artola Canales,44.531906,,
Juan Berrocal González,62.804886,,
Juan Brandáriz Movilla,64.41002,,
Juan Camilo Portilla Orozco,63.037502,,
Juan Carlos Arana Gómez,29.306927,,
Juan Carlos Portillo,64.34805,,
Juan Castilla,45.2251,,
Juan Cruz Díaz Espósito,31.651691,,
Juan David Cabal Murillo,63.46143,,
Juan David Mosquera López,58.91661,,
Juan David Perea,27.537054,,
Juan Durán Dueñas,60.621124,,
Juan Familia-Castillo,57.16393,,
Juan Felipe Moreno,24.949093,,
Juan Francisco Brunetta,47.178665,,
Juan Franco,60.899532,,
Juan Gilbert Sánchez,54.403103,,
Juan Guasone,62.07401,,
Juan Ignacio Martín Nardoni,58.424553,,
Juan Ignacio Miramon,41.22326,,
Juan José Echave Turri,33.432888,,
Juan José Mina,58.93393,,
Juan José Perea Mendoza,24.551466,,
Juan José Uribe Colorado,45.51006,,
Juan Larios López,56.1212,,
Juan Luis Sánchez Velasco,48.277874,,
Juan Macías,53.393604,,
Juan Manuel Cruz,25.199507,,
Juan Manuel Cuesta Baena,34.36788,,
Juan Manuel Gutiérrez Freire,39.58516,,
Juan Manuel Pérez Ruiz,35.710526,,
Juan María Alcedo Serrano,61.2655,,
Juan Miguel Latasa Fernández,36.186947,,
Juan Nazareno,58.397263,,
Juan Nicolás Carrera Zarzar,58.30685,,
Juan Pablo Barinaga,51.942028,,
Juan Pablo Cisternas,45.510654,,
Juan Pedro Navarro Valverde,45.50309,,
Juan Ramón Cáceres,52.85924,,
Juan Sebastian González Arza,47.914516,,
Juan Sebastián Quintero Fletcher,58.68031,,
Juan Sebastián Sforza,58.986137,,
Juan Sebastián Vargas Melgarejo,58.692654,,
Juan Soriano Oropesa,43.53395,,
Juan de Dios Rivas Margalef,62.86512,,
Juergen Farid Elitim Sepúlveda,29.391716,,
Julen Agirrezabala,45.515766,,
Julen Fernández Díaz,45.504543,,
Julen Jon Guerrero Landabaso,38.334114,,
Julen Lobete Cienfuegos,23.494593,,
Jules Christ Eboue Kouassi,62.631992,,
Julian Bauer,45.50631,,
Julian Dunn-Johnson,57.036125,,
Julian Huertas,45.503063,,
Julian Rekdahl Faye Lund,31.116074,,
Julian Tobias Emilio von Moos,24.412424,,
Julian Turi,59.245598,,
Julian Vincente Araujo,63.113644,,
Julien Vetro,26.116508,,
Julio Alonso Sosa,61.4617,,
Julio Augusto Dabo,57.892845,,
Julio César Enciso Espínola,30.644241,,
Julio Esteban Fierro Díaz,45.504086,,
Julio José Pleguezuelo Selva,62.381065,,
Julio Martínez Cortés,23.299778,,
Julius Dirksen,59.98768,,
Julius Herbert Billy Lindgren,43.413998,,
Julius Hoffmann,24.320532,,
Julián Alejo López,60.462,,
Julián Brea,28.529716,,
Julián Eduardo Palacios,55.11783,,
Julián Eseiza,60.34785,,
Julián Ezequiel Aude Bernardi,60.45269,,
Julián Romero,34.052147,,
Julián Simón Carranza,39.40599,,
Junior Alexis Hernández Angulo,61.398792,,
Junior Chukwubuike Adamu,24.429968,,
Junior Diaz,59.72399,,
Junior Morau Kadile,23.578297,,
Junior Olaitan Ishola,52.923187,,
Jurich Christopher Alexander Carolina,60.037968,,
Justin Antonius Lonwijk,59.3647,,
Justin Cameron McMaster,25.670113,,
Justin Che,60.802387,,
Justin Gerard Rennicks,23.661428,,
Justin Leonard Löwe,38.227287,,
Justin Plautz,57.033688,,
Justin Smith,57.79804,,
Justin Steinkötter,25.612911,,
Justo D'Angelo,60.43092,,
Ján Bernát,33.238556,,
Jérôme Déom,59.49275,,
Jóhannes K. Bjarnason,43.09574,,
Józef Burta,45.510788,,
Jørgen Sveinhaug,45.503384,,
Kacper Kostorz,37.72514,,
Kacper Lepczyński,54.009445,,
Kacper Sezonienko,24.962784,,
Kacper Skibicki,48.80014,,
Kacper Tabiś,57.181435,,
Kade Craig,52.761955,,
Kadin Chung,55.29236,,
Kadir Seven,56.741333,,
Kai Clifton Trewin,60.319527,,
Kai Evans,38.970818,,
Kai Fotheringham,36.886185,,
Kaiky Fernandes Melo,64.43769,,
Kaine Kessler Hayden,60.271687,,
Kaj van der Veldt,59.959328,,
Kalifa Manneh,24.258104,,
Kalil ElMedkhar,25.622179,,
Kameron Malcolm Ledwidge,54.80245,,
Kamil Ogorzały,45.573303,,
Kamohelo Mahlatsi,46.255337,,
Kane Benjamin Vincent-Young,56.94883,,
Kane Leo Wilson,56.925632,,
Kang Han Lee,50.108448,,
Kang Hyeon Lee,59.20586,,
Kangni Frederic Ananou,62.591873,,
Karabo Molefe,45.51832,,
Karamoko Kader Dembélé,23.317108,,
Karim Hafez Ramadan,60.999214,,
Karl Jakob Hein,45.514675,,
Karl Jesper Karlsson,24.320679,,
Karl O’Sullivan,39.81857,,
Karl William Eskelinen,45.5232,,
Karlo Sentić,37.75553,,
Karol Angielski,23.422228,,
Karol Stanisław Niemczycki,45.503216,,
Kartal Kayra Yılmaz,60.913452,,
Kasper Kaan Özden Kairinen,60.191463,,
Kasper Lunding Jakobsen,28.046303,,
Kasper Poul Mølgaard Jørgensen,58.756145,,
Kasper Waarst Høgh,25.802782,,
Kaveh Rad,56.256866,,
Kayky da Silva Chagas,26.84115,,
Kays Ruiz-Atil,44.01152,,
Kean Bryan,60.254448,,
Keanin Ayer Boya,52.73714,,
Keanu Staude,45.279404,,
Kebba Badjie,28.637756,,
Keesean Ferdinand,51.232243,,
Keiber Lamadrid,59.476418,,
Kekuta Manneh,36.68192,,
Kelechi John,62.68945,,
Kelvin John,30.542904,,
Kelvin Kwarteng Yeboah,23.691416,,
Kelvin Ofori,40.162148,,
Kelyan Guessoum,62.98442,,
Ken Nkuba Tshiend,59.183846,,
Kenji Joel Gorré,34.91601,,
Kenny Nagera,23.575235,,
Kenny Rocha Santos,59.826748,,
Keo Boets,45.508152,,
Kerem Atakan Kesgin,52.698563,,
Kerem Şen,49.193985,,
Kerr McInroy,57.606243,,
Kerrin Stokes,53.314026,,
Kervin Andrade,44.865406,,
Kerwin Vargas,23.629484,,
Kevin Amir Isa Luna,23.514828,,
Kevin Andres Minda Ruales,62.12721,,
Kevin Andrés Zenón,39.75899,,
Kevin Carlos Omoruyi Benjamin,24.786955,,
Kevin Costinha,23.559114,,
Kevin Egell-Johnsen,55.47959,,
Kevin Fernández,27.732227,,
Kevin Goden,57.04058,,
Kevin Halabaku,26.345955,,
Kevin Holmén,43.334843,,
Kevin Joacid Moreno Sinisterra,60.01728,,
Kevin Lankford,25.119928,,
Kevin Mouanga,60.227917,,
Kevin Nana Yaw Berkoe,49.36199,,
Kevin O'Toole,24.280096,,
Kevin Parra,32.369637,,
Kevin Raphael Diaz,24.171228,,
Kevin Rivera,44.8107,,
Kevin Rolón,61.75093,,
Kevin Simone Sessa,60.101955,,
Kevin Villodres Medina,33.62692,,
Keyendrah Simmonds,23.709734,,
Khaleel Rafiq Salah-Edine,29.922844,,
Khalid Essa Al Ghannam,27.725079,,
Khalid Mohammed Husain Mousa Al-Blooshi,42.10193,,
Khalifah Adel Al-Dawsari,58.469406,,
Ki-Jana Delano Hoever,62.075916,,
Kian Slor,28.369352,,
Kieran Ewan Freeman,58.224213,,
Kieran James Phillips,30.965479,,
Kieran Lloyd,51.59695,,
Kilian Bauernfeind,39.80338,,
Killian Corenthin,52.269352,,
Kingsley Dogo Michael,50.237705,,
Kion Reece Etete,26.656713,,
Kjell Dennis Collander,58.62122,,
Kleber David Pinargote Lara,45.505013,,
Koa Santos,55.628296,,
Koca Manu Agro,45.505573,,
Konan Ignace Jocelyn N’Dri,55.446247,,
Koray Dag,25.723515,,
Korede Yemi Adedoyin,32.712433,,
Kosta Petratos,36.261013,,
Kouya Mabea,57.888454,,
Kristall Máni Ingason,42.255505,,
Kristian Fletcher,24.950527,,
Kristian Fredrik Malt Arnstad,57.64983,,
Kristian Šekularac,35.362724,,
Kristoffer Paulsen,56.458733,,
Kristoffer-August Sundquist Klaesson,45.396267,,
Kristopher Twardek,37.997517,,
Krystian Kardyś,28.739988,,
Kryštof Daněk,28.228321,,
Krzysztof Kubica,61.548195,,
Kwadwo Kyeremeh Baah,30.357351,,
Kwaku Bonsu Osei,24.440306,,
Kwaku Oduroh,50.37395,,
Kwame Afriyie Adubofour Poku,43.41759,,
Kwame Peprah,33.673172,,
Kyan van Dorp,45.50652,,
Kye Francis Rowles,55.964798,,
Kyle Alex John,60.70466,,
Kyle Alexander Jameson,56.989758,,
Kyle Ferguson,55.625416,,
Kyle Leon Wootton,23.931467,,
Kyle Michael Dempsey,38.567024,,
Kyle O'Connor,37.93685,,
Kyoung-Bae Park,25.098097,,
Kyron Gordon,55.273422,,
Kyu Min Park,23.866535,,
Kélian Nsona Wa Saka,24.943277,,
Kévin Soni,41.52356,,
L. Henrique Rosa da Silva,39.19724,,
Lachlan Ricky Brook,34.363716,,
Lalawmpuia Ralte,23.735958,,
Lalbiakhlua Jongte,45.504215,,
Lalchungnunga Chhangte,43.731,,
Lalchungnunga Lalchungnunga,51.788105,,
Lalengmawia Ralte,57.2149,,
Lalhrezuala Sailung,49.244358,,
Lamin Jawara,54.76126,,
Lamine Diack,61.37701,,
Lamine Sy,55.932533,,
Lars Erik Oskar Fallenius,23.443182,,
Lars Kramer,63.35255,,
Lars Markmanrud,58.94542,,
Lassana Faye,59.438454,,
Lassana Sy,45.506123,,
Lasse Selvåg Nordås,24.509432,,
Laurenz Beckemeyer,45.505394,,
Laurit Krasniqi,59.45246,,
Lautaro Amadé,35.929558,,
Lautaro Emanuel Blanco,62.40518,,
Lautaro Marco Spatz,61.49496,,
Lautaro Nicolás Ríos,61.38311,,
Lautaro Pastrán,39.999916,,
Lautaro Rodrigo Valenti,62.3314,,
Lautaro Tomás Escalante,56.455715,,
Lautaro de León Billar,32.958805,,
Lawrence Agyekum,43.637627,,
Lawrence Nicholas,55.947933,,
Layan Loor,57.23512,,
Layonel Figueroa,51.58668,,
Leandro Antonetti,23.545408,,
Leandro Fernandes da Cunha,54.014,,
Leandro Frroku,51.171463,,
Leandro Ojeda,61.415195,,
Leandro Sanca,28.821926,,
Leandro Zbinden,45.513435,,
Lee Patrick O'Connor,60.451283,,
Lehlogonolo Matlou,49.946,,
Lennart Franklin Moser,45.507206,,
Lennart Schulze-Kökelsum,45.503815,,
Lennert Hallaert,37.648735,,
Lenny Jean-Pierre Pintor,24.314667,,
Lenín Checco,57.58808,,
Lenín Usca,45.51535,,
Leo Bengtsson,37.166702,,
Leo Erik Jean Cornic,55.284504,,
Leo Friedrich Oppermann,45.503475,,
Leo Fuhr Hjelde,61.73445,,
Leon Bürger,57.7599,,
Leon Damer,39.768257,,
Leon Kugland,48.617805,,
Leon Maximilian Flach,63.810852,,
Leon Ross Nikoro Davies,51.019497,,
Leon Thomson King,57.14833,,
Leon Valentin Schaffran,45.490936,,
Leonardo Adelino da Silva Lopes,62.611984,,
Leonardo Alves Chú,27.397013,,
Leonardo Borges da Silva,59.256386,,
Leonardo Campana Romero,25.827023,,
Leonardo Capezzi,46.446835,,
Leonardo Daniel Rivas Conge,56.932518,,
Leonardo Daniel Ulineia Buta,57.07666,,
Leonardo Filipe Cruz Lelo,61.21422,,
Leonardo Loria,42.586273,,
Leonardo Morosini,25.03869,,
Leonardo Mosquera,57.45568,,
Leonardo Román Riquelme,45.514046,,
Leonardo Scienza,26.3605,,
Leonardo Yánez,42.84979,,
Leonardo da Costa Bolgado,63.92191,,
Leonel Bucca,54.583218,,
Leonel Marcelo Picco,63.12378,,
Leonhard von Schroetter,58.00411,,
Leonid Srdic,57.370564,,
Leroy Abanda Mfomo,56.43725,,
Lesley Chimuanya Ugochukwu,61.214012,,
Lesly Rebello,50.74821,,
Levi Jeremiah Lumeka,24.863195,,
Lewis Butroid,51.041557,,
Lewis Graham Cass,59.93007,,
Lewis Jack Gibson,62.313503,,
Lewis Jay Freestone,58.718983,,
Lewis Leigh,43.808655,,
Lewis Neilson,59.447376,,
Lewis Paul Jimmy Richards,56.059803,,
Lewis Payne,52.871998,,
Lewis Rhys Collins,37.351273,,
Lewis Robert Page,61.37009,,
Lewis Temple,50.608665,,
Leôncio Roger Lobeiro Cunha,31.128466,,
Liam Alan Millar,25.838282,,
Liam Cross,44.103844,,
Liam Darren Shaw,56.8643,,
Liam Francis Peadar Donnelly,61.245445,,
Liam Harvey,33.413635,,
Liam Mark Kinsella,57.55611,,
Liam McCarron,50.272736,,
Liam McGing,57.47328,,
Liam Mullan,36.764786,,
Liam Spencer Gordon,54.49652,,
Liam Vincent,48.17383,,
Liam van Gelderen,60.422665,,
Liberman Bryan Torres Nazareno,58.03719,,
Lilian Niclas Egloff,37.411194,,
Lino Sousa,56.890236,,
Linus Carlstrand,23.472952,,
Linus Schäfer,47.389362,,
Linus Tagesson,47.258114,,
Lleyton Brooks,27.703787,,
Lloyd Richard Jones,60.349476,,
Lluc Matas García,45.503853,,
Lluís Recasens Vives,60.402134,,
Logan Chalmers,23.620472,,
Lorent Tolaj,32.48773,,
Lorenz Knöferl,30.163214,,
Lorenzo Callegari,57.958885,,
Lorenzo Maria Dickmann,62.976788,,
Lorenzo Zúñiga Owono,24.064392,,
Lorik Emini,62.833694,,
Louie Mark Barry,23.355898,,
Louis Chadwick,45.5083,,
Louis D'Arrigo,58.542805,,
Louis George Appéré,38.08114,,
Louis Samuel Reed,58.15014,,
Lourival Adnan Diniz Prazeres,64.02637,,
Loué Bayéré Junior,35.078648,,
Loïc Anthony Bessile,61.997402,,
Luan Vágner Simões Eustáquio,42.804893,,
Luca Bastian Plogmann,44.065018,,
Luca Crecco,47.053986,,
Luca Cristian Andronache,28.652615,,
Luca Daniel de la Torre,38.0809,,
Luca John Connell,52.17009,,
Luca Leovino Martínez Dupuy,23.82408,,
Luca Lezzerini,23.481985,,
Luca Menke,56.88026,,
Luca Petzold,33.051735,,
Luca Sonzogni,45.504776,,
Luca Stellwagen,56.794308,,
Luca Wollschläger,25.59752,,
Luca-Milan Zander,61.285625,,
Lucas Agustín Besozzi,26.319336,,
Lucas Barros da Cunha,63.01343,,
Lucas Becker,45.50367,,
Lucas Bergström,45.50342,,
Lucas Bernadou,60.07883,,
Lucas Calodat,56.716526,,
Lucas Cañizares Conchello,45.50771,,
Lucas Chrubasik,23.422895,,
Lucas Emanuel Brochero,28.468117,,
Lucas Esteves Souza,59.96612,,
Lucas Felix Krüger,23.973864,,
Lucas Flores de Oliveira,45.504547,,
Lucas Galarza,45.51616,,
Lucas Hernán Villalba,60.304256,,
Lucas Hiemann,45.51819,,
Lucas Jozef Lissens,61.153557,,
Lucas Larade,58.83457,,
Lucas Laso Gutiérrez,60.683743,,
Lucas Lionel Dias,45.50363,,
Lucas Maciel Felix,61.04515,,
Lucas Margueron,45.504192,,
Lucas Maximiliano Lemos Mayuncaldi,62.43115,,
Lucas Mika Wolf,35.194035,,
Lucas Nahuel González Martínez,58.49901,,
Lucas Nahuel Morales,60.975506,,
Lucas Oliveira Rosa,59.217205,,
Lucas Queiroz Canteiro,34.408985,,
Lucas Varaldo,23.79135,,
Lucas Zahaczewski,45.506123,,
Lucas Ángel Esquivel,58.668552,,
Luciano Daniel Arriagada Garcia,24.00374,,
Luciano Fernández,59.871117,,
Luciano Ismael Ferreyra,24.050335,,
Luciano Valente,36.44749,,
Luciano Vega,50.832943,,
Ludvig Nåvik,44.16644,,
Ludwig Francillette,59.225307,,
Luis Abelardo Vargas,57.39579,,
Luis Alberto García Pacheco,23.812517,,
Luis Alexis Maldonado,60.20067,,
Luis Alfredo Montero Ruíz,23.753616,,
Luis Barco,57.877174,,
Luis Bilbao Arechaga,23.928541,,
Luis David González Torres,35.555504,,
Luis Eduardo Demiquel Banegas,62.193493,,
Luis Federico López Andúgar,45.504276,,
Luis Fernando Casiani Zúñiga,56.25538,,
Luis Francisco Sánchez Mosquera,44.391006,,
Luis Gerardo Chávez Magallón,42.131035,,
Luis Hernán Franco Fariña,45.508335,,
Luis Ignacio Ingolotti,45.527027,,
Luis Lopes,24.54828,,
Luis Mario Díaz Espinoza,30.20427,,
Luis Mateo Ortíz Lara,61.1749,,
Luis Miguel Barrios,31.540247,,
Luis Perea Hernández,57.54015,,
Luis Thomas Binks,63.387333,,
Luis Ángel Malagón Velázquez,45.51497,,
Luiz Skraback,43.81458,,
Luka Pršo,51.871475,,
Luka Stankovski,39.301483,,
Lukas Ahlefeld Engel,59.326965,,
Lukas Bornhøft Jensen,45.49946,,
Lukas Emanuel Petkov,55.8937,,
Lukas Klünter,59.021404,,
Lukas Mazagg,60.222607,,
Lukas Prokop,56.022797,,
Lukas Rhöse,49.165043,,
Lukas Sedlak,45.504444,,
Lukas Sparre Klitten,51.68754,,
Lukas Stephan Horst Daschner,45.9479,,
Lukas Willen,58.647945,,
Luke Alexander Matheson,55.291996,,
Luke Amos,59.53627,,
Luke Badley-Morgan,55.167336,,
Luke Boore,53.2744,,
Luke Gerald Michael Thomas,35.848457,,
Luke James Cundle,51.86777,,
Luke Jenkins,53.232758,,
Luke Joshua Bodnar,58.398293,,
Luke Mariette,43.90265,,
Luke Matthew Woolfenden,62.672356,,
Luke Oresti,34.2386,,
Luke Owen Jephcott,26.207506,,
Luke Paul McGee,37.300613,,
Luke Philip McCormick,56.02774,,
Luke Rudden,23.370586,,
Luke William Offord,60.569244,,
Luke Đuzel,42.307594,,
Lukáš Horníček,45.503242,,
Luther Ash James-Wildin,56.208267,,
Luuk Wouters,60.32688,,
Luís Miguel Castelo Santos,44.01246,,
Luís Pedro Alves Bastos,60.05455,,
Lyle Brent Foster,32.76975,,
Lynden Jack Gooch,51.234894,,
Léider Andrés Riascos Suárez,59.65126,,
Léon Delpech,51.564346,,
Lévi Ntumba,45.3204,,
Maciej Bortniczuk,34.41917,,
Madallah Ali Al-Olayan,47.128925,,
Mads Emil Møller Madsen,42.76363,,
Mads Hedenstad Christiansen,44.929817,,
Mads Juhl Kikkenborg,45.514458,,
Mads Roerslev Rasmussen,61.574966,,
Madyen El Jaouhari,48.765835,,
Magnus Elkjær Mattsson,29.303183,,
Magnus Isager,50.602192,,
Magnus Kaastrup Refstrup Lauritsen,30.499193,,
Magnus Nordengen Knudsen,59.965122,,
Mahamadou Dembélé,59.89358,,
Mahamadou Doucouré,27.67631,,
Mahamadou Doumbia,38.194374,,
Mahlon Beresford Baker Romeo,58.48144,,
Maico Alejandro Quiroz,58.962822,,
Maicol Gil,56.505238,,
Maicol Giovanny Medina Medina,46.181194,,
Maicol Ruiz,58.203938,,
Maiker Alfonzo Rivas González,56.960598,,
Mairon Jair Quiñónes Cabezas,56.04095,,
Maissa Ndiaye,61.135944,,
Makana Rudi Baku,25.019667,,
Maksymilian Stryjek,23.410723,,
Malcolm Viltard,58.914474,,
Malcom Adu Ares Djaló,23.57621,,
Malik Sawadogo,49.61485,,
Malthe Højholt,62.279995,,
Mamadi Caba Camará,41.372055,,
Mamadou Ibra Mbacke Fall,62.71886,,
Mamadou Kaly Sène,25.992855,,
Mamady Alex Bangré,43.726837,,
Mamady Diarra,49.32931,,
Mamoudou Karamoko,23.68196,,
Mansor Faiez Al-Beshe,43.282524,,
Manuel Duarte,33.00791,,
Manuel Garrido Álvarez,30.154478,,
Manuel Guanini,62.207783,,
Manuel Lama Maroto,59.977806,,
Manuel Mama Samba Baldé,45.503773,,
Manuel Monzeglio Velázquez,24.179514,,
Manuel Morillo León,23.371664,,
Manuel Osifo,55.91502,,
Manuel Paul Wintzheimer,24.715143,,
Manuel Rico Del Valle,35.606617,,
Manuel Sulbarán,39.89838,,
Manuel Tadeo Llano Massa,57.591427,,
Manuel Thurnwald,56.491966,,
Maodo Malick M'Baye,49.309425,,
Marc Aguado Pallarés,49.20011,,
Marc Llinares Barragán,53.343094,,
Marc Lutz,49.97957,,
Marc Pubill Pagès,60.75559,,
Marc Tenas Ureña,24.003473,,
Marc Vidal Girona,45.504948,,
Marcel Edwin Rodrigues Lavinier,59.168236,,
Marcel Mansfeld,35.4768,,
Marcel Zapytowski,45.504982,,
Marcelo Flores,33.69084,,
Marcelo Iván Allende Bravo,36.187576,,
Marcelo Palomino,32.819252,,
Marcelo Rubén Acosta Ríos,56.246902,,
Marcelo Suárez,60.684826,,
Marcin Szpakowski,56.277412,,
Marco Alexandru Dulca,62.258472,,
Marco Bosisio,61.945454,,
Marco Campagnaro,58.550735,,
Marco Camus Muñoz,33.07025,,
Marco Genare Di Cesare,62.79404,,
Marco Moreno Ojeda,60.43963,,
Marco Olivieri,24.237896,,
Marco Pašalić,31.855679,,
Marco Pinato,41.987316,,
Marcos Curado,61.81599,,
Marcos Ezequiel Gómez Paredes,60.77704,,
Marcos García Trabanco,35.47758,,
Marcos Gonzalo Goñi,63.137917,,
Marcos Hernán Peano,45.503426,,
Marcos Johan López Lanfranco,62.088905,,
Marcos Luna Luna Ruiz,62.49465,,
Marcos Nahuel Enrique,61.462517,,
Marcos Paulo Costa do Nascimento,40.264824,,
Marcus Anthony Harness,24.682022,,
Marcus Ellingsen Andersen,45.50581,,
Marcus Maier,38.446877,,
Marcus Mølvadgaard,29.61477,,
Marcus Samuel Michael McGuane,57.520294,,
Marcus Serup Hannesbo,55.423717,,
Marian Fernando Huja,61.589912,,
Marian Obedeanu,35.901382,,
Marian Sarr,62.558212,,
Marinus Larsen,39.989204,,
Mario Gila Fuentes,60.157513,,
Mario Hernández Fernández,63.778416,,
Mario Jorrín González,57.672047,,
Marios Tsaousis,58.950737,,
Marius Broholm,52.008457,,
Marius Christopher Høibråten,61.90663,,
Marius Mihai Marin,62.27252,,
Marius Tollefsen,45.478367,,
Mark Alexander McKenzie,62.69874,,
Mark James McGuinness,62.486263,,
Mark Nnamdi Ugboh,45.503548,,
Mark Thomas Harris,39.19049,,
Markel Etxeberría Mendiola,62.7172,,
Marko Brkljača,33.862373,,
Marko Dijakovic,57.666935,,
Marko Kvasina,27.871946,,
Marko Marić,31.903801,,
Marko Seufatu Nikola Stamenic,59.45551,,
Marko Soldo,24.206402,,
Markus André Kaasa,48.940895,,
Markus Nakkim,60.105328,,
Marlon Perea,25.382286,,
Marnon Thomas Busch,60.46818,,
Marokhy Ndione,32.210403,,
Mart Ristl,60.329212,,
Martial Godo,29.111797,,
Martijn Beernaert,45.509106,,
Martim Miguel Carneiro Tavares,25.261547,,
Martin Adeline,57.4313,,
Martin Smith,53.60119,,
Martin Yankov Minchev,33.834053,,
Martí Vilà García,57.074257,,
Martín Ezequiel Cañete,49.950016,,
Martín Garay,62.678764,,
Martín Gianoli,61.452583,,
Martín Manuel Calderón Gómez,62.4349,,
Martín Merquelanz Castellanos,41.235588,,
Martín Ortega,58.79784,,
Martín Pascual Castillo,62.186886,,
Martín Suárez,53.08906,,
Marvin Ayhan Obuz,25.626871,,
Marvin Lee Rittmüller,60.440254,,
Marvin Olawale Akinlabi Park,24.520502,,
Marvin Tshibuabua,61.133503,,
Maryan Faryna,56.945103,,
Masimiliano Doda,52.716927,,
Massimo Bertagnoli,60.5921,,
Matchoi Bobó Djaló,37.75704,,
Matei Moraru,36.64778,,
Mateo Agustín Coronel,34.603813,,
Mateo Joseph Fernandez,23.85926,,
Mateo Klimowicz,32.831913,,
Mateus Gonçalo Espanha Fernandes,50.559338,,
Mateus Santos Barbosa,24.31421,,
Mateusz Kowalski,24.36853,,
Mateusz Letkiewicz,56.14954,,
Mateusz Piotr Bogusz,38.82883,,
Mateusz Stefan Lewandowski,30.198238,,
Matheus Bueno Batista,55.978825,,
Matheus Nunes Fagundes de Araújo,32.88128,,
Matheus Pereira de Souza,60.489563,,
Matheus Salgueiro Pains,62.186733,,
Mathew Antony Stevens,24.412321,,
Mathias Damm Kvistgaarden,39.998646,,
Mathias Daniel Pinto Mell,23.64633,,
Mathias De Wolf,48.37001,,
Mathias Johnsrud Emilsen,52.88492,,
Mathias Knutsen Rasmussen,49.809826,,
Mathias Ross Jensen,62.679314,,
Mathias Ullereng Kjølø,59.448757,,
Mathieu Cachbach,58.869648,,
Mathis Bruns,57.644444,,
Mathis Christophe Picouleau,54.00808,,
Mathys Saban,33.911922,,
Mathías Bernatene,45.50631,,
Mathías Carpio,56.70308,,
Mathías Nicolás Laborda Malseñido,62.799793,,
Matias Flores,30.110508,,
Matija Horvat,61.80412,,
Matis Carvalho,45.514107,,
Matisse Didden,57.855244,,
Matko Babić,23.353338,,
Matko Mijael Miljevic,41.78172,,
Matondo-Merveille Papela,57.491196,,
Mats Lemmens,59.62748,,
Matteo Anzolin,59.60403,,
Matteo Arena,52.021996,,
Matteo Chiacig,45.50431,,
Matteo Emilio Di Giusto,23.475628,,
Matteo Piacentini,62.384502,,
Matthew Alexander Sorinola,57.634678,,
Matthew Anim Cudjoe,31.226131,,
Matthew Ben Longstaff,57.804295,,
Matthew David Butcher,55.213104,,
Matthew David Hundley,23.780975,,
Matthew Freese,45.503242,,
Matthew Gerrard Smith,59.82454,,
Matthew Hatch,47.502686,,
Matthew Hudson,40.38378,,
Matthew Jimmy David Garbett,51.785713,,
Matthew Pollock,61.35596,,
Matthew Real,59.676018,,
Matthew Ridenton,52.94715,,
Matthew Robert Smith,60.185,,
Matthew Ryan Wolfe,57.53691,,
Matthew Scott,42.56776,,
Matthew Thomas Palmer,54.484505,,
Matthias Gragger,55.322918,,
Matthias Jean Phaeton,27.919504,,
Matthis Harsman,45.51182,,
Matthäus Taferner,60.085274,,
Mattia Ciucci,56.756954,,
Mattia Motolese,58.303593,,
Mattia Pagliuca,23.437798,,
Mattia Vitale,51.49811,,
Mattia Viviani,61.789722,,
Mattias Olof Svanberg,47.76106,,
Mattéo Ahlinvi,59.19007,,
Mattéo Rabuel,58.020317,,
Matías Cedrés Batista,52.318024,,
Matías Damián Palacios,44.10481,,
Matías Damián Pérez,64.13377,,
Matías Eduardo Esquivel,53.69444,,
Matías Fernando Lazo Zapata,62.164303,,
Matías Fredes,25.290833,,
Matías Morello,57.321217,,
Matías Nahuel Borgogno,24.420889,,
Matías Nahuel González,49.323505,,
Matías Nicolás Miranda,56.996834,,
Matías Ocampo,40.79423,,
Matías Romero Andrade,36.521065,,
Matías Vesprini,61.449112,,
Maurice Jerome Litka,30.564617,,
Maurice Maximilian Malone,27.9522,,
Maurice Michael Multhaup,37.18449,,
Mauricio Alejandro Tévez,26.098759,,
Maurilio de Lannoy,30.663248,,
Maurizio Robotta,50.849846,,
Mauro Andrés Manotas Páez,27.712883,,
Mauro Silveira,45.503437,,
Max Alves da Silva,34.460155,,
Max Anchor,45.505238,,
Max Delyfer,48.291187,,
Max Dyche,56.169693,,
Max Harrison Sanders,58.31256,,
Max James Watters,28.25981,,
Max Johannes Whitta Fenger,23.486532,,
Max Kulke,53.33433,,
Max McMillan,23.510849,,
Max Murphy,49.90412,,
Max Normann Williamsen,58.699062,,
Max O’Leary,27.880262,,
Max Taylor,58.52901,,
Max Wolfs,45.503323,,
Max Wright,32.579052,,
Maxence André Prévôt,45.505386,,
Maxim Deman,45.50416,,
Maxim Gullit,59.797886,,
Maximilian Franzke,24.68864,,
Maximilian Neuberger,58.81381,,
Maximilian Neutgens,45.513912,,
Maximilian Sprang,45.50629,,
Maximiliano David Ayala,61.992043,,
Maximiliano Samuel Romero,28.076153,,
Maximiliano Torrealba,24.336926,,
Maykol Antonio Sánchez Arancibia,33.331875,,
Maïdine Douane,27.753542,,
Mduduzi Shabalala,28.774246,,
Mehdi Baaloudj,25.369164,,
Mehdi Bariki,24.589197,,
Mehdi Lehaire,44.969604,,
Mehmet Albayrak,52.44905,,
Mehmet Ataberk Dadakdeniz,45.50368,,
Mehmet Can Aydin,60.31015,,
Melker Ellborg,45.51095,,
Melvin Aladin Ramusović,59.124805,,
Melvin Sitti,58.64262,,
Melvyn Lorenzen,34.480457,,
Mender García Torres,24.655304,,
Menno Koch,62.91294,,
Mert Arslan,42.103634,,
Mert Kurt,23.866629,,
Metehan Baltacı,59.225525,,
Metehan Güçlü,23.51202,,
Michael Andrew Johnston,26.47444,,
Michael Cornelis Woud,45.43857,,
Michael John Cooper,45.51071,,
Michael John Lema,26.296312,,
Michael Jordan Williams,56.95497,,
Michael Joseph Edwards,51.89331,,
Michael Kostka,57.998436,,
Michael Martin,48.95674,,
Michael Ndiweni,23.56848,,
Michael Ologo Inainfe,61.599133,,
Michael O’Connor,23.525085,,
Michael Thomas Tallaksen Crowe,39.464046,,
Michael Wyparło,51.594276,,
Michalis Kosidis,23.6368,,
Michał Rostkowski,49.253975,,
Michel De Jesus Sousa,26.477318,,
Michele Rocca,42.812096,,
Miguel Angel Cornejo Loli,60.784557,,
Miguel Angel Martínez Irala,45.505177,,
Miguel Azeez,43.304394,,
Miguel Baeza Pérez,42.840446,,
Miguel Colque,58.063736,,
Miguel Ferreira de Sousa,40.732357,,
Miguel Gutiérrez Ortega,62.22809,,
Miguel Maria Mariano Falé,41.665886,,
Miguel Mariz Luís,57.33773,,
Miguel Puche García,40.402336,,
Miguel Raimundo Nóbrega,63.082333,,
Miguel Rodríguez Vidal,34.086487,,
Miguel Silva Reisinho,58.357906,,
Miguel Sánchez Tabares,45.503193,,
Miguel de la Fuente Escudero,27.521465,,
Miguel Ángel Atienza Villa,61.602753,,
Miguel Ángel Morro Muñoz,45.5136,,
Miguel Ángel Navarro Zárate,59.035763,,
Miguel Ángel Nazarit Mina,61.154728,,
Miguel Ángel Ruiz Herráiz,57.527905,,
Miguel Ángel Sanz Campos,45.506325,,
Miguel Ângelo Ferreira Magalhães,61.547703,,
Mihai Alexandru Dobre,43.187546,,
Mihai Alexandru Eşanu,45.054287,,
Mihai Daniel Lixandru,58.550087,,
Mihai Marian Aioani,45.519352,,
Mihai Maximilian Popa,32.69033,,
Mihai Velisar,59.77696,,
Mika Godts,37.90848,,
Mika Mármol Medina,61.261143,,
Mika Schröers,34.121254,,
Mikael Ugland,44.10861,,
Mike Havekotte,41.955845,,
Mike Johannes Hendrikus Josephus van Beijnen,60.013012,,
Mike Penders,45.509533,,
Mikel Carro Fandiño,59.95827,,
Mikey O'Neill,23.852879,,
Mikkel Duelund Poulsen,45.726337,,
Mikkel Juhl Andersen,54.332283,,
Mikkel Kallesøe Andreasen,26.011799,,
Mikkel Kaufmann Sørensen,24.348251,,
Mikkel Konradsen Ceide,57.850464,,
Mikkel Møller Lassen,57.641647,,
Mikkel Rakneberg,29.8908,,
Mikołaj Rakowski,53.863804,,
Milan Dimun,55.489975,,
Milan Smit,23.914907,,
Miliano Jonathans,23.69737,,
Miloš Bočić,23.474546,,
Milton Marcelo Maciel Brítez,46.50383,,
Milton Nahuel Valenzuela,60.95455,,
Min Geol Woo,49.70331,,
Min Gyu Kim,52.732338,,
Min Jun Kim,29.231806,,
Min Seok Kim,40.76032,,
Min Woo Jung,35.018795,,
Mirko Tomianovic,60.272312,,
Miroslav Gono,48.389763,,
Misael Omar Cubillos Ramos,23.334265,,
Mitchell Nigel Rose,59.314327,,
Mitchell Perry Lund,55.452816,,
Mitchell Reece Clark,58.63306,,
Mitchell Roberts,56.688175,,
Moataz Al-Baqaawi,45.494053,,
Moataz Zemzemi,47.92116,,
Modou Tambedou,59.860706,,
Mohamad Al-Taay,53.705612,,
Mohamed Aiman Moukhliss Agmir,44.385487,,
Mohamed Airam Ramos Wade,45.511658,,
Mohamed Ben Fredj,23.439487,,
Mohamed Berte,28.425001,,
Mohamed Bouchouari,57.739628,,
Mohamed El Hankouri,37.661415,,
Mohamed Kefing Kanté,24.434172,,
Mohamed Salah El Boukammiri,26.0485,,
Mohamed Saïd Benrahma,31.022417,,
Mohamed Taabouni,43.461735,,
Mohamed Toure,29.296837,,
Mohamed Traore,55.946606,,
Mohamed Youla,50.977215,,
Mohammed Abo Abd,32.528694,,
Mohammed Al Biladi,45.504158,,
Mohammed Al Khaibari,51.19123,,
Mohammed Al Kunaydiri,53.446762,,
Mohammed Al Mosabbah,49.172928,,
Mohammed Al Qahtani,28.650232,,
Mohammed Bassam Alhurayji,38.234432,,
Mohammed Boudiaf,47.63674,,
Mohammed Furaih,23.418917,,
Mohammed Khalil Maran,24.143864,,
Mohammed Qassem Al Nakhli,61.969296,,
Mohammed Tahiri,24.814001,,
Mohammed Waad,61.771225,,
Moises Castillo Mosquera,60.960693,,
Moisés Isaac Caicedo Corozo,64.00913,,
Momodou Bojang,23.589855,,
Monsuru Opeyemi,48.325115,,
Montasser Lahtimi,27.774382,,
Moonga Simba,29.716124,,
Morgan Boyes,57.709698,,
Morgan Elliot Roberts,34.839367,,
Morgan Elliot Rogers,39.763252,,
Morgan Faßbender,24.09073,,
Morgan Paul Poaty,61.89433,,
Moritz Berg,50.76385,,
Moritz Heinrich,27.98849,,
Moteb Saad Al-Harbi,59.35865,,
Moubarack Compaoré,27.8008,,
Moudi Najjar,51.036148,,
Mouhamadou Lamine N'Dao,49.77344,,
Mouhamed Niang,57.35938,,
Mounir Chouiar,33.442017,,
Moussa Kalilou Djitté,25.131289,,
Moustapha Cissé,23.632128,,
Moïse Sahi Dion,25.142868,,
Muamer Tanković,27.736599,,
Muhammed Enes Kiprit,27.713308,,
Muhammed Samed Karakoç,33.74421,,
Muhammed-Cham Saračević,25.557404,,
Muhammet Arslantaş,25.136255,,
Muhammet Taha Tepe,25.161333,,
Muhannad Mustafa Al-Shanqeeti,60.568653,,
Muheet Shabir Khan,45.50333,,
Mukhtar Abdullahi Ali,57.53954,,
Murat Cem Akpınar,60.418575,,
Musab Habkoor,52.88039,,
Mustafa Eser,61.074352,,
Mustafa Kapı,51.525696,,
Mustafa Kizza,57.859776,,
Mustapha Sangaré,23.789518,,
Muteb Al Mutlaq,53.378895,,
Muzaffer Cem Kablan,45.51044,,
Mykola Kukharevych,23.625916,,
Myles Lewis George Kenlock,62.43759,,
Myung Sun Kim,55.467804,,
Máximo David Alonso Fontes,41.026997,,
Mücahit Serbest,45.501812,,
Münir Levent Mercan,47.87401,,
N'Dri Philippe Koffi,24.24883,,
Nabili Zoubdi Touaizi,28.79109,,
Nacim El Hassani,41.84439,,
Nadhir Benbouali,23.548262,,
Nahuel Casasola,60.572304,,
Nahuel Manganelli,45.420464,,
Nahuel Molina Lucero,59.587074,,
Nahuel Soria,35.809753,,
Naif Saeed Almas,56.002243,,
Naim García García,31.099472,,
Nana Boateng,31.538458,,
Nando Toggenburger,23.97985,,
Nando Zen Pijnaker,61.58643,,
Nasser Al Hadhood,52.318867,,
Nasser Al Shikaili,31.797918,,
Nasser Djiga,58.25864,,
Nasser Eissa Shafi Al-Dawsari,59.418392,,
Natanas Žebrauskas,54.54807,,
Nathan Broome,45.483982,,
Nathan De Medina,61.075512,,
Nathan Elliot Holland,25.725811,,
Nathan Fogaça,23.371674,,
Nathan James Smith,57.745674,,
Nathan Kenneth Patterson,62.389595,,
Nathan Logue Cunningham,41.27792,,
Nathan Monzango,62.0969,,
Nathan N'Goumou Minpole,33.77044,,
Nathan Sheppard,45.504307,,
Nathan Thomas,35.232273,,
Nathan Wicht,42.256348,,
Nathan Wood-Gordon,61.103104,,
Nathanael Kukanda,43.645824,,
Nathanaël Saintini,54.691975,,
Nathaneal Blair,24.803621,,
Nathangelo Alexandro Markelo,60.295753,,
Nathaniel Caleb Atkinson,60.240437,,
Nathaël Julan,39.14475,,
Nawaf Al Saadi,28.921686,,
Nawaf Dhahi Faisal Al Suweiti Al-Aqidi,45.50365,,
Nawaf Hazazi,24.629934,,
Nazareno Funez,34.502186,,
Nazareno Romero,59.921974,,
Naël Jaby,56.898445,,
Neider Barona Solis,25.789375,,
Nelson Quiñónes,32.71877,,
Nemanja Celic,62.30016,,
Neraysho Meritchio Kasanwirjo,63.887783,,
Nermin Karić,49.00237,,
Nestor Jiménez,23.630579,,
Neven Djurasek,61.186287,,
Niall Mason,60.124336,,
Niall Nathan Michael Ennis,36.937267,,
Nic Bollado,23.496891,,
Niccolò Pierozzi,39.102135,,
Niccolò Zanellato,53.09926,,
Niccoló Belloni,23.30881,,
Nicholas D'Agostino,25.993013,,
Nicholas Markanich,23.817038,,
Nicholas Michael Hayes,45.503387,,
Nicholas Suman,45.510532,,
Nicholas Tsaroulla,56.82081,,
Nick Anderton,55.16523,,
Nicky Clescenco,25.213108,,
Nicky Hernandez,42.936626,,
Nicky Medja Beloko,62.460392,,
Niclas Eliasson Santana,28.185484,,
Nico Gordon,60.478218,,
Nico Gorzel,58.37471,,
Nico Moos,55.672333,,
Nicolas Galazzi,40.679817,,
Nicolas Martin Hautorp Madsen,59.39516,,
Nicolas Thibault Haas,54.809814,,
Nicolas Thierry Raskin,62.88907,,
Nicolo Tresoldi,24.093216,,
Nicolás Agustín Demartini,63.571404,,
Nicolás Alejandro Thaller,63.343548,,
Nicolás Bastián Guerra Ruz,23.479376,,
Nicolás Brian Acevedo Tabárez,62.810078,,
Nicolás Delgadillo Godoy,27.209406,,
Nicolás Ezequiel Fernández Mercau,60.837322,,
Nicolás Ezequiel Giménez,51.076797,,
Nicolás Federico Castro,47.73013,,
Nicolás Fernando Cordero,26.50133,,
Nicolás Ferreira,28.806852,,
Nicolás Figueroa,23.80642,,
Nicolás Gudiño Castilla,59.952732,,
Nicolás Martín Tripichio,59.75256,,
Nicolás Quagliata,37.982964,,
Nicolás Serrano Galdeano,23.743605,,
Nicolò Fazzi,42.28247,,
Niels Patrick Nkounkou,59.245007,,
Nigel van Haveren,45.504593,,
Nika Gagnidze,59.206886,,
Nikita Fedotov,45.50359,,
Niklas Jahn,44.710445,,
Niklas Jeck,60.108624,,
Niklas Lübcke,45.502983,,
Nikodem Niski,54.821087,,
Nikola Stevanović,62.593956,,
Nikola Stosic,59.377014,,
Nikolai Baden Frederiksen,23.889132,,
Nikolai Rohde Laursen,26.332296,,
Nikolas Korzeniecki,56.913616,,
Nikolas Langberg Dyhr,60.896442,,
Nikolas Polster,45.5041,,
Nikolas Terkelsen Nartey,62.309055,,
Nikoloz Kutateladze,24.33301,,
Nikos Zografakis,29.919395,,
Nils Arvidsson,45.515594,,
Nils Eric Roland Björkander,58.56069,,
Nils Gustav Georg Fröling,37.01235,,
Nils Hahne,45.51258,,
Nils Mortimer Moreno,23.506584,,
Nils Seufert,36.06289,,
Nils Wallenberg,52.458317,,
Nils-Jonathan Körber,45.375526,,
Nilson David Castrillón Burbano,55.586056,,
Nino Žugelj,24.874157,,
Nishan Connell Burkart,26.140043,,
Nkosingiphile Ngcobo,41.165573,,
Noah Awuku,23.840513,,
Noah Christopher Chilvers,56.897614,,
Noah De Queiroz Pacheco,54.970825,,
Noah Diliberto,52.45066,,
Noah Emmanuel Jean Holm,25.76725,,
Noah James,45.503418,,
Noah Kemeseng Sonko-Sundberg,61.48799,,
Noah König,58.4092,,
Noah Raveyre,45.50321,,
Noah Sadiki,58.851124,,
Noah Serwy,23.414494,,
Noah Shawn Agbaje,25.10075,,
Noah Wagner,54.972466,,
Noble Okello,55.923565,,
Noel Hansson,54.062668,,
Noel López de la Fuente,25.805515,,
Nongdamba Naorem,31.007996,,
Norbert Pacławski,31.074177,,
Norbert Wojtuszek,47.651943,,
Nordin Musampa,60.74262,,
Novatus Miroshi Dismas,59.73488,,
Nuno Gonçalo Rocha Moreira,30.496218,,
Nuno Miguel Reis Lima,63.567047,,
Nurettin Korkmaz,29.039928,,
Nya Jerome Kirby,37.50917,,
Odin Ohray Bailey,33.656815,,
Olaf Kobacki,43.903122,,
Olamide Shodipo,24.65695,,
Ole Martin Lekven Kolskogen,60.952965,,
Ole ter Haar Romeny,26.697739,,
Oleksandr Drambaev,59.399967,,
Oleksandr Yatsyk,57.052753,,
Oleksiy Sych,58.156147,,
Olimpiu Vasile Moruțan,45.327923,,
Oliver Bjerrum Jensen,44.17279,,
Oliver Bundgaard Kristensen,58.164482,,
Oliver Casey,60.65587,,
Oliver Denham,57.228874,,
Oliver Kamdem,57.361576,,
Oliver Lukas Dozae Nnonyelu Dovin,45.50315,,
Oliver Marc Rose-Villadsen,59.298866,,
Oliver Michael Rathbone,48.171288,,
Oliver Olsson,56.256783,,
Oliver Ross,27.489174,,
Oliver Samuel Crankshaw,39.005127,,
Oliver Schnitzler,23.391283,,
Oliver Vincent Finney,38.985928,,
Oliver Younger,59.122444,,
Olivier Boissy,24.20982,,
Olivier Michel Kemen,62.5393,,
Olivier Wypart,52.905994,,
Oliwier Sławiński,24.566015,,
Oliwier Wojciechowski,53.166943,,
Oliwier Zych,45.505497,,
Ollie Battersby,45.503345,,
Olufela Oladele Olomola,24.777554,,
Oluwarotimi Mark Odusina,60.2876,,
Oluwaseyi Babajide Ojo,29.89046,,
Oluwatosin Adarabioyo,60.33454,,
Omar Antonio Albornoz Contreras,57.71233,,
Omar Damen Al Ruwaili,24.338402,,
Omar Hamad Al-Owdah,54.091175,,
Omar Jebali,59.512886,,
Omar Khalid Dakhel Al-Jadani,26.790981,,
Omar Kolawole Olufemi Sowunmi,57.143337,,
Omar Rekik,61.60959,,
Omar Saeed,57.77832,,
Omar-Šarif Sijarić,43.848804,,
Omir Guadalupe Fernandez Mosso,42.19612,,
Onel Acosta,59.188732,,
Onurhan Babuscu,29.742626,,
Orges Bunjaku,54.330658,,
Oriol Busquets Mas,61.16382,,
Orlando David Colmán,53.577816,,
Orrin McLaughlin,38.99383,,
Osazee Aghatise,35.049988,,
Oscar Aga,23.621271,,
Oscar Camilo Salomón,62.835945,,
Oscar Carl Linnér,44.47936,,
Oscar Halls,50.111004,,
Oscar Massey,24.471512,,
Oscar Ramón Toledo Acosta,45.50299,,
Oscar Thore Hedvall,44.296276,,
Osher Davida,26.280966,,
Oskar Aron Opsahl,52.153214,,
Oskar Lodziński,45.50401,,
Oskar Mielcarz,45.474304,,
Oskar Sewerzyński,57.17468,,
Oskar Siira Sivertsen,26.936838,,
Oslimg Roberto Mora Pasache,44.459225,,
Osman Bukari,36.712837,,
Osman Hadžikić,23.421118,,
Osvaldo Rodríguez del Portal,62.083096,,
Oswaldo Josué Valenzuela Dileo,60.88742,,
Othman Awadh,47.50476,,
Otis Jan Mohammed Khan,29.960188,,
Otto Lindell,44.633698,,
Ousmane Ba,45.503468,,
Ovidiu Horșia,36.080223,,
Ovidiu Ioan Perianu,59.763054,,
Owen Bevan,59.083027,,
Owura Edwards,30.94877,,
Oğuzhan Akgün,23.498774,,
P. Justiniano Almeida Gomes,60.892166,,
Pablo Agustín Minissale,63.538994,,
Pablo Alejandro Bonilla Serrada,53.61448,,
Pablo Antonio Ortiz Cabezas,60.844265,,
Pablo Cuñat Campos,45.512566,,
Pablo César López Martínez,42.02709,,
Pablo Enrique Ruíz,64.10915,,
Pablo Felipe Pereira de Jesus,23.860218,,
Pablo Gozálbez Gilabert,46.731316,,
Pablo Gálvez Miranda,28.644558,,
Pablo Ibáñez Lumbreras,58.29732,,
Pablo López Gallo,60.32248,,
Pablo Moreno Taboada,24.195719,,
Pablo Muñoz Crespo,31.74074,,
Pablo Pérez Rico,57.70826,,
Pablo Rodríguez Delgado,39.05819,,
Pablo Tomeo Félez,60.505856,,
Pablo Torre Carral,42.03991,,
Pablo Vaca,57.01226,,
Pablo Valencia García,45.511784,,
Pacifique Niyongabire,35.407658,,
Padhraic John O'Connor,61.340767,,
Panagiotis Panagiotou,59.46624,,
Pantelis Chatzidiakos,62.521824,,
Paolo Alessandro Reyna Lea,60.248764,,
Paolo Fernándes Cantin,35.35534,,
Paolo Gozzi,60.621666,,
Paolo Marco Leima Donatelo,62.19713,,
Paolo Medina Etienne,60.428185,,
Paolo Sciortino,60.028263,,
Paolo Yrizar Martín del Campo,27.716105,,
Pape Habib Guèye,23.361933,,
Pape Samba Thiam,36.806667,,
Parfait Endong Bilias,55.400795,,
Pascal Hammer,52.853138,,
Patricio Alessandro Flores Bascur,58.699314,,
Patrick Brouwer,47.9392,,
Patrick Gilmar Sequeira,45.238216,,
Patrick Kpozo,56.488968,,
Patrick Moser,45.505703,,
Patrick Scheder,46.394733,,
Patrick Sussek,25.16869,,
Patrick Weah,25.668726,,
Patrik Daniel Karlsson Lagemyr,23.914003,,
Patrik Sigurður Gunnarsson,45.50019,,
Patriot Sejdiu,29.778711,,
Patryk Klimala,29.493952,,
Patryk Peda,58.72227,,
Pau Casadesús Castro,58.792694,,
Paul Andrew Digby,56.622185,,
Paul Asiedu Osew,56.33602,,
Paul Bourdelle,45.5036,,
Paul Grave,45.491676,,
Paul Manske,28.072285,,
Paul Milton Glatzel,27.765432,,
Paul Méliande,50.09983,,
Paul Philip Mullin,23.447575,,
Paulo Eduardo Ferreira Godinho,61.887997,,
Paulo Estrela Moreira Alves,60.826904,,
Paulo Guilherme Gonçalves Bernardo,54.064537,,
Paulo Vitor Fernandes Pereira,37.06603,,
Paulos Abraham,26.121782,,
Pavle Vagić,61.20809,,
Pawel Chrupalla,50.28959,,
Paweł Kamil Jaroszyński,60.26753,,
Paweł Sokół,45.502945,,
Paweł Żuk,54.803764,,
Paya Pichkah,58.269398,,
Peder Klausen,45.504322,,
Pedro Bernardo González Ojeda,45.50523,,
Pedro Borges Goncalves,41.702732,,
Pedro Chirivella Burgos,59.661633,,
Pedro David Brazão Teixeira,38.53804,,
Pedro Emmanuel Ojeda,53.684364,,
Pedro Guillermo Ibáñez Gálvez,59.78245,,
Pedro Henrique Rodrigues Bicalho,58.964077,,
Pedro Injai Gomes,59.897995,,
Pedro Iván Sánchez Torrealba,25.628386,,
Pedro Jeampierre Vite Uca,53.6732,,
Pedro Jorge Gonçalves Malheiro,58.365246,,
Pedro Luís Machado Ganchas,62.551266,,
Pedro López Rodríguez,57.552162,,
Pedro Miguel Almeida Lopes Pereira,63.22112,,
Pedro Miguel Costa Álvaro,64.18757,,
Pedro Navarro,57.96161,,
Pedro Ortiz Bernat,48.411972,,
Pedro Pablo Campos Olavarría,27.373425,,
Pedro Ruiz Delgado,25.090033,,
Pedro Trujillo,45.46894,,
Pelayo González Rey,58.939575,,
Pelayo Morilla Cabal,24.827168,,
Pelle Elkjær Mattsson,55.907745,,
Per Kristian Worre Bråtveit,40.89594,,
Pere Joan García Bauzà,45.50376,,
Perry Ng Tian-Hee,49.990803,,
Peru Nolaskoain Esnal,63.33811,,
Petar Pušić,44.796455,,
Peter González Carmona,36.946472,,
Peter Maguire,49.870567,,
Peter Urminský,45.50467,,
Peter Wilson,24.006575,,
Phil Yannik Neumann,60.918472,,
Philana Tinotenda Kadewere,26.61193,,
Philipp Birglehner,56.210804,,
Philipp Ochs,45.151215,,
Philipp Sonn,43.54818,,
Philipp Sturm,41.90557,,
Phrangki Buam,28.997252,,
Pierluigi Cappelluzzo,23.620935,,
Piero Antonio Vivanco Ayala,60.27989,,
Pierre-Emmanuel Ekwah Elimby,55.889797,,
Pietro Rovaglia,26.869469,,
Pim Saathof,47.15144,,
Plamedi Buni Jorge,45.270546,,
Pol Bassa Mora,58.900993,,
Pontus Jacob Ragne Dahlberg,40.995472,,
Pontus Texel,53.165653,,
Presley Pululu,26.882341,,
Prince Isaac Kouame,26.462605,,
Przemysław Kapek,23.307772,,
Przemysław Maj,31.458576,,
Przemysław Mystkowski,25.336168,,
Pål Vestly Heigre,23.672308,,
Quaine Bartley,26.337086,,
Quinn McNeill,49.857063,,
Radinio Balker,62.746742,,
Radosław Cielemęcki,45.691658,,
Radosław Seweryś,57.52121,,
Radu Matei Drăgușin,63.630672,,
Radu Ștefăniță Boboc,61.219048,,
Rafael António Pereira,61.58804,,
Rafael Castrillo,51.40209,,
Rafael Ferrario,45.50485,,
Rafael Julián Lutiger Vidalón,62.841778,,
Rafael Mascarenhas Moreira,24.47989,,
Rafael Obrador Burguera,59.480125,,
Rafael Sebastián Mújica García,30.796774,,
Rafael Sousa Gancho Brito,56.750698,,
Rafael Tavares Gomes Fernandes,60.293236,,
Rafael Tresaco Blasco,23.246307,,
Raffaele Celia,61.402657,,
Rafiki Said Ahamada,23.876434,,
Rahmat Akbari,58.5864,,
Rahmetullah Berişbek,45.370544,,
Rahul Kannoly Praveen,34.66155,,
Raimundo Andrés Rebolledo Valenzuela,58.28921,,
Rakan Shamlan Al-Enezi,38.06126,,
Ralph Priso-Mbongue,60.04001,,
Ramiro Enrique Paz,24.23923,,
Ramón Enríquez Rodríguez,57.951973,,
Ramón Juan Ramírez,45.504177,,
Ramón Sosa Acosta,48.421436,,
Ramón Terrats Espacio,62.749985,,
Ransford Selasi,57.06993,,
Raphael Assibey-Mensah,25.123537,,
Raphael Radtke,45.370037,,
Rareș Bălan,59.223877,,
Rashawn Scott,24.006134,,
Rashed Al Muwainea,45.504257,,
Rasmus Rosenqvist,42.631638,,
Rasmus Schmidt Nicolaisen,54.863846,,
Rasmus Thellufsen Pedersen,38.198605,,
Rasmus Winther Højlund,27.112377,,
Raul Șteau,41.778107,,
Rayan Al Qahtani,24.895939,,
Rayan Darwish Albloushi,23.604546,,
Rayan Ny Aina Arnaldo Raveloson,49.99504,,
Rayane El Khamali,29.109463,,
Rayane Falchou,45.513912,,
Rayhaan Rahim Amari Tulloch,24.231976,,
Raymond Owusu,24.449003,,
Raúl Arias Arias,23.842716,,
Raúl Blanco Juncal,48.756344,,
Raúl García de Haro,23.727602,,
Raúl José Asencio Moraes,23.834015,,
Raúl Moro Prescoli,27.5573,,
Raúl Parra Artal,61.785095,,
Raúl Rubio Romero,27.78716,,
Raúl Torrente Navarro,63.222233,,
Raúl Valdés Madrazo,45.504513,,
Reda Benchaa,56.971607,,
Redwan Bourlès,47.497925,,
Reece Byrne,43.34583,,
Reece Randall Grego-Cox,23.793688,,
Regan Donelon,50.105587,,
Regan Evans Charles-Cook,36.92603,,
Regan Jon Griffiths,46.995594,,
Regan Leslie Poole,61.437744,,
Reinier Jesus Carvalho,41.550617,,
Rekeem Jordan Harper,57.719414,,
Rekeil Leshaun Pyke,24.037762,,
Remco Balk,25.59908,,
Remeao Andrew Hutton,55.18892,,
Remi van Ekeris,38.307423,,
Renat Oleq Oğlu Dadaşov,23.698383,,
Rene Kriwak,24.490929,,
Renné Alejandro Rivas Alezones,59.61144,,
Renzo Damián Bacchia Rodríguez,45.483414,,
Renzo Giampaoli,62.291275,,
Rey Manaj,24.957338,,
Rhian Joel Brewster,23.451746,,
Rhys Llewelyn Norrington-Davies,62.359577,,
Ricard Artero Ruiz,56.907543,,
Ricard Sánchez Sendra,60.256218,,
Ricardo Azevedo Alves,46.625195,,
Ricardo Bettocchi Matallana,44.21475,,
Ricardo Daniel Pepi,32.97779,,
Ricardo Florin Grigore,58.869526,,
Ricardo Hernández,57.981125,,
Ricardo Jorge Oliveira António,38.82558,,
Ricardo Manuel Pinho Matos,24.883974,,
Ricardo Manuel Vieira da Silva,45.503223,,
Ricardo Phillips,51.46533,,
Riccardo Capellini,61.2708,,
Richairo Živković,23.310307,,
Richard Fernández,50.774048,,
Richard Nartey,59.42752,,
Richard Odada,47.15808,,
Richet Gómez Miranda,62.112194,,
Rick Dekker,62.43666,,
Ricky Aguiar,49.111702,,
Rida Zouhir,50.012325,,
Rigoberto Manuel Rivas Vindel,27.336386,,
Rik Robert Vercauteren,45.480495,,
Rildo G. de Amorim Filho,36.9666,,
Riley Patrick McGree,57.103596,,
Riley-Jay Harbottle,59.336815,,
Rio Adesola Frederick Adebisi,57.745857,,
Rishabh Dobriyal,23.874897,,
Rob Nizet,51.103096,,
Robbie D'Haese,54.00456,,
Robbie Hemfrey,45.514637,,
Robbie Mahon,24.04382,,
Robbie Muirhead,23.427902,,
Robbie Robinson Belmar,27.893784,,
Robbie Van Hauter,55.97057,,
Robert Andrei Ion,40.627407,,
Robert Atkinson,63.890984,,
Robert Cornwall,57.828487,,
Robert Donald Hunt,58.895103,,
Robert Lee Burton,51.752907,,
Robert Ljubičić,62.146538,,
Robert Marian Moldoveanu,41.18561,,
Robert Mejía,61.73875,,
Robert Navarro Muñoz,33.945515,,
Robert Slevin,54.515312,,
Roberto Arroyo Gregorio,23.326023,,
Roberto Bardales,57.389362,,
Roberto Carlos Ramírez,59.43803,,
Roberto Fabián Ramírez,34.16183,,
Roberto Fernández Jaén,34.168705,,
Roberto González Bayón,26.146616,,
Roberto Ismael Meraz Bernal,58.25019,,
Roberto Joaquín García,59.03257,,
Roberto López Alcaide,41.13877,,
Robin Amin Tihi,59.648666,,
Robin Dahl Østrøm,57.594803,,
Robin Luca Kehr,24.871023,,
Robin Maximilian Meißner,23.435167,,
Robin Risser,45.50422,,
Robin Tim Becker,60.462254,,
Robin Ungerath,29.970999,,
Robson Alves Reis,62.239765,,
Rocco Robert Shein,58.640186,,
Rocco Ríos Novo,45.503456,,
Rockson Alexander Renteria Ovando,61.268417,,
Rocky Bushiri Kisonga,61.26028,,
Rodin Jair Quiñónes Rentería,29.153273,,
Rodney Iván Redes Cáceres,45.85263,,
Rodney Nkele Kongolo,62.358093,,
Rodrigo Alonso Martín,46.587967,,
Rodrigo Andrés Piñeiro Silva,44.943863,,
Rodrigo Cisterna,34.378128,,
Rodrigo Duarte Ribeiro,28.238722,,
Rodrigo Díaz Desidel,41.2166,,
Rodrigo Elías Delvalle Noguera,59.517906,,
Rodrigo Esteban Cancino Herrera,45.50374,,
Rodrigo Ezequiel Cabral,29.794392,,
Rodrigo F. Conceição,62.319714,,
Rodrigo Gareca,49.562958,,
Rodrigo Marcos Rodrigues Andrade,56.397133,,
Rodrigo Mario Morínigo Acosta,45.504536,,
Rodrigo Martins Gomes,52.06088,,
Rodrigo Miguel Forte Paes Martins,25.982132,,
Rodrigo Montes,57.251804,,
Rodrigo Muniz Carvalho,30.967451,,
Rodrigo Nicolás Contreras,26.183985,,
Rodrigo Ribeiro Valente,40.154617,,
Rodrigo Riquelme Reche,38.5073,,
Rodrigo Román Villagra,63.60068,,
Rodrigo Saucedo,59.94154,,
Roger Martínez Santamaría,58.7482,,
Rohan Luthra,45.505592,,
Rok Vodišek,45.502983,,
Roko Jureskin,59.422466,,
Rolando Lautaro Chávez,23.950415,,
Roli Pereira de Sa,54.997257,,
Roman Fernández,31.442488,,
Rommell Ibarra,60.340057,,
Romário Manuel Silva Baró,48.446537,,
Ronald José Hernández Pimentel,58.41286,,
Ronaldo Cisneros Morell,23.690866,,
Ronaldo Damus,24.951414,,
Ronaldo Luis Peña Vargas,23.947636,,
Ronan Curtis,41.526924,,
Ronan Hughes,45.7785,,
Ronan Maher,35.87206,,
Ronan Thomas Darcy,27.378513,,
Ronny Rikal,28.22535,,
Roque Ramírez,61.21962,,
Rory Holden,31.83918,,
Rosaire Longelo-Mbule,39.536747,,
Roshaun Omar Stuart Williams,60.53481,,
Ross Fay,47.29766,,
Ross Graham,60.487194,,
Ross James Sykes,62.784786,,
Roy Kuijpers,28.99962,,
Ruan Tressoldi Netto,63.53843,,
Ruben Kluivert,61.489067,,
Rubin James Colwill,40.035686,,
Rubio Yovani Méndez Rubin,24.564287,,
Rubén Gómez Peris,45.521187,,
Rubén Iranzo Lendínez,61.466995,,
Rubén Pulido Peñas,61.53899,,
Rubén Sánchez Sáez,60.385303,,
Rubén de Tomás Gómez,29.94274,,
Ruel Dimitrios Sotiriou,25.120848,,
Rufino Lucero,59.4731,,
Rui Jorge Monteiro Mendes,27.11553,,
Runar Hauge,47.736305,,
Ruon Kuk Tongyik,56.68031,,
Rushian Marcus Amari Hepburn-Murphy,23.701101,,
Ruwen Werthmüller,23.711555,,
Ruyery Alfonso Blanco Yus,47.756813,,
Ryan Alebiosu,59.964672,,
Ryan Astley,61.61557,,
Ryan Austin,52.846622,,
Ryan Bakayoko,27.397247,,
Ryan Burke,53.641403,,
Ryan Carr,40.334114,,
Ryan Clampin,57.075653,,
Ryan David Edmondson,24.980286,,
Ryan Finnigan,46.887177,,
Ryan Henry East,52.867863,,
Ryan James Broom,29.009905,,
Ryan James Law,56.20854,,
Ryan Johansson,57.505306,,
Ryan Joseph Sweeney,61.665386,,
Ryan Liam Delaney,58.354485,,
Ryan Matthew Haynes,55.892864,,
Ryan Nyambe,59.54478,,
Ryan Paul Colclough,23.776367,,
Ryan Sandford,45.37331,,
Ryan Spaulding,55.612823,,
Ryan Steven Rydel,52.457497,,
Ryan Stuart Clayton Inniss,61.025463,,
Ryan Thomas Cooney,59.433754,,
Ryley Ben Towler,57.971992,,
Ryun Seong Kim,47.536304,,
Róbert Orri Thorkelsson,56.76061,,
Răzvan Covaci,42.187634,,
Răzvan Cristian Ducan,25.658249,,
Saad Al Muwallad,23.85877,,
Saad Fahad Al Nasser,28.136124,,
Saad Yaslam Balobaid,55.082764,,
Sabelo Radebe,46.673,,
Saberto Josué Botelho Rios,64.905495,,
Sabit Abdulai,58.902145,,
Sadat Anaku,28.464378,,
Saeed Juma Hasan Juma Alsaadi,60.389664,,
Saidu Salisu,26.507933,,
Saku Tuomas Severi Ylätupa,26.025494,,
Salah-Eddine Oulad M'Hand,52.583813,,
Salem Abdullah Salmeen Mubarak Al-Jaberi,55.601162,,
Salifo Caropitche Mendes,28.3761,,
Salifou Soumah,23.914663,,
Salih Kavrazlı,26.456673,,
Salim Ben Seghir,26.956266,,
Salomon Junior Sambia,60.099678,,
Salvador Reyes Chávez,26.750048,,
Salvador Ruíz Rodríguez,63.34291,,
Salvatore Elia,56.492805,,
Salvatore Marrone,50.734238,,
Sam Alan Stubbs,60.88297,,
Sam Benjamin Cosgrove,23.43746,,
Sam Bowen,52.193554,,
Sam Francis Schreck,58.872185,,
Sam Harrry Sutton,56.390938,,
Sam McQueen,24.256935,,
Sam O'Brien,51.388515,,
Sam Tinubu,48.488464,,
Sambou Sissoko,59.52648,,
Sami Khalil Al-Najei,53.990788,,
Samir Sophian Chergui,63.413673,,
Samir Valverde,56.827763,,
Samkelo Zwane,39.25434,,
Sammy Braybrooke,49.869694,,
Sammy Robinson,54.348644,,
Sammy Solitaire Siddharta Skytte,58.304176,,
Samuel Ayomide Adekugbe,59.546688,,
Samuel Bone,58.53852,,
Samuel Careaga,57.862896,,
Samuel George Alan Edmundson,58.32827,,
Samuel George Dalby,23.602541,,
Samuel Graham,59.007244,,
Samuel John Bell,23.464394,,
Samuel Jumpe Soares,33.61756,,
Samuel Leo Beat Ballet,23.592419,,
Samuel Marqus Lloyd Vines,63.075417,,
Samuel Mischitz,56.635124,,
Samuel Nongoh,28.945591,,
Samuel Patrick Robert Long,55.93987,,
Samuel Paul Perry,57.255615,,
Samuel Peter Barnes,58.008778,,
Samuel Renel,38.186127,,
Samuel Tshiayima Nombe,24.632935,,
Samuel Wikman,43.4054,,
Samuel Yepie Yepie,24.200886,,
Samuel Yves Oum Gouet,59.587566,,
Samuele Righetti,57.747604,,
Samuele Spalluto,23.588589,,
Samy Benchamma,58.77927,,
Samy El Khiar,27.818756,,
Samy Faraj,41.656345,,
Sanasi Sy,62.20056,,
Sander Johan Christiansen,59.094704,,
Sandi Lovrić,59.938362,,
Sandip Mandi,47.00354,,
Sandro Mike Lauper,54.8286,,
Sandro Plínio Rosa da Cruz,57.58839,,
Sandro Trémoulet,60.409264,,
Sang Bin Jeong,24.349205,,
Sang Hoon Paik,44.353962,,
Sang Hyeok Lee,28.157455,,
Sanoussy Ba,56.29539,,
Santiago Ayala,33.980564,,
Santiago Colombatto,52.77233,,
Santiago Daniel Pierotti,60.567593,,
Santiago Gabriel Zamora Araujo,59.30664,,
Santiago Ignacio Bueno Sciutto,64.056854,,
Santiago Laquidain,59.582733,,
Santiago Moya,61.58618,,
Santiago Naveda Lara,62.272858,,
Santiago Paiva,25.091845,,
Santiago Valentín Ramírez Polero,24.942425,,
Santiago Vera,33.87135,,
Saqer Al Enazi,48.30701,,
Sascha Härtel,55.50053,,
Saud Saad Zidan,55.63262,,
Saul Shotton,52.692066,,
Savaş Polat,63.305344,,
Saïd Hamulic,25.960472,,
Saúl Alejandro Guarirapa Briceño,35.626106,,
Saúl Basilio Coco Bassey Oubiña,63.70856,,
Saúl del Cerro García,59.51717,,
Scott Brian Banks,30.179916,,
Scott Burgess,35.787247,,
Scott Connor Kashket,23.506624,,
Scott John High,60.01121,,
Scott Lynch,45.964367,,
Scott McMann,59.233093,,
Scott Simons,45.511242,,
Scott van der Sluis,45.50401,,
Seamas Keogh,56.255875,,
Sean Boyd,23.636402,,
Sean Brennan,46.975044,,
Sean Dominic Robertson,41.14522,,
Sean Jones-Carey,47.956947,,
Sean Martin Long,58.943108,,
Sean O'Brien,23.961464,,
Sebastian Bergier,24.000013,,
Sebastian Gonzáles,23.574366,,
Sebastian Guerra Soto,23.457872,,
Sebastian Jarl,58.168186,,
Sebastian Lagerlund,56.112385,,
Sebastian Lund Hausner,61.439384,,
Sebastian Mellack,45.509586,,
Sebastian Müller,23.908436,,
Sebastian Otoa,55.68417,,
Sebastian Reinhard Klaas,36.429703,,
Sebastian Rudol,61.35551,,
Sebastian Stahlfest,41.515854,,
Sebastian Sun Anderson,47.973785,,
Sebastian Søraas Sebulonsen,58.79765,,
Sebastian Thangmuansang,50.18473,,
Sebastian Tounekti,24.962414,,
Sebastian Vinther Jørgensen,24.589361,,
Sebastian Wiktor Walukiewicz,64.088585,,
Sebastien Pineau,44.077423,,
Sebastián Ariel Lomónaco,24.686327,,
Sebastián Dávila,57.79859,,
Sebastián Enrique Salazar Beltrán,62.038715,,
Sebastián Figueredo,57.258057,,
Sebastián Guerrero Martínez,27.618845,,
Sebastián Jaurena,55.980206,,
Sebastián Matías Claure Sanz,39.530056,,
Sebastián Medina,49.464638,,
Sebastián Parra,44.316074,,
Sebastián Saucedo Mondragón,36.52808,,
Sebastián Tomás Meza,45.46921,,
Sebbe Augustijns,58.262478,,
Sef Van Damme,45.504475,,
Sekou Sylla,59.079,,
Selimcan Temel,53.25392,,
Seong Jin Kang,25.748873,,
Serge Atakayi,24.290977,,
Sergej Grubač,27.54902,,
Sergi Canós Tenés,50.863533,,
Sergi García Pérez,52.429195,,
Sergio Akieme Rodríguez,61.518475,,
Sergio Arribas Calvo,33.275345,,
Sergio Barboza,41.247833,,
Sergio Barcia Larenxeira,61.368607,,
Sergio Carreira Vilariño,60.169422,,
Sergio Daniel Fretes Galeano,42.88788,,
Sergio Duvan Córdova Lezama,24.193975,,
Sergio Fabián Ortíz,59.15244,,
Sergio Felipe Román Palacios,23.688599,,
Sergio Gil Latorre,57.83653,,
Sergio Guerrero Romero,61.45105,,
Sergio Kalaj,59.248184,,
Sergio Lozano Lluch,54.62081,,
Sergio López Galache,60.714787,,
Sergio Moreno Martínez,28.506548,,
Sergio Santos Fernández,59.349277,,
Serhou Yadaly Guirassy,30.849243,,
Sessi Octave Emile D'Almeida,63.722576,,
Setigui Karamoko,58.931366,,
Severino Pedro Santos Hermes,26.941566,,
Seydou Saeed Issah,55.495285,,
Seydou Sy,27.664612,,
Seymour Fünger,57.502003,,
Seán Patrick Roughan,54.757706,,
Shadrach Nosa Ogie,58.99322,,
Shani Tarashaj,24.82759,,
Shaquil Delos,59.013947,,
Sharon Padattil,45.503742,,
Shaun Daniel McWilliams,61.114758,,
Shawn Blum,23.827345,,
Shayne Francis Lavery,23.939177,,
Shayr Mohamed González,35.869846,,
Sheikh Sahil,51.44514,,
Shola Maxwell Shoretire,39.13212,,
Shubham Sarangi,48.69096,,
Si Hoo Hong,27.904186,,
Siad Haji,26.399002,,
Sibiry Keita,30.748817,,
Sidi Cissé,23.687822,,
Sidiki Camara,43.953835,,
Sidney Raymond Kenneth Nelson,62.328,,
Siebe Wylin,58.055553,,
Sieben Dewaele,61.094532,,
Sigurd Kvile,58.03758,,
Sil Swinkels,56.25758,,
Silvan Eli Sidler,58.88659,,
Simen Vidtun Nilsen,43.17548,,
Simon Alonso Ramírez Cuevas,59.890625,,
Simon Beccari,45.50341,,
Simon Brady Ngapandouetnbu,45.506756,,
Simon Fabio Stehle,29.941736,,
Simon Graves Jensen,62.296684,,
Simon Ivar Alexander Skrabb,27.263912,,
Simon Solomon Junior Sohm,61.143147,,
Simon van Duivenbooden,23.576162,,
Simone Ghidotti,45.506,,
Simone Giordano,53.99192,,
Simone Rabbi,38.58138,,
Simone Santoro,60.686695,,
Simone Trimboli,49.164787,,
Simón Alonso González Montalban,59.08886,,
Sinan Kurt,24.0357,,
Siro Ignacio Cabral Rosane,62.603985,,
Sivert Stenseth Gussiås,23.893307,,
Slavi Spasov,23.407696,,
Sofiane Djeffal,52.088787,,
Sofus Berger,49.17778,,
Solomon Brynn,45.504383,,
Sondre Auklend,33.82981,,
Sondre Brunstad Fet,23.310055,,
Sondre Buskerud Tronstad,45.70211,,
Sondre Løvseth Rossbach,33.72873,,
Song Hun Shin,45.503048,,
Sonny Hilton,40.264606,,
Sonny Patrick Laiton,43.172493,,
Sorin Dănuț Șerban,55.77046,,
Souleyman Doumbia,53.72069,,
Souleymane Cissé,56.5374,,
Souleymane Isaak Touré,61.496445,,
Stan Braem,23.412645,,
Stan Van Dessel,55.77771,,
Stanislav Ivanov,35.62654,,
Stanley Flaherty,39.427376,,
Stefan Bajcetic Maquieira,59.712044,,
Stefan Bajić,45.504974,,
Stefan Mauk,52.296825,,
Stefano Alessandro Guidotti,55.259438,,
Stefano Marino,27.41074,,
Stephan Kofi Ambrosius,63.503677,,
Stephan Vinicius Seiler,53.1128,,
Stephen Christopher Wearne,36.632206,,
Stephen Ewange,52.084557,,
Stephen Hendrie,61.76153,,
Stephen Peter Humphrys,37.070045,,
Stephen Walker,31.125381,,
Stephen Welsh,63.5596,,
Stephen Winston Duke-McKenna,36.36077,,
Stevan Stanic-Floody,29.769447,,
Steve Ambri,23.761517,,
Steve Kroll,23.303593,,
Steven Jesús Pabón Delgao,59.47895,,
Stipe Vulikić,61.72043,,
Stiven Vega Londoño,62.158943,,
Stuart McKinstry,38.256477,,
Stève Regis Mvoué,55.44081,,
Stéphane Imad Diarra,42.685753,,
Subha Ghosh,23.859514,,
Suk Ju Yoon,48.1343,,
Sulayman Marreh,62.730278,,
Suleiman Camara Sanneh,29.388569,,
Sullay Borbor Kaikai,25.44394,,
Sultan Al Harbi,52.499912,,
Svante Ulf Ingel Ingelsson,57.61038,,
Svend Arvid Stanislaw Brodersen,41.303154,,
Sylla Morlaye,58.90308,,
Syver Aas,45.979034,,
Szymon Sarbinowski,42.43984,,
Sávio Moreira de Oliveira,30.386948,,
Sérgio Pereira Andrade,25.374094,,
Tae Suk Lee,56.175674,,
Tae Yang Kim,29.373978,,
Tafari Lalibela Moore,61.543594,,
Taha Altıkardeş,59.727108,,
Taher Al Hajji,45.50387,,
Tahvon Ravell Campbell,24.471464,,
Talha Ülvan,54.104866,,
Tanguy Coulibaly,42.384815,,
Tao Sako,55.39569,,
Taofeek Ismaheel,24.18134,,
Tareiq Holmes-Dennis,60.06036,,
Tariq Maddad,23.617195,,
Tarique Fosu,30.000349,,
Tashan Oakley-Boothe,59.100937,,
Tate Campbell,45.324154,,
Taylor Anthony Booth,51.058968,,
Taylor Ellis Allen,50.85643,,
Taylor Ryan Charters,48.891823,,
Tayyib Talha Sanuç,62.0222,,
Ted Ku-DiPietro,35.19302,,
Ted Smith,23.466982,,
Ted-Jonathan Tattermusch,25.75511,,
Teddy Christopher Graham Jenks,56.819233,,
Telasco Segovia,47.56383,,
Temitayo Olufisayo Olaoluwa Aina,60.652676,,
Tennai Rosharne Watson,57.73779,,
Teodor Stenshagen,58.04565,,
Terence Charles Taylor,59.764336,,
Terence Owen Vancooten,56.97294,,
Terry Ablade,27.167963,,
Thabiso James Monyane,57.533035,,
Thakgalo Khanya Leshabela,46.437157,,
Thanawat Suengchitthawon,41.80129,,
Thelo Gerard Aasgaard,37.31003,,
Thelonius Bair,24.260279,,
Themi Antonoglou,49.794228,,
Theo Gunnar Martens,23.552797,,
Theodor Alexander Corbeanu,46.571835,,
Theodore Valentine Archibald,38.297516,,
Theodosis Machairas,26.062798,,
Thiago Eduardo de Andrade,44.003952,,
Thiago Ezequiel Ojeda,41.98474,,
Thiago Fernandes Rodrigues,23.984787,,
Thiago Nicolás Borbas Silva,25.75107,,
Thiago Thomas Nuss,32.159134,,
Thiago Vecino Berriel,26.251253,,
Thibault Tamas,58.683613,,
Thierno Mamadou Lamarana Ballo,38.931053,,
Thierry Ambrose,24.05832,,
Thierry Nevers,27.662006,,
Thijmen Joel Sander Nijhuis,45.506977,,
Thijs van Leeuwen,43.06477,,
Thody Élie Youan,28.5412,,
Thom Jan Marinus Haye,60.36154,,
Thom van Bergen,25.604616,,
Thoma Monney,54.028244,,
Thomas Andrew Knowles,33.296097,,
Thomas Battistella,47.397846,,
Thomas Callens,45.48896,,
Thomas Clayton,57.381466,,
Thomas David Bannatyne-Billson,45.5063,,
Thomas Edwards,62.01836,,
Thomas Ferdinand Rausch,50.062428,,
Thomas Glyn Doyle,59.135567,,
Thomas Gutierrez,60.052673,,
Thomas Holmes,62.762222,,
Thomas Ignacio Galdames Millán,61.558044,,
Thomas James O'Connor,59.023384,,
Thomas Jok Deng,60.246613,,
Thomas Kofler,58.606815,,
Thomas Leon Keller,62.387554,,
Thomas Liene Ness,55.777157,,
Thomas Lynn James,62.056137,,
Thomas McGill,45.49891,,
Thomas Mcintyre,63.385365,,
Thomas Palmer Thompson,41.041866,,
Thomas Philip Hamer,61.161713,,
Thomas Richard Lowery,47.085903,,
Thomas Roberts,43.72559,,
Thomas Roche,45.502823,,
Thomas Sang,59.43867,,
Thomas William Cavendish Lapslie,60.919857,,
Thorbjørn Kristiansen,50.76005,,
Théo Luis Fonseca,23.797483,,
Théo Ndicka Matam,59.371826,,
Théo Valls,59.87411,,
Tiago Carvalho Santos,60.20766,,
Tiago Filipe Alves Araújo,42.569504,,
Tiago Filipe Oliveira Dantas,42.837006,,
Tiago Galletto López,60.480865,,
Tiago Manuel Maio Matos,60.008842,,
Tiago Maria Antunes Gouveia,29.175629,,
Tiago Miguel Hora Ribeiro,61.31751,,
Tiago Nahuel Banega,47.966866,,
Tiago Nathan Pombeira Gesser,30.89545,,
Tiberiu Coman,26.423695,,
Tician Tushi,23.92284,,
Tidiane Malbec,45.508366,,
Tijany Atallah,58.115784,,
Till Streller,56.918293,,
Tim Latteier,55.359562,,
Tim Luis Maciejewski,45.281033,,
Tim Prica,23.471813,,
Tim Stanislaw Schreiber,45.505783,,
Tim Stappmann,61.347916,,
Tim Walbrecht,60.229618,,
Tim Wiesner,43.498814,,
Tim van Assema,53.356617,,
Tim-Henry Handwerker,56.114872,,
Timm Koch,53.276848,,
Timmy Abraham,23.649126,,
Timo Bernd Hübers,59.801098,,
Timo Bornemann,23.922636,,
Timo Zaal,59.001583,,
Timon Janis Wellenreuther,23.354977,,
Timon Moritz Weiner,45.521267,,
Timothy Bruce Fayulu,45.505676,,
Timothy Galjé,45.505283,,
Timothy Joel Eyoma,59.812817,,
Timothy Martin,45.51344,,
Timothé Nkada,23.76659,,
Timothée Joseph Pembélé,61.720963,,
Timur Zhamaletdinov,27.221445,,
Tino Andrés Danesi Cammarano,60.15833,,
Titas Krapikas,45.50368,,
Tivonge Rushesha,51.14615,,
Tobi Ogundega,52.964428,,
Tobias Borchgrevink Børkeeiet,61.236374,,
Tobias Christensen,47.340614,,
Tobias Fjeld Gulliksen,49.985054,,
Tobias Hafstad,56.15001,,
Tobias Hammer Svendsen,54.574734,,
Tobias Heintz,35.533104,,
Tobias Klysner Breuner,50.617622,,
Tobias Mißner,55.68317,,
Tobias Okiki Lawal,45.465027,,
Tobias Stockinger,40.977215,,
Tobias-Mbunjiro Knost,58.112873,,
Toby Peter Sibbick,62.374756,,
Tochi Phil Chukwuani,55.077404,,
Toluwalase Emmanuel Arokodare,26.34665,,
Tom Bierschenk,35.346657,,
Tom Crawford,53.00817,,
Tom George Sawyer Conlon,51.31168,,
Tom Jenkins,40.940975,,
Tom Kretzschmar,45.50547,,
Tom Sparrow,50.281998,,
Tom Spencer Smith,39.235527,,
Tom Stokes,23.602203,,
Tom van de Looi,61.87229,,
Tomas Giraldo,44.63782,,
Tomas Lían Romero Keubler,45.505505,,
Tomas Olai Totland,56.481136,,
Tomas Ángel Gutiérrez,44.52905,,
Tomasz Neugebauer,57.026493,,
Tommaso Aglietti,45.503624,,
Tommi O'Reilly,50.283424,,
Tommy St. Jago,64.265495,,
Tomás Agustín Pozzo,44.307705,,
Tomás Aresta Branco Machado Ribeiro,63.915474,,
Tomás Carvalho Domingos,59.564896,,
Tomás Costa Silva,57.70535,,
Tomás David Sandoval,25.892323,,
Tomás Ezequiel Castro Ponce,53.036663,,
Tomás Lemos Araújo,62.77109,,
Tomás Leonardo Lecanda,61.839474,,
Tomás Mascarenhas Lemos Reymão Nogueira,60.383495,,
Tomás Mendes Mendes,50.428387,,
Tomás Moschión,60.228767,,
Tomás Muro,28.616488,,
Tomás Oscar Badaloni,25.001184,,
Tomás Pablo Asta-Buruaga Montoya,62.689976,,
Tomás Romano dos Santos Händel,61.907135,,
Tomás Romero Cejudo,45.50373,,
Tomás do Lago Pontes Esteves,60.821785,,
Toni Fuidias Ribera,45.503613,,
Torben Bjarne Rhein,42.86993,,
Tote António Gomes,64.20066,,
Travis Joel Gary Johnson,53.28463,,
Trent Jordan Ostler,28.986301,,
Troy Daniel Parrott,41.626244,,
Tunahan Taşçı,28.130379,,
Turki Al Dhafeeri,28.806269,,
Turki Marwan Al-Ammar,47.94616,,
Tyla Dickinson,33.756886,,
Tyler Jayden Frost,39.263145,,
Tyler Jordan Magloire,59.457405,,
Tyler Reid,59.2886,,
Tyreece Romayo John-Jules,23.291733,,
Tyreece Tyson Nesbett Simpson,30.931202,,
Tyreek Magee,29.20625,,
Tyreik Samuel Wright,32.2354,,
Tyrese Momodu Fornah,61.26941,,
Tyrese Sinclair,29.488096,,
Tyrone Tormin,26.699202,,
Téva Gardies,45.505714,,
Uche Ikpeazu,26.266327,,
Udoka Favour Godwin-Malife,60.85404,,
Ugo Bertelli,53.60444,,
Ulises Rivas Gilio,57.229797,,
Ulisses Alexandre Garcia Lopes,60.166996,,
Ulrich Meleke,62.57265,,
Ulrick Brad Eneme Ella,40.28448,,
Ulrik Syversen,53.64577,,
Ulrik Tillung Fredriksen,60.690487,,
Unai Dufur Espelosín,61.49076,,
Unai Marrero Larrañaga,45.507217,,
Unai Ruiz Almandzo,45.507904,,
Uriel Jové Balero,60.652634,,
Urko González de Zárate Quirós,62.091858,,
Uros Milovanović,36.741425,,
Valdemar Byskov,38.01532,,
Valdemar Lund Jensen,59.10258,,
Valentin Baume,23.993704,,
Valentin Belon,25.721857,,
Valentin Guillaume,55.720722,,
Valentin Ionuț Costache,27.912355,,
Valentine James Ozornwafor,61.60702,,
Valentino Vermeulen,29.46605,,
Valentín Adamo,24.18382,,
Valentín Alberto Burgoa,55.292126,,
Valentín Demateis,47.770718,,
Valery Fernández Estrada,61.486427,,
Valgeir Lunddal Friðriksson,59.914913,,
Valmir Veliu,31.72291,,
Valton Behrami,53.316563,,
Vasilije Janjičić,61.98655,,
Vasilios Sourlis,59.188557,,
Vasilios Zagaritis,58.955547,,
Vassilis Chatziemmanouil,45.512802,,
Vasyl Kravets,62.406033,,
Vaughn Patrick Covil,23.517433,,
Vebjørn Hagen,51.943626,,
Vedat Bora,49.484386,,
Vefa Temel,48.9291,,
Vegard Amundsen Bergan,60.48471,,
Vicente Andrés Felipe Federico Besuijen,23.619387,,
Vicente Conelli,28.310238,,
Vicente Esquerdo Santas,48.22702,,
Vicente Tomás Pizarro Durcudoy,60.90634,,
Victor Akinwale,23.39495,,
Victor Alexander da Silva,61.547203,,
Victor Backman,38.84179,,
Victor Bernth Kristiansen,62.618256,,
Victor Blixt,55.654076,,
Victor Christoffer Jensen,57.0441,,
Victor Gabriel Moura de Oliveira,53.92475,,
Victor Göransson,46.78038,,
Victor Méndez Exposito,45.50628,,
Victor Okoh Boniface,24.03397,,
Victor Torp Overgaard,53.914608,,
Viktor Andersson,45.45454,,
Viktor Tobias Johansson,45.505043,,
Viljar Røsholt Myhra,39.79843,,
Vincent Angelini,45.503788,,
Vincent Carsten Maria Müller,45.503918,,
Vincent Gembalies,58.184963,,
Vincent Olivier Sierro,46.50411,,
Vincent Schwab,56.85132,,
Vincent Thill,30.833466,,
Vincent Trummer,60.024105,,
Vincenzo Ciriello,57.06007,,
Vincenzo Garofalo,41.603287,,
Vinicius Silveira de Mello,23.722967,,
Vinícius Tobías da Silva,59.45812,,
Vitalie Damaşcan,23.472122,,
Vittorio Agostinelli,32.889286,,
Vlad Nicolae Mitrea,51.226856,,
Vladan Dekić,45.31925,,
Vladimir Ionuț Screciu,63.189743,,
Vladyslav Ostrovskyi,23.452345,,
Volkan Rona,45.44389,,
Víctor Alejandro Dávila Zavala,29.800106,,
Víctor Andrés Cabezas Vergel,45.5123,,
Víctor Andrés Meseguer Cavas,61.744617,,
Víctor Blanco Sánchez,55.70665,,
Víctor Gómez Perea,61.840073,,
Víctor Manuel Milke Almagro,58.11509,,
Víctor Mollejo Carpintero,37.218575,,
Víctor Wehbi Aznar Ussen,41.868294,,
Víctor Álvarez Rozada,38.50868,,
Wahidullah Faghir,27.113432,,
Walid Jarmouni,24.3692,,
Walid Nassi,23.568316,,
Walid Ould-Chikh,55.422947,,
Wally Njie,39.784145,,
Walmer Pacheco Mejía,61.276665,,
Walter Angello Tandazo Silva,62.664387,,
Walter Antelo,60.616066,,
Walter Gabriel Pérez,61.678818,,
Walter Martínez Tauda,37.04143,,
Walter Mora,42.83971,,
Wanya Marçal Madivádua,32.79127,,
Warren Håkon Christofer Kamanzi,56.70083,,
Warren Patrick O'Hora,62.671043,,
Washington Bryan Corozo Becerra,28.945662,,
Wassim Keddari Boulif,61.642403,,
Weimar Asprilla,45.448708,,
Wellington Moisés Ramírez Preciado,45.510048,,
Welliton Edson Helmes Junqueira,29.515203,,
Wenderson Oliviera,35.417625,,
Wesley James Burns,28.16924,,
Wikelman José Carmona Torres,38.830246,,
Wiktor Marek Pleśnierowicz,58.08484,,
Wilbert Miguel Hernández Torrealba,45.511703,,
Wilfredo Rivera Cepeda,24.310009,,
Wilfrid Jaures Kaptoum,57.139355,,
Will Jonathan Swan,33.37505,,
Will Lakin,45.50332,,
William Adipepe Pandi Bapaga,28.100454,,
William Agada,25.772366,,
William Akio,24.618948,,
William Anthony Patrick Smallbone,59.381348,,
William Blackmore,45.503315,,
William Bøving Vick,29.416374,,
William Fitzgerald,34.034733,,
William Forrester,57.97711,,
William Jenkins Davies,47.889587,,
William Joel Pacho Tenorio,62.955624,,
William John Robert Nightingale,58.896137,,
William Jääskeläinen,45.515705,,
William Ludovic Brandon Bianda,61.009964,,
William Luke Patching,48.405388,,
William Mbongo Desire Hondermarck,50.193764,,
William Omar Duarte Figueroa,28.979229,,
William Smith,60.075287,,
William Velasco,59.2735,,
Williams Alarcón,55.188156,,
Williams Kokolo,59.16275,,
Williams Tortolero,45.449707,,
Williot Theo Swedberg,48.47375,,
Wilson José Barrios Rondón,26.397465,,
Wilson Ramírez,45.508778,,
Wilson Vernaza,57.362453,,
Wladimir Wagner,25.028242,,
Wojciech Kamiński,59.69073,,
Won Ho Shin,53.004906,,
Won Woo Lee,49.86989,,
Wouter Marinus,33.970074,,
Xander Parke,45.51334,,
Xavi Moreno,53.004845,,
Xavier Casmier Amaechi,24.286852,,
Xian Ghislaine Emmers,54.589817,,
Yacine Bourhane,57.870785,,
Yackson Stiven Rivas,25.429422,,
Yacoub Al Hassan,24.101051,,
Yago Cariello Ribeiro,23.67932,,
Yahya Nader Moustafa Elsharif,63.306274,,
Yahya Soumaré,23.838766,,
Yair González,25.473091,,
Yairo Yesid Moreno Berrío,24.880327,,
Yanis Chahid,38.654976,,
Yanis Maronne,45.471245,,
Yanis Massolin,55.305355,,
Yann Aurel Ludger Bisseck,63.621956,,
Yannic Voigt,41.68654,,
Yannick Kevin Marchand,58.0507,,
Yannik Möker,58.749092,,
Yannis Lagha,23.637886,,
Yaroslav Meykher,45.515392,,
Yasin Abbas Ayari,50.000732,,
Yavuz Buğra Boyar,45.503437,,
Yaya Dukuly,26.492485,,
Yeferson Paz,57.521194,,
Yehor Yarmoliuk,42.06653,,
Yerco Abraham Oyanedel Hernández,57.044624,,
Yerson Mosquera Valdelamar,61.313107,,
Yerson Ronaldo Chacón Ramírez,26.962896,,
Yesit Martínez,53.603283,,
Ylan Gomes,24.809668,,
Yong Hui Park,30.309788,,
Younes Bakiz,28.129982,,
Young Joon Lee,23.389309,,
Young Jun Goh,33.19608,,
Young Woo Seol,60.890312,,
Yousef Fawaz,23.759182,,
Youssouf Amouda Assogba,56.13091,,
Youssouph Mamadou Badji,25.915365,,
Youssuf Sylla,24.201765,,
Yuliwes Bellache,23.410452,,
Yusuf Abdulazeez,28.408657,,
Yusuf Bamidele,28.58987,,
Zac Guinan,24.063847,,
Zach Paul John Clough,33.718517,,
Zach Ryan,36.490234,,
Zachary Duncan,59.194572,,
Zachary Hemming,45.204227,,
Zachary Herivaux,48.308548,,
Zachary Jeacock,45.505993,,
Zachary Swanson,58.763863,,
Zaid Abner Romero,62.974678,,
Zak Emmerson,23.496252,,
Zak Kennedy Jules,56.19223,,
Zakaria Silini,40.758625,,
Zander Mateo Cassierra Cabezas,31.656448,,
Zechariah Joshua Henry Medley,62.29855,,
Zeno Van Den Bosch,57.96765,,
Zeze Steven Sessegnon,60.880177,,
Zico Bailey,56.028824,,
Zinedine Labyad,23.96052,,
Zito André Sebastião Luvumbo,32.036064,,
Ziyad Maher Al Jari,50.43702,,
Zohran Ludovic Bassong,51.372932,,
Zuriko Davitashvili,25.07739,,
Àlex Baño Canellas,45.51192,,
Ákos Nistor,28.999424,,
Álex Bermejo Escribano,52.301235,,
Álex Collado Gutiérrez,58.03935,,
Álex Pastor Carayol,61.62626,,
Álvaro Aceves Catalina,36.349514,,
Álvaro Agustín Lagos,61.042274,,
Álvaro Bastida Moya,62.98208,,
Álvaro Bustos Sandoval,50.380505,,
Álvaro Djaló Dias Fernandes,48.32685,,
Álvaro Fernández Carreras,56.636658,,
Álvaro García Segovia,62.265747,,
Álvaro Mantilla Pérez,57.945126,,
Álvaro Martín Barreal,41.075157,,
Álvaro Roncal Rivera,61.327503,,
Álvaro Santamaría Arenas,23.720892,,
Álvaro Sanz Catalán,61.727398,,
Ángel Algobia Esteves,54.817802,,
Ángel Baena Pérez,29.963705,,
Ángel De La Cruz,42.755783,,
Ángel Fortuño Viñas,45.331085,,
Ángel Jiménez Gallego,45.504005,,
Çağtay Kurukalıp,57.36863,,
Édouard Michut,58.7189,,
Ían Jairo Misael Torres Ramírez,49.514973,,
Óli Ómarsson,50.8755,,
Óscar Arribas Pasero,30.772093,,
Óscar Clemente Mues,39.470375,,
Óscar Coronel,44.99642,,
Óscar Menéndez Carracedo,56.306297,,
Óscar Pinto,38.473095,,
Óscar Segura,53.40097,,
Óscar Ureña García,31.520416,,
Ömer Faruk Beyaz,46.46839,,
Ömürcan Artan,60.32506,,
Özkan Yiğiter,55.98027,,
Łukasz Zjawiński,23.662489,,
Şahverdi Çetin,56.574604,,
Željko Gavrić,52.53905,,
Șerban Tomache,45.502926,,
Ștefan Marinel Vlădoiu,60.190628,,
アペルカンプ 真大 カール,37.290226,,
ルシアン リトバルスキー,28.047014,,
一美 和成,30.261148,,
万隶楷,46.80023,,
三好 康児,34.68354,,
上田 綺世,24.339842,,
中井 卓大,31.034475,,
中坂 勇哉,41.448822,,
中山 雄太,62.41177,,
中村 敬斗,34.440006,,
井手 口陽介,61.942894,,
任康康,37.50354,,
伊斯坎达·布格拉汗,26.693544,,
伍承儒,41.612965,,
何友族,24.000568,,
何宇鹏,44.98216,,
何统帅,38.545048,,
何鑫杰,40.414574,,
侯煜,46.47416,,
俸泽源,24.208042,,
内野 貴史,58.98009,,
冉伟枫,45.504402,,
冯率航,42.57406,,
凌杰,24.138441,,
刘俊贤,24.058268,,
刘国博,38.566975,,
刘家辉,51.017166,,
刘柏杨,25.716492,,
刘浩帆,49.034813,,
刘润楠,50.12726,,
刘祝润,26.815197,,
刘若钒,39.436,,
刘邵子洋,45.50514,,
初瀬 亮,59.550674,,
化铭灿,36.98955,,
单欢欢,26.10291,,
原 大智,24.154633,,
史成龙,43.690994,,
叶利江·什那尔,52.78401,,
吴俊杰,48.445118,,
吴少聪,57.655872,,
周俊辰,24.145771,,
大南 拓磨,56.90646,,
奥抜 侃志,23.692526,,
姚旭臣,41.73202,,
孙健祥,45.515125,,
孙学龙,39.61602,,
孙宏伟,50.995514,,
孟俊杰,31.364298,,
季家葆,45.50399,,
安部 裕葵,29.990343,,
宋子文豪,44.827473,,
宋鑫涛,41.682266,,
小川 諒也,61.180374,,
川﨑 修平,24.34799,,
庞嘉俊,45.508144,,
廖伟,47.153027,,
廖垒,46.121037,,
廖家骏,44.006092,,
张俊业,23.832186,,
张华峻,23.72661,,
张威,43.989624,,
张家辉,42.424595,,
张建生,24.666376,,
张星亮,24.06838,,
张焯傲,49.856857,,
张玉宁,24.657755,,
张祥硕,47.840607,,
张禹,51.380867,,
张越,26.767998,,
张辉,37.013554,,
张锦梁,57.50034,,
徐世龙,45.526554,,
徐浩峰,52.317047,,
徐浩洋,49.643272,,
徐磊,51.12521,,
徐越,48.654697,,
慈恒龙,45.502766,,
戴伟浚,48.78743,,
文达,28.753242,,
斉藤 光毅,25.049759,,
曹孝义,48.498657,,
木塔力甫·依明卡日,44.95616,,
朱辰杰,61.15977,,
李一嘉,45.27453,,
李亚伦,30.73013,,
李佳恒,34.807346,,
李冠希,41.80917,,
李永佳,46.03533,,
李沛楠,49.936897,,
李达,49.65925,,
杜智轩,43.6542,,
杜月徵,23.526222,,
杨意林,32.72236,,
杨梓豪,50.167492,,
杨翼璇,39.18144,,
杨辰禹,44.59251,,
板仓 晃,58.00504,,
柳貴 博,55.30469,,
梁国桥,50.401043,,
梁少文,50.890305,,
椎橋 慧也,43.93177,,
橋岡 大樹,61.279053,,
檀崎 竜孔,29.76998,,
檜尾 昂樹,37.453278,,
段刘愚,38.47339,,
毕浩洋,48.777397,,
水多 海斗,28.464125,,
汪海健,51.9281,,
渡井 理己,43.75474,,
温家宝,57.57499,,
温永骏,43.968925,,
瀬古 歩夢,62.97102,,
牛梓屹,53.097908,,
王世龙,58.159763,,
王华鹏,52.543297,,
王振澳,30.254025,,
王政豪,49.130737,,
王文轩,52.260265,,
王浩然,43.1706,,
王献钧,54.80099,,
王金帅,45.3777,,
田中 聡,61.258442,,
田川 亨介,30.10794,,
町田 浩樹,59.879246,,
皮梓杨,39.454018,,
石炎,36.81232,,
立田 悠悟,58.456028,,
肖开提江·塔依尔,53.22115,,
胡家笠,58.682026,,
胡荷韬,49.16203,,
胡靖,51.41999,,
艾沙江·库尔班,23.951895,,
艾菲尔丁·艾斯卡尔,24.131557,,
苏宇亮,23.73839,,
范恒博,29.927828,,
菅 大輝,52.564808,,
蒋圣龙,54.39516,,
蔡明民,39.751247,,
蔡浩畅,47.518646,,
藤谷 壮,52.314335,,
西村 拓真,33.658634,,
赵健博,27.570702,,
赵剑非,54.156425,,
赵文哲,50.38699,,
赵梓业,24.033985,,
赵越政,42.96671,,
迪力依米提·土地,53.49063,,
遠藤 渓太,50.397617,,
邓雄涛,45.50329,,
邦本 宜裕,40.669014,,
郑圣雄,36.784107,,
郑雪健,53.497234,,
郭瀚儒,44.79427,,
郭田雨,34.04294,,
阮奇龙,53.135082,,
阿布力克木·阿布都沙拉木,41.063614,,
阿布拉汗·哈力克,43.670868,,
陈克强,46.887993,,
陈国抗,29.395582,,
陈宇浩,48.58902,,
陈序煌,47.20981,,
陈彦朴,27.32409,,
陈日金,55.988266,,
陈泉江,54.739456,,
陈祥煜,27.687283,,
陈运华,35.93947,,
陈雅俊,50.742542,,
陶强龙,35.05916,,
霍深坪,45.510372,,
韦丰,32.62164,,
韩东,23.400045,,
韩佳奇,24.324272,,
韵程,51.3019,,
食野 亮太郎,41.346237,,
马昆越,45.506668,,
马辅渔,30.285656,,
高天语,56.78709,,
高玉男,47.40314,,
高翔,45.076046,,
魏洺赫,51.05862,,
麦高崚,45.056725,,
麦麦提热依木·麦麦提艾力,23.898054,,
黄光亮,51.478516,,
黄家辉,55.735462,,
黄锐烽,50.14721,,
고재현 Jae Hyeon Ko,28.315187,,
김주성 Joo-Sung Kim,58.095394,,
김진야 金真冶,57.260975,,
김태환 Tae Hwan Kim,60.230732,,
박지민 Ji Min Park,43.13587,,
박한빈 朴限彬,59.694458,,
송민규 Min Kyu Song,25.812387,,
오현규 Hyeon-Gyu Oh,28.450468,,
유주안 Ju An You,35.047913,,
이광연 Gwang Yeon Lee,45.5142,,
이광혁 李光赫,32.4558,,
이수빈 Soo Bin Lee,57.01267,,
이승우 李昇佑,26.437855,,
이준석 Joon Suk Lee,57.38464,,
전세진 Jin Woo Jeon,23.368736,,
조영욱 Young Wook Cho,26.616161,,
천성훈 Seong Hoon Cheon,27.813997,,
최경록 崔琼罗,30.58585,,
홍현석 Hyeon Seok Hong,60.75154,,
