Nome,Target,Previsto,Effettivo (2024),Differenza
Reece James,overall,64.243645,84.0,19.75635528564453
Federico Dimarco,overall,65.14879,82.0,16.851211547851562
Skelly Alvero,overall,53.286385,69.0,15.713615417480469
Yehvann Diouf,overall,61.521103,77.0,15.478897094726562
Rayyan Baniya,overall,54.51754,69.0,14.482460021972656
Bruno Valdez,overall,59.870144,74.0,14.12985610961914
Lucas Chevalier,overall,64.74297,78.0,13.257026672363281
Moritz Jenz,overall,61.866123,74.0,12.13387680053711
Folarin Balogun,overall,66.95131,79.0,12.048690795898438
Jonathan Dubasin,overall,59.97675,72.0,12.023250579833984
Alex Palmer,overall,57.050716,69.0,11.949283599853516
Yusuf Erdoğan,overall,57.052624,69.0,11.947376251220703
Isak Hien,overall,63.236855,75.0,11.763145446777344
Federico Giraudo,overall,49.281418,61.0,11.718582153320312
Ernest Nuamah,overall,60.290432,72.0,11.70956802368164
Nicolas Kristof,overall,55.531094,67.0,11.46890640258789
Oday Dabbagh,overall,61.662052,73.0,11.337947845458984
Trai Hume,overall,56.869625,68.0,11.130374908447266
Quilindschy Hartman,overall,60.923157,72.0,11.07684326171875
Max Johnston,overall,55.013916,66.0,10.986083984375
Matej Maglica,overall,59.043083,70.0,10.956916809082031
Nectarios Triantis,overall,54.090233,65.0,10.909767150878906
Franco Israel,overall,60.12481,71.0,10.875190734863281
Yankuba Minteh,overall,54.287434,65.0,10.712566375732422
Alejo Veliz,overall,64.30011,75.0,10.69989013671875
Abdelkabir Abqar,overall,59.32494,70.0,10.675060272216797
Julian Ryerson,overall,66.37718,77.0,10.622817993164062
Bradley Barcola,overall,65.42736,76.0,10.572639465332031
Jerome Opoku,overall,60.58431,71.0,10.415691375732422
Matěj Kovář,overall,63.602318,74.0,10.397682189941406
Severin Ottiger,overall,52.61657,63.0,10.383430480957031
Ignacio Rodríguez,overall,55.617393,66.0,10.382606506347656
Andy Diouf,overall,63.654278,74.0,10.345722198486328
Eric Martel,overall,63.658318,74.0,10.341682434082031
Jordy Makengo,overall,56.6895,67.0,10.310501098632812
Elio Capradossi,overall,58.702785,69.0,10.29721450805664
Alessio Buttaro,overall,54.70386,65.0,10.296138763427734
Rico Henry,overall,67.83078,78.0,10.169219970703125
Andy Breuer,overall,62.145096,52.0,10.145095825195312
Bojan Miovski,overall,59.87884,70.0,10.121158599853516
Shady Oukhadda,overall,55.885616,66.0,10.114383697509766
Evan Ferguson,overall,63.05413,73.0,9.945869445800781
Cheick Conde,overall,61.08965,71.0,9.910350799560547
Miles Leaburn,overall,55.156593,65.0,9.843406677246094
Sikou Niakaté,overall,66.179474,76.0,9.820526123046875
Amine Salama,overall,58.215755,68.0,9.784244537353516
Andi Hoti,overall,57.235855,67.0,9.764144897460938
Tyronne Ebuehi,overall,64.294014,74.0,9.705986022949219
Juan José Cáceres,overall,63.349422,73.0,9.650577545166016
Mats Wieffer,overall,66.40474,76.0,9.595260620117188
Alberto Dossena,overall,61.43042,71.0,9.569580078125
Sergio Oregel,overall,60.5693,51.0,9.56930160522461
Nathan-Dylan Saliba,overall,50.492252,60.0,9.507747650146484
Victor Loturi,overall,54.502216,64.0,9.497783660888672
Anton Krivotsyuk,overall,61.519875,71.0,9.480125427246094
Alessandro Buongiorno,overall,67.596306,77.0,9.403694152832031
Kazeem Olaigbe,overall,54.613503,64.0,9.386497497558594
George Marks,overall,49.62798,59.0,9.372020721435547
Patrick Sutter,overall,55.634247,65.0,9.365753173828125
Nicolás Valentini,overall,62.639004,72.0,9.36099624633789
Formose Mendy,overall,58.657692,68.0,9.342308044433594
Ismajl Beka,overall,56.756207,66.0,9.243793487548828
Amadou Mbengue,overall,56.77025,66.0,9.229751586914062
Jekob Abiezer Jeno,overall,54.773132,64.0,9.22686767578125
Calem Nieuwenhof,overall,58.790005,68.0,9.20999526977539
Kobe Franklin,overall,53.791084,63.0,9.208915710449219
Quentin Braat,overall,59.820137,69.0,9.179862976074219
Romeo Lavia,overall,63.84883,73.0,9.151168823242188
Paul Joly,overall,57.850765,67.0,9.149234771728516
Owen Wolff,overall,54.878853,64.0,9.121147155761719
Dimitry Bertaud,overall,63.90444,73.0,9.095558166503906
Curtis Davies,overall,55.90672,65.0,9.093280792236328
Nicolò Cambiaghi,overall,64.95422,74.0,9.0457763671875
Duplexe Tchamba,overall,56.96489,66.0,9.035110473632812
Carlton Morris,overall,63.00541,72.0,8.994590759277344
Igoh Ogbu,overall,66.03162,75.0,8.9683837890625
Santiago Núñez,overall,59.064068,68.0,8.935932159423828
Saël Kumbedi,overall,62.07177,71.0,8.928230285644531
Jordan Bos,overall,60.07878,69.0,8.921218872070312
Adamo Nagalo,overall,62.103256,71.0,8.896743774414062
Saikou Touray,overall,55.122627,64.0,8.877372741699219
Josué Casimir,overall,58.133984,67.0,8.866016387939453
Felix Keidel,overall,52.15856,61.0,8.841438293457031
Ethan Bartlow,overall,54.16057,63.0,8.839431762695312
Paul-Philipp Besong,overall,54.176773,63.0,8.823226928710938
Kiliann Sildillia,overall,63.216496,72.0,8.783504486083984
Oliver Christensen,overall,64.22627,73.0,8.773727416992188
Luca Moro,overall,58.231945,67.0,8.768054962158203
Filip Jörgensen,overall,61.25267,70.0,8.747329711914062
Henning Matriciani,overall,61.259888,70.0,8.7401123046875
Aurèle Amenda,overall,55.262047,64.0,8.737953186035156
Harold Moukoudi,overall,66.28374,75.0,8.716262817382812
Christos Zafeiris,overall,64.292244,73.0,8.707756042480469
Tommaso Baldanzi,overall,68.30564,77.0,8.694358825683594
Ryan Porteous,overall,62.345543,71.0,8.654457092285156
Nicolás Romero,overall,60.352383,69.0,8.64761734008789
Harvey Lintott,overall,52.36152,61.0,8.638481140136719
Rico Lewis,overall,64.36425,73.0,8.635749816894531
Bonke Innocent,overall,62.392216,71.0,8.607784271240234
Marco Curto,overall,60.419044,69.0,8.580955505371094
Louis Patris,overall,61.433582,70.0,8.566417694091797
Antonio Carrera,overall,61.565346,53.0,8.565345764160156
Artem Bondarenko,overall,66.51,75.0,8.489997863769531
Xavier Mbuyamba,overall,60.525665,69.0,8.474334716796875
Václav Černý,overall,67.52851,76.0,8.471488952636719
Bart Verbruggen,overall,66.564316,75.0,8.435684204101562
Arthur Lyska,overall,55.573143,64.0,8.426856994628906
Simon Adingra,overall,64.61554,73.0,8.38446044921875
Zeki Amdouni,overall,65.61573,74.0,8.384269714355469
Hayden Hackney,overall,61.642437,70.0,8.357563018798828
Sydney van Hooijdonk,overall,63.644608,72.0,8.355392456054688
George Campbell,overall,55.65125,64.0,8.348751068115234
Stephan Negru,overall,49.661064,58.0,8.338935852050781
Konstantinos Koulierakis,overall,59.685604,68.0,8.314395904541016
George Hall,overall,57.687065,66.0,8.312934875488281
Daniel Paraschiv,overall,59.68713,68.0,8.312870025634766
Serdar Saatçı,overall,59.68749,68.0,8.312511444091797
Bautista Kociubinski,overall,62.690094,71.0,8.309906005859375
Gabriele Corbo,overall,58.743866,67.0,8.256134033203125
Gonzalo Luján,overall,61.76273,70.0,8.23727035522461
Georgios Vagiannidis,overall,58.76673,67.0,8.233268737792969
Njabulo Blom,overall,59.769108,68.0,8.230892181396484
Arda Güler,overall,68.78798,77.0,8.212020874023438
Jack Currie,overall,55.80948,64.0,8.190521240234375
Mamadou Tounkara,overall,56.825256,65.0,8.17474365234375
Giovanni Fabbian,overall,60.881767,69.0,8.118232727050781
Bartłomiej Kłudka,overall,54.884785,63.0,8.115215301513672
Jesurun Rak-Sakyi,overall,62.88774,71.0,8.112258911132812
Salvatore Dario La Vardera,overall,52.894093,61.0,8.105907440185547
Okan Erdoğan,overall,57.903294,66.0,8.09670639038086
Théo Le Bris,overall,60.906517,69.0,8.093482971191406
Frank Magri,overall,60.924274,69.0,8.075725555419922
Caleb Taylor,overall,58.932247,67.0,8.067752838134766
Patrick Schulte,overall,57.93634,66.0,8.06365966796875
Jerry Yates,overall,62.97514,71.0,8.024860382080078
Lindrit Kamberi,overall,57.9882,66.0,8.011798858642578
Miguel Chaiwa,overall,64.9878,57.0,7.987800598144531
Björn Meijer,overall,65.03056,73.0,7.9694366455078125
Stefano Turati,overall,64.03361,72.0,7.966392517089844
Hjalmar Ekdal,overall,65.04495,73.0,7.955047607421875
Christian Witzig,overall,57.05821,65.0,7.941791534423828
Alfie Doughty,overall,64.06384,72.0,7.9361572265625
Federico Redondo,overall,63.10978,71.0,7.890220642089844
Valeriy Bondar,overall,64.118706,72.0,7.881294250488281
Cameron Carter-Vickers,overall,68.15418,76.0,7.845817565917969
Bafodé Diakité,overall,67.16158,75.0,7.838417053222656
Logan Costa,overall,62.16717,70.0,7.832828521728516
Simon Elisor,overall,58.17105,66.0,7.828948974609375
Franck Honorat,overall,68.17206,76.0,7.82794189453125
Tomás Durso,overall,58.196575,66.0,7.803424835205078
Malik Tillman,overall,66.21908,74.0,7.780921936035156
Johan Bakayoko,overall,67.22664,75.0,7.7733612060546875
Valentin Gendrey,overall,64.22836,72.0,7.771636962890625
Issiar Dramé,overall,55.23043,63.0,7.769569396972656
Kajetan Szmyt,overall,57.24769,65.0,7.752311706542969
Grejohn Kyei,overall,64.25787,72.0,7.74212646484375
Jonas Urbig,overall,58.259186,66.0,7.740814208984375
Vladyslav Vanat,overall,61.284508,69.0,7.715492248535156
Senne Lynen,overall,65.28773,73.0,7.712272644042969
Cheick Keita,overall,62.31198,70.0,7.688018798828125
George Harmon,overall,54.32157,62.0,7.678428649902344
Heorhii Sudakov,overall,67.326866,75.0,7.673133850097656
Moussa Diarra,overall,62.33215,70.0,7.667850494384766
Leif Davis,overall,62.343174,70.0,7.656826019287109
Daniel Samek,overall,68.636536,61.0,7.63653564453125
Matěj Jurásek,overall,63.379154,71.0,7.620845794677734
Adam Obert,overall,60.405037,68.0,7.594963073730469
Nunzio Lella,overall,58.407185,66.0,7.592815399169922
Hakim Guenouche,overall,60.415844,68.0,7.584156036376953
Antonio Candela,overall,61.42125,69.0,7.5787506103515625
Dominik Stumberger,overall,56.429787,64.0,7.570213317871094
Jean Hugonet,overall,60.439808,68.0,7.560192108154297
Azzedine Ounahi,overall,68.441696,76.0,7.5583038330078125
Moritz Broschinski,overall,59.441803,67.0,7.558197021484375
Salim Diakité,overall,59.465652,67.0,7.5343475341796875
David Schnegg,overall,63.466106,71.0,7.533893585205078
Aleksa Terzić,overall,64.478935,72.0,7.521064758300781
Kevin Ortiz,overall,62.490376,70.0,7.509624481201172
Anton Eriksson,overall,56.5174,64.0,7.482601165771484
Flavien-Enzo Boyomo,overall,61.528877,69.0,7.471122741699219
Nathaniel Brown,overall,56.53227,64.0,7.467731475830078
Alec Van Hoorenbeeck,overall,58.55967,66.0,7.440330505371094
Vikram Singh,overall,55.425148,48.0,7.425148010253906
Karol Świderski,overall,66.57781,74.0,7.422187805175781
Phillip Tietz,overall,64.59371,72.0,7.406288146972656
Tobias Fleckstein,overall,55.59901,63.0,7.400989532470703
Callum Doyle,overall,63.61333,71.0,7.386669158935547
Andrea Pinamonti,overall,66.62047,74.0,7.3795318603515625
Yusuf Özdemir,overall,57.630577,65.0,7.369422912597656
Simon Ebonog,overall,53.65379,61.0,7.346210479736328
Lucas Souto,overall,58.656933,66.0,7.343067169189453
Fabian Rieder,overall,66.66209,74.0,7.337913513183594
Till Cissokho,overall,58.687725,66.0,7.312274932861328
Edgaras Utkus,overall,58.688473,66.0,7.311527252197266
Santiago Toloza,overall,61.68858,69.0,7.311420440673828
Kamory Doumbia,overall,64.708496,72.0,7.29150390625
Anthony Patterson,overall,63.736538,71.0,7.263462066650391
Manuel García,overall,60.739807,68.0,7.26019287109375
Mohammed Al Dawsari,overall,56.74646,64.0,7.2535400390625
Robin Voisine,overall,53.76211,61.0,7.237888336181641
Nadjib Cissé,overall,53.769234,61.0,7.230766296386719
Yassine Kechta,overall,60.779285,68.0,7.220714569091797
Noé Sow,overall,56.799156,64.0,7.200843811035156
Lucas Lund,overall,61.807037,69.0,7.192962646484375
Maximilian Braune,overall,54.838474,62.0,7.161525726318359
Noah Botić,overall,53.87605,61.0,7.123950958251953
Nathan Tella,overall,66.87765,74.0,7.122352600097656
Lewis Gordon,overall,55.890778,63.0,7.109222412109375
Mateo Gamarra,overall,61.902058,69.0,7.097942352294922
Jan-Christoph Bartels,overall,57.907505,65.0,7.092494964599609
Christian Früchtl,overall,60.92202,68.0,7.077980041503906
Cyril Ngonge,overall,65.926285,73.0,7.0737152099609375
Rune Paeshuyse,overall,56.933304,64.0,7.0666961669921875
Allan Tchaptchet,overall,58.93467,66.0,7.065330505371094
Nico Mantl,overall,61.946285,69.0,7.053714752197266
Samuel Giovane,overall,67.04638,60.0,7.046379089355469
Zakaria Hawsawi,overall,56.957348,64.0,7.042652130126953
Luke McNally,overall,63.964622,71.0,7.035377502441406
Mateusz Wieteska,overall,64.978775,72.0,7.0212249755859375
Alfie Jones,overall,60.986183,68.0,7.013816833496094
Rick van Drongelen,overall,62.987507,70.0,7.012493133544922
Niccolò Corrado,overall,59.99389,67.0,7.006111145019531
Charlie McCann,overall,64.99445,58.0,6.994453430175781
Lucas Mauragis,overall,56.01758,63.0,6.982421875
Barış Alper Yılmaz,overall,65.018814,72.0,6.9811859130859375
Jayden Oosterwolde,overall,62.03409,69.0,6.965911865234375
Manuel Roffo,overall,63.050392,70.0,6.949607849121094
Hugo Vandermersch,overall,62.055283,69.0,6.9447174072265625
Dominic Solanke,overall,68.072876,75.0,6.9271240234375
Kendall Burks,overall,53.078384,60.0,6.9216156005859375
Derry John Murkin,overall,59.087658,66.0,6.912342071533203
Adilson Malanda,overall,58.09596,65.0,6.904041290283203
Aidan Morris,overall,63.10798,70.0,6.892021179199219
Freddie Woodman,overall,67.14463,74.0,6.855369567871094
Michał Karbownik,overall,66.150986,73.0,6.8490142822265625
Miguel Reichmuth,overall,60.84691,54.0,6.8469085693359375
Tadeo Allende,overall,64.168015,71.0,6.8319854736328125
Felipe Valencia,overall,56.831333,50.0,6.831333160400391
Facundo Bruera,overall,65.17496,72.0,6.825042724609375
Taye Ashby-Hammond,overall,57.179356,64.0,6.820644378662109
Emil Kischka,overall,59.82039,53.0,6.8203887939453125
Dmytro Riznyk,overall,64.18568,71.0,6.814323425292969
Javier Casas Jr.,overall,56.773838,50.0,6.773838043212891
Nelson Palacio,overall,64.2269,71.0,6.773101806640625
Jay Idzes,overall,60.229675,67.0,6.77032470703125
Oskar Leśniak,overall,56.766247,50.0,6.766246795654297
Agustín Giay,overall,64.262115,71.0,6.737884521484375
Marcel Lotka,overall,61.293827,68.0,6.706172943115234
Jack Hamilton,overall,54.294235,61.0,6.7057647705078125
Cédric Zesiger,overall,67.30823,74.0,6.6917724609375
Noah Rupp,overall,60.688423,54.0,6.688423156738281
Batista Mendy,overall,65.3174,72.0,6.6826019287109375
James Trafford,overall,64.32648,71.0,6.67352294921875
John Tolkin,overall,64.32855,71.0,6.67144775390625
Erdem Canpolat,overall,58.33853,65.0,6.661468505859375
Adrian Mazilu,overall,59.347095,66.0,6.652904510498047
Thomas Thiesson Kristensen,overall,61.36797,68.0,6.632030487060547
Moustapha Mbow,overall,60.37301,67.0,6.626991271972656
Elias Jelert,overall,64.38907,71.0,6.610931396484375
Diant Ramaj,overall,60.40306,67.0,6.5969390869140625
Daniel Svensson,overall,60.420433,67.0,6.579566955566406
Fabian Reese,overall,67.424545,74.0,6.5754547119140625
Lewis Mayo,overall,57.42624,64.0,6.573760986328125
Isaac Schmidt,overall,58.43092,65.0,6.569080352783203
Gideon Mensah,overall,63.449757,70.0,6.550243377685547
Rafał Strączek,overall,61.46384,68.0,6.536159515380859
Kortney Hause,overall,65.46487,72.0,6.535133361816406
Bartosz Mrozek,overall,60.47,67.0,6.529998779296875
Thijs Dallinga,overall,68.4727,75.0,6.5272979736328125
Matija Šarkić,overall,61.48285,68.0,6.51715087890625
Giuliano Simeone,overall,65.49799,72.0,6.502006530761719
Jhon Durán,overall,58.51467,65.0,6.485328674316406
Amar Dedić,overall,66.54167,73.0,6.4583282470703125
Charlie Cresswell,overall,63.576973,70.0,6.423027038574219
Zeno Debast,overall,64.58872,71.0,6.411277770996094
Tyrell Warren,overall,55.609474,62.0,6.390525817871094
Juan Cruz Esquivel,overall,61.62022,68.0,6.379779815673828
David Brekalo,overall,62.621796,69.0,6.378204345703125
Youssef Chermiti,overall,65.62358,72.0,6.3764190673828125
Răzvan Sava,overall,57.625263,64.0,6.374736785888672
Saxon Earley,overall,56.64096,63.0,6.359039306640625
Agustín Cayetano,overall,61.642525,68.0,6.357475280761719
Frederik Lauenborg,overall,60.646965,67.0,6.353034973144531
Kailin Barlow,overall,49.648758,56.0,6.3512420654296875
Medon Berisha,overall,65.33155,59.0,6.331550598144531
Orri Óskarsson,overall,54.672108,61.0,6.327892303466797
Aiden O'Neill,overall,64.682884,71.0,6.317115783691406
Nicolas Vouilloz,overall,58.6879,65.0,6.312099456787109
Michał Skóraś,overall,64.74886,71.0,6.251136779785156
Kamil Pestka,overall,61.78088,68.0,6.219120025634766
Wilson Odobert,overall,61.7862,68.0,6.213798522949219
Oscar Wiklöf,overall,56.78836,63.0,6.211639404296875
Hassan Ndam,overall,56.792347,63.0,6.207653045654297
Alexander Prass,overall,67.8279,74.0,6.172096252441406
Julian Niehues,overall,61.836052,68.0,6.163948059082031
Guillaume Restes,overall,62.838127,69.0,6.161872863769531
Alex Robertson,overall,64.15608,58.0,6.1560821533203125
Jonas Sterner,overall,67.1555,61.0,6.1555023193359375
Dominik Kotarski,overall,66.84912,73.0,6.15087890625
Salem Al Najdi,overall,48.852398,55.0,6.147602081298828
Kevin Yakob,overall,62.854275,69.0,6.145725250244141
Lennard Maloney,overall,64.85756,71.0,6.1424407958984375
Manuel Polster,overall,56.857616,63.0,6.142383575439453
Maximiliano Caufriez,overall,65.86656,72.0,6.1334381103515625
Michael Gallagher,overall,49.88916,56.0,6.11083984375
Noah Ohio,overall,60.913425,67.0,6.086574554443359
Ethan Bristow,overall,58.915726,65.0,6.0842742919921875
Matthew Connelly,overall,58.083828,52.0,6.083827972412109
Will Sands,overall,55.941387,62.0,6.058612823486328
Gaëtan Poussin,overall,61.943256,68.0,6.056743621826172
Liam Bennett,overall,57.95035,64.0,6.049648284912109
Ron-Thorben Hoffmann,overall,61.950676,68.0,6.049324035644531
Leopold Querfeld,overall,60.96428,67.0,6.0357208251953125
Jannik Rochelt,overall,62.972828,69.0,6.027172088623047
Benedict Hollerbach,overall,62.973522,69.0,6.026477813720703
Jake Hollman,overall,55.976696,62.0,6.023303985595703
Giorgio Scalvini,overall,68.98576,75.0,6.0142364501953125
Matías Alfonso,overall,60.990913,67.0,6.009086608886719
Malcom Bokele,overall,60.99335,67.0,6.006649017333984
Michel Stöcker,overall,56.998726,63.0,6.001274108886719
Federico Ravaglia,overall,58.99887,65.0,6.001129150390625
Nnamdi Collins,overall,56.999996,63.0,6.000003814697266
Žan Celar,overall,63.00291,69.0,5.997089385986328
Gustav Grubbe,overall,57.006943,63.0,5.9930572509765625
Tasos Douvikas,overall,68.013016,74.0,5.9869842529296875
Julián Fernández,overall,64.024155,70.0,5.9758453369140625
Faris Pemi Moumbagna,overall,61.03819,67.0,5.961811065673828
Mehdi Boukamir,overall,55.04306,61.0,5.956939697265625
Matthias Bader,overall,68.04698,74.0,5.9530181884765625
Will Fish,overall,62.05136,68.0,5.948638916015625
Jacob Shaffelburg,overall,60.054897,66.0,5.945102691650391
Abdulkareem Al Sultan,overall,54.056484,60.0,5.943515777587891
Edoardo Bove,overall,68.058266,74.0,5.941734313964844
Faisal Al Ghamdi,overall,55.06531,61.0,5.934688568115234
Théo De Percin,overall,55.066914,61.0,5.933086395263672
Damián Pizarro,overall,59.06725,65.0,5.932750701904297
Fabricio Vidal,overall,55.075523,61.0,5.924476623535156
Santiago Visentin,overall,55.08687,61.0,5.9131317138671875
Jaheim Headley,overall,57.08874,63.0,5.911258697509766
Nesta Guinness-Walker,overall,60.108036,66.0,5.891963958740234
Marcelo Esponda,overall,67.88728,62.0,5.8872833251953125
Chris Hegardt,overall,57.882465,52.0,5.882465362548828
Jordan Graham,overall,61.127285,67.0,5.872714996337891
Joe Gauci,overall,61.130455,67.0,5.869544982910156
Keegan Jelacic,overall,57.132553,63.0,5.8674468994140625
Osvaldo Cisneros,overall,54.85956,49.0,5.85955810546875
Đorđe Petrović,overall,68.14212,74.0,5.857879638671875
Bruno Amione,overall,64.14417,70.0,5.855827331542969
Lameck Banda,overall,64.1471,70.0,5.852897644042969
Felix Bacher,overall,60.163338,66.0,5.836662292480469
Bertram Kvist,overall,60.83567,55.0,5.835670471191406
Connor Roberts,overall,69.19559,75.0,5.804412841796875
Gustaf Lagerbielke,overall,60.201836,66.0,5.798164367675781
Lukas Sulzbacher,overall,59.203136,65.0,5.796863555908203
Filip Szymczak,overall,60.20362,66.0,5.796379089355469
Johann Lepenant,overall,67.20539,73.0,5.794609069824219
Linton Maina,overall,68.20735,74.0,5.7926483154296875
Łukasz Poręba,overall,62.21102,68.0,5.788978576660156
Mehdi Loune,overall,64.78486,59.0,5.784858703613281
Lars Larsson Jendal,overall,54.239735,60.0,5.760265350341797
Enzo Tchato,overall,59.24084,65.0,5.759159088134766
Ibrahima Koné,overall,64.246765,70.0,5.75323486328125
Lewis Ferguson,overall,68.248314,74.0,5.751686096191406
Adis Jasic,overall,64.25415,70.0,5.745849609375
Dennis Smarsch,overall,57.27184,63.0,5.728160858154297
Nathan Baxter,overall,63.278744,69.0,5.721256256103516
Phillip Menzel,overall,61.279133,67.0,5.720867156982422
Gökhan Gül,overall,67.70802,62.0,5.7080230712890625
Levi Colwill,overall,68.29573,74.0,5.7042694091796875
Lars Olden Larsen,overall,63.296192,69.0,5.703807830810547
Reece Oxford,overall,68.29895,74.0,5.7010498046875
Thomas Geris,overall,57.69572,52.0,5.695720672607422
Alessandro Lai,overall,52.304962,58.0,5.695037841796875
Sebastián González,overall,63.309116,69.0,5.690883636474609
Oscar Wallin,overall,53.310593,59.0,5.6894073486328125
Serano Seymor,overall,57.311672,63.0,5.688327789306641
Gabriel Osho,overall,64.31311,70.0,5.6868896484375
Rassoul Ndiaye,overall,63.31399,69.0,5.686008453369141
Massamba Ndiaye,overall,58.314693,64.0,5.685306549072266
Jordan Storey,overall,66.320305,72.0,5.679695129394531
Jens Odgaard,overall,67.325935,73.0,5.674064636230469
Sean Zawadzki,overall,55.327003,61.0,5.672996520996094
Diego Coppola,overall,65.33005,71.0,5.669952392578125
Reo Griffiths,overall,62.66734,57.0,5.667339324951172
Justin Butler,overall,57.335598,63.0,5.664402008056641
Jordan Brown,overall,55.339005,61.0,5.6609954833984375
Joe Mendes,overall,62.339737,68.0,5.6602630615234375
Noah Atubolu,overall,64.34804,70.0,5.6519622802734375
Edoardo Corvi,overall,49.359867,55.0,5.640132904052734
Darren Yapi,overall,54.36537,60.0,5.6346282958984375
Mandela Keita,overall,64.38337,70.0,5.616630554199219
Fotis Ioannidis,overall,65.386696,71.0,5.613304138183594
Emanuel Emegha,overall,62.386982,68.0,5.613018035888672
Al-Amin Kazeem,overall,54.39946,60.0,5.6005401611328125
Serge-Philippe Raux-Yao,overall,58.418217,64.0,5.581783294677734
Mert Yusuf Torlak,overall,61.574165,56.0,5.574165344238281
Florian Engelhardt,overall,59.56114,54.0,5.561138153076172
Ardon Jashari,overall,65.44122,71.0,5.55877685546875
Martin Agnarsson,overall,60.555252,55.0,5.5552520751953125
Himad Abdelli,overall,66.450356,72.0,5.549644470214844
Dennis Hadžikadunić,overall,65.46236,71.0,5.5376434326171875
Matías Vera,overall,63.471714,69.0,5.528285980224609
Fraser Hornby,overall,63.49463,69.0,5.50537109375
Jack Ellis,overall,50.494633,56.0,5.505367279052734
Arouna Sangante,overall,65.4958,71.0,5.504203796386719
Enzo Ebosse,overall,65.49949,71.0,5.500511169433594
Abderrahman Rebbach,overall,63.51695,69.0,5.483051300048828
Lohann Doucet,overall,59.522575,65.0,5.477424621582031
Bobby Thomas,overall,62.524303,68.0,5.475696563720703
Max Woltman,overall,61.47293,56.0,5.472930908203125
Damian Las,overall,57.46572,52.0,5.465721130371094
Kristoffer Lund Hansen,overall,63.536797,69.0,5.463203430175781
Ole Pohlmann,overall,60.537884,66.0,5.462116241455078
Christian Kinsombi,overall,63.546112,69.0,5.453887939453125
Morten Thorsby,overall,68.54916,74.0,5.450843811035156
Matte Smets,overall,56.561832,62.0,5.438167572021484
Philipp Treu,overall,61.56436,67.0,5.435638427734375
Noah Kruth,overall,56.567127,62.0,5.432872772216797
Muhammed Uvais,overall,49.56959,55.0,5.430408477783203
Steven Sserwadda,overall,58.427757,53.0,5.427757263183594
Lorenzo Colombo,overall,66.572296,72.0,5.427703857421875
Tyler Roberts,overall,62.57685,68.0,5.423149108886719
Boris Lambert,overall,62.578194,68.0,5.421806335449219
John Nelson,overall,60.596973,66.0,5.403026580810547
Dimitrios Nikolaou,overall,66.59848,72.0,5.401519775390625
Jérémy Blasco,overall,61.60616,67.0,5.393840789794922
Dimitar Mitov,overall,57.618332,63.0,5.3816680908203125
Luca Gemello,overall,58.626217,64.0,5.373783111572266
Cihan Çanak,overall,59.637833,65.0,5.3621673583984375
Adam Dźwigała,overall,61.64224,67.0,5.357761383056641
Anton Gaaei,overall,59.643196,65.0,5.356803894042969
Christoph Klarer,overall,66.64366,72.0,5.3563385009765625
Elia Caprile,overall,66.64819,72.0,5.351806640625
Jannis Heuer,overall,63.664433,69.0,5.335567474365234
Niklas Hedl,overall,64.668,70.0,5.332000732421875
Shurandy Sambo,overall,63.67267,69.0,5.32733154296875
Zac Ashworth,overall,56.674694,62.0,5.325305938720703
Lequincio Zeefuik,overall,56.67504,62.0,5.324958801269531
Djenahro Nunumete,overall,64.3225,59.0,5.322502136230469
Mathias Olesen,overall,60.68612,66.0,5.313880920410156
Michele Cerofolini,overall,57.689487,63.0,5.310512542724609
Barry Lauwers,overall,54.690582,60.0,5.309417724609375
Dennis Gjengaar,overall,55.696693,61.0,5.303306579589844
Jeanuël Belocian,overall,63.70209,69.0,5.297908782958984
Akor Jerome Adams,overall,62.72425,68.0,5.275749206542969
Loick Ayina,overall,53.726513,59.0,5.273487091064453
Lennart Grill,overall,63.729965,69.0,5.2700347900390625
Souleymane Diaby,overall,57.73249,63.0,5.267509460449219
Aleksa Pejić,overall,61.733883,67.0,5.266117095947266
Gian Nardelli,overall,60.73455,66.0,5.265449523925781
Yoann Cathline,overall,61.751423,67.0,5.248577117919922
Facundo Buonanotte,overall,63.753307,69.0,5.246692657470703
Steve Ngoura,overall,55.776085,61.0,5.223915100097656
Matteo Meisl,overall,61.782738,67.0,5.217262268066406
Furkan Bayır,overall,60.787914,66.0,5.212085723876953
Jamal Amofa,overall,61.790943,67.0,5.209056854248047
Luca Langoni,overall,66.800934,72.0,5.199066162109375
Christos Kourfalidis,overall,61.803776,67.0,5.196224212646484
Mathias Løvik,overall,57.808662,63.0,5.191337585449219
Huseyin Biler,overall,54.812553,60.0,5.187446594238281
Isaac Ogundere,overall,53.81354,59.0,5.186458587646484
Idris El Mizouni,overall,61.816452,67.0,5.1835479736328125
Leander Øy,overall,59.182663,54.0,5.1826629638671875
Göktan Gürpüz,overall,67.178276,62.0,5.178276062011719
Jusuf Gazibegović,overall,64.82212,70.0,5.177879333496094
Magnus Rugland Ree,overall,59.17054,54.0,5.170539855957031
Tyreece Campbell,overall,53.834576,59.0,5.165424346923828
Harry Boyes,overall,55.83458,61.0,5.1654205322265625
Jamie Egan,overall,49.836586,55.0,5.163414001464844
Andy Smith,overall,57.837227,63.0,5.162773132324219
Fritiof Hellichius,overall,60.15613,55.0,5.156131744384766
Hugo Andersson,overall,61.862682,67.0,5.137317657470703
Halid Šabanović,overall,62.86472,68.0,5.135280609130859
Luca Ranieri,overall,66.868225,72.0,5.13177490234375
Regan Slater,overall,64.87383,70.0,5.126167297363281
Matteo Gabbia,overall,67.87495,73.0,5.125053405761719
Bela Dumrath,overall,58.121235,53.0,5.121234893798828
Raphael Schifferl,overall,60.888325,66.0,5.111675262451172
Hakon Valdimarsson,overall,60.89436,66.0,5.105640411376953
Mathys Tel,overall,65.90778,71.0,5.092216491699219
Jonas Kersken,overall,58.910934,64.0,5.0890655517578125
Badredine Bouanani,overall,63.918716,69.0,5.0812835693359375
Daniel Eid,overall,59.92155,65.0,5.078449249267578
Alfie Chang,overall,57.923615,63.0,5.076385498046875
Vladislav Molchan,overall,54.932533,60.0,5.067466735839844
Tim Breithaupt,overall,64.94443,70.0,5.055572509765625
Saad Al Mousa,overall,55.951694,61.0,5.048305511474609
Jack Clarke,overall,67.954544,73.0,5.0454559326171875
Aleksander Buksa,overall,65.04276,60.0,5.042762756347656
Ervin Omić,overall,58.966053,64.0,5.033946990966797
Ismael Cortez,overall,61.970234,67.0,5.029766082763672
James McAtee,overall,64.98006,70.0,5.0199432373046875
Jarrod Carluccio,overall,51.98058,57.0,5.019420623779297
Jordhy Thompson,overall,61.986145,67.0,5.01385498046875
Conor Brann,overall,57.012894,52.0,5.0128936767578125
Jean Ruiz,overall,63.991684,69.0,5.0083160400390625
Yaimar Medina,overall,61.00808,66.0,4.991920471191406
Iyad Mohamed,overall,57.00994,62.0,4.990058898925781
Alexander Freeman,overall,55.986748,51.0,4.986747741699219
Lex-Tyger Lobinger,overall,58.014236,63.0,4.9857635498046875
Giorgio Altare,overall,65.03334,70.0,4.9666595458984375
Santiago Castro,overall,60.036804,65.0,4.96319580078125
Ahmed Longmire,overall,49.04296,54.0,4.957038879394531
Óscar Zambrano,overall,64.043495,69.0,4.956504821777344
Magnus Sjøeng,overall,59.052135,64.0,4.947864532470703
Charlie Savage,overall,66.94367,62.0,4.943672180175781
Marvin Pieringer,overall,66.05673,71.0,4.943267822265625
Filip Stojilković,overall,63.057877,68.0,4.9421234130859375
Boris Tomiak,overall,65.058014,70.0,4.941986083984375
Scott Wright,overall,65.05899,70.0,4.941009521484375
Cameron Archer,overall,68.062325,73.0,4.937675476074219
Oualid Mhamdi,overall,54.06233,59.0,4.937671661376953
Callum Talbot,overall,58.070187,63.0,4.929813385009766
Jarrad Branthwaite,overall,67.07123,72.0,4.92877197265625
Ionuț Andres,overall,53.081627,58.0,4.918373107910156
Lloyd Kelly,overall,68.082924,73.0,4.917076110839844
Habib Diarra,overall,63.083054,68.0,4.9169464111328125
Jamil Siebert,overall,62.087944,67.0,4.912055969238281
Evan McLaughlin,overall,57.910313,53.0,4.910312652587891
Harvey O'Brien,overall,48.09075,53.0,4.909248352050781
Federico Bonazzoli,overall,66.09383,71.0,4.9061737060546875
Gene Kennedy,overall,59.904858,55.0,4.904857635498047
Maximilian Wittek,overall,68.09941,73.0,4.9005889892578125
Crysencio Summerville,overall,68.09965,73.0,4.900352478027344
Leonhard Münst,overall,64.89792,60.0,4.897918701171875
Aske Adelgaard,overall,56.10241,61.0,4.897590637207031
Ștefan Mușat,overall,55.895042,51.0,4.895042419433594
Denis Huseinbašić,overall,64.10552,69.0,4.894477844238281
Kristoffer Velde,overall,64.11023,69.0,4.8897705078125
Antoine Makoumbou,overall,66.114845,71.0,4.885154724121094
Steven Benda,overall,62.115265,67.0,4.884735107421875
Gavin Hodgins,overall,55.876797,51.0,4.876796722412109
Mike Eerdhuijzen,overall,62.124626,67.0,4.875373840332031
Juan Carlos Gauto,overall,64.12556,69.0,4.874443054199219
Moussa N'Diaye,overall,61.132515,66.0,4.867485046386719
Anass Zaroury,overall,69.135,74.0,4.864997863769531
Josh Eccles,overall,64.1413,69.0,4.85870361328125
Tobias Berger,overall,59.1422,64.0,4.857799530029297
Enea Mihaj,overall,64.14599,69.0,4.854011535644531
Mamadou Fofana,overall,61.162415,66.0,4.83758544921875
Franco Díaz,overall,63.164257,68.0,4.835742950439453
Amarjit Singh Kiyam,overall,58.833405,54.0,4.833404541015625
Christiaan Ravych,overall,61.175358,66.0,4.824642181396484
Lorenzo Pirola,overall,66.17604,71.0,4.8239593505859375
Cameron Humphreys,overall,58.1798,63.0,4.820201873779297
Théo Magnin,overall,60.819824,56.0,4.81982421875
Nik Prelec,overall,61.18854,66.0,4.811458587646484
Maurits Kjaergaard,overall,68.18872,73.0,4.811279296875
Sascha Horvath,overall,66.19165,71.0,4.808349609375
Philip Fahrner,overall,57.193214,62.0,4.806785583496094
Jack Wells-Morrison,overall,61.803726,57.0,4.8037261962890625
Arda Kızıldağ,overall,60.205902,65.0,4.794097900390625
Mor Ndiaye,overall,62.20743,67.0,4.792568206787109
Harry Leonard,overall,63.787533,59.0,4.787532806396484
Sven Mijnans,overall,67.21417,72.0,4.78582763671875
Thomas Himeur,overall,58.214325,63.0,4.785675048828125
Maxwell Gyamfi,overall,61.21498,66.0,4.7850189208984375
Charlie Webster,overall,62.77321,58.0,4.7732086181640625
Jaouen Hadjam,overall,64.228134,69.0,4.7718658447265625
El Chadaille Bitshiabu,overall,63.231236,68.0,4.768764495849609
Ajibola Alese,overall,62.2345,67.0,4.765499114990234
Conor Bradley,overall,64.23919,69.0,4.760810852050781
Hayden Carter,overall,64.25195,69.0,4.748046875
Lucas Hey,overall,60.254375,65.0,4.745624542236328
Issa Soumaré,overall,63.25789,68.0,4.7421112060546875
Jan Mlakar,overall,64.272995,69.0,4.7270050048828125
Carlos Gavilán,overall,58.72101,54.0,4.72100830078125
Bogdan Racovițan,overall,62.27913,67.0,4.7208709716796875
Ibrahim Salah,overall,59.27963,64.0,4.720371246337891
Thomas Gillier,overall,61.716953,57.0,4.716953277587891
Mads Bidstrup,overall,68.28329,73.0,4.716712951660156
Semih Sahin,overall,61.28622,66.0,4.713779449462891
Maxim De Cuyper,overall,68.29051,73.0,4.7094879150390625
Marcel Hoffmeier,overall,64.291046,69.0,4.708953857421875
Oisin Gallagher,overall,56.708115,52.0,4.7081146240234375
Cem Üstündag,overall,59.706696,55.0,4.706695556640625
Bernhard Zimmermann,overall,62.296192,67.0,4.703807830810547
Willum Þór Willumsson,overall,63.297676,68.0,4.702323913574219
Nawaf Boushal,overall,59.298763,64.0,4.701236724853516
Adrian Gantenbein,overall,57.30385,62.0,4.6961517333984375
Carl Rushworth,overall,63.304554,68.0,4.695446014404297
Jean-Victor Makengo,overall,68.312645,73.0,4.687355041503906
Magnus Nielsen,overall,58.666256,54.0,4.666255950927734
Matthew Bozinovski,overall,49.33921,54.0,4.660789489746094
Giannis Konstantelias,overall,65.33958,70.0,4.660423278808594
Gautier Lloris,overall,65.36406,70.0,4.6359405517578125
Faride Alidou,overall,64.367714,69.0,4.632286071777344
Michał Helik,overall,66.37049,71.0,4.629508972167969
Jorne Spileers,overall,63.37167,68.0,4.628330230712891
Jacen Russell-Rowe,overall,55.377857,60.0,4.622142791748047
Samuel Loric,overall,60.383186,65.0,4.616813659667969
Martin Baturina,overall,69.38612,74.0,4.6138763427734375
Hayden Muller,overall,54.393917,59.0,4.606082916259766
Kieran Cruise,overall,49.39427,54.0,4.6057281494140625
Oliver Larraz,overall,56.60552,52.0,4.605518341064453
Eniss Shabani,overall,63.597935,59.0,4.597934722900391
Joe Rankin-Costello,overall,64.40231,69.0,4.597686767578125
Farès Chaïbi,overall,68.40253,73.0,4.59747314453125
Cameron Peupion,overall,61.58715,57.0,4.587150573730469
Fynn Lakenmacher,overall,61.414986,66.0,4.585014343261719
Emmanuel Yeboah,overall,61.41505,66.0,4.584949493408203
Alexander Bernhardsson,overall,61.420097,66.0,4.579902648925781
Michael Baidoo,overall,61.42087,66.0,4.579128265380859
Jhon Solís,overall,63.426777,68.0,4.573223114013672
William Balikwisha,overall,65.42804,70.0,4.57196044921875
Guy-Marcelin Kilama,overall,61.43329,66.0,4.56671142578125
Adam Buksa,overall,67.43773,72.0,4.5622711181640625
Isaac Price,overall,58.44895,63.0,4.551048278808594
Abhishek Suryavanshi,overall,52.5491,48.0,4.549098968505859
Facundo Mansilla,overall,63.454872,68.0,4.545127868652344
Lewin Blum,overall,59.46532,64.0,4.534679412841797
Bilal Brahimi,overall,60.471687,65.0,4.528312683105469
Oliver Batista Meier,overall,67.52614,63.0,4.5261383056640625
Jasper Pattenden,overall,61.52343,57.0,4.523429870605469
Jacob Wakeling,overall,57.479244,62.0,4.520755767822266
Amadou Keita,overall,64.52041,60.0,4.520408630371094
Asish Rai,overall,55.483006,60.0,4.516994476318359
Mohammed Abbas,overall,65.51436,61.0,4.5143585205078125
Aaron Ramsey,overall,65.488884,70.0,4.511116027832031
Mads Pedersen,overall,67.494644,72.0,4.5053558349609375
Hugo Vogel,overall,61.505196,57.0,4.505195617675781
Lazar Samardžić,overall,68.5026,73.0,4.497398376464844
Joel Mvuka,overall,64.506065,69.0,4.493934631347656
Warren Bondo,overall,67.49345,63.0,4.493446350097656
Erlend Dahl Reitan,overall,64.510704,69.0,4.489295959472656
Toms Leitis,overall,55.474155,51.0,4.474155426025391
Samuel Rogers,overall,61.526463,66.0,4.473537445068359
Uğurcan Yazğılı,overall,59.532246,64.0,4.467754364013672
Babajide Adeeko,overall,57.46472,53.0,4.4647216796875
Noah Fadiga,overall,64.535866,69.0,4.464134216308594
Maik Nawrocki,overall,63.538475,68.0,4.461524963378906
Liam Kerrigan,overall,61.543533,66.0,4.4564666748046875
Abiel Osorio,overall,64.54568,69.0,4.454322814941406
Noureddine El Bahhar,overall,57.45328,53.0,4.453281402587891
Meshari Sanyor,overall,56.44761,52.0,4.447608947753906
Martin Luciano,overall,60.55368,65.0,4.446319580078125
İsmail Yüksek,overall,67.561264,72.0,4.4387359619140625
Radosław Majecki,overall,65.567795,70.0,4.4322052001953125
Junior Mwanga,overall,65.570175,70.0,4.4298248291015625
Clemens Riedel,overall,62.57161,67.0,4.4283905029296875
Joshua Feeney,overall,61.41888,57.0,4.418880462646484
Oskar Ågren,overall,54.585453,59.0,4.414546966552734
Marvin Çuni,overall,61.591545,66.0,4.408454895019531
Ted Cann,overall,56.40577,52.0,4.405769348144531
Marko Johansson,overall,61.5994,66.0,4.400600433349609
Arnór Sigurðsson,overall,68.59954,73.0,4.400459289550781
Francesco Cassata,overall,68.39508,64.0,4.39508056640625
Frederik Jäkel,overall,63.61343,68.0,4.386569976806641
Bryan Lasme,overall,64.6137,69.0,4.386299133300781
Kacper Urbański,overall,64.38551,60.0,4.3855133056640625
Mohammed Sangare,overall,57.615025,62.0,4.384975433349609
Luke McNicholas,overall,53.616,58.0,4.383998870849609
Bright Akwo Arrey-Mbi,overall,61.63724,66.0,4.362758636474609
Antonino Gallo,overall,66.6435,71.0,4.356498718261719
Oliver Hammond,overall,61.35478,57.0,4.354778289794922
Abdessamad Ezzalzouli,overall,68.64868,73.0,4.351318359375
Max Mata,overall,57.65081,62.0,4.349189758300781
Kilian Fischer,overall,66.65145,71.0,4.348548889160156
Niklas Jessen,overall,61.34654,57.0,4.346538543701172
Jan Král,overall,58.653625,63.0,4.34637451171875
Yentl Van Genechten,overall,59.65401,64.0,4.345989227294922
Brooklyn Ezeh,overall,61.655983,66.0,4.344017028808594
Rudy Boulais,overall,53.666924,58.0,4.333076477050781
Fabio Markelic,overall,63.332565,59.0,4.3325653076171875
Max Christiansen,overall,65.66752,70.0,4.332481384277344
Alieu Fadera,overall,63.67205,68.0,4.327949523925781
Nishan Velupillay,overall,56.67673,61.0,4.323268890380859
Jostin Alarcón,overall,64.676796,69.0,4.323204040527344
Dennis Cirkin,overall,63.67937,68.0,4.320629119873047
Godson Kyeremeh,overall,63.679802,68.0,4.320198059082031
Nachon Nsingi,overall,59.68316,64.0,4.316841125488281
Matheo Raab,overall,63.688877,68.0,4.311122894287109
Florian Flick,overall,64.69287,69.0,4.30712890625
Oskar Zawada,overall,63.69601,68.0,4.303989410400391
Tim Skarke,overall,66.701744,71.0,4.298255920410156
James Holden,overall,58.294075,54.0,4.294075012207031
Promise Omochere,overall,57.71891,62.0,4.281089782714844
Ionuț Gurău,overall,60.72443,65.0,4.275569915771484
Joel Senior,overall,53.72848,58.0,4.271518707275391
Ossama Ashley,overall,56.728775,61.0,4.2712249755859375
Ragnar Ache,overall,65.72885,70.0,4.271148681640625
Orest Lebedenko,overall,61.730026,66.0,4.2699737548828125
Mohamed Daramy,overall,67.732025,72.0,4.267974853515625
Alidu Seidu,overall,67.73273,72.0,4.26727294921875
Mathis Lachuer,overall,68.26049,64.0,4.260490417480469
Peter Vindahl Jensen,overall,65.7419,70.0,4.2581024169921875
Noa Savignac,overall,56.743134,61.0,4.256866455078125
Gatlin O'Donkor,overall,53.752197,58.0,4.247802734375
Kevin Paredes,overall,64.75499,69.0,4.2450103759765625
Leonidas Stergiou,overall,65.756355,70.0,4.243644714355469
Yohan Cassubie,overall,62.75872,67.0,4.241279602050781
Philipp Schulz,overall,62.23849,58.0,4.238491058349609
Sanders Ngabo,overall,63.236267,59.0,4.23626708984375
Jack McGlynn,overall,63.764954,68.0,4.23504638671875
Kyle Knoyle,overall,59.768433,64.0,4.2315673828125
Storm Strand-Kolbjørnsen,overall,57.22872,53.0,4.228721618652344
Michael Glück,overall,53.772953,58.0,4.227046966552734
Jack Lynn,overall,58.22471,54.0,4.224708557128906
Liam Scales,overall,61.775898,66.0,4.224102020263672
Anthony Racioppi,overall,66.77881,71.0,4.22119140625
Max Weiß,overall,57.78037,62.0,4.219631195068359
Emeric Depussay,overall,64.215294,60.0,4.215293884277344
Oscar Vilhelmsson,overall,61.785686,66.0,4.214313507080078
James Bree,overall,66.793945,71.0,4.2060546875
Daniel Adamczyk,overall,56.796124,61.0,4.203876495361328
Seydouba Cisse,overall,64.798584,69.0,4.201416015625
Carlo Armiento,overall,57.80173,62.0,4.198268890380859
Cameron Congreve,overall,61.188145,57.0,4.188144683837891
Ashley Maynard-Brewer,overall,59.817616,64.0,4.182384490966797
Marvin Mehlem,overall,68.82065,73.0,4.179351806640625
Rijad Sadiku,overall,56.82129,61.0,4.1787109375
Mads Døhr Thychosen,overall,66.82379,71.0,4.17620849609375
Mohamed Achi,overall,64.17394,60.0,4.173942565917969
David Čolina,overall,64.826294,69.0,4.1737060546875
Dominik Reimann,overall,63.831676,68.0,4.168323516845703
Quentin Merlin,overall,68.8335,73.0,4.166496276855469
Bryan Okoh,overall,61.834457,66.0,4.1655426025390625
Maximilian Breunig,overall,58.835617,63.0,4.1643829345703125
Daniel Bîrligea,overall,60.835663,65.0,4.164337158203125
Danny McNamara,overall,66.8359,71.0,4.164100646972656
Federico Paradela,overall,67.156334,63.0,4.156333923339844
Filip Stanković,overall,63.84453,68.0,4.1554718017578125
Emin Bayram,overall,60.84707,65.0,4.152931213378906
Konrad Matuszewski,overall,58.848003,63.0,4.151996612548828
Gabriel Kobylak,overall,59.848415,64.0,4.151584625244141
Akash Mishra,overall,56.849472,61.0,4.1505279541015625
Alessandro Bianco,overall,60.851418,65.0,4.148582458496094
Patrick Nwadike,overall,57.864624,62.0,4.1353759765625
Nelson Weiper,overall,61.866932,66.0,4.133068084716797
Aske Andresen,overall,60.127758,56.0,4.127758026123047
Chris Sze,overall,56.126736,52.0,4.126735687255859
Mohamed Kaba,overall,63.876614,68.0,4.123386383056641
Alessandro Zanoli,overall,66.87943,71.0,4.120567321777344
Scott Wharton,overall,65.88439,70.0,4.115608215332031
Manfred Ugalde,overall,65.884964,70.0,4.1150360107421875
Patrik Mercado,overall,60.887936,65.0,4.112064361572266
Kylian Kaïboué,overall,61.88904,66.0,4.110958099365234
Bali Mumba,overall,66.8918,71.0,4.1082000732421875
Lawrence Ennali,overall,60.89355,65.0,4.106449127197266
Japhet Sery Larsen,overall,61.895477,66.0,4.104522705078125
Ștefan Târnovanu,overall,65.89616,70.0,4.103843688964844
Vicente Taborda,overall,65.90584,70.0,4.0941619873046875
Leighton Clarkson,overall,65.907845,70.0,4.092155456542969
Marco Burch,overall,63.907887,68.0,4.092113494873047
Linus Rosenlöcher,overall,59.91206,64.0,4.087940216064453
Will Richmond,overall,50.919792,55.0,4.080207824707031
Zidan Sertdemir,overall,66.077774,62.0,4.0777740478515625
Sascha Risch,overall,58.936325,63.0,4.0636749267578125
Devin Angleberger,overall,59.060707,55.0,4.060707092285156
Jad Hakiki,overall,60.060215,56.0,4.060214996337891
Xander Martlé,overall,61.058273,57.0,4.0582733154296875
Anders Dahl,overall,61.052406,57.0,4.052406311035156
Michael Svoboda,overall,63.949745,68.0,4.050254821777344
Yasser Larouci,overall,64.95568,69.0,4.044319152832031
Ryan Trevitt,overall,57.962215,62.0,4.037784576416016
Siriné Doucouré,overall,60.963627,65.0,4.036373138427734
Filippo Terracciano,overall,64.96906,69.0,4.030937194824219
Anthony Markanich,overall,52.970737,57.0,4.029262542724609
Koni De Winter,overall,61.97119,66.0,4.02880859375
Andrew Quinn,overall,52.97267,57.0,4.0273284912109375
Henry Hore,overall,58.97911,63.0,4.0208892822265625
Noel Eichinger,overall,56.980427,61.0,4.019573211669922
Jake Davis,overall,55.981285,60.0,4.018714904785156
Gavin Beavers,overall,57.014896,53.0,4.014896392822266
Liam Cullen,overall,62.988434,67.0,4.011566162109375
Vetle Skjærvik,overall,58.989,63.0,4.0110015869140625
Brian Plat,overall,59.99078,64.0,4.009220123291016
Matthéo Xantippe,overall,61.997364,66.0,4.002635955810547
Luca Bendel,overall,60.99644,57.0,3.996440887451172
Miguel Monsalve,overall,65.00373,69.0,3.9962692260742188
Jules Gaudin,overall,61.005585,65.0,3.994415283203125
Kevin Schade,overall,68.00593,72.0,3.9940719604492188
Mohammed Diomande,overall,66.00857,70.0,3.9914321899414062
Ben Worman,overall,60.98784,57.0,3.9878387451171875
Nicolas Popescu,overall,60.98281,57.0,3.9828109741210938
Daniel Adshead,overall,61.982166,58.0,3.982166290283203
Tim Siersleben,overall,66.022675,70.0,3.977325439453125
Louis Munteanu,overall,64.02868,68.0,3.9713211059570312
Mayckel Lahdo,overall,63.028904,67.0,3.9710960388183594
Alexander Ranacher,overall,59.032257,63.0,3.967742919921875
Marcus Ferkranus,overall,57.96712,54.0,3.967121124267578
Ivan Nevistić,overall,66.03831,70.0,3.9616928100585938
Umut Güneş,overall,64.04016,68.0,3.9598388671875
Joscha Wosz,overall,65.959335,62.0,3.9593353271484375
Anthony Roncaglia,overall,59.040962,63.0,3.9590377807617188
Iván Leguizamón,overall,64.04355,68.0,3.956451416015625
Ravil Tagir,overall,64.04506,68.0,3.9549407958984375
Julien Ponceau,overall,68.046745,72.0,3.9532546997070312
Shawn Adewoye,overall,64.05136,68.0,3.948638916015625
Mason Toye,overall,61.05178,65.0,3.9482192993164062
Kyle Edwards,overall,67.94277,64.0,3.9427719116210938
Tobias Schützenauer,overall,60.059532,64.0,3.9404678344726562
Ranko Veselinović,overall,65.05974,69.0,3.9402618408203125
Neil Farrugia,overall,61.06068,65.0,3.939319610595703
Sachin Suresh,overall,53.938644,50.0,3.9386444091796875
Namgyal Bhutia,overall,48.064594,52.0,3.935405731201172
Marten Winkler,overall,63.066746,67.0,3.9332542419433594
Paxten Aaronson,overall,62.07073,66.0,3.929271697998047
Efe-Kaan Sihlaroglu,overall,60.918785,57.0,3.9187850952148438
Josh Neufville,overall,56.083115,60.0,3.9168853759765625
Divin Mubama,overall,60.91665,57.0,3.9166488647460938
José Bolívar,overall,64.08463,68.0,3.9153671264648438
Tomi Horvat,overall,67.08722,71.0,3.91278076171875
Fabio Rosales,overall,56.0952,60.0,3.9048004150390625
Aljoscha Kemlein,overall,61.90296,58.0,3.9029617309570312
Oscar Solnørdal,overall,59.902073,56.0,3.9020729064941406
Edvin Kurtulus,overall,65.099106,69.0,3.9008941650390625
Yunus Bahadır,overall,60.900795,57.0,3.9007949829101562
Daniel Gutiérrez,overall,62.10185,66.0,3.898151397705078
Baba Alhassan,overall,63.105034,67.0,3.8949661254882812
Nahuel Noll,overall,60.894943,57.0,3.8949432373046875
Nicola Bagnolini,overall,58.893578,55.0,3.8935775756835938
Aleksander Paluszek,overall,60.10649,64.0,3.8935089111328125
Jordan James,overall,65.89032,62.0,3.89031982421875
Matteo Rover,overall,63.110744,67.0,3.8892555236816406
Lars Mogstad Ranger,overall,61.12025,65.0,3.879749298095703
Ian Murphy,overall,57.120743,61.0,3.8792572021484375
Adam Armstrong,overall,68.121185,72.0,3.878814697265625
Kalidou Sidibé,overall,64.12211,68.0,3.8778915405273438
Ransford-Yeboah Königsdörffer,overall,65.12271,69.0,3.877288818359375
Marco Rus,overall,60.876118,57.0,3.876117706298828
Brandon Soppy,overall,67.128876,71.0,3.871124267578125
Sam Field,overall,67.13013,71.0,3.869873046875
Charly Nouck Horneman,overall,56.13367,60.0,3.8663291931152344
Laldinliana Renthlei,overall,54.137367,58.0,3.8626327514648438
Ciaran Brennan,overall,63.860786,60.0,3.8607864379882812
Szymon Włodarczyk,overall,60.145702,64.0,3.854297637939453
Hussein Carneil,overall,60.157734,64.0,3.842266082763672
Tomás Silva,overall,62.15884,66.0,3.8411598205566406
Ibrahim Cissoko,overall,64.16033,68.0,3.8396682739257812
Felix Afena-Gyan,overall,67.16202,71.0,3.837982177734375
José David Romero,overall,64.83591,61.0,3.835906982421875
Žan Zaletel,overall,62.174236,66.0,3.825763702392578
Fred Onyedinma,overall,65.17542,69.0,3.8245773315429688
Luciano Gondou,overall,67.17821,71.0,3.8217926025390625
Alexander Busch,overall,58.179245,62.0,3.8207550048828125
Andreas Bruus,overall,64.183304,68.0,3.8166961669921875
Roman Celentano,overall,64.18611,68.0,3.8138885498046875
Sunusi Ibrahim,overall,59.186672,63.0,3.8133277893066406
Tahith Chong,overall,67.18852,71.0,3.8114776611328125
Noah Smith,overall,55.193905,59.0,3.8060951232910156
Gastón González,overall,66.19634,70.0,3.8036575317382812
Nikolas Agrafiotis,overall,60.201744,64.0,3.7982559204101562
Felix Allgaier,overall,54.20176,58.0,3.7982406616210938
El Bilal Touré,overall,67.20192,71.0,3.7980804443359375
Arsh Shaikh,overall,55.79583,52.0,3.7958297729492188
Billal Brahimi,overall,68.20664,72.0,3.7933578491210938
Ibrahim Sadiq,overall,64.228195,68.0,3.7718048095703125
Deepak Tangri,overall,54.238792,58.0,3.7612075805664062
Jakob Lewald,overall,61.244335,65.0,3.755664825439453
Güven Yalçın,overall,66.24573,70.0,3.7542724609375
Ernest Terpiłowski,overall,61.248356,65.0,3.7516441345214844
Niklas Lang,overall,61.249767,65.0,3.750232696533203
Anwar Ali,overall,55.255013,59.0,3.7449874877929688
Patrick Osterhage,overall,68.25618,72.0,3.7438201904296875
Ahmad Taleb,overall,54.743004,51.0,3.7430038452148438
Cieran Slicker,overall,56.73847,53.0,3.7384681701660156
Gaëtan Coucke,overall,65.26417,69.0,3.7358322143554688
Hady Camara,overall,65.73192,62.0,3.7319183349609375
Jack Keaney,overall,56.26895,60.0,3.731048583984375
Noah Weißhaupt,overall,65.27085,69.0,3.7291488647460938
Jacob Ondrejka,overall,65.270996,69.0,3.72900390625
Caleb Wiley,overall,59.271744,63.0,3.7282562255859375
Thierno Baldé,overall,65.27275,69.0,3.7272491455078125
Gerrit Gohlke,overall,59.274776,63.0,3.7252235412597656
Ian Fray,overall,54.27873,58.0,3.721271514892578
Lennon Gill,overall,53.716843,50.0,3.7168426513671875
D'Mani Mellor,overall,60.7137,57.0,3.7136993408203125
Valon Zumberi,overall,56.28792,60.0,3.712078094482422
Jakov Medić,overall,68.288956,72.0,3.7110443115234375
James Nieuwenhuizen,overall,56.700584,53.0,3.7005844116210938
Gastón Álvarez,overall,68.3011,72.0,3.6988983154296875
Obed Vargas,overall,67.69869,64.0,3.6986923217773438
John Ross Wilson,overall,53.3045,57.0,3.6954994201660156
Alex Scott,overall,68.30657,72.0,3.6934280395507812
Ilyes Hamache,overall,61.307335,65.0,3.6926651000976562
Noel Törnqvist,overall,58.310646,62.0,3.6893539428710938
Lasse Berg Johnsen,overall,67.31098,71.0,3.6890182495117188
Gabriele Zappa,overall,66.31387,70.0,3.686126708984375
James Olayinka,overall,63.683197,60.0,3.683197021484375
Kazımcan Karataş,overall,64.31683,68.0,3.68316650390625
Bruce Anderson,overall,62.326023,66.0,3.6739768981933594
Luke Harris,overall,64.67334,61.0,3.67333984375
Kouame Autonne,overall,64.341,68.0,3.65899658203125
Nathan Trott,overall,61.342598,65.0,3.6574020385742188
Alex Nolan,overall,59.655647,56.0,3.6556472778320312
Sebastian Nanasi,overall,64.34682,68.0,3.6531829833984375
Osame Sahraoui,overall,68.35658,72.0,3.6434173583984375
Luke Bolton,overall,61.359474,65.0,3.6405258178710938
Georg Strauch,overall,63.638664,60.0,3.6386642456054688
Suwailem Al Menhali,overall,54.638638,51.0,3.6386375427246094
Abdullah Al Shanqeeti,overall,52.3616,56.0,3.6384010314941406
Michael Ameyaw,overall,58.365936,62.0,3.634063720703125
Désiré Doué,overall,67.369576,71.0,3.6304244995117188
Liam Delap,overall,63.369976,67.0,3.630023956298828
Stefan Parkes,overall,61.628563,58.0,3.6285629272460938
Casper Tengstedt,overall,64.37305,68.0,3.626953125
Barry Cotter,overall,58.38295,62.0,3.6170501708984375
Tommy Conway,overall,62.387333,66.0,3.6126670837402344
Harry Pickering,overall,66.38816,70.0,3.6118392944335938
Dennis Lütke-Frie,overall,61.602337,58.0,3.602336883544922
David Datro Fofana,overall,64.39952,68.0,3.6004791259765625
Marc Leonard,overall,61.40163,65.0,3.598369598388672
Andy Cannon,overall,67.59308,64.0,3.59307861328125
Botond Balogh,overall,59.409378,63.0,3.5906219482421875
Claudio Kammerknecht,overall,59.409405,63.0,3.590595245361328
Jean Lambert Evan's,overall,61.40946,65.0,3.5905418395996094
Amir Saipi,overall,64.419426,68.0,3.5805740356445312
Daniel Barden,overall,56.419445,60.0,3.580554962158203
Łukasz Łakomy,overall,63.422356,67.0,3.5776443481445312
Arian Llugiqi,overall,58.429283,62.0,3.5707168579101562
Thoiba Singh Moirangthem,overall,52.434093,56.0,3.565906524658203
Ibrahima Baldé,overall,59.43508,63.0,3.5649185180664062
Mateusz Żyro,overall,61.435158,65.0,3.5648422241210938
Kenneth Schmidt,overall,63.43727,67.0,3.5627288818359375
Prabhsukhan Gill,overall,54.439037,58.0,3.560962677001953
Victor Larsson,overall,57.44524,61.0,3.554759979248047
Amin Sarr,overall,66.44902,70.0,3.5509796142578125
Matías Godoy,overall,64.45032,68.0,3.5496826171875
Zidane Iqbal,overall,66.544044,63.0,3.5440444946289062
Ramiro Sordo,overall,64.45847,68.0,3.5415267944335938
Jan Schöppner,overall,66.46509,70.0,3.534912109375
Tim Oermann,overall,61.475174,65.0,3.5248260498046875
Philipp Schulze,overall,62.523262,59.0,3.5232620239257812
Rodrigo Saravia,overall,63.48267,67.0,3.5173301696777344
Yukhym Konoplia,overall,64.48449,68.0,3.5155105590820312
Jong-min Seo,overall,63.510456,60.0,3.510456085205078
Maxim Dekker,overall,62.49196,66.0,3.5080413818359375
Jordan McEneff,overall,61.507465,58.0,3.507465362548828
Hugo Vetlesen,overall,68.4927,72.0,3.5073013305664062
Aimé Mabika,overall,59.493767,63.0,3.5062332153320312
Jahkeele Marshall-Rutty,overall,63.49749,60.0,3.4974899291992188
Mohammed Al Oufi,overall,53.503506,57.0,3.4964942932128906
Vedad Radonja,overall,60.512753,64.0,3.4872474670410156
Leandro Morgalla,overall,62.513264,66.0,3.486736297607422
Kostyantyn Vivcharenko,overall,64.48416,61.0,3.484161376953125
Jakub Lutostański,overall,58.47396,55.0,3.4739608764648438
Bryan Reynolds,overall,66.52812,70.0,3.4718780517578125
Nawaf Al Qumairi,overall,54.531315,58.0,3.4686851501464844
Giuseppe Cuomo,overall,58.53272,62.0,3.4672813415527344
Noah Naujoks,overall,64.46278,61.0,3.4627838134765625
Ianis Stoica,overall,65.45562,62.0,3.4556198120117188
Thierry Lutonda,overall,62.545204,66.0,3.4547958374023438
Mats Knoester,overall,65.5468,69.0,3.4532012939453125
George Wickens,overall,61.45278,58.0,3.4527816772460938
Prince Aning,overall,65.45211,62.0,3.4521102905273438
Mirnes Pepić,overall,66.450424,63.0,3.4504241943359375
Ibrahim Said,overall,63.55315,67.0,3.446849822998047
Lachlan Rose,overall,57.55463,61.0,3.4453697204589844
Dominik Fitz,overall,66.556564,70.0,3.4434356689453125
Marin Šverko,overall,61.557014,65.0,3.4429855346679688
Balthazar Pierret,overall,61.559994,65.0,3.4400062561035156
Killian Corredor,overall,61.56048,65.0,3.4395217895507812
Syb van Ottele,overall,61.562496,65.0,3.4375038146972656
Yannick Pandor,overall,58.577583,62.0,3.4224166870117188
Allahyar Sayyadmanesh,overall,64.57901,68.0,3.420989990234375
Damián Bobadilla,overall,61.581264,65.0,3.4187355041503906
Enrico Brignola,overall,67.41858,64.0,3.4185791015625
Haydon Roberts,overall,61.58185,65.0,3.41815185546875
Alex Paulsen,overall,66.41709,63.0,3.4170913696289062
Christos Talichmanidis,overall,56.58305,60.0,3.416950225830078
Darian Males,overall,64.58548,68.0,3.414520263671875
Mario Stroeykens,overall,63.58736,67.0,3.412639617919922
Musa Juwara,overall,68.41205,65.0,3.41204833984375
Christopher Negele,overall,62.410156,59.0,3.41015625
Alessandro Vogliacco,overall,66.59321,70.0,3.4067916870117188
Riccardo Calafiori,overall,67.59514,71.0,3.4048614501953125
Tyler Goodrham,overall,57.598434,61.0,3.4015655517578125
Robin Hack,overall,68.60033,72.0,3.3996734619140625
George Johnston,overall,63.600563,67.0,3.3994369506835938
Cameron Harper,overall,61.600967,65.0,3.3990325927734375
Sem Steijn,overall,66.60271,70.0,3.3972930908203125
Louis Breunig,overall,57.606007,61.0,3.393993377685547
Paul Lehmann,overall,60.39254,57.0,3.3925399780273438
Mamadou Sangare,overall,67.39062,64.0,3.3906173706054688
Jack Hannah,overall,53.3856,50.0,3.385601043701172
Allan Linguet,overall,61.617516,65.0,3.3824844360351562
Laurin Ulrich,overall,64.38174,61.0,3.3817367553710938
Kamil Kruk,overall,61.622696,65.0,3.3773040771484375
Johan Bångsbo,overall,61.627853,65.0,3.3721466064453125
Gino Fechner,overall,61.62934,65.0,3.3706588745117188
Yannik Keitel,overall,67.63151,71.0,3.3684921264648438
Stefan Drljača,overall,61.634815,65.0,3.365184783935547
Betim Fazliji,overall,61.636787,65.0,3.3632125854492188
Joseph Hungbo,overall,63.63971,67.0,3.36029052734375
Youri Baas,overall,61.640278,65.0,3.359722137451172
Krystian Bielik,overall,68.6411,72.0,3.3589019775390625
Maxime Busi,overall,66.6416,70.0,3.3583984375
Marcel Wędrychowski,overall,62.64217,66.0,3.357830047607422
Aaron Rowe,overall,63.35689,60.0,3.356891632080078
Ryan Duncan,overall,57.653828,61.0,3.346172332763672
Steven Bradley,overall,59.656597,63.0,3.343402862548828
Silas Gnaka,overall,64.65906,68.0,3.3409423828125
Joey Kesting,overall,55.65987,59.0,3.340129852294922
Samuel Brolin,overall,61.66048,65.0,3.339519500732422
Adrian Benedyczak,overall,63.66561,67.0,3.3343887329101562
Flynn Downes,overall,67.66751,71.0,3.332489013671875
Francisco Perruzzi,overall,61.667732,65.0,3.3322677612304688
Théo Sainte-Luce,overall,65.66981,69.0,3.3301925659179688
Josh Flint,overall,59.673203,63.0,3.3267974853515625
Jack Maher,overall,62.682182,66.0,3.3178176879882812
Mohamad Rakip,overall,49.68538,53.0,3.3146209716796875
Zak Vyner,overall,64.68832,68.0,3.3116836547851562
Cian Tyler,overall,59.310555,56.0,3.3105545043945312
Robert Voloder,overall,56.69026,60.0,3.3097381591796875
Facundo Colidio,overall,68.69569,72.0,3.3043136596679688
Tim Iroegbunam,overall,63.696617,67.0,3.3033828735351562
Lewis Billington,overall,53.291294,50.0,3.2912940979003906
Dean Williams,overall,55.708973,59.0,3.291027069091797
Jez Lofthouse,overall,54.718952,58.0,3.281047821044922
Harvey Wiles-Richards,overall,55.280174,52.0,3.2801742553710938
Lenny Joseph,overall,61.722782,65.0,3.2772178649902344
Sahil Panwar,overall,52.725708,56.0,3.2742919921875
Connor Malley,overall,55.72844,59.0,3.2715606689453125
Brahim Traoré,overall,58.72944,62.0,3.2705612182617188
Krzysztof Bąkowski,overall,58.732304,62.0,3.2676963806152344
Abdoulaye Cissoko,overall,57.732685,61.0,3.267314910888672
Samuele Mulattieri,overall,65.73364,69.0,3.266357421875
Kyan Vaesen,overall,64.73631,68.0,3.2636871337890625
Gabriel Kirejczyk,overall,54.737625,58.0,3.2623748779296875
Florent Muslija,overall,68.740875,72.0,3.259124755859375
Simon Asta,overall,64.74174,68.0,3.2582626342773438
Mathieu Choinière,overall,64.74704,68.0,3.252960205078125
Givson Singh,overall,53.251526,50.0,3.25152587890625
Samson Tovide,overall,56.749565,60.0,3.2504348754882812
Robert Street,overall,59.74959,63.0,3.250408172607422
Alessio Besio,overall,61.249542,58.0,3.249542236328125
Ask Tjærandsen-Skau,overall,61.247555,58.0,3.2475547790527344
Luca Belardinelli,overall,63.75326,67.0,3.2467384338378906
Ludvig Carlius,overall,56.24474,53.0,3.244739532470703
Thibaut Vargas,overall,64.755585,68.0,3.244415283203125
Deian Verón,overall,63.241528,60.0,3.241527557373047
Philippe Paulin Keny,overall,62.7656,66.0,3.2344017028808594
Dion Pereira,overall,64.232506,61.0,3.2325057983398438
Tymoteusz Puchacz,overall,65.771835,69.0,3.2281646728515625
Aral Şimşir,overall,63.77192,67.0,3.2280807495117188
Danny Amos,overall,57.773434,61.0,3.2265663146972656
Filip Marchwiński,overall,63.774124,67.0,3.2258758544921875
Jack Armer,overall,60.775883,64.0,3.2241172790527344
Joe Taylor,overall,57.222927,54.0,3.2229270935058594
Dženan Pejčinović,overall,64.21946,61.0,3.2194595336914062
Robbie Gotts,overall,64.219406,61.0,3.2194061279296875
Jake Najdovski,overall,54.2182,51.0,3.21820068359375
Joel Cotterill,overall,57.217598,54.0,3.2175979614257812
Nathan Young-Coombes,overall,64.21587,61.0,3.2158737182617188
Isaac Nuhu,overall,68.214874,65.0,3.214874267578125
Jacob Davenport,overall,63.21253,60.0,3.2125282287597656
Ben Wilmot,overall,67.78845,71.0,3.2115478515625
Lars Kehl,overall,61.78962,65.0,3.2103805541992188
Daniel Bielica,overall,60.792313,64.0,3.2076873779296875
Harry Van der Saag,overall,55.798264,59.0,3.2017364501953125
Tobe Leysen,overall,61.799973,65.0,3.2000274658203125
Marlon Fossey,overall,64.80181,68.0,3.1981887817382812
Matisse Samoise,overall,67.802605,71.0,3.1973953247070312
Luca Philipp,overall,61.8088,65.0,3.1912002563476562
Nathan Harness,overall,56.19038,53.0,3.190380096435547
Christian Theoharous,overall,57.809914,61.0,3.1900863647460938
Leon Augustine,overall,48.81019,52.0,3.1898117065429688
Tomás González,overall,61.812122,65.0,3.187877655029297
Kas de Wit,overall,62.18561,59.0,3.1856117248535156
Giorgio Cittadini,overall,61.81631,65.0,3.1836891174316406
Sinan Karweina,overall,60.82031,64.0,3.1796913146972656
Abdulaziz Makin,overall,52.823326,56.0,3.1766738891601562
Constantin Grameni,overall,65.827545,69.0,3.172454833984375
Liam Walsh,overall,70.17071,67.0,3.1707077026367188
Oscar Taty Maritu,overall,66.83211,70.0,3.1678924560546875
Giuseppe Caso,overall,67.832115,71.0,3.1678848266601562
David Bendrik,overall,56.165924,53.0,3.165924072265625
Clément Vidal,overall,65.8347,69.0,3.1652984619140625
Jacob Bedeau,overall,59.834915,63.0,3.1650848388671875
Enzo Leopold,overall,62.836826,66.0,3.1631736755371094
Tom Hendriks,overall,61.162968,58.0,3.1629676818847656
Ellis Simms,overall,64.83843,68.0,3.1615676879882812
Thomas Rekdal,overall,61.150032,58.0,3.1500320434570312
Stefano Surdanović,overall,60.850067,64.0,3.149932861328125
Nawaf Al Rashoudi,overall,55.14926,52.0,3.149261474609375
Ayush Adhikari,overall,56.1475,53.0,3.1474990844726562
James Balagizi,overall,64.1466,61.0,3.1465988159179688
Nico Hug,overall,60.85387,64.0,3.146129608154297
Olivier Deman,overall,66.85573,70.0,3.1442718505859375
Mateusz Kochalski,overall,57.856144,61.0,3.1438560485839844
Mateo Tanlongo,overall,64.857025,68.0,3.142974853515625
Tayvon Gray,overall,61.85765,65.0,3.1423492431640625
Shane Farrell,overall,56.857693,60.0,3.1423072814941406
Callum Brittain,overall,66.8578,70.0,3.1421966552734375
Samuel Silvera,overall,61.86099,65.0,3.1390113830566406
Matúš Holíček,overall,57.13725,54.0,3.137248992919922
CJ Egan-Riley,overall,63.866123,67.0,3.1338768005371094
Rico Richards,overall,59.132538,56.0,3.132537841796875
Dean James,overall,58.867783,62.0,3.1322174072265625
Cassius Mailula,overall,63.86918,67.0,3.1308212280273438
Engson Singh,overall,51.12648,48.0,3.1264801025390625
Maximilien Balard,overall,59.877823,63.0,3.1221771240234375
Franco Fagúndez,overall,66.878006,70.0,3.1219940185546875
Musab Al Juwair,overall,60.879658,64.0,3.120342254638672
Jamie Lawrence,overall,62.885536,66.0,3.1144638061523438
Oliver Sonne,overall,64.88758,68.0,3.1124191284179688
Dominique Youfeigane,overall,59.890697,63.0,3.109302520751953
Andrei Dragu,overall,59.894127,63.0,3.1058731079101562
Denis Rența,overall,55.102875,52.0,3.102874755859375
Merlin Röhl,overall,68.100525,65.0,3.10052490234375
Hrvoje Smolčić,overall,67.90155,71.0,3.09844970703125
Sam McClelland,overall,59.90385,63.0,3.096149444580078
Daniel Wilmering,overall,55.90747,59.0,3.092529296875
Cameron Duke,overall,62.09214,59.0,3.0921401977539062
Nico Ochojski,overall,60.908077,64.0,3.0919227600097656
Ibrahima Camará,overall,65.90826,69.0,3.0917434692382812
Sofyan Chader,overall,61.910004,65.0,3.089996337890625
Sékou Mara,overall,66.91019,70.0,3.089813232421875
Jacob Greaves,overall,67.91203,71.0,3.0879669189453125
Mile Svilar,overall,67.918015,71.0,3.0819854736328125
Nikolai Hopland,overall,58.91888,62.0,3.0811195373535156
Woyo Coulibaly,overall,59.925846,63.0,3.0741539001464844
Brayann Pereira,overall,64.07366,61.0,3.0736618041992188
Michael Steinwender,overall,61.927334,65.0,3.0726661682128906
Niraj Kumar,overall,54.072002,51.0,3.072002410888672
Vegard Kongsro,overall,58.928318,62.0,3.0716819763183594
Chinedu Ekene,overall,58.931206,62.0,3.0687942504882812
Glenn McConnell,overall,56.0686,53.0,3.0685997009277344
Romaric Yapi,overall,59.936028,63.0,3.0639724731445312
Abdoulaye Kamara,overall,65.06024,62.0,3.06024169921875
Liam Ravenhill,overall,59.0594,56.0,3.059398651123047
Peter Bjur,overall,60.94078,64.0,3.0592193603515625
Lasse Rieß,overall,59.94375,63.0,3.0562515258789062
Max Melbourne,overall,55.94975,59.0,3.050251007080078
José Gómez,overall,57.95334,61.0,3.046661376953125
Jędrzej Grobelny,overall,57.9545,61.0,3.045501708984375
Junior Tchamadeu,overall,60.95574,64.0,3.0442581176757812
Hunter Sulte,overall,58.042496,55.0,3.0424957275390625
Charlie Patino,overall,64.95888,68.0,3.0411224365234375
Tyreeq Bakinson,overall,67.03849,64.0,3.0384902954101562
Zack Farnsworth,overall,53.962284,57.0,3.0377159118652344
Petko Hristov,overall,64.96305,68.0,3.0369491577148438
Morgan Feeney,overall,60.965004,64.0,3.0349960327148438
Andrea Carboni,overall,66.96524,70.0,3.034759521484375
Alex Dunne,overall,55.03129,52.0,3.0312881469726562
Marius Ros,overall,56.970413,60.0,3.0295867919921875
Tom Zimmerschied,overall,61.97055,65.0,3.029449462890625
Oliver Valaker Edvardsen,overall,63.972076,67.0,3.027923583984375
Matías Silva,overall,65.02455,62.0,3.0245513916015625
Vittorio Parigini,overall,68.0245,65.0,3.0244979858398438
Dan Sîrbu,overall,60.977154,64.0,3.022846221923828
Festy Ebosele,overall,64.98175,68.0,3.01824951171875
Conor Noß,overall,66.01739,63.0,3.0173873901367188
Josh Coley,overall,55.986694,59.0,3.0133056640625
Oliver Zandén,overall,60.989414,64.0,3.0105857849121094
Khalil Fayad,overall,65.00671,62.0,3.0067062377929688
Tom Roufosse,overall,55.994953,59.0,3.005046844482422
Wouter Burger,overall,66.99573,70.0,3.0042724609375
Donat Rrudhani,overall,63.995964,67.0,3.0040359497070312
Allan Arigoni,overall,59.99833,63.0,3.0016708374023438
Nicholas Gioacchini,overall,65.99941,69.0,3.0005874633789062
Ben McCormack,overall,59.99774,57.0,2.99774169921875
Florian Kleinhansl,overall,67.99668,65.0,2.9966812133789062
Jamie Bynoe-Gittens,overall,68.00695,71.0,2.9930496215820312
José Arbio,overall,63.991016,61.0,2.991016387939453
John Mahon,overall,59.011215,62.0,2.9887847900390625
Iván Tapia,overall,68.01416,71.0,2.98583984375
Philip Otele,overall,64.01478,67.0,2.9852218627929688
Melle Meulensteen,overall,67.01821,70.0,2.9817886352539062
Reece Brown,overall,66.98156,64.0,2.9815597534179688
Peter Abimbola,overall,54.981457,52.0,2.981456756591797
Emiliano Viveros,overall,61.979805,59.0,2.9798049926757812
Preston Judd,overall,56.020733,59.0,2.979267120361328
Paddy Lane,overall,66.97783,64.0,2.9778289794921875
Alexander Lind,overall,58.028866,61.0,2.9711341857910156
Suresh Wangjam,overall,58.969707,56.0,2.969707489013672
Krystian Okoniewski,overall,54.03233,57.0,2.967670440673828
Nassim Boujellab,overall,67.96669,65.0,2.9666900634765625
Roshan Singh,overall,56.03617,59.0,2.9638290405273438
Charles Vanhoutte,overall,67.03646,70.0,2.9635391235351562
Josef Brian Baccay,overall,59.03712,62.0,2.962879180908203
James Penrice,overall,62.038136,65.0,2.961864471435547
Jacob Muir,overall,55.043423,58.0,2.9565773010253906
Sanjeev Stalin,overall,52.0474,55.0,2.9525985717773438
Luke Robinson,overall,54.048836,57.0,2.9511642456054688
Oliver Fobassam,overall,58.048885,61.0,2.9511146545410156
Nicola Rauti,overall,64.04925,67.0,2.9507522583007812
Xander Blomme,overall,59.050415,62.0,2.9495849609375
Ethan Alagich,overall,53.051155,56.0,2.9488449096679688
Armin Abaz,overall,54.947594,52.0,2.9475936889648438
Cosmin Bucuroiu,overall,56.94507,54.0,2.945068359375
Noah De Ridder,overall,55.055943,58.0,2.9440574645996094
Thibo Somers,overall,67.06158,70.0,2.9384231567382812
Lucien Hawryluk,overall,55.061768,58.0,2.938232421875
Guillermo Balzi,overall,63.93594,61.0,2.9359397888183594
Franco Zapiola,overall,64.06896,67.0,2.9310379028320312
Samba Lélé Diba,overall,54.92805,52.0,2.928050994873047
Tobias Bech,overall,63.073223,66.0,2.926776885986328
Nadir Zortea,overall,64.07509,67.0,2.9249114990234375
Quentin Galvez-Diarra,overall,57.07863,60.0,2.9213714599609375
Alfie Bendle,overall,58.920918,56.0,2.920917510986328
Ahmed Bahusayn,overall,56.920612,54.0,2.920612335205078
Hunor Gedő,overall,56.91854,54.0,2.9185409545898438
Markus Schubert,overall,67.91516,65.0,2.9151611328125
Zech Obiero,overall,58.91483,56.0,2.9148292541503906
Dominic Jefferies,overall,58.086124,61.0,2.9138755798339844
Charlie Lakin,overall,63.91303,61.0,2.9130287170410156
John Iredale,overall,60.088257,63.0,2.9117431640625
Enzo Cornelisse,overall,67.9102,65.0,2.9102020263671875
Franco Orozco,overall,64.09164,67.0,2.9083633422851562
Jordan Williams,overall,64.092926,67.0,2.907073974609375
Joseph Gbode,overall,53.09407,56.0,2.9059295654296875
Denso Kasius,overall,63.094734,66.0,2.9052658081054688
Ben Bobzien,overall,62.904896,60.0,2.904895782470703
Máximo Perrone,overall,68.09546,71.0,2.904541015625
Kyrylo Melichenko,overall,62.0985,65.0,2.901500701904297
Tommy Lonergan,overall,56.100914,59.0,2.8990859985351562
Tyler Onyango,overall,62.897327,60.0,2.897327423095703
George Miller,overall,59.105385,62.0,2.8946151733398438
Julian Hettwer,overall,61.108784,64.0,2.891216278076172
Ben Jackson,overall,61.11051,64.0,2.8894882202148438
Luc Ihorst,overall,62.11192,65.0,2.888080596923828
Berkan Taz,overall,67.88563,65.0,2.8856277465820312
Cameron Humphreys-Grant,overall,65.11544,68.0,2.8845596313476562
Josh Campbell,overall,62.117226,65.0,2.8827743530273438
Emanuele Valeri,overall,68.11816,71.0,2.8818435668945312
Daouda Guindo,overall,64.11862,67.0,2.881378173828125
Vlad Pop,overall,59.120552,62.0,2.8794479370117188
Mauro Méndez,overall,64.12241,67.0,2.8775863647460938
Jakob Golz,overall,61.122417,64.0,2.877582550048828
Bart van Rooij,overall,65.1252,68.0,2.8748016357421875
Bruno Leyes,overall,66.12724,69.0,2.8727569580078125
Jón Dagur Þorsteinsson,overall,68.12806,71.0,2.8719406127929688
Frederik Recktenwald,overall,56.871807,54.0,2.871807098388672
Corey Hollman,overall,56.869984,54.0,2.869983673095703
Martin Samuelsen,overall,65.8699,63.0,2.869903564453125
Ghjuvanni Quilichini,overall,55.13149,58.0,2.868511199951172
Shane Blaney,overall,57.131645,60.0,2.8683547973632812
Nicolas Milanovic,overall,57.133316,60.0,2.8666839599609375
Odin Luraas Bjørtuft,overall,65.13335,68.0,2.8666534423828125
Luis Miguel Marquines,overall,67.86495,65.0,2.8649520874023438
Igor Matanović,overall,62.135094,65.0,2.8649063110351562
Lewis Webb,overall,57.864265,55.0,2.8642654418945312
Kyliane Dong,overall,63.861702,61.0,2.8617019653320312
Jordan Meyer,overall,61.86164,59.0,2.8616409301757812
Nathan Tjoe-A-On,overall,61.1416,64.0,2.8583984375
Sidi Sané,overall,63.857185,61.0,2.8571853637695312
Kevin Höög Jansson,overall,57.143803,60.0,2.8561973571777344
Francisco Marco,overall,57.1495,60.0,2.8504981994628906
Sidney Raebiger,overall,64.85009,62.0,2.8500900268554688
Zymer Bytyqi,overall,67.15459,70.0,2.8454132080078125
Naorem Mahesh Singh,overall,55.155235,58.0,2.8447647094726562
Miloš Ćoćić,overall,55.1558,58.0,2.8442001342773438
Liam Kitching,overall,64.16257,67.0,2.837432861328125
Kevin Ehlers,overall,67.83642,65.0,2.8364181518554688
Christoph Lang,overall,61.163918,64.0,2.8360824584960938
Semi Belkahia,overall,62.16618,65.0,2.833820343017578
Nathan Harriel,overall,63.16644,66.0,2.8335609436035156
Kaan Caliskaner,overall,65.16713,68.0,2.8328704833984375
Nasser Al Bishi,overall,54.82803,52.0,2.8280296325683594
Thierry Small,overall,60.17369,63.0,2.8263092041015625
Mark Byrne,overall,55.824146,53.0,2.824146270751953
Jeakson Singh,overall,57.176125,60.0,2.8238754272460938
Omar Faraj,overall,61.181942,64.0,2.8180580139160156
Turki Al Mutairi,overall,50.182293,53.0,2.817707061767578
Yadaly Diaby,overall,62.18566,65.0,2.8143386840820312
Paul Schermer,overall,59.808937,57.0,2.8089370727539062
Jordan Lawrence-Gabriel,overall,64.19202,67.0,2.8079833984375
Jelle Bataille,overall,68.19554,71.0,2.8044586181640625
Liam Thompson,overall,65.80438,63.0,2.80438232421875
Julius Ertlthaler,overall,62.196068,65.0,2.8039321899414062
Agustín Sández,overall,65.197815,68.0,2.80218505859375
Agustín Chopitea,overall,63.198845,66.0,2.8011550903320312
Brian Gutiérrez,overall,61.19903,64.0,2.8009681701660156
Joaquín Pombo,overall,62.203686,65.0,2.796314239501953
Marin Ljubičić,overall,66.20457,69.0,2.7954330444335938
Jairo Concha,overall,68.20563,71.0,2.79437255859375
Oliver Sørensen,overall,62.20639,65.0,2.793609619140625
Yahya Al Najai,overall,55.21212,58.0,2.7878799438476562
Daniel Bassi,overall,55.21254,58.0,2.7874603271484375
Adrian Gryszkiewicz,overall,63.21618,66.0,2.7838211059570312
Mamadou Camara,overall,59.21701,62.0,2.782989501953125
Mutlaq Al Hurayji,overall,53.782753,51.0,2.7827529907226562
Antoine Hainaut,overall,55.780563,53.0,2.7805633544921875
Baran Mogultay,overall,59.21959,62.0,2.7804107666015625
Abdoul Fessal Tapsoba,overall,64.22434,67.0,2.7756576538085938
Jacob Eng,overall,57.225906,60.0,2.7740936279296875
Felipe Peña,overall,66.23223,69.0,2.7677688598632812
Hormipam Ruivah,overall,55.232365,58.0,2.7676353454589844
Hendry Antonay,overall,49.234055,52.0,2.7659454345703125
Rocco Reitz,overall,67.76565,65.0,2.7656478881835938
Ayman Benarous,overall,64.76535,62.0,2.765350341796875
Jack Wills,overall,57.764797,55.0,2.7647972106933594
Juan Pablo Torres,overall,61.235443,64.0,2.764556884765625
Maksymilian Pingot,overall,58.241528,61.0,2.758472442626953
Mustafa Burak Bozan,overall,57.247826,60.0,2.7521743774414062
Samuel Folarin,overall,55.248646,58.0,2.751354217529297
Yayah Kallon,overall,67.25105,70.0,2.7489471435546875
David Otto,overall,64.252235,67.0,2.7477645874023438
Daniel Eduardo Juárez,overall,64.253746,67.0,2.7462539672851562
Maxime Bastian,overall,60.263603,63.0,2.7363967895507812
Hugo Larsson,overall,64.26657,67.0,2.733428955078125
Dembo Sylla,overall,61.270462,64.0,2.7295379638671875
Jackson Smith,overall,58.728172,56.0,2.7281723022460938
André Boman,overall,61.272507,64.0,2.7274932861328125
Nathan Bitumazala,overall,62.72262,60.0,2.7226181030273438
Ali Makki,overall,54.283413,57.0,2.7165870666503906
Yan Valery,overall,68.283676,71.0,2.7163238525390625
Jack Sparkes,overall,61.283928,64.0,2.7160720825195312
Andrei Gorcea,overall,60.28495,63.0,2.7150497436523438
Noah Bischof,overall,64.714,62.0,2.7139968872070312
Luis Carlos Rodríguez,overall,61.713394,59.0,2.7133941650390625
Abdul Manaf Nurudeen,overall,63.29298,66.0,2.707019805908203
Tom Ducrocq,overall,65.29456,68.0,2.7054367065429688
Kenneth Paal,overall,68.2962,71.0,2.70379638671875
Abdullah Al Enazi,overall,52.701775,50.0,2.7017745971679688
Morgan Whittaker,overall,63.298763,66.0,2.7012367248535156
Anass Salah-Eddine,overall,64.30142,67.0,2.698577880859375
Abdoulie Sanyang,overall,65.30591,68.0,2.694091796875
Max Rosenfelder,overall,63.308765,66.0,2.691234588623047
Dixon Vera,overall,60.310257,63.0,2.6897430419921875
Leopold Wahlstedt,overall,65.3106,68.0,2.6893997192382812
Agustín Martegani,overall,68.3111,71.0,2.68890380859375
Alessandro Fontanarosa,overall,64.311775,67.0,2.6882247924804688
Mark Natta,overall,59.31555,62.0,2.6844482421875
Marco John,overall,68.316536,71.0,2.6834640502929688
Missael Rodríguez,overall,52.681274,50.0,2.6812744140625
Eliezer Mayenda,overall,58.32117,61.0,2.6788291931152344
Kayne van Oevelen,overall,58.678093,56.0,2.6780929565429688
Jan Gorenc,overall,63.325794,66.0,2.674205780029297
Rhys Bozinovski,overall,57.671494,55.0,2.6714935302734375
Dylan Portilla,overall,65.6703,63.0,2.6703033447265625
Luciano Boggio,overall,66.33112,69.0,2.6688766479492188
Declan Drysdale,overall,63.668015,61.0,2.6680145263671875
Filipe Sissé,overall,60.667736,58.0,2.667736053466797
Olivier Dumont,overall,60.667274,58.0,2.6672744750976562
Szymon Czyż,overall,65.66719,63.0,2.6671905517578125
Johaneko Louis-Jean,overall,62.665535,60.0,2.6655349731445312
George Tanner,overall,64.33486,67.0,2.6651382446289062
Dante Sealy,overall,63.664165,61.0,2.664165496826172
Paul Kalambayi,overall,59.342712,62.0,2.65728759765625
Omari Hutchinson,overall,66.65489,64.0,2.6548919677734375
Gavin Molloy,overall,55.352325,58.0,2.647674560546875
Marlon Suliman Mustapha,overall,62.35243,65.0,2.647571563720703
Caleb Zady Sery,overall,64.35334,67.0,2.6466598510742188
Abdul Rabeeh,overall,50.357227,53.0,2.642772674560547
Callum Slattery,overall,62.35947,65.0,2.6405296325683594
Julius Eskesen,overall,64.63655,62.0,2.6365509033203125
Ryan Wintle,overall,66.365776,69.0,2.6342239379882812
Johan Bakke,overall,60.631947,58.0,2.631946563720703
Theocharis Tsingaras,overall,66.37446,69.0,2.6255416870117188
Mateusz Praszelik,overall,68.622635,66.0,2.6226348876953125
Jack Milne,overall,56.622284,54.0,2.622283935546875
Drissa Camara,overall,61.62139,59.0,2.6213912963867188
Taras Gomulka,overall,59.38254,62.0,2.6174583435058594
Giacomo Vrioni,overall,67.38389,70.0,2.6161117553710938
Marco Sala,overall,66.38562,69.0,2.6143798828125
Mateusz Skrzypczak,overall,60.387096,63.0,2.612903594970703
Axel Bamba,overall,68.61129,66.0,2.6112899780273438
Niclas Thiede,overall,63.390476,66.0,2.6095237731933594
Alex Mitchell,overall,62.396076,65.0,2.603923797607422
Flavio Alcedo,overall,59.39854,62.0,2.601459503173828
Callum Styles,overall,68.40047,71.0,2.5995330810546875
Marcus Forss,overall,67.40309,70.0,2.5969085693359375
Nick Woltemade,overall,64.40581,67.0,2.5941925048828125
Florian Wustinger,overall,61.592506,59.0,2.5925064086914062
Antonio Foti,overall,64.59143,62.0,2.5914306640625
Boubacar Fofana,overall,63.409187,66.0,2.5908126831054688
Shaqai Forde,overall,59.590233,57.0,2.5902328491210938
Sammie Szmodics,overall,66.40981,69.0,2.5901870727539062
Kacper Smoliński,overall,64.59012,62.0,2.590118408203125
Rhys Byrne,overall,57.589134,55.0,2.5891342163085938
Nicholas Bilokapic,overall,57.411846,60.0,2.588153839111328
Alex Greive,overall,60.413265,63.0,2.5867347717285156
Junior Noguera,overall,63.585735,61.0,2.585735321044922
Jonathan Lima,overall,61.414932,64.0,2.5850677490234375
Eric Uhlmann,overall,61.585003,59.0,2.585002899169922
Alexis Tibidi,overall,64.420654,67.0,2.579345703125
Baba Fernandes,overall,58.42137,61.0,2.5786285400390625
Benjamin Ozegovic,overall,60.423714,63.0,2.5762863159179688
Sebastian Wade,overall,63.57618,61.0,2.5761795043945312
Matías Soulé,overall,68.42521,71.0,2.5747909545898438
Ola Brynhildsen,overall,67.428535,70.0,2.5714645385742188
Charles Boli,overall,65.57104,63.0,2.5710372924804688
Jannes Wulff,overall,61.42964,64.0,2.5703582763671875
Juljan Shehu,overall,60.430706,63.0,2.569293975830078
Jakub Kałuziński,overall,66.56764,64.0,2.5676422119140625
Osama Al Mermish,overall,55.56756,53.0,2.5675582885742188
Ronnie Edwards,overall,65.43645,68.0,2.5635528564453125
Carl Gustafsson,overall,68.55822,66.0,2.5582199096679688
Bilal Boutobba,overall,68.442726,71.0,2.5572738647460938
Max Ejdum,overall,58.55668,56.0,2.5566787719726562
Amin Farouk,overall,61.556507,59.0,2.556507110595703
Noah Mbamba,overall,61.44742,64.0,2.552581787109375
Mads Hansen,overall,63.45254,66.0,2.5474586486816406
Sebastian Aigner,overall,64.541115,62.0,2.5411148071289062
Jerry Lalrinzuala,overall,54.459,57.0,2.5410003662109375
Adrian Nilsen Pereira,overall,64.45987,67.0,2.540130615234375
Aidan Keena,overall,61.46081,64.0,2.5391883850097656
Armin Gigović,overall,64.46181,67.0,2.5381927490234375
Sadou Diallo,overall,58.464737,61.0,2.5352630615234375
CJ dos Santos,overall,56.530407,54.0,2.530406951904297
Rory Feely,overall,56.47056,59.0,2.5294418334960938
Million Manhoef,overall,68.472466,71.0,2.5275344848632812
Marcin Cebula,overall,63.474785,66.0,2.5252151489257812
Kristers Tobers,overall,61.475304,64.0,2.5246963500976562
Martin Delavallée,overall,59.522575,57.0,2.5225753784179688
Scott Robertson,overall,63.52174,61.0,2.521739959716797
Jeremy Sarmiento,overall,64.47925,67.0,2.520751953125
Kjell Scherpen,overall,64.47998,67.0,2.52001953125
Matthew Nocita,overall,54.481705,57.0,2.5182952880859375
Jamie Roche,overall,61.483025,64.0,2.5169754028320312
Loris Mouyokolo,overall,60.483494,63.0,2.5165061950683594
David Jaunegg,overall,59.515007,57.0,2.5150070190429688
Niklas Vesterlund,overall,61.492203,64.0,2.5077972412109375
Jannes Van Hecke,overall,67.499405,65.0,2.4994049072265625
Gabriel Aranda,overall,62.502365,65.0,2.4976348876953125
Manuel Ferrel,overall,57.509594,60.0,2.490406036376953
Diego Calcaterra,overall,61.510048,64.0,2.4899520874023438
Joaquín Lavega,overall,63.511574,66.0,2.4884262084960938
Femi Azeez,overall,62.51513,65.0,2.4848709106445312
Sebastian Banozic,overall,56.484768,54.0,2.4847679138183594
Sam Long,overall,62.51639,65.0,2.4836082458496094
Otto Rosengren,overall,60.517765,63.0,2.4822349548339844
Rareș Ispas,overall,61.52263,64.0,2.4773712158203125
Leandro Lozano,overall,67.52302,70.0,2.4769821166992188
Youssef Amyn,overall,67.474846,65.0,2.4748458862304688
Lucas Noubi,overall,59.525887,62.0,2.4741134643554688
Yusuf Sarı,overall,68.52601,71.0,2.4739913940429688
Jordi Vanlerberghe,overall,67.529785,70.0,2.47021484375
Aaron Drewe,overall,53.53096,56.0,2.4690399169921875
Brison Fernandes,overall,48.53201,51.0,2.4679908752441406
Sonny Carey,overall,60.537018,63.0,2.462982177734375
Nathanael Ogbeta,overall,63.538967,66.0,2.4610328674316406
Toby Savin,overall,63.460907,61.0,2.460906982421875
Dujon Sterling,overall,65.539314,68.0,2.4606857299804688
Tayo Adaramola,overall,60.458958,58.0,2.4589576721191406
Albian Hajdari,overall,58.541626,61.0,2.4583740234375
Isaac Boehmer,overall,58.457336,56.0,2.45733642578125
Oisin Smyth,overall,59.456436,57.0,2.4564361572265625
Ari Leifsson,overall,61.544758,64.0,2.455242156982422
Sam McCallum,overall,67.54612,70.0,2.4538803100585938
Karol Knap,overall,61.54953,64.0,2.450469970703125
Lucas Brumme,overall,60.549988,63.0,2.45001220703125
Kreshnik Hajrizi,overall,59.55219,62.0,2.4478111267089844
Grégory Coelho,overall,60.555668,63.0,2.4443321228027344
Nathaniel Adjei,overall,54.556164,57.0,2.443836212158203
Kai Klefisch,overall,66.55651,69.0,2.4434890747070312
Soumaila Coulibaly,overall,62.560535,65.0,2.439464569091797
Ethan Laird,overall,68.56417,71.0,2.4358291625976562
Aleksandar Jukic,overall,65.56613,68.0,2.433868408203125
Mattia Zanotti,overall,67.430786,65.0,2.4307861328125
Salem Al Toiawy,overall,52.42854,50.0,2.428539276123047
Valentin Ticu,overall,64.57288,67.0,2.4271163940429688
D'Margio Wright-Phillips,overall,64.426674,62.0,2.4266738891601562
Ibrahim Cissé,overall,67.575615,70.0,2.4243850708007812
Reyes Cleary,overall,64.42416,62.0,2.4241561889648438
Kacper Tobiasz,overall,64.589615,67.0,2.4103851318359375
Fabio Chiarodia,overall,64.40911,62.0,2.4091110229492188
Sam Taylor,overall,51.592403,54.0,2.4075965881347656
Henrik Skogvold,overall,55.595215,58.0,2.40478515625
Jayden Richardson,overall,59.59655,62.0,2.4034500122070312
Lisandru Tramoni,overall,64.40086,62.0,2.4008636474609375
Marvin Senger,overall,61.602795,64.0,2.397205352783203
Lewis Miller,overall,61.605633,64.0,2.394367218017578
Santiago Moreno,overall,68.60916,71.0,2.390838623046875
Samuel Edozie,overall,62.609943,65.0,2.390056610107422
Lalrinliana Hnamte,overall,54.389656,52.0,2.3896560668945312
Pierre Dwomoh,overall,66.38707,64.0,2.3870697021484375
Dominic Thompson,overall,61.614887,64.0,2.385112762451172
Jason Ceka,overall,66.61635,69.0,2.3836517333984375
Marinos Tzionis,overall,59.63086,62.0,2.369140625
Juan Alexander Franco,overall,56.63319,59.0,2.366809844970703
Tom Baack,overall,61.634747,64.0,2.365253448486328
Ryan Howley,overall,62.3637,60.0,2.3637008666992188
Owen Gene,overall,66.36335,64.0,2.3633499145507812
Noah Eile,overall,60.64241,63.0,2.3575897216796875
Lasse Sørensen,overall,61.64571,64.0,2.354290008544922
Dara Keane,overall,53.651012,56.0,2.348987579345703
Patrick Yazbek,overall,61.651752,64.0,2.348247528076172
Marko Lazetić,overall,67.346016,65.0,2.3460159301757812
Casper Terho,overall,61.659847,64.0,2.3401527404785156
Samson Okikiola Tijani,overall,61.667633,64.0,2.332366943359375
Hannes Sveijer,overall,54.66828,57.0,2.3317184448242188
Josh Earl,overall,64.66969,67.0,2.3303070068359375
Dexter Lembikisa,overall,58.669964,61.0,2.330036163330078
Lucas Rocrou,overall,56.67057,59.0,2.3294296264648438
Abdourahmane Barry,overall,61.670753,64.0,2.3292465209960938
Amadou Dante,overall,66.67122,69.0,2.3287811279296875
Virgiliu Postolachi,overall,64.67259,67.0,2.3274078369140625
Giulian Biancone,overall,67.67261,70.0,2.327392578125
Jiteshwor Singh,overall,56.32731,54.0,2.3273086547851562
Gabriel Charpentier,overall,60.672848,63.0,2.3271522521972656
Habib Sylla,overall,63.67412,66.0,2.325878143310547
Arnaud Lusamba,overall,68.67444,71.0,2.3255615234375
Killian Phillips,overall,63.6748,66.0,2.3251991271972656
Jakub Niemczyk,overall,53.324547,51.0,2.3245468139648438
Paul Will,overall,63.681114,66.0,2.3188858032226562
Christian Saydee,overall,61.686867,64.0,2.3131332397460938
Mohammed Al Abdullah,overall,53.31239,51.0,2.312389373779297
Jakub Stolarczyk,overall,57.69161,60.0,2.308391571044922
Bartosz Klebaniuk,overall,60.3037,58.0,2.303699493408203
Abdurrahim Dursun,overall,65.30338,63.0,2.3033828735351562
Mohammad Nawaz,overall,56.30199,54.0,2.301990509033203
Matthew Cox,overall,60.70115,63.0,2.2988510131835938
Shayne Pattynama,overall,60.709198,63.0,2.290802001953125
Jonathan Afolabi,overall,57.70981,60.0,2.290191650390625
Bobby Adekanye,overall,64.71062,67.0,2.2893829345703125
Aimen Moueffek,overall,68.275826,66.0,2.2758255004882812
Nikolas Veratschnig,overall,63.725197,66.0,2.2748031616210938
Achraf Dari,overall,66.728516,69.0,2.271484375
Timo Königsmann,overall,60.73033,63.0,2.2696685791015625
Janis Antiste,overall,64.730774,67.0,2.26922607421875
Fabian Wilfinger,overall,56.26922,54.0,2.2692184448242188
David Robson,overall,53.732132,56.0,2.2678680419921875
Enzo Larrosa,overall,63.734344,66.0,2.265655517578125
Lee Buchanan,overall,65.73503,68.0,2.2649688720703125
Aleks Ławniczak,overall,62.735165,65.0,2.2648353576660156
Filip Marschall,overall,59.259953,57.0,2.2599525451660156
Adam Sørensen,overall,63.740433,66.0,2.2595672607421875
Mario Dorgeles,overall,59.742046,62.0,2.257953643798828
Jens Castrop,overall,64.74556,67.0,2.2544403076171875
Tim Sechelmann,overall,61.748077,64.0,2.251922607421875
Marius Ștefănescu,overall,66.7488,69.0,2.2511978149414062
Jamie McGrath,overall,62.751762,65.0,2.2482376098632812
Daniel Bunk,overall,59.247166,57.0,2.2471656799316406
Magnus Christensen,overall,61.75617,64.0,2.2438316345214844
Emirhan İlkhan,overall,66.24309,64.0,2.2430877685546875
Oliver Tipton,overall,57.24293,55.0,2.242931365966797
Robert Popa,overall,63.764103,66.0,2.2358970642089844
Kusini Yengi,overall,59.766853,62.0,2.2331466674804688
George Horbury,overall,53.233093,51.0,2.23309326171875
Jani Atanasov,overall,67.76701,70.0,2.2329864501953125
András Németh,overall,62.768784,65.0,2.2312164306640625
Niko Tsakiris,overall,53.774,56.0,2.226001739501953
Selmin Hodza,overall,57.225643,55.0,2.2256431579589844
Ignacio Agustín Rodríguez,overall,65.21912,63.0,2.2191162109375
Maximiliano González,overall,62.781868,65.0,2.2181320190429688
Harvey Macadam,overall,56.782333,59.0,2.2176666259765625
Mads Enggård,overall,63.21565,61.0,2.215648651123047
Simone Canestrelli,overall,60.789024,63.0,2.2109756469726562
Sambou Soumano,overall,63.7914,66.0,2.208599090576172
Dragoș Albu,overall,65.7924,68.0,2.2076034545898438
André Picornell,overall,57.205513,55.0,2.2055130004882812
Evann Guessand,overall,67.79751,70.0,2.2024917602539062
Yannik Engelhardt,overall,64.80381,67.0,2.1961898803710938
Demeaco Duhaney,overall,60.804245,63.0,2.1957550048828125
Dylan Nealis,overall,60.80615,63.0,2.1938514709472656
Abdullah Matuq,overall,53.80799,56.0,2.1920089721679688
José-Enrique Ríos Alonso,overall,61.81362,64.0,2.1863784790039062
Adam Petersson,overall,60.18624,58.0,2.1862411499023438
Tomás Jacob,overall,62.818428,65.0,2.1815719604492188
Felix Götze,overall,68.18123,66.0,2.1812286376953125
Leo Walta,overall,62.178722,60.0,2.178722381591797
Connor O'Toole,overall,58.8219,61.0,2.1781005859375
Arkadiusz Pyrka,overall,62.823174,65.0,2.1768264770507812
Brandon Kavanagh,overall,56.82429,59.0,2.175708770751953
Mirko Antonucci,overall,66.82499,69.0,2.1750106811523438
Ezequiel Alfonso,overall,64.829544,67.0,2.1704559326171875
Jeremy Ngakia,overall,67.830315,70.0,2.1696853637695312
Bartosz Białek,overall,65.830635,68.0,2.1693649291992188
David Savic,overall,62.167187,60.0,2.167186737060547
Emre Bilgin,overall,59.83684,62.0,2.163158416748047
Magnus Retsius Grødem,overall,64.838005,67.0,2.1619949340820312
Norman Bassette,overall,58.839565,61.0,2.1604347229003906
Tyler Morton,overall,65.84115,68.0,2.1588516235351562
Amir Abdijanovic,overall,58.842316,61.0,2.157684326171875
Eskil Edh,overall,61.843002,64.0,2.1569976806640625
Aramide Oteh,overall,57.844967,60.0,2.1550331115722656
Jack Stretton,overall,61.152836,59.0,2.1528358459472656
Nikhil Deka,overall,51.152565,49.0,2.1525650024414062
Alan Virginius,overall,65.85004,68.0,2.14996337890625
Michael Venturi,overall,61.85095,64.0,2.1490516662597656
Connor Barron,overall,62.852406,65.0,2.147594451904297
Dirk Proper,overall,67.85313,70.0,2.1468734741210938
Kryspin Szcześniak,overall,60.853157,63.0,2.1468429565429688
Kader Keïta,overall,60.853806,63.0,2.1461944580078125
Jordi Osei-Tutu,overall,64.854256,67.0,2.1457443237304688
Malcolm Ebiowei,overall,63.85445,66.0,2.145549774169922
Georgios Sideras,overall,57.859566,60.0,2.1404342651367188
Elkan Baggott,overall,57.859818,60.0,2.1401824951171875
Ross Tierney,overall,62.139748,60.0,2.1397476196289062
Oussama Targhalline,overall,65.86513,68.0,2.1348724365234375
Mio Backhaus,overall,57.86653,60.0,2.1334686279296875
Joaquín Blázquez,overall,64.87076,67.0,2.129241943359375
Brodie Spencer,overall,62.12774,60.0,2.1277389526367188
Dion Sanderson,overall,65.87439,68.0,2.1256103515625
Matty Daly,overall,62.125546,60.0,2.1255455017089844
Jacob Farrell,overall,61.874752,64.0,2.1252479553222656
Kristoffer Askildsen,overall,68.123695,66.0,2.1236953735351562
Tiago José Geralnik,overall,64.12306,62.0,2.1230621337890625
Luca Jaquez,overall,57.121895,55.0,2.1218948364257812
Adrien Louveau,overall,58.878765,61.0,2.121234893798828
Kayden Pierre,overall,55.118046,53.0,2.1180458068847656
Lukas Boeder,overall,67.115814,65.0,2.115814208984375
Vincent Marchetti,overall,67.88424,70.0,2.1157608032226562
Elias Hoff Melkersen,overall,62.115116,60.0,2.1151161193847656
Ayman Azhil,overall,66.11402,64.0,2.1140213012695312
Sajal Bag,overall,52.110813,50.0,2.1108131408691406
David Affengruber,overall,66.891014,69.0,2.1089859008789062
Federico Brancolini,overall,55.108337,53.0,2.10833740234375
Colin Rösler,overall,59.892654,62.0,2.1073455810546875
Sam Gallagher,overall,67.89546,70.0,2.1045379638671875
Filip Stevanović,overall,65.10367,63.0,2.103668212890625
Jonatan Braut-Brunes,overall,60.90162,63.0,2.0983810424804688
Anthony Olusanya,overall,60.906967,63.0,2.0930328369140625
Marvin Senaya,overall,62.90985,65.0,2.09014892578125
Innes Cameron,overall,58.909973,61.0,2.09002685546875
Kyle Joseph,overall,61.91001,64.0,2.0899887084960938
Bünyamin Balcı,overall,65.9118,68.0,2.0882034301757812
Taylor Moore,overall,62.914433,65.0,2.0855674743652344
Erencan Yardımcı,overall,60.916107,63.0,2.083892822265625
Evan Caffrey,overall,59.082977,57.0,2.082977294921875
Taylor Luvambo,overall,58.917263,61.0,2.0827369689941406
Tony Springett,overall,60.921703,63.0,2.078296661376953
Igor Strzałek,overall,58.92201,61.0,2.077991485595703
Marco Antonio Angulo,overall,62.922302,65.0,2.07769775390625
Brahima Diarra,overall,61.924755,64.0,2.075244903564453
Simone Mazzocchi,overall,66.9274,69.0,2.072601318359375
Toni Domgjoni,overall,68.06899,66.0,2.0689926147460938
Paul Tschernuth,overall,56.9322,59.0,2.067798614501953
Kévin Boma,overall,60.932278,63.0,2.0677223205566406
Bobby Faulkner,overall,55.93302,58.0,2.0669784545898438
Guillermo Enrique,overall,65.93378,68.0,2.06622314453125
Xavier Dziekoński,overall,59.938213,62.0,2.061786651611328
Antonios Papadopoulos,overall,64.94339,67.0,2.056610107421875
Marco Farfan,overall,64.944115,67.0,2.0558853149414062
Julián Malatini,overall,64.94644,67.0,2.053558349609375
Tom Bayliss,overall,63.948566,66.0,2.051433563232422
Aaron Basenach,overall,58.044495,56.0,2.04449462890625
Reed Baker-Whiting,overall,57.04299,55.0,2.0429916381835938
Alex Saji,overall,51.957455,54.0,2.0425453186035156
Cian Hayes,overall,62.042183,60.0,2.0421829223632812
Joseph Rosales,overall,62.04079,60.0,2.040790557861328
Ayman Aiki,overall,62.035656,60.0,2.035655975341797
Justin Haak,overall,62.034214,60.0,2.0342140197753906
Aaron Zehnter,overall,62.033955,60.0,2.033954620361328
Oscar Uddenäs,overall,63.967335,66.0,2.032665252685547
Josh Williams,overall,58.968998,61.0,2.0310020446777344
Randy Schneider,overall,59.9702,62.0,2.0298004150390625
Emmanuel Ochoa,overall,55.02864,53.0,2.0286407470703125
Adam Gnezda Čerin,overall,67.97516,70.0,2.02484130859375
Teddy Alloh,overall,64.02478,62.0,2.0247802734375
Sylvester Jasper,overall,63.976,66.0,2.023998260498047
Rafael Hornos,overall,63.02332,61.0,2.0233192443847656
Utku Yuvakuran,overall,63.980354,66.0,2.0196456909179688
Oregan Ravet,overall,56.98195,59.0,2.0180511474609375
Florian Dietz,overall,61.986267,64.0,2.01373291015625
Benjamin Böckle,overall,59.986553,62.0,2.013446807861328
Marco Nasti,overall,57.990562,60.0,2.0094375610351562
Andreas Gülstorff,overall,57.007416,55.0,2.007415771484375
Julius Kade,overall,67.00664,65.0,2.0066375732421875
Maren Haile-Selassie,overall,63.99396,66.0,2.0060386657714844
Alou Kuol,overall,58.995426,61.0,2.0045738220214844
Ryan Ledson,overall,65.996315,68.0,2.0036849975585938
Alessandro Lopane,overall,59.002712,57.0,2.0027122497558594
Nene Dorgeles,overall,64.9973,67.0,2.0027008056640625
Mehmet Ibrahimi,overall,60.99956,59.0,1.9995613098144531
Alexandru Utiu,overall,53.99926,52.0,1.9992599487304688
Dante Polvara,overall,59.001884,61.0,1.9981155395507812
Brandan Craig,overall,56.997585,55.0,1.9975852966308594
Paul Nebel,overall,67.00359,69.0,1.9964065551757812
Alessandro Sorrentino,overall,61.00375,63.0,1.9962501525878906
Amir Richardson,overall,67.004364,69.0,1.995635986328125
Stelios Andreou,overall,66.00544,68.0,1.9945602416992188
Juan Arias,overall,61.994,60.0,1.9939994812011719
Ryan Schofield,overall,63.993427,62.0,1.9934272766113281
Yvandro Borges Sanches,overall,62.008255,64.0,1.9917449951171875
Tim Rönning,overall,63.008553,65.0,1.9914474487304688
Alec Georgen,overall,61.009956,63.0,1.9900436401367188
Jasper Moon,overall,61.01097,63.0,1.9890289306640625
Celestin De Schrevel,overall,60.9872,59.0,1.9872016906738281
Vesel Demaku,overall,64.98536,63.0,1.9853591918945312
Doğucan Haspolat,overall,68.0153,70.0,1.9847030639648438
Mateusz Żukowski,overall,61.0162,63.0,1.9837989807128906
Antonio Raimondo,overall,64.98285,63.0,1.98284912109375
Luca Hoole,overall,61.02258,63.0,1.9774208068847656
Milutin Osmajić,overall,68.02281,70.0,1.9771881103515625
Théo Chatelain,overall,53.024662,55.0,1.9753379821777344
Pietro Boer,overall,58.02549,60.0,1.9745101928710938
Tega Ikoba,overall,54.972294,53.0,1.9722938537597656
Gideon Tetteh,overall,53.030376,55.0,1.9696235656738281
Oliver Burke,overall,67.030785,69.0,1.9692153930664062
Muhammed Nemil,overall,54.967655,53.0,1.9676551818847656
Nils Rossen,overall,61.96719,60.0,1.9671897888183594
Naouirou Ahamada,overall,68.035194,70.0,1.9648056030273438
Princeton Rebello,overall,56.962414,55.0,1.9624137878417969
Hákon Arnar Haraldsson,overall,68.04001,70.0,1.959991455078125
Stanisław Wawrzynowicz,overall,57.042164,59.0,1.9578361511230469
Peter Kioso,overall,64.04278,66.0,1.9572219848632812
Adrian Fein,overall,67.95627,66.0,1.956268310546875
Taylor Gardner-Hickman,overall,66.04377,68.0,1.9562301635742188
Darragh Burns,overall,62.95372,61.0,1.9537200927734375
Joshua Wilson-Esbrand,overall,61.04706,63.0,1.95294189453125
Anton Tsarenko,overall,64.95186,63.0,1.9518585205078125
Bendegúz Bolla,overall,64.055275,66.0,1.9447250366210938
Yaw Yeboah,overall,67.94182,66.0,1.9418182373046875
Jack Warshawsky,overall,55.93921,54.0,1.939208984375
Luca Bolay,overall,56.936443,55.0,1.9364433288574219
Andri Lucas Guðjohnsen,overall,61.063915,63.0,1.9360847473144531
Eli Adams,overall,59.931877,58.0,1.9318771362304688
Denis Genreau,overall,68.07437,70.0,1.925628662109375
Mounaïm El Idrissy,overall,67.074486,69.0,1.9255142211914062
Iván Flores,overall,60.925117,59.0,1.9251174926757812
Jacques Ekomié,overall,64.075165,66.0,1.924835205078125
Kyle Taylor,overall,60.923355,59.0,1.9233551025390625
Darren Robinson,overall,57.922573,56.0,1.9225730895996094
Dominik Kother,overall,65.91938,64.0,1.9193801879882812
Silas Ostrzinski,overall,60.91668,59.0,1.9166793823242188
Agustín Vera,overall,63.915264,62.0,1.9152641296386719
Benedikt Gimber,overall,68.08542,70.0,1.914581298828125
Kevin Wiethaup,overall,60.912315,59.0,1.9123153686523438
Tommaso Milanese,overall,66.91109,65.0,1.9110870361328125
Daniel Chesters,overall,60.910374,59.0,1.9103736877441406
Tristan Crama,overall,58.09031,60.0,1.9096908569335938
Hussain Sibyani,overall,52.09141,54.0,1.9085884094238281
Pape Ndiaga Yade,overall,64.09634,66.0,1.9036636352539062
Kyle Hurst,overall,59.097557,61.0,1.9024429321289062
Ethan Chislett,overall,62.10244,64.0,1.8975601196289062
Albert Hofman,overall,62.892986,61.0,1.8929862976074219
Noé Lebreton,overall,60.112766,62.0,1.8872337341308594
Valentino Müller,overall,66.11436,68.0,1.8856430053710938
Arthur Okonkwo,overall,64.114395,66.0,1.8856048583984375
Emil Bohinen,overall,69.11575,71.0,1.884246826171875
Sven Jansen,overall,57.882008,56.0,1.8820075988769531
Calvin Brackelmann,overall,62.120827,64.0,1.8791732788085938
Niklas Kölle,overall,62.121464,64.0,1.8785362243652344
Oliver Antman,overall,65.12215,67.0,1.8778533935546875
Jamie Mullins,overall,59.87712,58.0,1.8771209716796875
Lewis Simper,overall,56.87688,55.0,1.8768806457519531
Luke Le Roux,overall,64.12738,66.0,1.87261962890625
Kegs Chauke,overall,61.870377,60.0,1.8703765869140625
Cisse Sandra,overall,65.86807,64.0,1.868072509765625
Victor Dican,overall,64.13528,66.0,1.8647232055664062
Osaze Urhoghide,overall,62.137505,64.0,1.8624954223632812
Matías Córdova,overall,60.13781,62.0,1.8621902465820312
Trent Buhagiar,overall,60.13826,62.0,1.8617401123046875
Mihajlo Ivančević,overall,62.13844,64.0,1.8615608215332031
Luke Ivanovic,overall,58.8613,57.0,1.8613014221191406
Anthony Schmid,overall,63.139557,65.0,1.860443115234375
Loum Tchaouna,overall,67.85967,66.0,1.8596725463867188
Louis Mouton,overall,59.140656,61.0,1.859344482421875
Nikita Iosifov,overall,64.14209,66.0,1.85791015625
Yaw Moses,overall,61.143997,63.0,1.8560028076171875
Rafał Adamski,overall,59.144085,61.0,1.8559150695800781
Brian Salvareschi,overall,68.147514,70.0,1.8524856567382812
Loreintz Rosier,overall,68.148636,70.0,1.8513641357421875
Rohit Danu,overall,55.850002,54.0,1.8500022888183594
Antoine Semenyo,overall,68.15387,70.0,1.84613037109375
Lewis Hall,overall,64.15589,66.0,1.8441085815429688
Marouan Azarkan,overall,66.15677,68.0,1.843231201171875
Laurenz Dehl,overall,61.840385,60.0,1.8403854370117188
Jodi Jones,overall,62.16026,64.0,1.8397407531738281
Hussein Ali,overall,60.161648,62.0,1.8383522033691406
Andréas Hountondji,overall,63.837383,62.0,1.8373832702636719
Mustafa Kourouma,overall,59.832226,58.0,1.8322257995605469
Adam Ingi Benediktsson,overall,58.828014,57.0,1.8280143737792969
Adam Long,overall,57.172173,59.0,1.8278274536132812
Jakub Lewicki,overall,56.17466,58.0,1.8253402709960938
Rafik Guitane,overall,68.17728,70.0,1.822723388671875
Mohamed Sankoh,overall,62.179317,64.0,1.8206825256347656
Niclas Stierlin,overall,62.17938,64.0,1.8206214904785156
Dawid Drachal,overall,56.180016,58.0,1.8199844360351562
Lorenz Assignon,overall,67.18164,69.0,1.818359375
Nathan Moriah-Welsh,overall,59.183765,61.0,1.8162345886230469
Ramiro Ruiz Rodríguez,overall,68.185905,70.0,1.8140945434570312
Karl Edouard Etta Eyong,overall,59.186626,61.0,1.8133735656738281
Ben Bottomley,overall,55.808544,54.0,1.8085441589355469
Juan José Heinze,overall,64.19192,66.0,1.8080825805664062
Maximilian Sellinger,overall,54.192738,56.0,1.8072624206542969
Casper Andersson,overall,55.806057,54.0,1.8060569763183594
Isaak Davies,overall,64.8057,63.0,1.8057022094726562
Kelvin Ehibhatiomhan,overall,57.19586,59.0,1.80413818359375
Wiktor Długosz,overall,62.197742,64.0,1.8022575378417969
Emil Benny,overall,55.80196,54.0,1.8019599914550781
Matthieu Rongier,overall,57.19839,59.0,1.8016090393066406
Lewis Brunt,overall,60.801006,59.0,1.8010063171386719
Rasmus Örqvist,overall,62.199497,64.0,1.8005027770996094
Alan Rodríguez,overall,69.20467,71.0,1.7953262329101562
Elidon Qenaj,overall,57.208977,59.0,1.7910232543945312
Issa Fomba,overall,61.210014,63.0,1.7899856567382812
Kaide Gordon,overall,63.78837,62.0,1.7883682250976562
Kayne Bonnevie,overall,62.78697,61.0,1.7869682312011719
Casey Walls,overall,52.78511,51.0,1.7851104736328125
Valerio Mastrantonio,overall,61.215313,63.0,1.7846870422363281
Nabil Alioui,overall,67.216644,69.0,1.783355712890625
Lukas Pinckert,overall,61.218075,63.0,1.7819252014160156
Lassi Lappalainen,overall,64.21865,66.0,1.7813491821289062
James Gale,overall,56.778275,55.0,1.7782745361328125
Niklas May,overall,62.22396,64.0,1.7760391235351562
Jesper Daland,overall,67.22507,69.0,1.774932861328125
Hugo Siquet,overall,68.227036,70.0,1.7729644775390625
Collin Smith,overall,56.77051,55.0,1.7705116271972656
Ninthoi Meetei,overall,55.770107,54.0,1.7701072692871094
Serafin Szota,overall,60.23052,62.0,1.7694816589355469
Görkem Sağlam,overall,64.23141,66.0,1.7685928344726562
Sayfallah Ltaief,overall,64.2321,66.0,1.7678985595703125
Abdoullah Ba,overall,65.76293,64.0,1.7629318237304688
Dylan Kadji,overall,59.76271,58.0,1.7627105712890625
Manoj Mohammad,overall,51.238697,53.0,1.7613029479980469
Dan Martin,overall,54.241478,56.0,1.7585220336914062
Couhaib Driouech,overall,64.24202,66.0,1.7579803466796875
Mohamed Amoura,overall,66.24727,68.0,1.7527313232421875
Gaetano Oristanio,overall,65.248055,67.0,1.7519454956054688
Lassine Sinayoko,overall,62.24812,64.0,1.7518806457519531
Jakob Tånnander,overall,60.249233,62.0,1.7507667541503906
Josh Hawkes,overall,61.250183,63.0,1.74981689453125
Paul Omo Mukairu,overall,66.74934,65.0,1.7493362426757812
Ziyad Larkeche,overall,60.748062,59.0,1.7480621337890625
Carlos Mendes Gomes,overall,65.25203,67.0,1.7479705810546875
Josué Escartin,overall,63.7466,62.0,1.7466011047363281
Louie Watson,overall,63.74462,62.0,1.7446212768554688
Eyram Viegbe,overall,56.74459,55.0,1.7445907592773438
Tyrese Campbell,overall,68.258575,70.0,1.741424560546875
Giordano Colli,overall,60.741085,59.0,1.7410850524902344
Luca D'Andrea,overall,67.74091,66.0,1.7409133911132812
Daniel Klein,overall,61.73878,60.0,1.7387809753417969
Mirza Cihan,overall,58.265102,60.0,1.7348976135253906
Kacper Chodyna,overall,64.26797,66.0,1.7320327758789062
Moritz Nicolas,overall,63.26854,65.0,1.7314605712890625
Liam Coyle,overall,61.26941,63.0,1.7305908203125
Moritz Schulze,overall,60.730152,59.0,1.7301521301269531
Reda Khadra,overall,68.270515,70.0,1.7294845581054688
Reece Burke,overall,68.2721,70.0,1.7278976440429688
Baptiste Roux,overall,64.273964,66.0,1.7260360717773438
Patryk Zaucha,overall,58.276928,60.0,1.7230720520019531
Dominik Steczyk,overall,61.71655,60.0,1.7165489196777344
Ernest Poku,overall,64.283485,66.0,1.7165145874023438
Eduard Radaslavescu,overall,64.715996,63.0,1.7159957885742188
Mark O'Hara,overall,67.286705,69.0,1.7132949829101562
Leny Meyer,overall,57.711952,56.0,1.7119522094726562
David Nemeth,overall,66.289764,68.0,1.710235595703125
Jake Cain,overall,63.70729,62.0,1.7072906494140625
Ibrahima Cissé,overall,59.29588,61.0,1.7041206359863281
Stipe Biuk,overall,68.29996,70.0,1.700042724609375
Devin Sür,overall,58.699436,57.0,1.6994361877441406
Jurgen Çelhaka,overall,61.30424,63.0,1.6957588195800781
Julian Stark,overall,61.309574,63.0,1.6904258728027344
Jakub Kadak,overall,67.690094,66.0,1.690093994140625
Isak Helstad Amundsen,overall,62.309998,64.0,1.69000244140625
Jordan Amissah,overall,56.688354,55.0,1.6883544921875
Lewis Fiorini,overall,66.6878,65.0,1.6877975463867188
Komal Thatal,overall,54.68769,53.0,1.6876907348632812
Facundo Sanguinetti,overall,61.68757,60.0,1.6875686645507812
Halil İbrahim Dervişoğlu,overall,68.31304,70.0,1.6869583129882812
Kreshnik Krasniqi,overall,61.6868,60.0,1.686798095703125
Matías Galarza,overall,68.68577,67.0,1.6857681274414062
Marco Tilio,overall,65.31453,67.0,1.6854705810546875
Joe Riley,overall,63.683315,62.0,1.6833152770996094
Taïryk Arconte,overall,63.32468,65.0,1.6753196716308594
Sonny Cox,overall,56.327473,58.0,1.6725273132324219
Franklin Tebo Uchenna,overall,60.328354,62.0,1.6716461181640625
Hussain Furayj,overall,52.670284,51.0,1.6702842712402344
Cristian Castro Devenish,overall,67.33104,69.0,1.6689605712890625
Ryan Graydon,overall,54.332302,56.0,1.6676979064941406
Alessandro Di Pardo,overall,65.33283,67.0,1.6671676635742188
Derek Mazou-Sacko,overall,61.66588,60.0,1.6658782958984375
Tim Lemperle,overall,64.33473,66.0,1.6652679443359375
Cemali Sertel,overall,64.33648,66.0,1.6635208129882812
Gbemi Arubi,overall,50.338303,52.0,1.6616973876953125
Jaylin Lindsey,overall,64.33889,66.0,1.6611099243164062
Erik Dueñas,overall,53.338932,55.0,1.6610679626464844
Meritan Shabani,overall,61.34048,63.0,1.6595191955566406
Jonathan Meier,overall,64.34385,66.0,1.6561508178710938
Filippo Manfrin,overall,58.655506,57.0,1.6555061340332031
James Maxwell,overall,58.347275,60.0,1.6527252197265625
Reece Welch,overall,54.34798,56.0,1.6520195007324219
Seedy Jatta,overall,59.34799,61.0,1.6520118713378906
Joshua Schwirten,overall,61.651253,60.0,1.6512527465820312
Radu Negru,overall,63.351074,65.0,1.64892578125
Joe White,overall,61.647682,60.0,1.6476821899414062
Sander Risan Mørk,overall,61.64573,60.0,1.6457290649414062
Demba Seck,overall,62.358486,64.0,1.6415138244628906
Oliver Cooper,overall,65.362816,67.0,1.6371841430664062
Ollie Tanner,overall,59.63704,58.0,1.6370391845703125
Stephen Kelly,overall,64.36316,66.0,1.6368408203125
Willem Geubbels,overall,66.63677,65.0,1.6367721557617188
Bledian Krasniqi,overall,64.363625,66.0,1.6363754272460938
Muhammed Gümüşkaya,overall,67.63636,66.0,1.6363601684570312
Ben Knight,overall,61.63629,60.0,1.63629150390625
Joe-Loïc Affamah,overall,59.36633,61.0,1.6336708068847656
Finn Surman,overall,61.631824,60.0,1.6318244934082031
Tyrhys Dolan,overall,68.368706,70.0,1.6312942504882812
Ciarán Kelly,overall,57.370556,59.0,1.6294441223144531
Gonzalo Maroni,overall,68.62677,67.0,1.62677001953125
Dickson Abiama,overall,65.37588,67.0,1.6241226196289062
Kaare Barslund,overall,53.3766,55.0,1.6234016418457031
Amrit Gope,overall,51.621746,50.0,1.6217460632324219
Mai Traore,overall,59.378914,61.0,1.6210861206054688
Eoin Toal,overall,63.379745,65.0,1.6202545166015625
Sadik Fofana,overall,62.38131,64.0,1.6186904907226562
Dru Yearwood,overall,67.61322,66.0,1.61322021484375
Patricio Ostachuk,overall,62.388954,64.0,1.6110458374023438
Jibril Ibrahimi,overall,60.38985,62.0,1.6101493835449219
Louis Zabala,overall,58.609993,57.0,1.6099929809570312
Mattéo Tramoni,overall,68.39068,70.0,1.6093215942382812
Matt Baker,overall,58.39359,60.0,1.6064109802246094
Muharem Huskovic,overall,64.60639,63.0,1.6063919067382812
Martin Wasinski,overall,64.60569,63.0,1.6056900024414062
Serkan Asan,overall,64.39553,66.0,1.6044692993164062
Antoine Valério,overall,64.59972,63.0,1.5997161865234375
Jocelyn Janneh,overall,59.599426,58.0,1.59942626953125
Jobe Bellingham,overall,61.400803,63.0,1.5991973876953125
Brian Mansilla,overall,64.401566,66.0,1.5984344482421875
Gerasimos Mitoglou,overall,67.4018,69.0,1.5981979370117188
Kyle Hudlin,overall,59.59615,58.0,1.5961494445800781
Matthis Abline,overall,67.40398,69.0,1.5960235595703125
Cătălin Cîrjan,overall,66.596016,65.0,1.5960159301757812
Alex Monis,overall,56.40441,58.0,1.5955886840820312
Ben Goodliffe,overall,61.40445,63.0,1.595550537109375
Adrián Sánchez,overall,67.40445,69.0,1.595550537109375
Mehdi Dorval,overall,64.40492,66.0,1.5950775146484375
Thomas Aquilina,overall,59.407635,61.0,1.5923652648925781
Joachim Imbrechts,overall,57.407673,59.0,1.5923271179199219
David Ajiboye,overall,63.408634,65.0,1.5913658142089844
Jack Moylan,overall,61.58967,60.0,1.5896682739257812
Gaurav Bora,overall,51.41078,53.0,1.5892181396484375
Brahian Palacios,overall,63.416706,65.0,1.5832939147949219
Nikhil Prabhu,overall,49.41761,51.0,1.5823898315429688
Ebrima Colley,overall,65.418304,67.0,1.581695556640625
Ben Folami,overall,64.4207,66.0,1.5792999267578125
Dion Krasniqi,overall,55.425373,57.0,1.5746269226074219
Daniel Arzani,overall,63.427567,65.0,1.5724334716796875
Taylor Perry,overall,63.569603,62.0,1.5696029663085938
Noah Allen,overall,58.5656,57.0,1.5656013488769531
Bryce Miranda,overall,53.435085,55.0,1.5649147033691406
Oscar Schönfelder,overall,64.56201,63.0,1.56201171875
Sam Sherring,overall,60.4436,62.0,1.5564002990722656
Dawson Devoy,overall,64.55633,63.0,1.5563278198242188
Makan Winkle Chothe,overall,52.444527,54.0,1.5554733276367188
Andres Jasson,overall,61.55513,60.0,1.5551300048828125
Tolaji Bola,overall,57.445602,59.0,1.5543975830078125
Maximilian Beier,overall,68.448166,70.0,1.5518341064453125
Harald Nilsen Tangen,overall,66.55133,65.0,1.55133056640625
James Gomez,overall,63.449642,65.0,1.5503578186035156
Ahmed Al Ghamdi,overall,58.450016,60.0,1.5499839782714844
Sofiane Alakouch,overall,65.45018,67.0,1.5498199462890625
Fatih Kaya,overall,64.54867,63.0,1.5486679077148438
Kian Fitz-Jim,overall,67.54646,66.0,1.5464630126953125
Besfort Zeneli,overall,56.54646,55.0,1.5464591979980469
Tope Fadahunsi,overall,53.454178,55.0,1.5458221435546875
Filip Dagerstål,overall,67.45508,69.0,1.544921875
Ronan Boyce,overall,61.543037,60.0,1.5430374145507812
Filippo Ranocchia,overall,67.45909,69.0,1.5409088134765625
Eman Marković,overall,62.459324,64.0,1.5406761169433594
Delano Burgzorg,overall,67.45999,69.0,1.540008544921875
Kelland Watts,overall,65.460464,67.0,1.5395355224609375
Alex Mighten,overall,67.538414,66.0,1.5384140014648438
Gavin Kilkenny,overall,66.53754,65.0,1.53753662109375
Yanis Begraoui,overall,66.46297,68.0,1.5370330810546875
Ayrton Paz,overall,55.465412,57.0,1.5345878601074219
Felix Passlack,overall,68.467865,70.0,1.532135009765625
Yordi López,overall,59.46828,61.0,1.5317192077636719
Lukas Schleimer,overall,65.470474,67.0,1.5295257568359375
Will Wilson,overall,55.472153,57.0,1.5278472900390625
Mukhair Al Rashidi,overall,58.47219,60.0,1.5278091430664062
Sorba Thomas,overall,68.47277,70.0,1.5272293090820312
Finlay Pollock,overall,59.525635,58.0,1.525634765625
Valentin Antov,overall,67.525566,66.0,1.5255661010742188
Ed Turns,overall,61.474895,63.0,1.5251045227050781
Abu Francis,overall,64.47627,66.0,1.5237274169921875
Jamie Searle,overall,55.522472,54.0,1.5224723815917969
Matthew Sutton,overall,57.521694,56.0,1.5216941833496094
Jakob Breum,overall,62.520847,61.0,1.5208473205566406
Marko Milovanović,overall,66.48295,68.0,1.5170516967773438
Tyrese Shade,overall,61.515697,60.0,1.5156974792480469
Luca Kerber,overall,67.51427,66.0,1.5142669677734375
Lucas Soto,overall,61.511253,60.0,1.5112533569335938
Oliver Alfonsi,overall,61.51117,60.0,1.51116943359375
Tyler Smith,overall,63.51023,62.0,1.5102310180664062
Piotr Samiec-Talar,overall,61.490864,63.0,1.5091361999511719
Davide Bettella,overall,63.49163,65.0,1.5083694458007812
Steffen Tigges,overall,67.49491,69.0,1.5050888061523438
Roko Šimić,overall,61.498386,63.0,1.5016136169433594
Maksim Stjopin,overall,56.501274,58.0,1.4987258911132812
Zico Buurmeester,overall,65.49772,64.0,1.4977188110351562
Jean N'Guessan,overall,63.502388,65.0,1.4976119995117188
Samed Onur,overall,61.496227,60.0,1.4962272644042969
Jasper van der Werff,overall,67.49383,66.0,1.4938278198242188
Mallik Wilks,overall,67.492775,66.0,1.4927749633789062
Noel Niemann,overall,65.507416,67.0,1.492584228515625
Kacper Bieszczad,overall,62.515114,64.0,1.4848861694335938
Kolbeinn Birgir Finnsson,overall,63.51589,65.0,1.4841117858886719
Jake Rooney,overall,58.521362,60.0,1.4786376953125
Luca Oyen,overall,67.52275,69.0,1.4772491455078125
Jalen Hawkins,overall,63.47627,62.0,1.4762687683105469
Ross Munro,overall,53.474606,52.0,1.4746055603027344
Ousseni Bouda,overall,55.52727,57.0,1.4727287292480469
Tani Oluwaseyi,overall,53.527676,55.0,1.4723243713378906
Gustav Berggren,overall,64.529045,66.0,1.4709548950195312
Ștefan Baiaram,overall,65.534996,67.0,1.4650039672851562
Søren Tengstedt,overall,61.539017,63.0,1.4609832763671875
Tommy Leigh,overall,62.541603,64.0,1.4583969116210938
Sam Greenwood,overall,67.54379,69.0,1.456207275390625
José Alfredo Flores,overall,56.54392,58.0,1.4560813903808594
Tanguy Zoukrou,overall,61.545784,63.0,1.4542160034179688
Alassana Jatta,overall,58.547794,60.0,1.4522056579589844
Angus Thurgate,overall,64.547905,66.0,1.4520950317382812
Dawid Kurminowski,overall,63.548203,65.0,1.4517974853515625
Jan Sobociński,overall,61.54929,63.0,1.4507102966308594
Matthew Hoppe,overall,68.450516,67.0,1.4505157470703125
Calvin Twigt,overall,63.551662,65.0,1.4483375549316406
Kasey McAteer,overall,61.554707,63.0,1.4452934265136719
Luca Herrmann,overall,63.444008,62.0,1.4440078735351562
Jonatas Santos,overall,62.55679,64.0,1.4432106018066406
Callum Wright,overall,67.440704,66.0,1.440704345703125
Mika Baur,overall,62.559494,64.0,1.4405059814453125
Luke Mbete,overall,63.440495,62.0,1.4404945373535156
Kosi Thompson,overall,61.440434,60.0,1.4404335021972656
Lars Lukas Mai,overall,64.560425,66.0,1.4395751953125
Kastriot Imeri,overall,68.56059,70.0,1.4394073486328125
Ishaq Abdulrazak,overall,66.56239,68.0,1.4376068115234375
Derry Scherhant,overall,62.565235,64.0,1.4347648620605469
Devendra Murgaonkar,overall,54.432247,53.0,1.4322471618652344
Tom Fellows,overall,60.428185,59.0,1.4281845092773438
Tymur Puzankov,overall,61.426632,60.0,1.4266319274902344
Ewoud Pletinckx,overall,66.57759,68.0,1.4224090576171875
John Kitolano,overall,61.5777,63.0,1.4222984313964844
Noah Shamoun,overall,64.42225,63.0,1.4222488403320312
Justen Glad,overall,67.57775,69.0,1.4222488403320312
David Toure,overall,53.42013,52.0,1.4201316833496094
Connor McLennan,overall,61.582275,63.0,1.417724609375
Mohamed Koné,overall,59.582413,61.0,1.4175872802734375
Oliver Wähling,overall,64.41751,63.0,1.417510986328125
Pablo Pagis,overall,61.58383,63.0,1.416168212890625
Meiko Sponsel,overall,61.585384,63.0,1.4146156311035156
Gabriel David,overall,57.41435,56.0,1.4143486022949219
Rémy Vita,overall,63.59095,65.0,1.4090499877929688
Jakub Myszor,overall,62.59219,64.0,1.4078102111816406
Edward Chilufya,overall,65.594635,67.0,1.405364990234375
Jack MacKenzie,overall,61.597103,63.0,1.4028968811035156
Toni Stahl,overall,58.598328,60.0,1.40167236328125
Ben Purrington,overall,61.598747,63.0,1.4012527465820312
Danylo Sikan,overall,65.60629,67.0,1.393707275390625
Kacper Kozłowski,overall,68.606804,70.0,1.3931961059570312
Wisdom Amey,overall,62.39177,61.0,1.3917694091796875
Sivasakthi Narayanan,overall,54.610443,56.0,1.389556884765625
Jayden Nelson,overall,64.61133,66.0,1.388671875
Bartuğ Elmaz,overall,64.611595,66.0,1.3884048461914062
Thomas Santos,overall,61.61462,63.0,1.3853797912597656
Mamadou Doucouré,overall,63.384583,62.0,1.38458251953125
Senne Lammens,overall,63.61597,65.0,1.3840293884277344
George Thomas,overall,64.38387,63.0,1.3838729858398438
Diego Luna,overall,64.38304,63.0,1.3830413818359375
Edwin Cerrillo,overall,65.617966,67.0,1.3820343017578125
Domingos Quina,overall,68.38154,67.0,1.3815383911132812
Bandar Al Shahrani,overall,51.381207,50.0,1.3812065124511719
Pietro Pellegri,overall,66.61921,68.0,1.3807907104492188
Baïla Diallo,overall,56.631737,58.0,1.3682632446289062
Dilane Bakwa,overall,67.63231,69.0,1.3676910400390625
Giovanni Garofani,overall,59.63482,61.0,1.3651809692382812
Tijjani Noslin,overall,64.63593,66.0,1.3640670776367188
Aleksander D. Nilsson,overall,62.361496,61.0,1.3614959716796875
Nicklas Shipnoski,overall,67.361336,66.0,1.3613357543945312
Mamadou Jobe,overall,53.35703,52.0,1.3570289611816406
Gonzalo Nápoli,overall,64.643745,66.0,1.3562545776367188
Edgar Babayan,overall,64.64457,66.0,1.3554306030273438
Armindo Sieb,overall,64.64572,66.0,1.354278564453125
Brooke Norton-Cuffy,overall,64.65026,66.0,1.3497390747070312
Kian Leavy,overall,59.348537,58.0,1.3485374450683594
Noah Persson,overall,60.653263,62.0,1.3467369079589844
Bas Van Den Eynden,overall,58.658478,60.0,1.341522216796875
Dennis Dressel,overall,66.65856,68.0,1.3414382934570312
Stefan Colakovski,overall,56.659714,58.0,1.3402862548828125
Sander Moen Foss,overall,62.66082,64.0,1.3391799926757812
Darragh Markey,overall,61.339153,60.0,1.3391532897949219
Yusuf Karagöz,overall,59.338264,58.0,1.3382644653320312
Lasse Günther,overall,63.33758,62.0,1.3375816345214844
Nikola Soldo,overall,66.66434,68.0,1.335662841796875
Oliver Petersen,overall,60.668236,62.0,1.3317642211914062
Dylan Pierias,overall,60.669205,62.0,1.3307952880859375
Marcel Zylla,overall,63.31917,62.0,1.3191719055175781
Femi Seriki,overall,61.318935,60.0,1.3189353942871094
Jesper Skau,overall,56.31732,55.0,1.31732177734375
Cody Johnson,overall,56.312187,55.0,1.3121871948242188
Romoney Crichlow,overall,61.68927,63.0,1.31072998046875
Wille Jakobsson,overall,54.690582,56.0,1.309417724609375
Callum Timmins,overall,61.306118,60.0,1.3061180114746094
Rafik Zekhnini,overall,65.305954,64.0,1.3059539794921875
Antonio Marin,overall,68.30458,67.0,1.3045806884765625
Yacine El Amri,overall,58.303707,57.0,1.3037071228027344
Nohan Kenneh,overall,61.69652,63.0,1.3034782409667969
Matthew Dennis,overall,60.30339,59.0,1.3033905029296875
Luca Unbehaun,overall,65.301704,64.0,1.3017044067382812
Evan Weir,overall,55.701683,57.0,1.2983169555664062
Owen Dodgson,overall,59.704086,61.0,1.2959136962890625
Sherel Floranus,overall,66.70542,68.0,1.2945785522460938
Agustín Baldi,overall,64.292465,63.0,1.2924652099609375
Bećir Omeragić,overall,66.70953,68.0,1.29046630859375
Matti Peltola,overall,62.289818,61.0,1.2898178100585938
Conor Kane,overall,56.711086,58.0,1.2889137268066406
Ibrahima Kébé,overall,67.716095,69.0,1.283905029296875
Amario Cozier-Duberry,overall,60.28308,59.0,1.2830810546875
Sam Tickle,overall,55.722324,57.0,1.2776756286621094
Julian Eitschberger,overall,60.27653,59.0,1.2765312194824219
David Sala,overall,58.27648,57.0,1.2764816284179688
Pontus Kindberg,overall,51.72358,53.0,1.2764205932617188
Mattia Chiesa,overall,63.723663,65.0,1.276336669921875
Oumar Ngom,overall,58.72368,60.0,1.2763214111328125
Yáser Asprilla,overall,64.72389,66.0,1.2761077880859375
Tomasz Makowski,overall,63.724113,65.0,1.2758865356445312
Jonathan Panzo,overall,67.72451,69.0,1.2754898071289062
Brian McManus,overall,57.273388,56.0,1.2733879089355469
Peer Koopmeiners,overall,64.72884,66.0,1.2711563110351562
Miłosz Matysik,overall,65.26922,64.0,1.2692184448242188
Julian Gaines,overall,54.26774,53.0,1.2677383422851562
Vincy Barretto,overall,53.73268,55.0,1.2673187255859375
Daan Rots,overall,65.73278,67.0,1.2672195434570312
Alex Gilbert,overall,58.732838,60.0,1.2671623229980469
Casper Widell,overall,63.73296,65.0,1.2670402526855469
Khalil Al Absi,overall,53.73336,55.0,1.2666397094726562
Dion De Neve,overall,64.26615,63.0,1.2661514282226562
Marcos Portillo,overall,61.736378,63.0,1.2636222839355469
Robert Wagner,overall,64.736855,66.0,1.2631454467773438
Bradley Fink,overall,62.73768,64.0,1.2623214721679688
Liam Lindsay,overall,67.741196,69.0,1.2588043212890625
John-Patrick Strauß,overall,64.74131,66.0,1.2586898803710938
Francis Momoh,overall,60.741993,62.0,1.2580070495605469
Dylan Williams,overall,62.253178,61.0,1.2531776428222656
Greg Kiltie,overall,65.25291,64.0,1.2529067993164062
Tom Bischof,overall,64.74786,66.0,1.25213623046875
Charlie Finney,overall,54.750183,56.0,1.24981689453125
Cameron Cook,overall,58.751102,60.0,1.2488975524902344
Ariel Mosór,overall,64.751785,66.0,1.2482147216796875
Justin Hammel,overall,54.75373,56.0,1.2462692260742188
Stefano Russo,overall,62.754215,64.0,1.2457847595214844
Bartosz Slisz,overall,67.75548,69.0,1.2445220947265625
Felix Wienand,overall,62.24365,61.0,1.2436485290527344
James Clarke,overall,56.757626,58.0,1.2423744201660156
Mads Frøkjær-Jensen,overall,65.759224,67.0,1.2407760620117188
Giacomo Quagliata,overall,64.7595,66.0,1.2405014038085938
Wungngayam Muirang,overall,49.760464,51.0,1.2395362854003906
Claudiu Negoescu,overall,55.23798,54.0,1.2379798889160156
Maciej Żurawski,overall,64.23678,63.0,1.2367782592773438
Frankie Kent,overall,64.763504,66.0,1.2364959716796875
Lino Tempelmann,overall,68.769775,70.0,1.230224609375
Sulaiman Asiri,overall,53.223824,52.0,1.2238235473632812
Viljami Sinisalo,overall,58.77638,60.0,1.2236213684082031
Ryan Flamingo,overall,67.77743,69.0,1.2225723266601562
Naci Ünüvar,overall,68.22077,67.0,1.2207717895507812
Zinédine Ould Khaled,overall,62.779503,64.0,1.2204971313476562
Eldin Dzogovic,overall,58.779835,60.0,1.2201652526855469
Ibrahim El Kadiri,overall,61.780025,63.0,1.2199745178222656
Mads Bech Sørensen,overall,69.21886,68.0,1.2188568115234375
Phillip König,overall,62.218422,61.0,1.2184219360351562
Freddie Potts,overall,56.786156,58.0,1.2138442993164062
David Zalazar,overall,64.21384,63.0,1.213836669921875
Hassan Al Slais,overall,52.78818,54.0,1.2118186950683594
Claudio Gomes,overall,66.79057,68.0,1.2094268798828125
Kostandinos Grozos,overall,58.792934,60.0,1.2070655822753906
Grégoire Coudert,overall,58.79401,60.0,1.2059898376464844
Patricio Pizarro,overall,62.795387,64.0,1.2046127319335938
Timothy Noor Ouma,overall,57.2045,56.0,1.204498291015625
Ryan Longman,overall,67.20314,66.0,1.2031402587890625
Arne Schulz,overall,61.19887,60.0,1.1988716125488281
Sam Sanna,overall,65.80145,67.0,1.19854736328125
James Delianov,overall,60.802567,62.0,1.1974334716796875
Malik Batmaz,overall,65.80381,67.0,1.1961898803710938
Dennis Borkowski,overall,64.193825,63.0,1.1938247680664062
Mason Bennett,overall,66.80663,68.0,1.1933670043945312
Alexandru Blidar,overall,54.191418,53.0,1.1914176940917969
Phillip Cancar,overall,61.190285,60.0,1.1902847290039062
Jay Matete,overall,66.18987,65.0,1.1898727416992188
Franz Roggow,overall,60.188854,59.0,1.1888542175292969
Adam Wilk,overall,61.18677,60.0,1.1867713928222656
Julian Baas,overall,65.18454,64.0,1.184539794921875
Victor Eriksson,overall,63.815907,65.0,1.1840934753417969
Joe Tomlinson,overall,60.81848,62.0,1.1815185546875
Liam Gibbs,overall,65.81897,67.0,1.1810302734375
Keke Topp,overall,61.180573,60.0,1.180572509765625
Sacha Delaye,overall,66.17804,65.0,1.17803955078125
Luis Zárate,overall,61.82242,63.0,1.177581787109375
Carlos Esparragoza,overall,67.82279,69.0,1.1772079467773438
Hicham Mahou,overall,63.82368,65.0,1.1763191223144531
Gabriel Slonina,overall,67.174255,66.0,1.17425537109375
Tim Civeja,overall,64.17417,63.0,1.1741714477539062
Justo Giani,overall,61.82761,63.0,1.1723899841308594
Vítězslav Jaroš,overall,62.171833,61.0,1.1718330383300781
Tariq Uwakwe,overall,60.82848,62.0,1.1715202331542969
Anuj Kumar,overall,49.828537,51.0,1.1714630126953125
Pat Jones,overall,61.17065,60.0,1.1706504821777344
Tomás Galván,overall,67.16745,66.0,1.167449951171875
Emmanuel Iyoha,overall,67.833725,69.0,1.1662750244140625
Filip Trpcevski,overall,56.16549,55.0,1.1654891967773438
Kamil Dankowski,overall,61.836784,63.0,1.1632156372070312
Nicholas Mickelson,overall,60.838993,62.0,1.1610069274902344
Thijs Timmermans,overall,56.841053,58.0,1.1589469909667969
Nathan Ferguson,overall,67.15562,66.0,1.1556167602539062
Justin Forst,overall,55.84602,57.0,1.1539802551269531
Juninho Bacuna,overall,68.84691,70.0,1.1530914306640625
Lewis Warrington,overall,62.84821,64.0,1.1517906188964844
Eric N'Jo,overall,59.150852,58.0,1.1508522033691406
Lenny Pirringuel,overall,60.84983,62.0,1.1501693725585938
Albion Ademi,overall,57.85157,59.0,1.1484298706054688
Henrik Heggheim,overall,64.85237,66.0,1.1476287841796875
Gabrijel Rukavina,overall,63.855915,65.0,1.1440849304199219
Richmond Tachie,overall,64.14217,63.0,1.1421737670898438
Sander Tangvik,overall,58.858902,60.0,1.1410980224609375
Marco Brescianini,overall,64.85907,66.0,1.14093017578125
Brian Jepthe Bayeye,overall,60.859997,62.0,1.1400032043457031
Marcin Listkowski,overall,67.13997,66.0,1.1399688720703125
Ashley Phillips,overall,61.13875,60.0,1.1387481689453125
Mads Søndergaard,overall,60.136497,59.0,1.1364974975585938
Daniel Butterworth,overall,62.135803,61.0,1.13580322265625
Richard Chin,overall,57.13526,56.0,1.1352615356445312
Bryang Kayo,overall,63.134956,62.0,1.1349563598632812
Jonathan Leko,overall,62.865788,64.0,1.1342124938964844
Jewison Bennette,overall,67.13227,66.0,1.1322708129882812
Gonzalo Flores,overall,60.126514,59.0,1.1265144348144531
Jonny Yull,overall,57.126457,56.0,1.1264572143554688
Serge Ngoma,overall,56.874096,58.0,1.1259040832519531
Lamare Bogarde,overall,63.12506,62.0,1.12506103515625
Jon McCracken,overall,54.876698,56.0,1.1233024597167969
Ilija Vukotić,overall,67.12099,66.0,1.1209869384765625
Nils De Mol,overall,58.119797,57.0,1.1197967529296875
Harrison Ashby,overall,64.11474,63.0,1.1147384643554688
Ryan O'Kane,overall,58.885593,60.0,1.1144065856933594
Marvin De Lima,overall,61.885956,63.0,1.114044189453125
Alessandro Circati,overall,56.886642,58.0,1.1133575439453125
Daniel Karlsbakk,overall,60.888527,62.0,1.1114730834960938
Sebastian Pasquali,overall,59.110466,58.0,1.1104660034179688
Ethon Varian,overall,54.89049,56.0,1.1095085144042969
James McManus,overall,55.892403,57.0,1.1075973510742188
Connor Taylor,overall,63.895645,65.0,1.1043548583984375
Zachary Brault-Guillard,overall,63.89846,65.0,1.1015396118164062
Kevin Felida,overall,60.900017,62.0,1.0999832153320312
Vontae Daley-Campbell,overall,59.098625,58.0,1.0986251831054688
Rodrigo Márquez,overall,67.90281,69.0,1.0971908569335938
Pathé Mboup,overall,62.90437,64.0,1.0956306457519531
Filippo Melegoni,overall,68.095566,67.0,1.0955657958984375
Bent Andresen,overall,59.09465,58.0,1.0946502685546875
Daylam Meddah,overall,61.093437,60.0,1.0934371948242188
Fin Back,overall,61.091187,60.0,1.0911865234375
Leo Greiml,overall,68.09059,67.0,1.0905914306640625
Benjamin Bouchouari,overall,65.91444,67.0,1.0855636596679688
Yahia Fofana,overall,67.91835,69.0,1.0816497802734375
Conan Noonan,overall,54.081577,53.0,1.0815773010253906
Liam Burt,overall,63.079803,62.0,1.079803466796875
Aljaž Casar,overall,63.920685,65.0,1.079315185546875
Eber Moreno,overall,66.92134,68.0,1.0786590576171875
Jubril Okedina,overall,61.921528,63.0,1.0784721374511719
Nicolae Păun,overall,66.92364,68.0,1.0763626098632812
Isak Jansson,overall,64.92366,66.0,1.0763397216796875
Tate Russell,overall,59.92621,61.0,1.07379150390625
Brandon Fleming,overall,62.926464,64.0,1.0735359191894531
Anouar Ait El Hadj,overall,69.07137,68.0,1.0713729858398438
Fabio Torsiello,overall,56.92874,58.0,1.071258544921875
Vahan Bichakhchyan,overall,65.92891,67.0,1.0710906982421875
Isak Vanlalruatfela,overall,55.069897,54.0,1.0698966979980469
Lion Schuster,overall,64.06981,63.0,1.0698089599609375
Ismet Lushaku,overall,62.069386,61.0,1.0693855285644531
Jonas Nickisch,overall,58.93256,60.0,1.0674400329589844
Kayne Ramsay,overall,61.932632,63.0,1.0673675537109375
Djevencio van der Kust,overall,68.06699,67.0,1.0669937133789062
Oskar van Hattum,overall,56.06517,55.0,1.0651702880859375
Calvin Harris,overall,53.935314,55.0,1.0646858215332031
Saurav Mandal,overall,52.93828,54.0,1.0617218017578125
Dion Kacuri,overall,58.058437,57.0,1.0584373474121094
Reece McAlear,overall,58.058434,57.0,1.0584335327148438
Justin Heekeren,overall,61.94223,63.0,1.057769775390625
Patrick Wood,overall,61.057438,60.0,1.0574378967285156
Salvatore Esposito,overall,66.94316,68.0,1.0568389892578125
Filip Olsson,overall,59.054432,58.0,1.0544319152832031
Nick Otto,overall,60.050606,59.0,1.0506057739257812
Mamadou Coulibaly,overall,68.05004,67.0,1.0500411987304688
Magnus Riisnæs,overall,58.951515,60.0,1.0484848022460938
Ísak Bergmann Jóhannesson,overall,68.04534,67.0,1.0453414916992188
Gurmeet Singh,overall,54.95769,56.0,1.0423088073730469
Joseph Forde,overall,54.959576,56.0,1.0404243469238281
Sem Westerveld,overall,62.959667,64.0,1.0403327941894531
Tom Rothe,overall,63.96228,65.0,1.0377197265625
Szymon Weirauch,overall,57.03647,56.0,1.036468505859375
Michael Halliday,overall,55.035767,54.0,1.0357666015625
Dirk Asare,overall,55.033596,54.0,1.0335960388183594
Azeem Abdulai,overall,59.028923,58.0,1.0289230346679688
Giannis Satsias,overall,65.02881,64.0,1.02880859375
Boubacar Traoré,overall,66.97255,68.0,1.0274505615234375
Vebjørn Hoff,overall,66.97611,68.0,1.0238876342773438
Henrik Molvær Melland,overall,56.02023,55.0,1.0202293395996094
James Connolly,overall,63.01928,62.0,1.0192794799804688
Greg Docherty,overall,65.981575,67.0,1.0184249877929688
Marko Divković,overall,62.016922,61.0,1.0169219970703125
Paweł Stolarski,overall,63.983433,65.0,1.0165672302246094
Magnus Warming,overall,65.01513,64.0,1.0151290893554688
Łukasz Bejger,overall,63.98519,65.0,1.0148086547851562
Sonny Perkins,overall,62.013577,61.0,1.0135765075683594
Finn Ole Becker,overall,68.98843,70.0,1.0115737915039062
Daniel Hall,overall,62.989033,64.0,1.0109672546386719
Richard Ledezma,overall,68.01078,67.0,1.0107803344726562
Thomas Williams,overall,54.008015,53.0,1.0080146789550781
Håkon Røsten,overall,56.992462,58.0,1.007537841796875
Johan Karlsson,overall,59.992638,61.0,1.0073623657226562
Bartłomiej Wdowik,overall,61.99399,63.0,1.0060081481933594
Adam Montgomery,overall,65.004074,64.0,1.0040740966796875
Nicolas Janvier,overall,68.00343,67.0,1.0034332275390625
Yanis Cimignani,overall,67.99729,69.0,1.0027084350585938
Mohamed El Arouch,overall,68.002556,67.0,1.0025558471679688
Yan Dhanda,overall,68.00156,67.0,1.001556396484375
Max Bruns,overall,62.000877,61.0,1.0008773803710938
Cian Kavanagh,overall,55.000565,54.0,1.0005645751953125
Abass Issah,overall,66.999916,68.0,1.0000839233398438
Franco Ortellado,overall,63.002186,64.0,0.9978141784667969
Daniel Stynes,overall,59.993027,59.0,0.9930267333984375
Mamady Diambou,overall,63.98848,63.0,0.9884796142578125
Pascal Müller,overall,56.98556,56.0,0.9855613708496094
Silas Nwankwo,overall,61.0167,62.0,0.9832992553710938
Odin Thiago Holm,overall,64.98059,64.0,0.9805908203125
Jakub Szymański,overall,57.023514,58.0,0.9764862060546875
Tom Bloxham,overall,61.97331,61.0,0.9733085632324219
Killian Sardella,overall,66.97234,66.0,0.9723434448242188
Yassin Belkhdim,overall,60.970745,60.0,0.9707450866699219
William Osula,overall,59.029537,60.0,0.9704627990722656
Hayden Coulson,overall,67.970085,67.0,0.9700851440429688
Thomas Van Den Keybus,overall,67.96727,67.0,0.9672698974609375
Runar Norheim,overall,58.965042,58.0,0.9650421142578125
Vegard Solheim,overall,56.96488,56.0,0.9648818969726562
Niklas Tauer,overall,67.03632,68.0,0.9636764526367188
Andreas Müller,overall,68.03654,69.0,0.9634628295898438
Daniel Edelman,overall,62.037033,63.0,0.9629669189453125
Donal Higgins,overall,54.96273,54.0,0.9627304077148438
Olaus Jair Skarsem,overall,66.95942,66.0,0.9594192504882812
Liam Isherwood,overall,56.95816,56.0,0.958160400390625
Matteo Ruggeri,overall,68.04247,69.0,0.9575271606445312
Johan Kenneryd,overall,53.954056,53.0,0.9540557861328125
Fabian Holst-Larsen,overall,55.046284,56.0,0.9537162780761719
Lucas Kåhed,overall,57.046707,58.0,0.9532928466796875
Bruno Gutiérrez,overall,62.048733,63.0,0.9512672424316406
Georgios Theocharis,overall,57.94421,57.0,0.9442100524902344
Alexandre Pierre,overall,58.94245,58.0,0.9424514770507812
Obed Nkambadio,overall,61.93925,61.0,0.9392509460449219
Jamie Shackleton,overall,68.93835,68.0,0.9383468627929688
Haissem Hassan,overall,65.06513,66.0,0.9348678588867188
Ruslan Neshcheret,overall,65.06555,66.0,0.9344482421875
Pragyan Gogoi,overall,52.93166,52.0,0.9316596984863281
Guillermo Rendón,overall,60.06874,61.0,0.9312591552734375
Patrick Sontheimer,overall,67.93021,67.0,0.930206298828125
Martin Moormann,overall,62.070244,63.0,0.9297561645507812
Tony Gallacher,overall,59.07061,60.0,0.9293899536132812
Adam Murphy,overall,56.92832,56.0,0.9283218383789062
Kimberly Ezekwem,overall,62.073658,63.0,0.9263420104980469
Louie Sibley,overall,65.92152,65.0,0.9215164184570312
Amadou Sagna,overall,62.079464,63.0,0.9205360412597656
Alexander Oroz,overall,64.08131,65.0,0.9186935424804688
Kevin Bukusu,overall,62.081562,63.0,0.9184379577636719
Will Ferry,overall,63.91437,63.0,0.9143714904785156
Kjell Peersman,overall,61.913883,61.0,0.9138832092285156
Abraham Rodriguez,overall,54.912647,54.0,0.9126472473144531
Ole Enersen,overall,60.91075,60.0,0.9107513427734375
Sebastián Quintana,overall,61.910675,61.0,0.910675048828125
Thomas Sabitzer,overall,66.09034,67.0,0.9096603393554688
Jack Vale,overall,60.090652,61.0,0.9093475341796875
Zac Williams,overall,58.90924,58.0,0.90924072265625
Tjay De Barr,overall,58.906303,58.0,0.9063034057617188
Anthony Marcucci,overall,52.094307,53.0,0.9056930541992188
Mateusz Łęgowski,overall,65.09496,66.0,0.9050369262695312
Tim Köther,overall,59.90454,59.0,0.904541015625
Edvard Sandvik Tagseth,overall,65.09608,66.0,0.9039230346679688
Ante Palaversa,overall,68.90285,68.0,0.9028472900390625
Aidomo Emakhu,overall,57.900314,57.0,0.9003143310546875
Cas Odenthal,overall,67.899994,67.0,0.899993896484375
Nigel Lonwijk,overall,66.89638,66.0,0.8963775634765625
Macklin Freke,overall,57.1039,58.0,0.8960990905761719
Julian Guttau,overall,64.10465,65.0,0.8953475952148438
Myron van Brederode,overall,68.105415,69.0,0.8945846557617188
Linus Gechter,overall,67.10731,68.0,0.8926925659179688
Josh Tymon,overall,67.10791,68.0,0.89208984375
Niall Morahan,overall,58.891903,58.0,0.8919029235839844
Enis Destan,overall,61.109158,62.0,0.8908424377441406
Yahya Kalley,overall,60.889553,60.0,0.8895530700683594
Milan Robberechts,overall,60.88911,60.0,0.8891105651855469
Murphy Mahoney,overall,54.887318,54.0,0.8873176574707031
Gino Infantino,overall,66.11632,67.0,0.8836822509765625
Robin Roefs,overall,59.1177,60.0,0.8823013305664062
Seok-ju Hong,overall,62.87893,62.0,0.8789291381835938
Victor Bezerra,overall,55.12486,56.0,0.8751411437988281
Manolo Portanova,overall,68.12666,69.0,0.8733367919921875
Oğuz Aydın,overall,64.128075,65.0,0.8719253540039062
Justin Njinmah,overall,66.13203,67.0,0.8679733276367188
Elayis Tavşan,overall,68.13499,69.0,0.8650131225585938
Juan Cruz De Los Santos,overall,65.13603,66.0,0.8639678955078125
Thor Úlfarsson,overall,61.137924,62.0,0.8620758056640625
Kenji Cabrera,overall,64.139084,65.0,0.8609161376953125
Herbie Kane,overall,67.14391,68.0,0.8560867309570312
Alexandru Jipa,overall,53.85478,53.0,0.8547782897949219
Bryce Hosannah,overall,58.14599,59.0,0.8540115356445312
Billy Koumetio,overall,62.147552,63.0,0.852447509765625
Jake Garrett,overall,63.851402,63.0,0.8514022827148438
Tom Geerkens,overall,58.14946,59.0,0.8505401611328125
Gyan de Regt,overall,59.849476,59.0,0.8494758605957031
Kévin Cabral,overall,63.849182,63.0,0.84918212890625
Renzo Sanchez,overall,64.15101,65.0,0.8489913940429688
Davino Knappe,overall,57.15175,58.0,0.8482513427734375
Gonzalo Álvez,overall,62.152283,63.0,0.84771728515625
Jay Barnett,overall,58.15344,59.0,0.8465614318847656
William Mikelbrencis,overall,64.846436,64.0,0.846435546875
Abdullah Al Hamdan,overall,61.84629,61.0,0.8462905883789062
Yoni Gomis,overall,58.15501,59.0,0.8449897766113281
Laorent Shabani,overall,62.159916,63.0,0.8400840759277344
Francesco Lo Celso,overall,65.839,65.0,0.8389968872070312
Odel Offiah,overall,60.837406,60.0,0.8374061584472656
Moritz Oswald,overall,63.83429,63.0,0.83428955078125
Brandon Baiye,overall,62.16786,63.0,0.8321418762207031
Jeremías James,overall,63.167885,64.0,0.8321151733398438
Matías González,overall,59.168736,60.0,0.8312644958496094
Žan Rogelj,overall,66.170395,67.0,0.8296051025390625
Dylan Teves,overall,55.828186,55.0,0.82818603515625
Hassan Al Mohammed,overall,54.178925,55.0,0.821075439453125
Dominik Becker,overall,62.180836,63.0,0.8191642761230469
Ethan Ingram,overall,56.18098,57.0,0.8190193176269531
Emir Tintiş,overall,60.816315,60.0,0.816314697265625
Daniel Maldini,overall,66.811745,66.0,0.8117446899414062
Mark Dignam,overall,53.192863,54.0,0.8071365356445312
Juan Pablo Pignani,overall,64.19306,65.0,0.8069381713867188
Yusuf Barası,overall,63.193516,64.0,0.8064842224121094
Rodney Elongo-Yombo,overall,62.193977,63.0,0.8060226440429688
Yassin Oukili,overall,64.20021,65.0,0.7997894287109375
Federico Versaci,overall,63.797977,63.0,0.7979774475097656
Marian Danciu,overall,58.20512,59.0,0.7948799133300781
Thomas Kastanaras,overall,63.79369,63.0,0.7936897277832031
Conor McCarthy,overall,64.20725,65.0,0.7927474975585938
Róbert Boženík,overall,67.209816,68.0,0.7901840209960938
Bader Al Enazi,overall,54.78942,54.0,0.7894210815429688
Arthur Zagré,overall,65.78664,65.0,0.7866363525390625
Aniket Jadhav,overall,56.784912,56.0,0.784912109375
Mika Biereth,overall,62.78336,62.0,0.7833595275878906
Tjark Ernst,overall,60.78244,60.0,0.782440185546875
Joseph N'Duquidi,overall,61.780796,61.0,0.7807960510253906
Etienne Camara,overall,62.2277,63.0,0.7723007202148438
Daniel Pereira,overall,66.77012,66.0,0.7701187133789062
Eli King,overall,60.77003,60.0,0.7700309753417969
Simon Straudi,overall,63.769417,63.0,0.7694168090820312
Ezequiel Herrera,overall,60.231144,61.0,0.7688560485839844
Saikou Janneh,overall,58.767822,58.0,0.767822265625
Christian Viet,overall,64.23515,65.0,0.7648468017578125
Andrea Oliveri,overall,61.76483,61.0,0.76483154296875
Nicolai Rapp,overall,68.23526,69.0,0.764739990234375
Maghnes Akliouche,overall,67.2353,68.0,0.7647018432617188
Eoghan O'Connell,overall,64.23728,65.0,0.7627182006835938
Liston Colaco,overall,59.23868,60.0,0.7613182067871094
Oussama El Azzouzi,overall,64.2392,65.0,0.76080322265625
Xavier Simons,overall,63.24106,64.0,0.758941650390625
Niall Huggins,overall,59.241535,60.0,0.7584648132324219
Ian Smeulers,overall,62.24233,63.0,0.7576713562011719
Falko Michel,overall,61.242363,62.0,0.7576370239257812
Ruben Providence,overall,66.244064,67.0,0.7559356689453125
Alfie Lewis,overall,62.755817,62.0,0.7558174133300781
Mikael Egill Ellertsson,overall,64.24635,65.0,0.7536468505859375
Kevin Rüegg,overall,68.24658,69.0,0.75341796875
Jack Rudoni,overall,65.75266,65.0,0.7526626586914062
Justin Ferizaj,overall,56.24838,57.0,0.7516212463378906
Harrison Burrows,overall,65.750404,65.0,0.7504043579101562
Jojea Kwizera,overall,57.750328,57.0,0.7503280639648438
Erik Majetschak,overall,63.74853,63.0,0.7485313415527344
Cole Bassett,overall,68.25177,69.0,0.74822998046875
Sebastián Álvarez,overall,63.25271,64.0,0.7472915649414062
Koba Leïn Koindredi,overall,68.745735,68.0,0.7457351684570312
Julian Rieckmann,overall,63.74427,63.0,0.7442703247070312
Oliver Arblaster,overall,59.74338,59.0,0.7433815002441406
Cyrill Akono,overall,63.741264,63.0,0.7412643432617188
Ahmetcan Kaplan,overall,66.2603,67.0,0.7397003173828125
Mazeed Ogungbo,overall,60.739468,60.0,0.7394676208496094
Ellis Taylor,overall,51.26162,52.0,0.7383804321289062
Niclas Holm Pedersen,overall,54.73608,54.0,0.7360801696777344
Manuel De Luca,overall,67.735275,67.0,0.7352752685546875
Edvin Becirovic,overall,60.73383,60.0,0.7338294982910156
Max Cleworth,overall,60.733517,60.0,0.7335166931152344
Hampus Finndell,overall,68.26709,69.0,0.73291015625
Samik Mitra,overall,53.73257,53.0,0.7325706481933594
Madou Touré,overall,57.732204,57.0,0.7322044372558594
Jay Stansfield,overall,63.268497,64.0,0.7315025329589844
Oleg Ocheretko,overall,63.73057,63.0,0.7305717468261719
Theo Sander,overall,61.27076,62.0,0.7292404174804688
Naatan Skyttä,overall,66.728836,66.0,0.7288360595703125
Rashaan Fernandes,overall,64.72576,64.0,0.7257614135742188
Sumit Rathi,overall,53.27662,54.0,0.7233810424804688
Mario Šuver,overall,61.277046,62.0,0.7229537963867188
Matías Pellegrini,overall,68.277954,69.0,0.7220458984375
Sekou Sidibe,overall,62.27913,63.0,0.7208709716796875
Antonio Jonjić,overall,65.720665,65.0,0.7206649780273438
Leon Dajaku,overall,63.719982,63.0,0.7199821472167969
Chem Campbell,overall,63.280514,64.0,0.7194862365722656
Isaiah Parente,overall,55.719215,55.0,0.7192153930664062
Edward McGinty,overall,61.28599,62.0,0.7140083312988281
Louis Fortin,overall,60.71385,60.0,0.7138481140136719
Luca Warrick Koleosho,overall,65.288086,66.0,0.7119140625
Yari Otto,overall,63.71183,63.0,0.7118301391601562
Eros Mancuso,overall,64.290375,65.0,0.709625244140625
Fabian Greilinger,overall,63.290817,64.0,0.7091827392578125
Thomas Hasal,overall,63.708675,63.0,0.7086753845214844
Yonas Malede,overall,64.29219,65.0,0.7078094482421875
Michael Obafemi,overall,68.29294,69.0,0.707061767578125
Anthony Oyono,overall,63.706455,63.0,0.7064552307128906
Youri Schoonderwaldt,overall,61.29386,62.0,0.7061386108398438
Dan Nlundulu,overall,61.294003,62.0,0.7059974670410156
Mateusz Wdowiak,overall,65.296936,66.0,0.70306396484375
Léo Leroy,overall,67.29893,68.0,0.7010726928710938
Sarpreet Singh,overall,68.70053,68.0,0.700531005859375
Jay Rich-Baghuelou,overall,60.69905,60.0,0.6990509033203125
Gustav Mortensen,overall,55.698765,55.0,0.6987648010253906
Giannis Papanikolaou,overall,67.69835,67.0,0.6983489990234375
Fredrik Oppegård,overall,64.30179,65.0,0.698211669921875
Brandon Cooper,overall,62.30243,63.0,0.69757080078125
Abdul Fatawu Issahaku,overall,68.3047,69.0,0.6952972412109375
Christian Dahle Borchgrevink,overall,63.30492,64.0,0.6950798034667969
Nicholas Pennington,overall,61.306183,62.0,0.693817138671875
Josh Koroma,overall,67.30638,68.0,0.6936187744140625
Matteo Bignetti,overall,57.307415,58.0,0.6925849914550781
Filip Bilbija,overall,67.310486,68.0,0.68951416015625
Thibault Klidje,overall,64.31142,65.0,0.6885833740234375
Erdon Daci,overall,63.68772,63.0,0.6877212524414062
Davy Rouyard,overall,60.686977,60.0,0.6869773864746094
Conrad Wallem,overall,64.31353,65.0,0.6864700317382812
Logan Ndenbe,overall,64.31402,65.0,0.6859817504882812
Sebastian Kowalczyk,overall,68.6836,68.0,0.6836013793945312
Maciej Śliwa,overall,62.67924,62.0,0.6792411804199219
Mert Yılmaz,overall,63.675476,63.0,0.67547607421875
Arianit Ferati,overall,66.67545,66.0,0.6754531860351562
Ernest Muçi,overall,66.67399,66.0,0.6739883422851562
Kevin Jensen,overall,64.67072,64.0,0.6707229614257812
Stefan Škrbo,overall,61.33105,62.0,0.6689491271972656
Taylor Richards,overall,66.6684,66.0,0.6684036254882812
Victor Lind,overall,64.33211,65.0,0.6678924560546875
Paweł Olszewski,overall,63.66752,63.0,0.6675186157226562
Reece Hutchinson,overall,60.666996,60.0,0.6669960021972656
Charlie Kelman,overall,61.662334,61.0,0.6623344421386719
Christian Schmidt,overall,51.33913,52.0,0.6608695983886719
Rhys Williams,overall,65.6603,65.0,0.6603012084960938
Dylan Mbayo,overall,65.659904,65.0,0.6599044799804688
Julian Krahl,overall,63.340736,64.0,0.6592636108398438
Leonardo Díaz,overall,62.342564,63.0,0.6574363708496094
Emeka Oduah,overall,61.655216,61.0,0.6552162170410156
Arvin Appiah,overall,64.65433,64.0,0.654327392578125
Ben Chrisene,overall,63.653244,63.0,0.6532440185546875
Steven Hall,overall,54.650757,54.0,0.6507568359375
Jonathan Rowe,overall,65.35469,66.0,0.6453094482421875
Rarmani Edmonds-Green,overall,66.35584,67.0,0.6441574096679688
Afimico Pululu,overall,65.35613,66.0,0.6438674926757812
Mark Doyle,overall,58.35716,59.0,0.6428413391113281
Patrick Vroegh,overall,64.63943,64.0,0.6394271850585938
Lennart Czyborra,overall,67.36067,68.0,0.6393280029296875
Luka Romero,overall,68.365326,69.0,0.634674072265625
Marko Bulat,overall,68.63432,68.0,0.6343231201171875
Jan Reichert,overall,57.367622,58.0,0.6323776245117188
Kacper Jodłowski,overall,58.629833,58.0,0.6298332214355469
Alan Nuñez,overall,56.628773,56.0,0.6287727355957031
Ryan Raposo,overall,63.37125,64.0,0.6287498474121094
James Abankwah,overall,58.372337,59.0,0.6276626586914062
Tashreeq Matthews,overall,65.62761,65.0,0.6276092529296875
Oscar Luigi Fraulo,overall,62.626682,62.0,0.6266822814941406
Sebastian Saftig,overall,49.374054,50.0,0.625946044921875
Jean-Mattéo Bahoya,overall,64.37506,65.0,0.62493896484375
Dheeraj Singh Moirangthem,overall,57.62352,57.0,0.6235198974609375
Darius Lipsiuc,overall,52.62154,52.0,0.6215400695800781
Myles Peart-Harris,overall,62.37917,63.0,0.6208305358886719
Lewis Dobbin,overall,62.38036,63.0,0.6196403503417969
Luca Kronberger,overall,63.38039,64.0,0.6196098327636719
Nikolaos Michelis,overall,62.381172,63.0,0.6188278198242188
Kilian Ludewig,overall,63.381348,64.0,0.61865234375
Hubert Szulc,overall,57.617653,57.0,0.6176528930664062
Marius Cioiu,overall,61.383347,62.0,0.6166534423828125
Mathias Delorge,overall,59.614574,59.0,0.6145744323730469
Hans Nicolussi Caviglia,overall,65.61392,65.0,0.613922119140625
Wilitty Younoussa,overall,63.38834,64.0,0.6116600036621094
Ethan Erhahon,overall,65.389565,66.0,0.6104354858398438
Malek Al Darwish,overall,53.610188,53.0,0.6101875305175781
Abundance Salaou,overall,57.60816,57.0,0.6081581115722656
Keanan Bennetts,overall,63.60794,63.0,0.607940673828125
Amadou Bakayoko,overall,62.392437,63.0,0.6075630187988281
Abdulelah Al Shammari,overall,60.39489,61.0,0.6051101684570312
Kwadwo Opoku,overall,67.395454,68.0,0.6045455932617188
Justin Salmon,overall,61.397057,62.0,0.6029434204101562
Patryk Makuch,overall,63.39888,64.0,0.6011199951171875
Kelvin Abrefa,overall,60.596474,60.0,0.5964736938476562
Will Dennis,overall,58.595398,58.0,0.59539794921875
Marcus Browne,overall,65.59455,65.0,0.5945510864257812
Niko Vukancic,overall,58.594257,58.0,0.5942573547363281
Sam Karssies,overall,58.407013,59.0,0.592987060546875
Ángel Vaca,overall,57.40817,58.0,0.5918312072753906
Thomas Buitink,overall,66.58933,66.0,0.5893325805664062
Ernest Boahene,overall,60.41299,61.0,0.5870094299316406
Rhys Hughes,overall,57.414097,58.0,0.5859031677246094
Félix Lemaréchal,overall,65.58531,65.0,0.5853118896484375
Amankwah Forson,overall,66.41551,67.0,0.5844879150390625
Joel Tabiner,overall,58.58176,58.0,0.5817604064941406
Adrián Alcaraz,overall,59.419018,60.0,0.5809822082519531
Adam Lewis,overall,60.420902,61.0,0.5790977478027344
Lewis Macari,overall,59.42212,60.0,0.577880859375
Fardin Ali Molla,overall,51.577408,51.0,0.5774078369140625
Cole Palmer,overall,66.57632,66.0,0.5763168334960938
Lasse Schulz,overall,56.57311,56.0,0.5731086730957031
Maximilian Bauer,overall,72.427124,73.0,0.5728759765625
Josh Austerfield,overall,58.571186,58.0,0.5711860656738281
Henry Rorig,overall,61.42952,62.0,0.5704803466796875
Jeison Mina,overall,61.42988,62.0,0.5701217651367188
Youri Regeer,overall,66.56985,66.0,0.5698471069335938
Omar El Hilali,overall,65.43203,66.0,0.5679702758789062
Johannes Naschberger,overall,64.56757,64.0,0.5675735473632812
Fraser Murray,overall,61.567356,61.0,0.5673561096191406
Laurin Mack,overall,56.565662,56.0,0.5656623840332031
Nassim Elouarti,overall,53.437283,54.0,0.5627174377441406
Joel Coleman,overall,62.56183,62.0,0.56182861328125
Josh Coburn,overall,64.43911,65.0,0.5608901977539062
Cristian Volpato,overall,67.56,67.0,0.55999755859375
Alexandro Calut,overall,61.55857,61.0,0.5585708618164062
Noah Söderberg,overall,61.446293,62.0,0.5537071228027344
Archie Goodwin,overall,58.55253,58.0,0.5525283813476562
Gabriel Vidović,overall,66.55037,66.0,0.5503692626953125
Sondre Fosnæss Hanssen,overall,61.54948,61.0,0.5494804382324219
Leonardo Benedetti,overall,66.45056,67.0,0.5494384765625
Bjarne Pudel,overall,62.549133,62.0,0.54913330078125
Lasso Coulibaly,overall,64.45283,65.0,0.5471725463867188
Romeo Giovannini,overall,58.457756,59.0,0.5422439575195312
Jose Herrera,overall,61.457882,62.0,0.5421180725097656
Freddie Draper,overall,59.5403,59.0,0.5402984619140625
Kacper Trelowski,overall,62.45996,63.0,0.5400390625
Florian Schock,overall,61.538864,61.0,0.5388641357421875
Yannis Letard,overall,62.461636,63.0,0.5383644104003906
Max Thompson,overall,58.463657,59.0,0.5363426208496094
Shayden Morris,overall,60.536133,60.0,0.5361328125
Daniel Kanu,overall,54.46408,55.0,0.535919189453125
Mauro Luna Diale,overall,68.46681,69.0,0.5331878662109375
Tobias Raschl,overall,68.531815,68.0,0.5318145751953125
Fabrizio Caligara,overall,68.46876,69.0,0.5312423706054688
Gonzalo Piñeiro,overall,61.530323,61.0,0.5303230285644531
Marco Kana,overall,67.52908,67.0,0.529083251953125
Jay Henderson,overall,61.528896,61.0,0.5288963317871094
Tom Grivosti,overall,61.47117,62.0,0.5288314819335938
Markus Solbakken,overall,64.47295,65.0,0.5270462036132812
Aymen Boutoutaou,overall,66.52499,66.0,0.5249862670898438
Dave Gnaase,overall,66.47531,67.0,0.524688720703125
Lukas Fadinger,overall,63.522724,63.0,0.5227241516113281
Joshua Cavallo,overall,58.522537,58.0,0.5225372314453125
Denis Franchi,overall,61.52176,61.0,0.521759033203125
Doru Andrei,overall,59.478333,60.0,0.52166748046875
Teddy Boulhendi,overall,63.52148,63.0,0.5214805603027344
Kyle Robinson,overall,54.48197,55.0,0.5180282592773438
Juan José Giménez,overall,56.482323,57.0,0.5176773071289062
Ben Paton,overall,58.517612,58.0,0.5176124572753906
Scott Smith,overall,54.517487,54.0,0.517486572265625
Jackson Tchatchoua,overall,66.48271,67.0,0.5172882080078125
Ousoumane Camara,overall,60.51719,60.0,0.5171890258789062
Zeno Ibsen Rossi,overall,61.483143,62.0,0.5168571472167969
Jason Sraha,overall,54.483406,55.0,0.5165939331054688
Reece Devine,overall,59.516106,59.0,0.5161056518554688
Sander Svendsen,overall,67.48506,68.0,0.5149383544921875
Souffian El Karouani,overall,67.48599,68.0,0.514007568359375
Antonio Nusa,overall,66.51224,66.0,0.512237548828125
Anton Kade,overall,61.512028,61.0,0.5120277404785156
Slobodan Tedić,overall,62.488804,63.0,0.5111961364746094
Nick Bätzner,overall,68.48919,69.0,0.5108108520507812
Karim Zedadka,overall,61.50543,61.0,0.5054283142089844
Anssi Suhonen,overall,66.50481,66.0,0.5048065185546875
Erik Botheim,overall,67.49554,68.0,0.5044631958007812
Morten Ågnes Konradsen,overall,64.49929,65.0,0.5007095336914062
Kai Corbett,overall,55.4999,56.0,0.5000991821289062
Maciej Kowal,overall,54.499245,54.0,0.49924468994140625
Riccardo Ciervo,overall,61.50296,62.0,0.497039794921875
Kevin Martin Krygård,overall,64.50624,65.0,0.4937591552734375
Ogechika Heil,overall,63.493526,63.0,0.4935264587402344
Halvor Rødølen Opsahl,overall,60.507435,61.0,0.4925651550292969
Jonas Michelbrink,overall,61.49067,61.0,0.49066925048828125
Mohamed Farsi,overall,63.510456,64.0,0.4895439147949219
Yllan Okou,overall,63.487926,63.0,0.4879264831542969
Abdulkerim Çakar,overall,65.51434,66.0,0.48565673828125
Felix Strauss,overall,64.48495,64.0,0.48494720458984375
Waniss Taïbi,overall,64.51529,65.0,0.484710693359375
Blondy Nna Noukeu,overall,56.515564,57.0,0.48443603515625
Elias Achouri,overall,66.51578,67.0,0.484222412109375
Rocco Ascone,overall,64.483475,64.0,0.4834747314453125
Kobe Hernández-Foster,overall,62.51805,63.0,0.4819488525390625
Allan Campbell,overall,68.51822,69.0,0.481781005859375
Lewis Richardson,overall,61.48161,61.0,0.4816093444824219
Nicholas Bonfanti,overall,65.48009,65.0,0.4800872802734375
Yaw Ackah,overall,66.47849,66.0,0.47849273681640625
Ryan Stirk,overall,61.476482,61.0,0.4764823913574219
Kiyan Nassiri,overall,54.524654,55.0,0.4753456115722656
Lara Sharma,overall,53.474606,53.0,0.4746055603027344
Ousmane Camara,overall,66.527115,67.0,0.4728851318359375
Vishal Yadav,overall,52.527576,53.0,0.4724235534667969
Mansour Al Shammari,overall,60.470318,60.0,0.4703178405761719
Adam Carlén,overall,64.52988,65.0,0.470123291015625
Oskar Wójcik,overall,56.529945,57.0,0.47005462646484375
Žan Kolmanič,overall,64.46896,64.0,0.468963623046875
Ethan Cox,overall,55.533165,56.0,0.46683502197265625
Mariusz Fornalczyk,overall,63.534065,64.0,0.46593475341796875
Emanuel Aiwu,overall,66.5341,67.0,0.4658966064453125
Othmane Boussaid,overall,68.465004,68.0,0.46500396728515625
Rory Jordan,overall,54.46407,54.0,0.4640693664550781
Noah Katterbach,overall,68.53613,69.0,0.4638671875
Marco Pompetti,overall,61.538055,62.0,0.461944580078125
Matías Ramírez,overall,68.4612,68.0,0.4611968994140625
Lenn Jastremski,overall,61.53888,62.0,0.46112060546875
Jerry Skotadis,overall,58.46015,58.0,0.46015167236328125
Pascal Kuiper,overall,60.45906,60.0,0.4590606689453125
Adam Devine,overall,60.45558,60.0,0.4555816650390625
Isaac Olaofe,overall,61.54444,62.0,0.45555877685546875
Cameron Windust,overall,53.451607,53.0,0.45160675048828125
Jean-Manuel Mbom,overall,68.4503,68.0,0.4503021240234375
Michel Ndary Adopo,overall,60.552654,61.0,0.4473457336425781
Josh Reid,overall,60.44691,60.0,0.4469108581542969
Luis Guillén,overall,57.44622,57.0,0.44622039794921875
Darko Churlinov,overall,68.55384,69.0,0.44615936279296875
Jonathan Tomkinson,overall,61.55393,62.0,0.4460716247558594
Jack Lemoignan,overall,50.55507,51.0,0.4449310302734375
Lorcan Healy,overall,54.444233,54.0,0.4442329406738281
Sævar Atli Magnússon,overall,63.556526,64.0,0.44347381591796875
Can Bozdoğan,overall,68.4432,68.0,0.44319915771484375
Juan Boselli,overall,68.44019,68.0,0.44019317626953125
Luca Petrasso,overall,61.560814,62.0,0.43918609619140625
Dennis Jastrzembski,overall,64.56276,65.0,0.4372406005859375
Kieron Bowie,overall,61.43688,61.0,0.4368782043457031
Christian Dalle Mura,overall,62.435593,62.0,0.4355926513671875
Iron Gomis,overall,65.564896,66.0,0.4351043701171875
Þórir Jóhann Helgason,overall,64.56701,65.0,0.43299102783203125
Boubacar Fall,overall,62.432156,62.0,0.4321556091308594
Bohdan Viunnyk,overall,61.567905,62.0,0.4320945739746094
Adam Wikman,overall,58.431328,58.0,0.43132781982421875
Belal Halbouni,overall,61.569096,62.0,0.4309043884277344
Miguel Acosta,overall,60.57289,61.0,0.4271087646484375
Brynjar Ingi Bjarnason,overall,63.573383,64.0,0.4266166687011719
Darko Gyabi,overall,62.424652,62.0,0.424652099609375
Saïdou Sow,overall,68.57587,69.0,0.42413330078125
Michał Rakoczy,overall,66.42358,66.0,0.42357635498046875
Marcel Wenig,overall,62.4235,62.0,0.42350006103515625
Fabio Ponsi,overall,64.4194,64.0,0.419403076171875
Jake Bickerstaff,overall,56.417305,56.0,0.41730499267578125
Victor Bobsin,overall,66.58324,67.0,0.4167633056640625
Douglas James-Taylor,overall,55.583607,56.0,0.4163932800292969
Malick Fofana,overall,65.41625,65.0,0.41625213623046875
Frank Junior Adjei,overall,53.416218,53.0,0.4162178039550781
Jesper Adolfsson,overall,56.585323,57.0,0.4146766662597656
Achraf Douiri,overall,61.586323,62.0,0.4136772155761719
Alexandre Phliponeau,overall,63.412426,63.0,0.4124259948730469
Hannibal Mejbri,overall,68.411156,68.0,0.41115570068359375
Abdulaziz Noor,overall,57.589565,58.0,0.4104347229003906
Niklas Sauter,overall,62.58967,63.0,0.41033172607421875
Tomasz Pieńko,overall,63.409447,63.0,0.40944671630859375
Gurkirat Singh,overall,51.408127,51.0,0.4081268310546875
Denilho Cleonise,overall,64.59275,65.0,0.40724945068359375
Kerim Çalhanoğlu,overall,66.59358,67.0,0.4064178466796875
George Thomason,overall,63.405872,63.0,0.4058723449707031
Anton Sorenson,overall,53.405132,53.0,0.4051322937011719
Max Bird,overall,68.40509,68.0,0.40509033203125
Justin Rasmussen,overall,58.595997,59.0,0.4040031433105469
Fisayo Dele-Bashiru,overall,64.59728,65.0,0.40271759033203125
El Hadji Dieye,overall,63.599728,64.0,0.4002723693847656
Dženis Burnić,overall,68.400024,68.0,0.4000244140625
Nigel Thomas,overall,65.6005,66.0,0.39949798583984375
Billy Mitchell,overall,68.60385,69.0,0.396148681640625
Michael Baldisimo,overall,62.605022,63.0,0.3949775695800781
Cameron Dummigan,overall,61.392387,61.0,0.39238739013671875
Mimeirhel Benita,overall,62.607765,63.0,0.39223480224609375
Matthis Riou,overall,63.611603,64.0,0.388397216796875
David Skubl,overall,58.61313,59.0,0.386871337890625
Nikola Djorić,overall,60.61335,61.0,0.38665008544921875
Alper Demirol,overall,58.386192,58.0,0.38619232177734375
Lenny Vallier,overall,62.615128,63.0,0.3848724365234375
Alfie Devine,overall,63.615974,64.0,0.38402557373046875
Timothy Tillman,overall,68.38317,68.0,0.38317108154296875
Andre Dozzell,overall,67.38165,67.0,0.38165283203125
Tawanda Maswanhise,overall,61.619217,62.0,0.3807830810546875
Benjamin Kanuric,overall,61.619785,62.0,0.3802146911621094
Jack Robinson,overall,58.380093,58.0,0.3800926208496094
Cristhian García,overall,62.620476,63.0,0.37952423095703125
Lewis Bate,overall,66.37933,66.0,0.37933349609375
Marcel Beifus,overall,64.37751,64.0,0.37751007080078125
Kian Harratt,overall,60.376633,60.0,0.3766326904296875
Jake Turner,overall,60.37634,60.0,0.3763389587402344
Uran Bislimi,overall,64.37409,64.0,0.37409210205078125
Damian Rivera,overall,61.62707,62.0,0.3729286193847656
Omar Megeed,overall,58.370834,58.0,0.3708343505859375
Elies Mahmoud,overall,63.370533,63.0,0.3705329895019531
Yann Lienard,overall,59.63023,60.0,0.3697700500488281
Ben Lederman,overall,68.366776,68.0,0.3667755126953125
Mohammed Tolba,overall,61.633812,62.0,0.36618804931640625
Gabriele Piccinini,overall,59.636803,60.0,0.36319732666015625
Bastien Toma,overall,68.36247,68.0,0.3624725341796875
Machop Chol,overall,57.63771,58.0,0.3622894287109375
Rami Al Hajj,overall,65.3617,65.0,0.36170196533203125
Jacopo Fazzini,overall,66.361,66.0,0.36100006103515625
Niklas Geyrhofer,overall,64.3603,64.0,0.36029815673828125
Fisnik Asllani,overall,61.64041,62.0,0.359588623046875
Nicholas Pierini,overall,63.64045,64.0,0.35955047607421875
Diego González,overall,60.641293,61.0,0.3587074279785156
Conor Masterson,overall,63.358067,63.0,0.3580665588378906
Gary Magnée,overall,64.64354,65.0,0.3564605712890625
Romeo Vucic,overall,61.355877,61.0,0.3558769226074219
Griffin Dorsey,overall,60.645763,61.0,0.3542366027832031
Ali Youssef,overall,61.354057,61.0,0.35405731201171875
Kylian Kouassi,overall,51.64621,52.0,0.353790283203125
Heath Richardson,overall,50.64774,51.0,0.3522605895996094
Stefán Teitur Thórdarson,overall,65.64879,66.0,0.3512115478515625
Tobias Kraulich,overall,63.649445,64.0,0.350555419921875
Martin Šviderský,overall,65.35031,65.0,0.350311279296875
Matthew Bondswell,overall,59.649822,60.0,0.3501777648925781
Alex Badolato,overall,55.349854,55.0,0.349853515625
Tyler Burey,overall,65.34805,65.0,0.348052978515625
Johannes Schenk,overall,57.343197,57.0,0.3431968688964844
Max Hagemoser,overall,58.34218,58.0,0.3421783447265625
Milan Corryn,overall,61.65861,62.0,0.3413887023925781
Adam Wharton,overall,63.34121,63.0,0.34120941162109375
Tim Rossmann,overall,61.335743,61.0,0.3357429504394531
Jake Morris,overall,52.334137,52.0,0.334136962890625
Raphael Borges Rodrigues,overall,56.67153,57.0,0.32846832275390625
Fabian Nürnberger,overall,68.671745,69.0,0.32825469970703125
Kyle Magennis,overall,64.67183,65.0,0.3281707763671875
Bryce Duke,overall,65.67336,66.0,0.32663726806640625
Valentín Gómez,overall,68.32636,68.0,0.32636260986328125
Augustine Boakye,overall,61.67419,62.0,0.3258094787597656
Kik Pierie,overall,66.325485,66.0,0.3254852294921875
Andy Pembélé,overall,63.675438,64.0,0.32456207275390625
Santiago Ramos Mingo,overall,62.323284,62.0,0.3232841491699219
Lautaro Ovando,overall,61.321754,61.0,0.32175445556640625
César Araújo,overall,68.68026,69.0,0.31974029541015625
Faisal Ali,overall,53.318985,53.0,0.3189849853515625
Mateusz Dudek,overall,56.318554,56.0,0.3185539245605469
Bruno Portugal,overall,58.68201,59.0,0.3179893493652344
Ramy Najjarine,overall,63.31794,63.0,0.31793975830078125
Bernhard Unger,overall,61.31777,61.0,0.3177680969238281
Daniel Aguirre,overall,57.682693,58.0,0.3173065185546875
Jökull Andrésson,overall,63.314342,63.0,0.3143424987792969
Elijah Krahn,overall,61.68981,62.0,0.31018829345703125
Sebastian Selin,overall,57.309113,57.0,0.309112548828125
Muhammed Damar,overall,64.30896,64.0,0.3089599609375
Antwoine Hackford,overall,60.306644,60.0,0.3066444396972656
Petar Zovko,overall,57.69339,58.0,0.306610107421875
Jordan Wright,overall,58.693813,59.0,0.3061866760253906
Logan Delaurier-Chaubet,overall,65.3044,65.0,0.3043975830078125
Trevor Clarke,overall,63.3039,63.0,0.30390167236328125
Richard Neudecker,overall,68.30349,68.0,0.30348968505859375
Alexandru Ișfan,overall,65.30241,65.0,0.30240631103515625
Abdelwahed Wahib,overall,61.698875,62.0,0.30112457275390625
Isaac Hutchinson,overall,61.699,62.0,0.3009986877441406
Jitendra Singh,overall,55.300507,55.0,0.300506591796875
Jack Cooper-Love,overall,60.700302,61.0,0.2996978759765625
Nilson Angulo,overall,65.29907,65.0,0.299072265625
Ricky Shabong,overall,49.702374,50.0,0.2976264953613281
Tanner Tessmann,overall,67.70522,68.0,0.29477691650390625
Evan Haddock,overall,49.29446,49.0,0.2944602966308594
Deroy Duarte,overall,67.70557,68.0,0.29443359375
Tyler Walker,overall,66.70654,67.0,0.29345703125
Tyreke Wilson,overall,60.292564,60.0,0.29256439208984375
Ignace Van der Brempt,overall,67.70796,68.0,0.2920379638671875
Beni Baningime,overall,68.70937,69.0,0.29062652587890625
Michał Feliks,overall,60.28767,60.0,0.2876701354980469
Pontus Almqvist,overall,68.284096,68.0,0.28409576416015625
Anthony Fontana,overall,65.28409,65.0,0.284088134765625
Boris Singh,overall,55.716496,56.0,0.2835044860839844
Conor McGrandles,overall,63.717213,64.0,0.2827873229980469
Simon Olsson,overall,67.71732,68.0,0.28267669677734375
Luca Everink,overall,60.717678,61.0,0.2823219299316406
Johan Arath Gómez,overall,64.71988,65.0,0.280120849609375
Louis Lord,overall,59.277584,59.0,0.2775840759277344
Gianluca Frabotta,overall,67.723015,68.0,0.27698516845703125
Paul Ramfangzauva,overall,53.274235,53.0,0.2742347717285156
Garang Kuol,overall,61.727123,62.0,0.2728767395019531
Maciej Rosołek,overall,64.72722,65.0,0.2727813720703125
Clarke Oduor,overall,62.272446,62.0,0.2724456787109375
Paxton Pomykal,overall,68.728226,69.0,0.2717742919921875
Josh Benson,overall,64.2713,64.0,0.27130126953125
Quinn Sullivan,overall,61.729626,62.0,0.2703742980957031
Anders Klynge,overall,66.72994,67.0,0.27005767822265625
Mateo Pellegrino,overall,61.732178,62.0,0.267822265625
Mario Bratu,overall,61.733498,62.0,0.26650238037109375
Daniel Pik,overall,59.733677,60.0,0.2663230895996094
Felix Vrede Winther,overall,61.736515,62.0,0.2634849548339844
Karlo Butić,overall,64.25879,64.0,0.2587890625
Marcel Benger,overall,61.25857,61.0,0.2585716247558594
Vincenzo Millico,overall,63.742325,64.0,0.2576751708984375
Santeri Väänänen,overall,64.25619,64.0,0.25618743896484375
Narender Gahlot,overall,55.744972,56.0,0.25502777099609375
Nassim Innocenti,overall,59.254185,59.0,0.2541847229003906
Joe Whitworth,overall,57.24995,57.0,0.24995040893554688
Sweden Fernandes,overall,48.750965,49.0,0.24903488159179688
Torben Müsel,overall,61.7532,62.0,0.24679946899414062
Florian Miguel,overall,68.753204,69.0,0.246795654296875
Jack Nolan,overall,56.753677,57.0,0.2463226318359375
Jordan Holsgrove,overall,67.240944,67.0,0.24094390869140625
Tommaso Cassandro,overall,61.240612,61.0,0.24061203002929688
Dragoș Iancu,overall,57.76034,58.0,0.23965835571289062
Juan Cruz Giacone,overall,61.23875,61.0,0.23875045776367188
Nayel Mehssatou,overall,64.765305,65.0,0.2346954345703125
Colm Whelan,overall,59.23372,59.0,0.2337188720703125
Caolán Boyd-Munce,overall,56.231743,56.0,0.23174285888671875
Hans Christian Bernat,overall,61.768295,62.0,0.2317047119140625
Sivert Heggheim Mannsverk,overall,67.769775,68.0,0.230224609375
Louis Torres,overall,59.771996,60.0,0.22800445556640625
Jeriel Dorsett,overall,62.22799,62.0,0.22798919677734375
Anis Mehmeti,overall,66.77336,67.0,0.2266387939453125
Aldo Florenzi,overall,64.77473,65.0,0.22527313232421875
Kevin Doukoure,overall,62.77561,63.0,0.22438812255859375
John Martin,overall,57.22352,57.0,0.22351837158203125
Sakarias Opsahl,overall,64.77734,65.0,0.22265625
Teden Mengi,overall,66.77921,67.0,0.22078704833984375
Wojciech Łaski,overall,58.22053,58.0,0.22053146362304688
Úmaro Embaló,overall,68.2193,68.0,0.21929931640625
Owen Dale,overall,64.219185,64.0,0.21918487548828125
Vetle Walle Egeli,overall,58.78176,59.0,0.21823883056640625
Simen Bolkan Nordli,overall,66.78177,67.0,0.218231201171875
Vic Chambaere,overall,58.78243,59.0,0.21757125854492188
Mohammed Al Qunayan,overall,58.21688,58.0,0.21688079833984375
Ștefan Pănoiu,overall,63.783127,64.0,0.2168731689453125
Santiago Herrera,overall,64.791504,65.0,0.20849609375
Harvey Vale,overall,63.207756,63.0,0.20775604248046875
Michael Ruhs,overall,58.79306,59.0,0.206939697265625
Andri Fannar Baldursson,overall,63.20633,63.0,0.206329345703125
Kelvin Arase,overall,67.20224,67.0,0.202239990234375
Garissone Innocent,overall,61.800713,62.0,0.19928741455078125
Zac Sapsford,overall,53.80114,54.0,0.19886016845703125
Florian Hoxha,overall,56.80439,57.0,0.19561004638671875
Brian Aguirre,overall,67.19404,67.0,0.19403839111328125
Caspar Jander,overall,64.80623,65.0,0.1937713623046875
Soyal Joshy,overall,50.191864,50.0,0.191864013671875
Lukas Gütlbauer,overall,64.19073,64.0,0.19072723388671875
Valentín Sánchez,overall,62.811043,63.0,0.18895721435546875
Kenzo Goudmijn,overall,66.81253,67.0,0.187469482421875
Bryan Nokoue,overall,63.18683,63.0,0.18682861328125
Kipp Keller,overall,55.813366,56.0,0.18663406372070312
Tobi Omole,overall,55.81922,56.0,0.18077850341796875
Rijad Smajić,overall,61.82126,62.0,0.178741455078125
Loïc Mbe Soh,overall,66.82269,67.0,0.17730712890625
Carl Björk,overall,60.82292,61.0,0.1770782470703125
Maksym Kucheriavyi,overall,57.17652,57.0,0.17652130126953125
Tobias Anselm,overall,64.17281,64.0,0.17281341552734375
Ahmed Qasem,overall,58.17263,58.0,0.17263031005859375
Rodrigo Guth,overall,68.828255,69.0,0.17174530029296875
Joe Hilton,overall,57.171555,57.0,0.1715545654296875
Connor Mahoney,overall,68.169716,68.0,0.16971588134765625
Samuel Abifade,overall,62.169346,62.0,0.16934585571289062
Max Caputo,overall,54.16924,54.0,0.16923904418945312
Jordon Garrick,overall,64.16785,64.0,0.1678466796875
Solomon Bonnah,overall,64.16518,64.0,0.1651763916015625
Gift Links,overall,66.83867,67.0,0.1613311767578125
Mohammed Al Yami,overall,54.84,55.0,0.15999984741210938
Can Keleş,overall,63.84082,64.0,0.1591796875
Josh Andrews,overall,59.156242,59.0,0.15624237060546875
Louis Jones,overall,59.84417,60.0,0.15583038330078125
Yegor Matsenko,overall,57.153973,57.0,0.15397262573242188
Viktor Widell,overall,55.153835,55.0,0.15383529663085938
Samuel Shashoua,overall,68.84728,69.0,0.15271759033203125
Dean Cornelius,overall,61.848946,62.0,0.15105438232421875
Michael Mieles,overall,61.849033,62.0,0.15096664428710938
Marley Aké,overall,68.85017,69.0,0.14983367919921875
Oisín McEntee,overall,58.850628,59.0,0.14937210083007812
Abdoulaye Bakayoko,overall,63.85154,64.0,0.14846038818359375
Jovan Marković,overall,66.85254,67.0,0.1474609375
Axel Guessand,overall,58.854607,59.0,0.14539337158203125
Frank Ronstadt,overall,68.14408,68.0,0.14408111572265625
Kasey Palmer,overall,68.858574,69.0,0.14142608642578125
Jesper Ceesay,overall,61.140686,61.0,0.14068603515625
Danny Norris,overall,54.13826,54.0,0.1382598876953125
Jack Aitchison,overall,62.13826,62.0,0.1382598876953125
Nicolás Rossi,overall,68.13524,68.0,0.1352386474609375
Fabian de Keijzer,overall,67.86494,68.0,0.13506317138671875
Casper Øyvann,overall,62.86712,63.0,0.13288116455078125
Maurice Dehler,overall,57.13234,57.0,0.1323394775390625
Markus Ponath,overall,58.868057,59.0,0.1319427490234375
John Pulskamp,overall,64.13169,64.0,0.13169097900390625
Jacky Donkor,overall,62.12961,62.0,0.129608154296875
Darragh Nugent,overall,56.87046,57.0,0.12953948974609375
Aaron Pressley,overall,62.12815,62.0,0.12815093994140625
Matthias Braunöder,overall,68.872375,69.0,0.12762451171875
Nathan Ngoy,overall,61.87281,62.0,0.12718963623046875
Kian Moore,overall,55.875294,56.0,0.12470626831054688
Emmanuel Fernandez,overall,52.875706,53.0,0.12429428100585938
Augusto Schott,overall,66.12267,66.0,0.12267303466796875
Sławomir Abramowicz,overall,58.121235,58.0,0.12123489379882812
Noel Buck,overall,60.880993,61.0,0.11900711059570312
Sami Lahssaini,overall,64.885056,65.0,0.1149444580078125
Ion Gheorghe,overall,68.113655,68.0,0.11365509033203125
Moritz Römling,overall,61.889427,62.0,0.11057281494140625
Maël de Gevigney,overall,66.10699,66.0,0.10698699951171875
Cameron McJannet,overall,59.89366,60.0,0.1063385009765625
Marley Marshall Miranda,overall,59.103046,59.0,0.10304641723632812
Moussa Sylla,overall,68.102905,68.0,0.1029052734375
James Furlong,overall,60.898098,61.0,0.10190200805664062
Anosike Ementa,overall,60.905434,61.0,0.09456634521484375
Di'Shon Bernard,overall,68.09228,68.0,0.09227752685546875
Ricky-Jade Jones,overall,62.90962,63.0,0.09038162231445312
Franklin Nyenetue,overall,59.914238,60.0,0.08576202392578125
Issam El Maach,overall,60.917114,61.0,0.0828857421875
Enzo Luna,overall,63.079533,63.0,0.07953262329101562
Jusef Erabi,overall,59.921074,60.0,0.07892608642578125
Dijon Kameri,overall,67.07787,67.0,0.07787322998046875
Nikolas Sattlberger,overall,60.077656,60.0,0.07765579223632812
Élysée Logbo,overall,59.923,60.0,0.07699966430664062
Lion Semić,overall,62.076225,62.0,0.07622528076171875
Deandre Kerr,overall,60.07539,60.0,0.07538986206054688
Adrien Lebeau,overall,65.07484,65.0,0.07483673095703125
Joe Walsh,overall,56.925495,57.0,0.07450485229492188
Sebastiano Esposito,overall,68.927574,69.0,0.07242584228515625
Ismaël Boura,overall,67.928955,68.0,0.071044921875
Tom Lacoux,overall,68.06971,68.0,0.06970977783203125
Tobias Storm,overall,56.93147,57.0,0.06853103637695312
Jann-Fiete Arp,overall,65.931496,66.0,0.06850433349609375
Ebrima Darboe,overall,67.93313,68.0,0.06687164306640625
Csaba Bukta,overall,61.933662,62.0,0.06633758544921875
Przemysław Wiśniewski,overall,67.06532,67.0,0.0653228759765625
Othman Al Othman,overall,52.937542,53.0,0.062458038330078125
Gabriele Ferrarini,overall,65.938385,66.0,0.061614990234375
Guillaume Furrer,overall,60.93887,61.0,0.061130523681640625
Mateo Sanabria,overall,64.06029,64.0,0.0602874755859375
Alex Murphy,overall,62.060272,62.0,0.060272216796875
Dylan Duffy,overall,57.94036,58.0,0.05963897705078125
Edward Caspers,overall,51.94111,52.0,0.05889129638671875
Rasmus Cronvall,overall,55.058037,55.0,0.05803680419921875
Mohamed Belhadj Mahmoud,overall,60.05735,60.0,0.05735015869140625
Kyle McAllister,overall,62.94458,63.0,0.055419921875
Issouf Sissokho,overall,67.94679,68.0,0.0532073974609375
Harry Steele,overall,57.948696,58.0,0.051303863525390625
Eirik Blikstad,overall,53.950287,54.0,0.049713134765625
Raphael Framberger,overall,67.95521,68.0,0.04479217529296875
Victor Arong,overall,51.044647,51.0,0.044647216796875
Ethan Hamilton,overall,64.95544,65.0,0.04456329345703125
Daan Heymans,overall,67.95662,68.0,0.0433807373046875
Lucas Halangk,overall,61.04299,61.0,0.04299163818359375
Simone Davi,overall,61.040916,61.0,0.04091644287109375
Sebastian Berhalter,overall,62.959984,63.0,0.04001617431640625
Samuel Stückler,overall,59.040012,59.0,0.040012359619140625
Andrea Danzi,overall,64.96091,65.0,0.039093017578125
Yoan Koré,overall,62.03713,62.0,0.037128448486328125
Robert Kwasigroch,overall,57.03647,57.0,0.036468505859375
Denis Benga,overall,56.96588,57.0,0.03411865234375
Rahim Ali,overall,55.96646,56.0,0.033538818359375
Timur Gayret,overall,62.03346,62.0,0.033458709716796875
Conor Coventry,overall,66.96801,67.0,0.03199005126953125
Luca Valzania,overall,68.0317,68.0,0.03170013427734375
Frankie Amaya,overall,67.969894,68.0,0.0301055908203125
Nicolás Garayalde,overall,67.9701,68.0,0.02989959716796875
Ismaël Koné,overall,66.971695,67.0,0.0283050537109375
Daniel Oyegoke,overall,60.027077,60.0,0.02707672119140625
Benjamin Goller,overall,67.97321,68.0,0.02678680419921875
Burak Kapacak,overall,65.02588,65.0,0.02587890625
Facundo Zabala,overall,66.980545,67.0,0.0194549560546875
Bjarki Steinn Bjarkason,overall,62.015095,62.0,0.015094757080078125
Roberto Piccoli,overall,69.010666,69.0,0.0106658935546875
Raphaël Eyongo,overall,59.01066,59.0,0.01065826416015625
Luke Heeney,overall,56.989815,57.0,0.01018524169921875
Robbie McKenzie,overall,61.99078,62.0,0.009220123291015625
Arquimides Ordoñez,overall,55.991016,56.0,0.008983612060546875
Adrian Durrer,overall,56.99107,57.0,0.008930206298828125
Owen Beck,overall,60.993793,61.0,0.006206512451171875
Gonçalo Esteves,overall,68.99467,69.0,0.00533294677734375
Franco Carboni,overall,63.995113,64.0,0.004886627197265625
Aventis Aventisian,overall,60.995537,61.0,0.00446319580078125
August Mikkelsen,overall,68.00376,68.0,0.00376129150390625
Patryk Dziczek,overall,66.99709,67.0,0.00290679931640625
Simone Panada,overall,63.998787,64.0,0.00121307373046875
Alex Méndez,overall,68.00056,68.0,0.00055694580078125
Aaron Anthony Connolly,overall,68.17232,,
Aaron Braithwaite,overall,49.00752,,
Aaron Davis,overall,50.05525,,
Aaron Doran,overall,53.011253,,
Aaron Facundo Quiroz,overall,63.928432,,
Aaron Graham John Collins,overall,58.088654,,
Aaron Joseph McGowan,overall,64.47254,,
Aaron Leya Iseka,overall,67.48398,,
Aaron Maurice O'Driscoll,overall,55.77626,,
Aaron Nassur Kamardin,overall,57.886806,,
Aaron Opoku-Tiawiah,overall,67.74949,,
Aaron Paul Morley,overall,65.048004,,
Aaron Sebastián Astudillo Quiñones,overall,56.20713,,
Aarón Rodrigues,overall,61.26525,,
Ababacar Moustapha Lô,overall,56.028572,,
Abakar Loubadhe Sylla,overall,62.919807,,
Abasa Aremeyaw,overall,55.55596,,
Abbas Sadiq Al Hassan,overall,53.886894,,
Abd-Al-Ali Morakinyo Olaposi Koiki,overall,61.080894,,
Abdallah Basit,overall,54.3415,,
Abdallahi Mohamed Mahmoud,overall,62.690678,,
Abdel Zagré,overall,56.264088,,
Abdelkahar Kadri,overall,68.448685,,
Abdelrahman Saidi,overall,66.97954,,
Abdoulaye Niakhate Ndiaye,overall,61.3102,,
Abdoulaye Sissako,overall,68.18421,,
Abdoulaye Sylla,overall,57.244583,,
Abdoulie Jallow,overall,67.92649,,
Abdul Malik Abubakari,overall,64.17404,,
Abdulaziz Al Yousef,overall,55.951176,,
Abdulkadir Taşdan,overall,57.751816,,
Abdulkareem Al Muzayil,overall,53.18091,,
Abdullah Dijlan Aydın,overall,59.132854,,
Abdullah Hadi Radif,overall,50.4247,,
Abdullah Nahar Al Shammari,overall,54.543224,,
Abdullah Yiğiter,overall,60.790253,,
Abdulmohsen Al Qahtani,overall,55.075848,,
Abdulrahman Mutlaq Al-Dawsari,overall,61.307644,,
Abdulrahman Saad,overall,50.10523,,
Abel Alejandro Bustos,overall,64.12156,,
Abel Bretones Cruz,overall,62.41998,,
Abel Eric Moreno Vargas,overall,59.929928,,
Abel William Stensrud,overall,60.220123,,
Abou-Malal Ba,overall,62.315235,,
Aboubacar Dit Boubou Konté,overall,60.21636,,
Aboubacar Kobele Keita,overall,61.796124,,
Aboubakary Yeli Koita,overall,67.56784,,
Abraham Del Moral Rando,overall,62.697464,,
Abraham Ifoghale Odoh,overall,61.76669,,
Abu-Bekir Ömer El-Zein,overall,61.30561,,
Abzi Diyaeddine,overall,56.609024,,
Achraf Madi,overall,64.41704,,
Adalberto Eliécer Carrasquilla Alcázar,overall,68.858894,,
Adam Armour,overall,54.946243,,
Adam Daghim,overall,58.196274,,
Adam Esparza Saldaña,overall,61.72929,,
Adam Fletcher Randell,overall,63.254684,,
Adam Griger,overall,59.52204,,
Adam Jan Chrzanowski,overall,60.939655,,
Adam Jeremy Pavlesic,overall,56.438477,,
Adam John May,overall,62.990444,,
Adam Jozef Przybek,overall,56.69733,,
Adam Kieran O'Reilly,overall,60.832634,,
Adam Lovatt,overall,55.187378,,
Adam McCaffrey,overall,49.857147,,
Adam Porter,overall,51.8313,,
Adam Ratajczyk,overall,61.503128,,
Adam Uche Idah,overall,64.405304,,
Adama Fofana,overall,61.711468,,
Adan George,overall,57.03844,,
Aday Ercan,overall,56.01947,,
Ade Oguns,overall,65.79175,,
Ademipo Ibrahim Odubeko,overall,64.915764,,
Adisu Bayew,overall,54.634346,,
Admiral Dalindlela Muskwe,overall,63.55909,,
Adnan Ugur,overall,66.79845,,
Adnane Abid,overall,61.00616,,
Adrian Bukowski,overall,60.69557,,
Adrian Costi Marian Moescu,overall,57.251556,,
Adrian Gheorghe Șut,overall,66.29563,,
Adrian Mihai Gîdea,overall,58.86211,,
Adrian Mihai Ioniță,overall,57.851807,,
Adrian Sandach,overall,55.718437,,
Adrian Segecic,overall,61.126736,,
Adrian Soboń,overall,59.02095,,
Adrian Szczutowski,overall,56.3032,,
Adrian Sæther,overall,54.436012,,
Adrian Łyszczarz,overall,62.26253,,
Adriano Firmino da Silva,overall,61.852985,,
Adrien Delphis,overall,59.6836,,
Adrià Altimira Reynaldos,overall,61.284348,,
Adrián Bernabé García,overall,69.112755,,
Adrián Butzke Benavides,overall,62.52029,,
Adrián González Moyano,overall,58.523384,,
Adrián López Garrote,overall,60.69427,,
Adrián Rodríguez Giménez,overall,61.076515,,
Adrián de la Fuente Barquilla,overall,64.970314,,
Aeron Zinga,overall,59.67039,,
Afeez Aremu Olalekan,overall,66.40587,,
Afonso Gamelas De Pinho Sousa,overall,69.312935,,
Afonso Manuel Abreu Freitas,overall,58.786953,,
Agon Muçolli,overall,64.37395,,
Agustín Barcellos,overall,59.29192,,
Agustín Da Silveira Muñoa,overall,59.974697,,
Agustín Hausch,overall,65.00582,,
Agustín Lastra,overall,58.846046,,
Agustín Nicolás Mulet,overall,67.65376,,
Agustín Santurio,overall,63.84561,,
Agustín Univaso,overall,55.363575,,
Agustín Álvarez Wallace,overall,66.86435,,
Ahmad Toure Ngouyamsa Nounchil,overall,62.43639,,
Ahmed El Messaoudi,overall,67.07077,,
Ahmed Kutucu,overall,66.714294,,
Ahmet Ege Gürleyen,overall,59.428104,,
Ahmet Gülay,overall,62.86801,,
Ahmet Karademir,overall,63.77728,,
Ahoueke Steeve Kévin Denkey,overall,65.35096,,
Aidan Thomas Stone,overall,58.554703,,
Aidan Will Barlow,overall,62.72802,,
Aiden Connor O'Neill,overall,64.947624,,
Aiden McFadden,overall,55.98916,,
Ail Fuad Mohammed Hassan,overall,54.94046,,
Aimar Oroz Huarte,overall,65.18238,,
Aimar Sher,overall,65.832344,,
Aitor Paredes Casamichana,overall,61.50114,,
Akinkunmi Ayobami Amoo,overall,66.349144,,
Akinlolu Richard Olamide Famewo,overall,61.56042,,
Akinwale Joseph Odimayo,overall,60.984516,,
Akshunna Tyagi,overall,50.779053,,
Al Hassan Toure,overall,58.48561,,
Alaa Hamad Bakir,overall,65.56637,,
Alai Hussain Ghasem,overall,53.444256,,
Alan Francisco Rodríguez Armoa,overall,66.77124,,
Alan Godoy Domínguez,overall,63.383152,,
Alan Jonathan Patrício Botelho,overall,62.082047,,
Alan Madaliński,overall,55.83568,,
Alan Nicolás Marinelli,overall,63.433346,,
Alan Paredes,overall,62.216103,,
Alan Steve Minda García,overall,61.60834,,
Alan Steven Franco Palma,overall,66.51782,,
Alassane Sidibe,overall,63.72154,,
Albert Grønbæk Erlykke,overall,68.58147,,
Albert Palmberg Thorsen,overall,57.966892,,
Albert Tivadar Stahl,overall,62.62056,,
Albert-Nicolas Lottin,overall,64.3959,,
Alberto Hórreo Taveras,overall,63.37796,,
Alberto Martín Díaz,overall,61.328247,,
Alberto Moreno Rebanal,overall,65.949486,,
Alberto del Moral Saelices,overall,62.646866,,
Albie Robert Morgan,overall,64.757355,,
Albin Mörfelt,overall,61.510918,,
Albin Zackarias Lohikangas,overall,56.803112,,
Aldair Ccorahua,overall,59.006073,,
Aldair Edgardo Peña Torres,overall,60.782448,,
Aldair Neves Paulo Faustino,overall,62.567528,,
Aldreyby Parra,overall,58.179565,,
Alec Hugo Deneumostier Ortmann,overall,67.43918,,
Alejandro Alvarado,overall,66.422935,,
Alejandro Asensio Crespillo,overall,62.197903,,
Alejandro Balboa Bandeira,overall,63.10753,,
Alejandro Barbudo Lorenzo,overall,60.25379,,
Alejandro Blanco Sánchez,overall,68.154236,,
Alejandro Cantero Sánchez,overall,68.29363,,
Alejandro Carbonell Vallés,overall,66.955574,,
Alejandro Domingo Gómez,overall,66.950615,,
Alejandro Domínguez Romero,overall,65.27952,,
Alejandro Garnacho Ferreyra,overall,65.05463,,
Alejandro Iturbe Encabo,overall,63.510426,,
Alejandro José Marqués Méndez,overall,61.805428,,
Alejandro Millán Iranzo,overall,63.486675,,
Alejandro Orellana Gómez,overall,61.534668,,
Alejandro Pachón Párraga,overall,62.850136,,
Alejandro Padilla Pérez,overall,63.90475,,
Alejandro Primo Hernández,overall,59.980324,,
Alejandro Pérez Castroviejo,overall,61.503635,,
Alejandro Pérez Cea,overall,60.53584,,
Alejandro Ramos Rodríguez,overall,59.26484,,
Alejandro Revuelta Montero,overall,61.22051,,
Alejandro Rodríguez Lorite,overall,59.836014,,
Alejandro Sola López-Ocaña,overall,68.04,,
Alejandro Suárez Cardero,overall,67.10284,,
Alejandro Zendejas Saavedra,overall,65.908264,,
Alejo Antilef,overall,67.38282,,
Aleksandar Boljević,overall,68.39068,,
Aleksander Biermann Stenseth,overall,53.434868,,
Aleksander Gajgier,overall,55.64635,,
Aleksander Pawlak,overall,59.53303,,
Alessandro Albanese,overall,66.8322,,
Alessandro Cortinovis,overall,66.16661,,
Alessandro Fiordaliso,overall,59.513443,,
Alessandro Lombardi,overall,64.591606,,
Alessandro Mallamo,overall,65.44747,,
Alessandro Russo,overall,64.059814,,
Alessandro Tripaldelli,overall,63.648224,,
Alex Aguilar,overall,63.193108,,
Alex Arthur Rufer,overall,66.96881,,
Alex Bangura,overall,64.55661,,
Alex Byrne,overall,54.089634,,
Alex Duncan Hartridge,overall,64.21729,,
Alex Emilio Timossi Andersson,overall,65.8564,,
Alex Forés Mendoza,overall,60.30173,,
Alex Juárez,overall,61.632133,,
Alex Matías Ibacache Mora,overall,64.3268,,
Alex Vigo Gamaliel,overall,68.542694,,
Alexandar Borković,overall,61.720787,,
Alexander Ballegaard Ammitzbøll,overall,58.00079,,
Alexander Díaz,overall,65.68233,,
Alexander Ernesto Aravena Guzmán,overall,63.875977,,
Alexander García,overall,58.89504,,
Alexander John Hunt,overall,60.67961,,
Alexander Joseph Gersbach,overall,62.824654,,
Alexander Larsson,overall,56.596874,,
Alexander Michael Bass,overall,63.665985,,
Alexander Munksgaard Nielsen,overall,65.715355,,
Alexander Parsons,overall,58.45184,,
Alexander Prokopenko,overall,56.00372,,
Alexander Sosa,overall,61.953133,,
Alexander William Cochrane,overall,67.62804,,
Alexandre Penetra Correia,overall,67.327194,,
Alexandro Ezequiel Bernabei,overall,68.677086,,
Alexandros Safarikas,overall,57.204353,,
Alexandru Constantin Chilili,overall,55.122723,,
Alexandru Crivac,overall,52.44395,,
Alexandru Despa,overall,57.47242,,
Alexandru Florescu,overall,52.390965,,
Alexandru Grigoraș Pantea,overall,61.779285,,
Alexandru Irinel Mățan,overall,65.83836,,
Alexandru Laurențiu Oroian,overall,61.475266,,
Alexandru Mihai Ilie,overall,61.600716,,
Alexandru Petre,overall,53.186413,,
Alexandru Pătlăgică,overall,54.647015,,
Alexi Paul Pitu,overall,67.30099,,
Alexis Adelin Beka Beka,overall,68.2676,,
Alexis Amadeo Sabella,overall,66.62262,,
Alexis Antunes Gomez,overall,62.19469,,
Alexis David Duarte Pereira,overall,68.68062,,
Alexis Francisco Flores,overall,64.06404,,
Alexis Steimbach,overall,57.959408,,
Alexis Trouillet,overall,69.188934,,
Alexsandro de Souza Ribeiro,overall,65.84901,,
Alfie Bridgman,overall,55.45298,,
Alfie Burnett,overall,54.310413,,
Alfie Malik Whiteman,overall,59.51298,,
Alfons Amade,overall,65.023026,,
Alfons Nygaard,overall,53.70777,,
Alfonso González Martínez,overall,65.97838,,
Alfonso Ocampo-Chávez,overall,56.88692,,
Alfonso Simarra,overall,61.614895,,
Alfonso Trezza Hernández,overall,68.19786,,
Alfred Lalroutsang,overall,49.78648,,
Alhagi Marie Touray Sisay,overall,56.257107,,
Alhassan Yusuf Abdullahi,overall,68.84517,,
Ali Al Salem,overall,53.221878,,
Ali Demirel,overall,64.225685,,
Ali Ibrahim Karim Ali Al-Hamadi,overall,58.89752,,
Aliou Badara Traore,overall,59.615532,,
Alistair Edward McCann,overall,67.826065,,
Alistair Oluwashaun Smith,overall,61.53211,,
Almoatasim Siddiq,overall,54.624146,,
Alois Dominik Oroz,overall,64.56872,,
Aloyayari Abdulmalik,overall,60.20563,,
Aloïs Penin,overall,56.804623,,
Amad Diallo Traoré,overall,68.29085,,
Amadou Dia Ndiaye,overall,62.113388,,
Amadou Doumbouya,overall,56.913986,,
Amankwaa Akurugu,overall,62.851974,,
Amar Ahmed Fatah,overall,57.8394,,
Amar Gerxhaliu,overall,55.239685,,
Amay Caprice,overall,63.833385,,
Ameen Al-Dakhil,overall,66.65903,,
Amel Mujanić,overall,58.782887,,
Amin Al-Hamawi,overall,59.523533,,
Amir Ismaïl,overall,61.23003,,
Amirhossein Hosseinzadeh,overall,66.54562,,
Amjhad Nazih,overall,61.68807,,
Anargyros Kampetsis,overall,64.70263,,
Anas Bakhat,overall,61.706688,,
Ander Iruarrizaga Díez,overall,60.32509,,
Ander Martín Odriozola,overall,64.74939,,
Anders Bloch Bærtelsen,overall,61.474213,,
Anders Hartveit Ryste,overall,54.47409,,
Anderson Arroyo Córdoba,overall,68.168594,,
Anderson Cordeiro Costa,overall,65.189186,,
Anderson de Oliveira da Silva,overall,67.74717,,
Andi Avdi Zeqiri,overall,67.871056,,
Andre Reynolds II,overall,60.94784,,
Andrea Papetti,overall,58.582928,,
Andrea Sorrentino,overall,56.863018,,
Andreas Klausen Helmersen,overall,57.05341,,
Andreas Mircea Mihaiu,overall,60.539543,,
Andreas Poulsen,overall,64.21992,,
Andreas Rædergård Schjelderup,overall,67.77686,,
Andreas Schjølberg Hanche-Olsen,overall,68.24045,,
Andreas Skjold,overall,55.507103,,
Andrei Chindriș,overall,64.1989,,
Andrei Daniel Vlad,overall,61.459976,,
Andrei Dragoș Șerban,overall,61.562263,,
Andrei Gabriel Ureche,overall,56.826984,,
Andrei Ioan Cordea,overall,67.530525,,
Andrei Jercălău,overall,56.101467,,
Andrei Motoc,overall,59.03697,,
Andres Mihai Dumitrescu,overall,63.578007,,
Andres Moreno,overall,53.488255,,
Andrew Abiola Omobamidele,overall,62.45915,,
Andrew Christopher Teuten Ponzoni,overall,68.12959,,
Andrew Draper,overall,61.474453,,
Andrew Irving,overall,63.1562,,
Andrew Lyons,overall,61.56437,,
Andrew Thomas,overall,53.770214,,
Andriy Kulakov,overall,61.26735,,
André Barbosa da Silva,overall,56.92765,,
André Filipe Rio Liberal,overall,64.24243,,
André Fonseca Amaro,overall,66.96265,,
André Leipold,overall,59.632675,,
André Miguel Lapa Ricardo,overall,63.68703,,
Andrés Alberto Andrade Cedeño,overall,68.478714,,
Andrés Carlos Caro Serrano,overall,65.51899,,
Andrés Enrique Ferro Peña,overall,66.231895,,
Andrés Felipe Balanta Cifuentes,overall,62.459698,,
Andrés Felipe Perea Castañeda,overall,67.83556,,
Andrés Felipe Reyes Ambuila,overall,66.20559,,
Andrés López Gallo,overall,58.64765,,
Andrés Martín García,overall,68.356415,,
Andrés Souper De La Cruz,overall,65.32342,,
Andy Musayev,overall,58.652084,,
Ange Chibozo,overall,66.07788,,
Ange-Yoan Bonny,overall,60.04521,,
Angelo Bačić,overall,60.843563,,
Anis Ben Slimane,overall,68.416595,,
Anselmo Túlio Marques Barni,overall,67.94954,,
Antal Bencze,overall,61.924305,,
Antef Tsoungui,overall,58.41852,,
Anthony Aires,overall,58.42616,,
Anthony Chigaemezu Uzodimma,overall,62.47059,,
Anthony Driscoll-Glennon,overall,60.424908,,
Anthony Hartigan,overall,63.9497,,
Anthony Kenneth Evans,overall,65.687386,,
Anthony Kevin Descotte,overall,61.860626,,
Anthony Lenin Valencia Bajaña,overall,64.89421,,
Anthony Maisonnial,overall,63.787857,,
Anthony Richard Scully,overall,65.17943,,
Anthony Tite Musaba,overall,65.00559,,
Antoine Benjamin Colassin,overall,61.98298,,
Antoine Joseph Emmanuel Bernède,overall,68.625496,,
Anton Mlinaric,overall,56.128845,,
Anton Skipper Hendriksen,overall,58.69644,,
Anton Vladimirovich Mitryushkin,overall,67.79018,,
Anton Willy Tanghe,overall,64.6338,,
Anton Ziegler,overall,61.161964,,
Antoni Kozubal,overall,61.227528,,
Antoni Mikułko,overall,56.480423,,
Antonio Cortés Heredia,overall,66.651474,,
Antonio Espigares Morillas,overall,63.006706,,
Antonio Galeano,overall,63.584724,,
Antonio Gomis Alemañ,overall,62.340427,,
Antonio Iervolino,overall,57.250633,,
Antonio Jeremiah Leone,overall,55.569256,,
Antonio Marchena Millán,overall,62.768726,,
Antonio Marín Colmán,overall,63.336605,,
Antonio Mihai Stan,overall,56.273132,,
Antonio Pacheco Ruiz,overall,61.591972,,
Antonio Sandoval,overall,58.627804,,
Antonio Sefer,overall,67.04358,,
Antonio Sola Villalba,overall,62.63831,,
Antonio Yakoub,overall,60.11209,,
Antonio Zarzana Pérez,overall,64.39367,,
Antonis Aidonis,overall,60.732773,,
Antonis Makatounakis,overall,54.589325,,
Antony Alves Santos,overall,67.29904,,
Anyelberth Vera,overall,60.13456,,
Aodh Dervin,overall,58.070694,,
Apostolos Tsilingiris,overall,61.912766,,
Aqeel Al Dhafeeri,overall,48.35493,,
Arbnor Muja,overall,62.170517,,
Archie Finn Collins,overall,63.57023,,
Archie Mark Procter,overall,56.81983,,
Archie Meekison,overall,62.63382,,
Arda Okan Kurtulan,overall,60.792847,,
Aribim Pepple,overall,57.60909,,
Aridon Racaj,overall,54.075188,,
Ariel Alfonso Uribe Lepe,overall,62.46853,,
Arif Kocaman,overall,54.145645,,
Aristide Wam,overall,63.842884,,
Aritz Aldasoro Sarriegi,overall,65.303345,,
Arlind Dakaj,overall,58.083866,,
Armand Smrcka,overall,61.4967,,
Armando Shashoua,overall,62.773567,,
Armstrong Echezolachukwu Inya Okoflex,overall,61.62575,,
Arnaldo Zambrano,overall,60.445415,,
Arnau Comas Freixas,overall,68.09147,,
Arnau Puigmal Martínez,overall,68.10201,,
Arnau Tenas Ureña,overall,67.91521,,
Arnaud Dony,overall,62.167706,,
Arnaud Nkodi Luzayadio,overall,61.62808,,
Arne Rühlemann,overall,55.088818,,
Artem Onischenko,overall,63.110073,,
Arthur James Read,overall,60.045887,,
Arthur Vitelli,overall,57.809906,,
Arthur de Oliveira Sales,overall,67.06519,,
Aryan Romaní,overall,62.336723,,
Arón David Rodríguez Franco,overall,67.981804,,
Asad Kasumovic,overall,55.10154,,
Asif Khan,overall,53.133064,,
Aske Sampers,overall,60.283073,,
Asker Beck,overall,59.726875,,
Ateef Konaté,overall,63.50732,,
Atem Dor Jok,overall,53.218517,,
Attila Mocsi,overall,62.32108,,
Attilio Morosoli,overall,58.009243,,
Audenirton Soares da Silva,overall,62.26742,,
Augustin Drakpe,overall,59.921207,,
Augusto Alcorcel,overall,60.498856,,
Aurel Loubongo-M'Boungou,overall,60.311844,,
Aurelian Eusebio Păun,overall,57.23936,,
Aurélien Nguiamba,overall,64.18739,,
Auston Levi-Jesaiah Trusty,overall,68.05841,,
Avan Jones,overall,52.674862,,
Awad Haidar Al Nashri,overall,55.62338,,
Awer Bul Mabil,overall,68.43768,,
Awn Mutlaq Al Slaluli,overall,61.076748,,
Axel Prado,overall,61.2489,,
Aylan Benyahia-Tani,overall,64.77752,,
Ayman Yahya Salem,overall,62.015076,,
Ayman Yusef Al-Hujaili,overall,59.475727,,
Ayodeji Sotona,overall,61.544815,,
Ayomide Akinola,overall,61.736713,,
Ayotomiwa Dele-Bashiru,overall,67.12212,,
Ayoub Assal,overall,65.82671,,
Ayoub Jabbari,overall,58.76023,,
Ayrthon Quintana,overall,63.28123,,
Ayrton Enrique Costa,overall,66.485,,
Ayush Dev Chhetri,overall,53.472343,,
Aziz Ouattara Mohammed,overall,61.003056,,
Azzeddine Toufiqui,overall,65.385376,,
Baba Oulen Souare,overall,53.914223,,
Bader Al Huwaidi,overall,50.57373,,
Bader Mohammed Munshi,overall,58.464584,,
Baltazar Costa Rodrigues de Oliveira,overall,64.22489,,
Barry Thomas Crowe,overall,58.564404,,
Bartosz Bida,overall,61.767727,,
Bartosz Cybulski,overall,55.18863,,
Bartłomiej Ciepiela,overall,60.961285,,
Bartłomiej Gradecki,overall,59.60213,,
Bartłomiej Mruk,overall,56.087463,,
Baruj Aburto,overall,59.534943,,
Barış Əkinçiər,overall,58.781124,,
Bassekou Diabaté,overall,56.564255,,
Bastian Bsullak,overall,51.411743,,
Bastián Jean Yañez Miranda,overall,66.98485,,
Bastián Pino,overall,58.270405,,
Bastián Sagal,overall,55.591152,,
Batuhan Ahmet Şen,overall,61.448494,,
Beckham Sunderland,overall,57.148224,,
Beka Dartsmelia,overall,63.984985,,
Belmin Beganović,overall,54.15644,,
Ben Alexander Voll,overall,58.276104,,
Ben Collins,overall,49.66064,,
Ben Curtis,overall,55.29146,,
Ben Easton Close,overall,66.52587,,
Ben Edward Stevenson,overall,64.56403,,
Ben Engdahl,overall,54.82542,,
Ben Klefisch,overall,61.921284,,
Ben Lloyd,overall,58.760265,,
Ben Nelson,overall,61.20004,,
Ben Reveno,overall,57.243282,,
Ben Scholte,overall,62.790974,,
Benas Šatkus,overall,56.467705,,
Bendik Kristiansen,overall,54.61647,,
Benedikt Paul Grawe,overall,55.531525,,
Beni Redžić,overall,52.522346,,
Benjamin Acquah,overall,59.69446,,
Benjamin Bender,overall,64.19628,,
Benjamin Cabango,overall,68.14208,,
Benjamin Craig Old,overall,63.24347,,
Benjamin Faraas,overall,55.495495,,
Benjamin Hemcke,overall,60.253197,,
Benjamin House,overall,57.021114,,
Benjamin Jack Wiles,overall,66.979454,,
Benjamin Kikanovic,overall,56.797863,,
Benjamin Leneis,overall,60.87419,,
Benjamin Lhassine Kone,overall,61.071198,,
Benjamin Luke Woodburn,overall,67.049774,,
Benjamin Mbunga-Kimpioka,overall,58.2377,,
Benjamin Mines,overall,61.4423,,
Benjamin Peter Waine,overall,61.7733,,
Benjamin Steenfeldt Hvidt,overall,62.45062,,
Benjamin Warland,overall,60.256393,,
Benjamin Williams,overall,61.866604,,
Benjamín Antonio Garré,overall,68.15853,,
Benjamín Dominguez,overall,64.291916,,
Benjamín Ignacio Galdames Millán,overall,59.863262,,
Bennet Schieber,overall,54.33373,,
Benni Smales-Braithwaite,overall,54.446976,,
Benno Dietze,overall,58.445156,,
Berat Kalkan,overall,57.277336,,
Berkan Küpelikılınç,overall,61.28784,,
Berkay Vardar,overall,62.740685,,
Berke Özer,overall,66.1952,,
Bernardo Gouveia da Silva,overall,62.832253,,
Bernardo Martins Sousa,overall,63.48947,,
Bernardo Oliveira,overall,61.696815,,
Bernardo Silva Conceição,overall,63.878,,
Bertuğ Yıldırım,overall,57.642235,,
Besard Šabović,overall,63.573277,,
Besart Topalloj,overall,52.524643,,
Beto Avila,overall,53.762337,,
Beyhan Ametov,overall,63.69558,,
Beñat Prados Díaz,overall,67.07928,,
Beñat Turrientes Imaz,overall,68.20878,,
Biel Farrés del Castillo,overall,62.02692,,
Bijoy Varghese,overall,50.214455,,
Bilal Bayazit,overall,63.255035,,
Bilal El Khannous,overall,65.4693,,
Bilal Nadir,overall,63.099216,,
Billy Brooks,overall,57.970963,,
Billy John Sass-Davies,overall,60.185635,,
Billy van Duijl,overall,60.614616,,
Bjørn Martin Kristensen,overall,59.83973,,
Blas Esteban Armoa Núñez,overall,65.86375,,
Bleiner David Agrón Mosquera,overall,67.98961,,
Blás Miguel Riveros Galeano,overall,67.103485,,
Bobby-Emmanuel Kamwa,overall,57.231293,,
Bojan Radulović Samouković,overall,60.26505,,
Bong Soo Kim,overall,58.304523,,
Bongokuhle Hlongwane,overall,64.13196,,
Boon-Cheul Goo,overall,64.23877,,
Boris Popović,overall,62.53353,,
Borislav Ivaylov Stankov,overall,60.869,,
Borja Garcés Moreno,overall,67.2799,,
Borja Manuel Llarena Barroso,overall,62.322422,,
Borja Sainz Eguskiza,overall,66.828995,,
Boubacar Rafael Neto Hanne,overall,63.462894,,
Boureima Hassane Bandé,overall,67.15117,,
Brad Kelly,overall,50.459576,,
Bradley Holmes,overall,55.43562,,
Bradley House,overall,53.060795,,
Bradley Matufueni M'bondo,overall,56.84628,,
Bradley Walker,overall,61.63206,,
Brady Canfield Scott,overall,56.33476,,
Braian Alejandro Galván,overall,65.42239,,
Braian Ezequiel Mansilla,overall,68.09953,,
Braian Miguel Angel Martínez,overall,68.076515,,
Braian Nahuel Aguirre,overall,65.281815,,
Braian Óscar Ojeda Rodríguez,overall,67.97432,,
Branco Antonio Provoste Ovalle,overall,64.424904,,
Brandon Anthony Austin,overall,59.813526,,
Brandon Iván Servania,overall,64.130035,,
Brandon Joel Gaetano Borrello,overall,66.60373,,
Brandon Michael Clarke Thomas-Asante,overall,62.445164,,
Brandon Pursall,overall,53.159046,,
Brandon Vázquez Toledo,overall,66.84275,,
Branislav Knežević,overall,59.234467,,
Brayan Garrido,overall,60.60372,,
Brayan Medina,overall,57.950813,,
Brayan Parada,overall,61.438572,,
Brayan Yohangel Hurtado Cortesía,overall,67.60852,,
Brendan Joel Zibusiso Galloway,overall,64.51672,,
Brendan Nana Sarpong-Wiredu,overall,63.81214,,
Brenner Souza da Silva,overall,68.49421,,
Brent Vugts,overall,57.83602,,
Brett Minnema,overall,57.11035,,
Brian Alexis Leizza,overall,63.607456,,
Brian Oddei,overall,65.64905,,
Brian Philip Maher,overall,60.603252,,
Brian Rocha Araújo,overall,62.489822,,
Briant D'Altoe,overall,57.138554,,
Bright Enobakhare,overall,66.600426,,
Brody Paterson,overall,56.406242,,
Brooklyn Lyons-Foster,overall,60.46228,,
Brooklyn Raines,overall,57.86733,,
Bruno André Cavaco Jordão,overall,64.64521,,
Bruno Báez Panero,overall,57.6058,,
Bruno Henrique Marques Torres,overall,63.95883,,
Bruno Luiz Fagundeiro Cardenas,overall,68.064095,,
Bruno Miguel Carapeto dos Reis,overall,63.535362,,
Bruno Miguel Ferreira Rodrigues,overall,60.785378,,
Bruno Onyemaechi,overall,60.683823,,
Bruno Pachito,overall,56.616123,,
Bruno Poveda,overall,59.80716,,
Bruno Recalde,overall,64.31427,,
Bruno Rivas Reyes,overall,60.768856,,
Bryan David Castrillón Gómez,overall,63.880184,,
Bryan Fiabema,overall,61.085278,,
Bryan González,overall,62.765957,,
Bryan Javier Caicedo Jurado,overall,61.756527,,
Bryan Silva Teixeira,overall,66.307465,,
Bryan Soumaré,overall,66.19939,,
Bryan Zaragoza Martínez,overall,62.228718,,
Bryant Albizo,overall,56.12391,,
Bryant Nieling,overall,64.83667,,
Bryant Ortega,overall,63.589382,,
Bryce Washington,overall,55.536453,,
Bryn Andrew Morris,overall,64.25783,,
Brynjar Johnsplass,overall,54.95099,,
Brynjólfur Darri Willumsson,overall,61.58498,,
Bum Su Kim,overall,52.415943,,
Burak Ince,overall,65.39515,,
Béni Makouana,overall,66.52218,,
Bénie Adama Traoré,overall,60.613335,,
Cade Dylan Cowell,overall,65.95386,,
Caden Clark,overall,66.72283,,
Cagan Kayra Erciyas,overall,56.202755,,
Caleb Cassius Watts,overall,62.60251,,
Callan Rennie Elliot,overall,61.419506,,
Callum Alex David Burton,overall,58.457764,,
Callum Damian Peter Morton,overall,64.59744,,
Callum Jason Noel Camps,overall,64.58981,,
Callum Joseph Lang,overall,66.62775,,
Callum Thomas Ainley,overall,65.65353,,
Callum William McCowatt,overall,63.723564,,
Calum Kavanagh,overall,57.33684,,
Calvin William Ramsay,overall,64.14013,,
Cameron Bradley John,overall,59.782402,,
Cameron Dunbar,overall,59.32816,,
Cameron James Evans,overall,56.290043,,
Cameron Lisceous Humphreys-Grant,overall,68.01938,,
Cameron MacPherson,overall,61.839542,,
Cameron Mark Thomas Brannagan,overall,66.92236,,
Cameron Puertas Castro,overall,68.23135,,
Cameron Rooney,overall,53.50987,,
Cameron Terry Coxe,overall,60.123863,,
Camilo Hernán Albornoz,overall,61.592205,,
Can Hayri Özkan,overall,61.814365,,
Caoimhin Porter,overall,52.852295,,
Caolan McLaughlin,overall,52.848553,,
Carl Adam Andersson,overall,65.87646,,
Carl Adam Jonathan Hellborg,overall,60.782673,,
Carl Robert Johnston,overall,59.784378,,
Carlo Adriano García Prades,overall,65.22189,,
Carlo Gregor Boukhalfa,overall,66.568825,,
Carlo Johan Holse Justesen,overall,67.947334,,
Carlo Roberto Casap,overall,62.981823,,
Carlos Alberto Lucumi González,overall,60.640404,,
Carlos Alberto Villanueva Fuentes,overall,64.258095,,
Carlos Andrés Chore Aguilera,overall,57.1515,,
Carlos Augusto Rojas,overall,61.542664,,
Carlos Beitia Cardos,overall,62.846863,,
Carlos Daniel Calzadilla Durán,overall,61.368225,,
Carlos Daniel Meza Villa,overall,63.480267,,
Carlos Domínguez Cáceres,overall,68.12498,,
Carlos Gabriel Villalba Rivas,overall,68.204,,
Carlos Jhilmar Lora Saavedra,overall,67.76867,,
Carlos Joao Montoya García,overall,63.36697,,
Carlos Manuel Díaz Ferrer,overall,62.69879,,
Carlos Manuel Insaurralde Ochart,overall,67.75205,,
Carlos Martín Domínguez,overall,62.386833,,
Carlos Mateo Abastoflor Aguilera,overall,60.15424,,
Carlos Miguel Harvey Cesneros,overall,54.635338,,
Carlos Niño Junior Espinola Díaz,overall,59.015434,,
Carlos Paraco,overall,58.02697,,
Carlos Percy Liza Espinoza,overall,68.017975,,
Carlos Raúl Olses Quijada,overall,67.45187,,
Carlos Romero Serrano,overall,60.12402,,
Carlos Terán Díaz,overall,60.684174,,
Carmine Soel Chiappetta,overall,58.423004,,
Carney Chibueze Chukwuemeka,overall,66.043274,,
Carson Buschman-Dormond,overall,60.46254,,
Casper Kaarsbo Winther,overall,64.44914,,
Casper Staring,overall,63.403458,,
Celton Ansumane Biai,overall,60.5842,,
Cem Tuna Türkmen,overall,63.976433,,
Cem Çelik,overall,59.804302,,
Cenk Özkaçar,overall,65.57091,,
Cezary Miszta,overall,61.586006,,
Chan Yong Kim,overall,52.41479,,
Chang Hwan Park,overall,59.506863,,
Chanka Zimba,overall,56.576637,,
Charbel Codjo Gomez,overall,59.02095,,
Charles Mutawe,overall,48.46429,,
Charles Nathan Abi,overall,64.15935,,
Charley Kendall,overall,54.476357,,
Charlie Caton,overall,57.958508,,
Charlie Daniel Brown,overall,55.483604,,
Charlie David Kirk,overall,67.99288,,
Charlie Patrick Jolley,overall,57.058735,,
Charlie Seaman,overall,59.758617,,
Charlie Williams,overall,56.230392,,
Check Oumar Diakité,overall,68.29238,,
Cheick Aymar Timité,overall,65.64244,,
Cheick Tiemoko Diabate,overall,63.466522,,
Cheikh Ahadou Tidiane Thiam,overall,61.185905,,
Cheikh Ahmet Tidian Niasse,overall,66.32511,,
Cheikh Tidiane Sabaly,overall,64.513336,,
Chiekh Thiam,overall,56.044487,,
Chigozier Caleb Chukwuemeka,overall,57.032722,,
Chinonso Offor Nnamdi,overall,58.96376,,
Chris Donovan,overall,49.95745,,
Chris Forino-Joseph,overall,61.457138,,
Chris Kouakou,overall,62.256416,,
Chris Lotefa,overall,52.2708,,
Chris Vianney Bedia,overall,67.05321,,
Chrislain Iris Aurel Matsima,overall,68.14342,,
Christian Acella,overall,63.782883,,
Christian Adán Larotonda Adán,overall,67.837875,,
Christian Capone,overall,67.15186,,
Christian Diego Pastina,overall,65.44346,,
Christian Dominick Torres,overall,55.254494,,
Christian Fernandes Marques,overall,63.504158,,
Christian Franco,overall,59.533455,,
Christian Frederick Bayoi Makoun Reyes,overall,66.2423,,
Christian Jaeger Cappis,overall,66.80708,,
Christian Joe Conteh,overall,64.27138,,
Christian Joel Sánchez Leal,overall,63.00332,,
Christian Kouan Oulaï,overall,68.34071,,
Christian Mork Breivik,overall,56.612213,,
Christian Norton,overall,59.37718,,
Christian Rivera Hernández,overall,66.80313,,
Christian Schiavone Modica,overall,59.80545,,
Christian Tapia,overall,60.28037,,
Christián Herc,overall,68.335335,,
Christopher Brady,overall,57.27843,,
Christopher Cadden,overall,66.491714,,
Christopher Francis Merrie,overall,57.138203,,
Christopher Gavin Scott,overall,66.989395,,
Christopher Giuliani,overall,59.82807,,
Christopher Gloster,overall,61.700615,,
Christopher James Durkin,overall,67.39715,,
Christopher Lungoyi,overall,64.24636,,
Christopher Maurice Wooh,overall,66.614975,,
Christopher Robin Olivares Burga,overall,64.261894,,
Cian William Thomas Harries,overall,64.77561,,
Ciaran Patrick Gilligan,overall,62.10909,,
Cillian Heaney,overall,51.51819,,
Ciro Panico,overall,62.15501,,
Claudio Espinoza,overall,56.937737,,
Claudiu Adrian Mihai Petrila,overall,68.098564,,
Clayton Fernandes Silva,overall,62.506195,,
Cleilton Monteiro da Costa,overall,65.31907,,
Clelio Gustavo Nnachi Espinoza,overall,59.93083,,
Clemente José Montes Barroilhet,overall,67.02478,,
Clinton Mola,overall,64.934975,,
Clyde Nick García Segura,overall,63.487835,,
Clément Bayiha,overall,57.925316,,
Clément Billemaz,overall,60.82321,,
Cody Callum Pierre Drameh,overall,65.442024,,
Cody Collins,overall,55.555576,,
Cole Turner,overall,56.80594,,
Collins Sichenje,overall,56.93685,,
Connor Isaac Metcalfe,overall,68.4116,,
Connor Pye,overall,54.550423,,
Connor Smith,overall,60.40885,,
Conor Mark Chaplin,overall,67.90575,,
Conor Michael Grant,overall,61.73981,,
Constantin Cristian Dima,overall,59.654068,,
Corrie Richard Ndaba,overall,60.20339,,
Cosimo Marco Da Graca,overall,62.445164,,
Cosmin Gabriel Atănase,overall,59.87685,,
Cosmin Tucaliuc,overall,63.351593,,
Cottrell Ezekwem,overall,60.304348,,
Cristhian David Riveros Silvero,overall,60.369408,,
Cristhian Mosquera Ibargüen,overall,65.07473,,
Cristhian Penayo,overall,60.3289,,
Cristian Cosmin Dumitru,overall,63.306465,,
Cristian Enrique Cruz Meleán,overall,61.604813,,
Cristian Estaban Trujillo Riascos,overall,64.80267,,
Cristian Ezequiel Ferreira,overall,69.18837,,
Cristian Gonzalo Torres,overall,58.97219,,
Cristian Ignat,overall,53.657787,,
Cristian Maxim,overall,54.88153,,
Cristian Riquelme,overall,60.39071,,
Cristián Alexander Zavala Briones,overall,66.4346,,
Cristián Díaz,overall,51.496296,,
Cristián Díaz Ferrada,overall,56.76774,,
Cristo Ramón González Pérez,overall,68.46466,,
Cristopher Alejandro Medina García,overall,60.941093,,
Cristopher Javier Varela Caicedo,overall,64.49628,,
Cristóbal Ignacio Finch Barrios,overall,56.733227,,
Cyril Etoga,overall,56.543,,
Cyrus Dehmie,overall,57.58165,,
César Alejandro Menacho Claros,overall,61.515358,,
César Gelabert Piña,overall,65.4737,,
César Pérez,overall,60.837734,,
César Roman Ibáñez,overall,63.022186,,
César Tárrega Requeni,overall,63.750107,,
César Valero Álvarez,overall,61.580807,,
Călin Popescu,overall,58.743984,,
Cătălin Albu,overall,54.132,,
Daam Wonnebald Foulon,overall,66.486664,,
Daan Reiziger,overall,61.447865,,
Dae Woo Kim,overall,58.724274,,
Daishawn Orpheo Marvin Redan,overall,65.3562,,
Daithí McCallion,overall,49.780117,,
Dalibor Markovic,overall,51.870544,,
Dalisson de Almeida Leite,overall,64.48444,,
Damaitphang Lyngdoh,overall,53.582027,,
Damian Daniel Isac,overall,61.460194,,
Damian Duffy,overall,48.249424,,
Damiano Pecile,overall,61.842754,,
Damir Redzic,overall,65.3862,,
Damián Ariel Fernández,overall,62.956707,,
Damián Moreno,overall,53.62443,,
Dan Assane Ndoye,overall,67.97735,,
Dan Davies,overall,56.353764,,
Dana Amaral,overall,54.685997,,
Dane James Ingham,overall,60.24849,,
Dane Murray,overall,58.15896,,
Dane Pharrell Scarlett,overall,64.12768,,
Dango Aboubacar Faissal Ouattara,overall,62.572876,,
Daniel Albiar Serrano,overall,64.83214,,
Daniel Alejandro Pérez Córdova,overall,64.43552,,
Daniel Alonso Aceves Patiño,overall,65.2293,,
Daniel Andrés Luna García,overall,64.21012,,
Daniel David Jebbison,overall,62.591354,,
Daniel Dodds,overall,52.062355,,
Daniel Dumbravanu,overall,55.59911,,
Daniel Esmorís Tasende,overall,64.20491,,
Daniel Esteban Ríos,overall,61.14279,,
Daniel Filipe Bandeira e Silva,overall,61.559135,,
Daniel Francis Anyembe,overall,62.949562,,
Daniel George Ballard,overall,68.121796,,
Daniel González,overall,64.80541,,
Daniel González Flores,overall,60.303516,,
Daniel González García,overall,58.95316,,
Daniel Grant,overall,61.662926,,
Daniel Happe,overall,59.326817,,
Daniel Harry Kemp,overall,63.682266,,
Daniel Hawkins,overall,56.19073,,
Daniel Håkans,overall,61.730484,,
Daniel Leyva,overall,64.30416,,
Daniel Lorenzo Guerrero,overall,65.702896,,
Daniel Lønne Iversen,overall,62.19253,,
Daniel Mandroiu,overall,65.23202,,
Daniel Martín Fernández,overall,64.65245,,
Daniel Mesenhöler,overall,66.60159,,
Daniel Mosquera,overall,59.97694,,
Daniel Namaso Edi-Mesumbe Loader,overall,68.14611,,
Daniel Neil,overall,65.43672,,
Daniel Nkrumah,overall,54.252724,,
Daniel Polanco,overall,66.028534,,
Daniel Queipo Menéndez,overall,62.88364,,
Daniel Rebollo Franco,overall,63.545044,,
Daniel Rojas Céspedes,overall,64.35159,,
Daniel Shaquille Jabari Phillips,overall,62.933376,,
Daniel Steven Devine,overall,59.50251,,
Daniel Szelągowski,overall,63.973267,,
Daniel Tiefenbach,overall,60.46647,,
Daniel Toma,overall,64.113686,,
Daniel Veiby Held,overall,56.903908,,
Daniel Vidal Martínez,overall,61.91654,,
Daniel Villahermosa,overall,66.97178,,
Daniel William Harvie,overall,61.46152,,
Daniel dos Santos Penha,overall,68.32756,,
Daniel Ściślak,overall,61.504128,,
Daniel Štefulj,overall,63.44708,,
Daniels Ontužāns,overall,60.240627,,
Danilo Acosta,overall,62.5665,,
Danilo Filipe Melo Veiga,overall,64.77226,,
Daniël De Silva,overall,64.96154,,
Daniël van Kaam,overall,67.0909,,
Danny Cashman,overall,61.226883,,
Dantouma Yaya Toure,overall,61.279682,,
Dany Jean,overall,63.789337,,
Dapo Mebude,overall,62.20099,,
Dara Costelloe,overall,61.808674,,
Darijo Grujcic,overall,55.346615,,
Dario Kreiker,overall,60.390034,,
Dario Oger,overall,60.250828,,
Darius Constantin Grosu,overall,56.56746,,
Dariusz Pawłowski,overall,59.887894,,
Darlin Alberto Leiton Lamilla,overall,64.848946,,
Darlin Zidane Yongwa Ngameni,overall,63.78884,,
Darluis Paz,overall,65.68345,,
Darnell Tobias Jack Johnson,overall,57.704796,,
Darrell Kamdem Tibell,overall,55.806,,
Darren Collins,overall,49.112038,,
Darren Watson,overall,57.045906,,
Darío Ramos Pinazo,overall,59.360855,,
David Agbo,overall,60.790203,,
David Alba Fernández,overall,61.540035,,
David Argüelles Álvarez,overall,61.2679,,
David Atanga,overall,64.61115,,
David Ayomide Kasumu,overall,66.81717,,
David Bremang,overall,53.73426,,
David Concha Salas,overall,68.321724,,
David Cuenca Barreno,overall,61.953056,,
David Djigla,overall,61.813747,,
David Edvardsson,overall,57.325066,,
David Fisher,overall,57.02292,,
David Iordache,overall,61.478836,,
David Jacovic,overall,64.20671,,
David Kjær Kruse,overall,62.293583,,
David Lennart Philipp,overall,64.47951,,
David Ochoa,overall,65.49105,,
David Odumosu,overall,59.98701,,
David Peter Kopacz,overall,65.46996,,
David Poreba,overall,56.27346,,
David Puntigam,overall,54.887318,,
David Raul Miculescu,overall,66.967224,,
David Ribera,overall,64.424934,,
David Rodríguez Ramos,overall,60.820984,,
David Samuel Custódio Lima,overall,57.087597,,
David Sousa Albino,overall,60.52666,,
David Strelec,overall,64.482956,,
David Torres Ortiz,overall,62.182457,,
David Ungar,overall,59.962402,,
David Vogt,overall,59.628582,,
David Vraciu,overall,61.29016,,
David-Marian Croitoru,overall,57.488735,,
Davide Merola,overall,58.706783,,
Davide-Jerome Itter,overall,62.961693,,
Dawid Kocyła,overall,62.26345,,
Daykol Romero,overall,59.821564,,
Dayler Quintela,overall,57.341187,,
Dean Graeme Campbell,overall,64.77324,,
Declan David Glass,overall,61.640236,,
Degnand Wilfried Gnonto,overall,68.58523,,
Deiber Jair Caicedo Mideros,overall,68.594826,,
Dejan Tetek,overall,62.928993,,
Delano Vianello,overall,61.491295,,
Denilson Josué Ovando Ramírez,overall,61.35006,,
Denis Graţian Haruţ,overall,64.53442,,
Denis Lucian Hrezdac,overall,59.50283,,
Denis Mihai Drăguş,overall,64.60025,,
Denizcan Cosgun,overall,62.380325,,
Dennis Emmanuel Abiodun Adeniran,overall,63.38673,,
Dennis Olsson,overall,60.266163,,
Dennis-Adam Gorka,overall,61.048603,,
Dennis-Dorian Politic,overall,62.797573,,
Denver Jay Hume,overall,61.507954,,
Derek Agyakwa,overall,56.516823,,
Derek Germano Kutesa,overall,66.22895,,
Derik Gean Severino Lacerda,overall,64.33917,,
Derlis Darío Martínez González,overall,60.625786,,
Derrick Arthur Köhn,overall,64.664505,,
Des Kunst,overall,57.302387,,
Devansh Dabas,overall,49.392155,,
Devante James Parker,overall,64.91575,,
Devid Eugene Bouah,overall,54.256516,,
Devin Remie,overall,57.100967,,
Devinson Martínez,overall,59.814255,,
Didier Bueno,overall,61.56782,,
Didrik Hafstad,overall,55.3811,,
Diego Acevedo,overall,58.379166,,
Diego Alende López,overall,66.368065,,
Diego Alessandro Guillén Alarcón,overall,62.62089,,
Diego Alexander Gómez,overall,68.02238,,
Diego Altube Suárez,overall,64.349785,,
Diego Ariel Duarte Garcete,overall,60.870087,,
Diego Augusto Rodríguez Carreño,overall,61.491795,,
Diego Collado Raya,overall,61.63671,,
Diego Gabriel Silva Rosa,overall,68.14342,,
Diego Gustavo Rodrigues de Lima,overall,63.666584,,
Diego Gutierrez,overall,58.248043,,
Diego Gutiérrez Chinea,overall,64.07559,,
Diego Hernández,overall,65.59049,,
Diego José Conde Alcolado,overall,63.660057,,
Diego López Noguerol,overall,64.18555,,
Diego Manuel J. da Silva Moreira,overall,68.78587,,
Diego Martín Valencia Morello,overall,68.06527,,
Diego Medina,overall,62.30969,,
Diego Moreno Garbayo,overall,61.661526,,
Diego Nicolás Aranda Rojas,overall,59.55879,,
Diego Sánchez Pérez,overall,65.0479,,
Diego Valentín Rodríguez Alonso,overall,61.973473,,
Diego Varela Pampín,overall,61.82913,,
Diego Vicente Bri Carrazoni,overall,62.22006,,
Dikeni Salifou,overall,65.10146,,
Dilan Kumar Markanday,overall,62.744686,,
Dillan Solomons,overall,62.288315,,
Dimitri Joseph Oberlin Mfomo,overall,64.62463,,
Dinis L. Casals Pinto,overall,61.507168,,
Dino Salihovic,overall,61.10695,,
Dioggo Isita,overall,61.406986,,
Diogo Costa Pinto,overall,63.233784,,
Diogo Filipe Pacheco Abreu,overall,68.27673,,
Diogo Lucas Queirós,overall,63.73159,,
Diogo Nathan Peixe Barreto,overall,68.17117,,
Diogo Pinheiro Monteiro,overall,56.843155,,
Diogo dos Santos Cabral,overall,65.74614,,
Diosdany Goncalves,overall,60.103436,,
Dipu Mirdha,overall,49.320614,,
Djamal Moussadek,overall,52.659782,,
Djeidi Gassama,overall,61.69568,,
Djibril Thialaw Diop,overall,62.6326,,
Djorkaeff Neicer Reasco González,overall,63.78045,,
Do Yun Choi,overall,55.93274,,
Dom Ballard,overall,61.38544,,
Dominic David Telford,overall,64.20476,,
Dominic Thomas,overall,63.046688,,
Dominik Bauer,overall,52.566986,,
Dominik Bilogrević,overall,62.250057,,
Dominik Florian Klann,overall,59.404037,,
Dominik Franke,overall,63.79688,,
Dominik Piła,overall,60.284954,,
Dominik Prpić,overall,58.38162,,
Dominik Sokół,overall,59.0372,,
Dorian Ciezkowski,overall,51.037884,,
Douglas Matías Arezo Martínez,overall,68.47778,,
Douglas Tharme,overall,56.667217,,
Doğukan Kaya,overall,55.321934,,
Dragoljub Savić,overall,61.411987,,
Dragoș Sebastian Tescan,overall,61.628372,,
Drew Baker,overall,54.452534,,
Dries Wouters,overall,68.76843,,
Duccio Degli Innocenti,overall,64.36214,,
Duncan Nosahaere Idehen,overall,56.706448,,
Dylan Adjei-Hersey,overall,55.61115,,
Dylan Barkers,overall,55.208134,,
Dylan Demuynck,overall,63.547455,,
Dylan Duncan,overall,58.43689,,
Dylan Durivaux,overall,50.203705,,
Dylan Felipe Borrero Caicedo,overall,62.056026,,
Dylan G'Beuly,overall,57.723392,,
Dylan James Christopher Levitt,overall,67.94006,,
Dylan José Perera Plasencia,overall,63.81914,,
Dylan Lobban,overall,59.5051,,
Dylan Louis Ange Ouédraogo,overall,61.60826,,
Dylan Molloy,overall,47.887627,,
Dylan Murugesapillai,overall,56.548813,,
Dylan Reid,overall,60.643204,,
Dynel Brown Kembo Simeu,overall,61.485653,,
Dário Cassia Luís Essugo,overall,67.69542,,
Dêniro Rubens Prestes Cadete,overall,57.417587,,
Ebeguowen Owen Otasowie,overall,61.099205,,
Ebrima-Dominique N’dure,overall,60.589993,,
Ed McJannet,overall,61.654675,,
Eddie Anthony Salcedo Mora,overall,68.22894,,
Eddie Munjoma,overall,57.935745,,
Eddy Sylvestre Negadi,overall,64.7758,,
Edenildo Eloi Lagoas Regalo,overall,61.626244,,
Ederson Salomón Rodríguez Lima,overall,67.75684,,
Edgar Alberto Olivares Villarroel,overall,61.717358,,
Edgar Eyffer Lastre Mercado,overall,59.181896,,
Edgar Joel Elizalde Ferreira,overall,62.952282,,
Edi Sylisufaj,overall,61.741848,,
Edin Omeragic,overall,56.59846,,
Edison Alexander Azcona Vélez,overall,61.01304,,
Edison Mero,overall,64.08834,,
Edmond-Paris Maghoma,overall,63.94064,,
Edoardo Iannoni,overall,63.25763,,
Edoardo Piana,overall,55.547325,,
Edoardo Pierozzi,overall,60.87309,,
Edson Acevedo,overall,60.95818,,
Edson Armando Rivas Vielma,overall,63.785175,,
Eduard Dutu,overall,59.31813,,
Eduard Kozik,overall,63.018906,,
Eduard Probst,overall,56.83542,,
Eduardo Dos Santos Haesler,overall,60.022385,,
Eduardo Enrique Fereira Peñaranda,overall,66.965065,,
Eduardo Filipe Quaresma Vieira Coimbra Simões,overall,68.72191,,
Eduardo Oliveira Borges,overall,58.723,,
Eduards Daškevičs,overall,57.950542,,
Edvin Austbø,overall,56.7702,,
Edvin Tellgren,overall,53.290283,,
Edward James Bishop,overall,67.46504,,
Edward Kizza,overall,61.577553,,
Edwin Stiven Mosquera Palacios,overall,66.932785,,
Edwin Valencia,overall,60.34982,,
Efe Arda Koyuncu,overall,58.947845,,
Efe Tatlı,overall,65.373764,,
Efraín Álvarez,overall,67.12034,,
Egoitz Arana Aizpurua,overall,59.183964,,
Eiran Cashin,overall,63.3087,,
Eivind Helgeland,overall,57.65672,,
Ejaita Ifoni,overall,54.752914,,
Ekin Çelebi,overall,59.350403,,
El Mehdi Moubarik,overall,64.32752,,
Eleutherios Lyratzis,overall,64.66636,,
Elias Aarflot,overall,53.198654,,
Elias Imed Damergy,overall,61.89701,,
Elias Jona Bördner,overall,60.537636,,
Elias Kratzer,overall,53.220608,,
Elias Kristoffersen Hagen,overall,66.92113,,
Elias Löder,overall,60.701263,,
Elias Manoel,overall,58.803482,,
Elias Sebastian Solberg,overall,58.439396,,
Elicha Ahui,overall,54.437965,,
Elija Wohlgemuth,overall,56.013165,,
Elijah Henry Just,overall,65.41357,,
Elio Salazar,overall,61.026657,,
Elione Fernandes Neto,overall,62.656147,,
Eliézer Meléndez,overall,64.329865,,
Ellery Ronald Balcombe,overall,61.268867,,
Elliot John Embleton,overall,65.8508,,
Elliot Jorge Simões Inácio,overall,62.048122,,
Elliot Morgan Thorpe,overall,60.265156,,
Elliot William Watt,overall,64.3221,,
Elliott Anderson,overall,68.103905,,
Elliott Michael Bonds,overall,60.294296,,
Elliott Ricardo Wignal List,overall,58.407097,,
Ellis Carlo Iandolo,overall,60.21349,,
Ellis Darren Chapman,overall,62.451782,,
Elvis Kevin Velasco,overall,62.254963,,
Elyas Al Biladi,overall,50.617294,,
Elías Alejandro Arias Rengel,overall,56.74129,,
Elías Alejandro Ramos Castillo,overall,64.51112,,
Elías Britez,overall,60.4877,,
Elías Iván Pereyra,overall,64.15346,,
Elías Rafn Ólafsson,overall,62.626984,,
Elías Sebastián López,overall,65.12349,,
Emanuel Dat,overall,61.48996,,
Emanuel Lalchhanchhuaha,overall,50.925724,,
Emerson Hyndman,overall,68.3308,,
Emerson Rivaldo Rodríguez Valois,overall,62.943764,,
Emerson Velasquez,overall,61.697956,,
Emil Alfons Holm,overall,62.291878,,
Emil Hellman,overall,58.783577,,
Emil Konradsen Ceïde,overall,66.57676,,
Emil Nestved Kornvig,overall,66.86328,,
Emil Roback,overall,56.97077,,
Emil Varhaugvik Breivik,overall,65.53335,,
Emilian Metu,overall,61.56619,,
Emiliano Agustín Villar Vidal,overall,65.554405,,
Emiliano Brienza,overall,53.73372,,
Emiliano Clavijo,overall,64.55921,,
Emiliano Martínez Toranza,overall,67.97752,,
Emiliano Vidart,overall,61.193966,,
Emilio Kehrer,overall,63.6165,,
Emir Kaan Gültekin,overall,60.135128,,
Emmanuel Attipoe,overall,57.969284,,
Emmanuel Danso,overall,60.342903,,
Emmanuel Delan Junior Latte Lath,overall,63.704605,,
Emmanuel Ebuka Osadebe,overall,60.67657,,
Emmanuel Ilesanmi,overall,53.420147,,
Emmanuel Longelo Mbule,overall,59.283066,,
Emmanuel Matuta,overall,61.344086,,
Emmanuel Ogura,overall,57.820164,,
Emre Demir,overall,68.05448,,
Emre Topcu,overall,52.66731,,
Emrecan Uzunhan,overall,58.143047,,
Emrehan Gedikli,overall,60.12432,,
Enis Çokaj,overall,68.05504,,
Enmerson Geovanny Batalla Martínez,overall,63.93886,,
Enric Llansana Beuse,overall,64.11022,,
Enrico Celeghin,overall,57.126183,,
Enrico Del Prato,overall,64.27985,,
Enrico Erick Dueñas Hernández,overall,63.275005,,
Enrique Achahuanco,overall,54.892776,,
Enrique Barja Afonso,overall,66.59946,,
Enrique Camargo,overall,66.97927,,
Enrique Clemente Maza,overall,67.28432,,
Enrique Jesús Salas Valiente,overall,62.258778,,
Enrique Manuel Peña Zauner,overall,65.27914,,
Enrique Ríos Vega,overall,59.502483,,
Enrique Taborga,overall,60.476692,,
Enzo Camille Alain Millot,overall,68.216805,,
Enzo Joaquín Sosa Romañuk,overall,68.40458,,
Enzo López,overall,59.817616,,
Enzo Martín Roldán,overall,66.75583,,
Ephron Jardell Mason-Clark,overall,61.84768,,
Eren Sami Dinkçi,overall,65.366516,,
Eric Anders Smith,overall,64.62153,,
Eric Andre Kahl,overall,64.889725,,
Eric Junior Bocat,overall,63.644814,,
Eric Ocansey,overall,68.010124,,
Erick Perleche,overall,64.55393,,
Erick Steven Ferigra Burnham,overall,66.35889,,
Erik Benjamin Nygren,overall,65.15137,,
Erik Centeno,overall,53.864025,,
Erik Jorgens de Menezes,overall,66.95224,,
Erik Nicolás López Samaniego,overall,64.243324,,
Erik Ring,overall,62.739254,,
Erik Ross Palmer-Brown,overall,64.520744,,
Erik Shuranov,overall,65.97644,,
Erik Sorga,overall,60.882042,,
Erik Tallig,overall,66.9234,,
Erik Tobias Tangen Sandberg,overall,57.94646,,
Eris Abedini,overall,60.975403,,
Erison Danilo de Souza,overall,68.33824,,
Erolind Krasniqi,overall,61.78446,,
Ertuğrul Çetin,overall,56.922073,,
Esey Gebreyesus,overall,63.762024,,
Esmir Bajraktarevic,overall,63.689426,,
Esteban Cristóbal Valencia Reyes,overall,64.78133,,
Esteban Kirkman,overall,54.80285,,
Esteban Petignat,overall,53.936348,,
Ethan Christopher Dobbelaere,overall,58.204998,,
Ethan Craig Brierley,overall,59.317814,,
Ethan Stuart William Galbraith,overall,67.92281,,
Ethyan Jesús González Morales,overall,66.436966,,
Euan Henderson,overall,60.57133,,
Eusebio Monzó Alfonso,overall,60.189243,,
Evan Marley Khouri,overall,56.232487,,
Evan Ovendale,overall,52.972145,,
Evidence Makgopa,overall,63.757984,,
Evren Eren Elmalı,overall,67.52829,,
Ewan Henderson,overall,65.834045,,
Exon Gustavo Vallecilla Godoy,overall,63.847183,,
Eylon Almog,overall,64.06883,,
Ezequiel Busquets Sanguinetti,overall,61.065613,,
Ezequiel Cannavó,overall,61.47916,,
Ezequiel Emanuele,overall,59.208763,,
Fabian Daniel Rohner,overall,62.99712,,
Fabian Herbst,overall,60.321274,,
Fabian Tauchhammer,overall,55.67999,,
Fabiano Cibi,overall,56.67804,,
Fabiano Josué de Souza Silva,overall,68.33858,,
Fabio Blanco Gómez,overall,62.12432,,
Fabio Rojas,overall,63.266502,,
Fabio Schneider,overall,61.428852,,
Fabián Steven Ángel Bernal,overall,66.868225,,
Fabrice Daniel Hartmann,overall,58.81795,,
Fabricio Mariaca,overall,55.113846,,
Fabrizio Nicolás Correa González,overall,59.984165,,
Facundo Daniel Kruspzky,overall,68.13438,,
Facundo Ezequiel Almada,overall,66.259926,,
Facundo Fabián Trinidad Carballo,overall,57.714798,,
Facundo Leonel Mater,overall,67.59917,,
Facundo Martín Pérez,overall,68.1893,,
Facundo Pellistri Rebollo,overall,68.36201,,
Fahad Khalid Al-Dossari,overall,55.420033,,
Faisal Al Mutairi,overall,52.136974,,
Falah Waleed Juma Alsouri Aljneibi,overall,59.54316,,
Fares Al Garzae,overall,53.62816,,
Farick Haddad,overall,56.8074,,
Farrend James Rawson,overall,63.795677,,
Faruk Can Genç,overall,59.514114,,
Fatih Yiğit Şanlıtürk,overall,63.77653,,
Fatih Yılmaz,overall,56.385284,,
Faustino Adebola Rasheed Anjorin,overall,65.252686,,
Fedde de Jong,overall,63.66616,,
Federico Agustín Gattoni,overall,67.831055,,
Federico Darío Navarro,overall,68.129524,,
Federico Girotti Bonazza,overall,67.48097,,
Federico Pace,overall,55.637722,,
Felipe Tomás Zenobio,overall,61.464203,,
Felix Brand,overall,58.7504,,
Felix Eriksson,overall,53.393345,,
Felix Kalu Nmecha,overall,68.448555,,
Felix Karl-Ernst Gebhardt,overall,60.811996,,
Felix Khonde Mambimbi,overall,65.61575,,
Felix Lange,overall,60.39469,,
Felix Omoruyi Irorere,overall,58.68063,,
Felix Wennergrund,overall,54.052757,,
Fernando Andrés Prado Avelino,overall,63.420994,,
Fernando Aurelio Román Villalba,overall,63.22373,,
Fernando David Cardozo Paniagua,overall,67.8687,,
Fernando Díaz,overall,53.63978,,
Fernando Fabián Ovelar Martínez,overall,62.862026,,
Fernando Medrano Gastañaga,overall,61.846516,,
Fernando Pacheco,overall,66.6122,,
Fernando Raúl Romero González,overall,65.81897,,
Fernando Ruiz Díaz,overall,54.89701,,
Fernán Faerron,overall,58.722546,,
Filip Bundgaard Kristensen,overall,62.94129,,
Filip Chalupniczak,overall,53.569645,,
Filip Filipos Lars Sachpekidis,overall,66.51133,,
Filip Koperski,overall,64.82626,,
Filip Kramarz,overall,57.19031,,
Filip Rønningen Jørgensen,overall,65.4406,,
Filip Wojciech Jagiełło,overall,67.94098,,
Filip Zawadzki,overall,61.554756,,
Filipe De Carvalho,overall,53.07209,,
Filipe Miguel Barros Soares,overall,68.911896,,
Filippo Delli Carri,overall,59.01702,,
Filippo Palazzino,overall,62.271946,,
Filippo Tripi,overall,63.81619,,
Finley Bell,overall,55.244343,,
Finley Stevens,overall,62.7751,,
Finn Isaac Azaz,overall,66.65239,,
Finn-Dominik Porath,overall,66.77269,,
Firas Tariq Nasser Al-Buraikan,overall,64.01845,,
Fisnik Isaki,overall,57.376408,,
Flamur Dzelili,overall,56.696854,,
Flavio Bianchi,overall,62.791325,,
Florent Da Silva,overall,66.94926,,
Florentin Lucien Jean Bloch,overall,60.38468,,
Florian Butscher,overall,55.81756,,
Florian Krüger,overall,68.13641,,
Florian Nichita Haită,overall,61.569107,,
Florian-Horst Carstens,overall,61.818703,,
Florin Gheorghe Borţa,overall,57.366497,,
Floris Smand,overall,58.50233,,
Flynn Clarke,overall,63.57533,,
Flávio Basilua Jacinto Nazinho,overall,64.54961,,
Fortune Bassey,overall,64.13937,,
Francesco Antonucci,overall,67.00837,,
Francesco Donati,overall,64.92022,,
Francho Serrano Gracia,overall,67.084885,,
Francis Florin Bălan,overall,57.20602,,
Francisco Agustín González,overall,66.71091,,
Francisco Bregante,overall,56.021473,,
Francisco Delgado Rojano,overall,57.832954,,
Francisco Fabián Álvarez,overall,67.96615,,
Francisco Ginella Dabezies,overall,64.27902,,
Francisco Javier Chaverra Angulo,overall,67.66996,,
Francisco Javier Montero Rubio,overall,68.55645,,
Francisco Joel Gerometta,overall,65.79367,,
Francisco Jorge Tavares Oliveira,overall,68.08605,,
Francisco José Rodríguez Araya,overall,64.46415,,
Francisco José Villalba Rodrigo,overall,68.96548,,
Francisco Manuel Gonzalez Verjara,overall,62.577133,,
Francisco Meira Meixedo,overall,64.02549,,
Francisco Sampaio Moura,overall,68.51436,,
Francisco Sebastián Moyano Jiménez,overall,63.645782,,
Francisco Vidal Bareiro Muñoz,overall,60.93943,,
Franck Cédric Tsadjout,overall,62.63064,,
Franck Elimane Kanouté,overall,65.72475,,
Franck Junior Evina,overall,62.58832,,
Franco Agustín Quinteros,overall,64.40683,,
Franco Baldassarra,overall,64.68632,,
Franco Daryl Tongya Heubang,overall,61.283695,,
Franco Gabriel Ibarra,overall,64.07431,,
Franco Herrera,overall,63.43519,,
Franco Manuel Saravia Rojas,overall,64.80711,,
Franco Nicolás Fragueda,overall,60.731617,,
Frank Stople,overall,56.19093,,
Frankarlos Benítez,overall,56.862133,,
Fred Marcos Cardouso Pombal,overall,68.196915,,
Freddie Carter,overall,58.38446,,
Freddy Alejandro Oncoy Huarote,overall,63.17109,,
Freddy Andrés Roca Vivancos,overall,62.91958,,
Freddy Kleemann,overall,54.15522,,
Frederik Alves Ibsen,overall,57.05189,,
Frederik Franck Winther,overall,65.458046,,
Frederik Rahn,overall,55.960102,,
Fredrik Sjøvold,overall,58.621437,,
Fredy Valencia,overall,60.21118,,
Friday Etim,overall,59.50191,,
Fryderyk Gerbowski,overall,60.699646,,
Fynn Otto,overall,58.583813,,
Fábio André Freitas Vianna,overall,55.16698,,
Fábio André Tavares Desidério,overall,61.197178,,
Fábio Daniel Soares Silva,overall,68.77659,,
Fábio Pereira Baptista,overall,61.26962,,
Fábio Ronaldo Costa Conceição,overall,60.232624,,
Félix Alexandre Andrade Sanches Correia,overall,68.19122,,
Fıratcan Üzüm,overall,64.2698,,
Gabriel Agustín Sotomayor Cardozo,overall,65.370094,,
Gabriel Colmenárez,overall,64.537315,,
Gabriel Dănuleasă,overall,58.13957,,
Gabriel Fernandes Castro,overall,54.542877,,
Gabriel Julien Dominique Barès,overall,64.142395,,
Gabriel Norambuena,overall,61.55811,,
Gabriel Pereira dos Santos,overall,67.964905,,
Gabriel Silva Vieira,overall,68.01244,,
Gabriel Veiga Novas,overall,63.927105,,
Gabriele Gori,overall,60.915714,,
Gaby Jean,overall,59.870647,,
Gali Balanta,overall,63.275406,,
Garis Mina,overall,60.658047,,
Gary Moya,overall,61.41238,,
Gaspar Campos Ansó Fernández,overall,64.82274,,
Gassan Ahadme Yahyai,overall,61.775913,,
Gastón Alejandro Pérez Conde,overall,63.7523,,
Gastón Benítez,overall,61.539177,,
Gastón Luciano Ávila,overall,67.97891,,
Gastón Nicolás Martirena Torres,overall,64.72961,,
Gastón Nicolás Verón,overall,63.66134,,
Gaultiér Overman,overall,58.488472,,
Gaute Høberg Vetti,overall,63.390278,,
Gavin Okeroghene Bazunu,overall,66.93505,,
Geani Mihai Crețu,overall,61.91199,,
Gedion Zelalem,overall,65.24816,,
Gennaro Borrelli,overall,54.738194,,
Geny Cipriano Catamo,overall,64.907455,,
Geon Woo Park,overall,50.824135,,
George Acosta,overall,59.155693,,
George Alexandru Cîmpanu,overall,65.57464,,
George Asomani,overall,53.779823,,
George Blackwood,overall,58.01393,,
George Burroughs,overall,56.758125,,
George Christopher Williams,overall,63.969906,,
George Cowmeadow,overall,53.719334,,
George Cristian Merloi,overall,62.098736,,
George Damien Nurse,overall,61.722317,,
George David Dobson,overall,65.14853,,
George David Eric Hirst,overall,66.17418,,
George Dănuț Ganea,overall,64.52154,,
George Iain Cooper,overall,64.554016,,
George Ionuț Dragomir,overall,57.396267,,
George Lewis,overall,58.887295,,
George Mihai Micle,overall,61.66774,,
George Oluwaseun Bello,overall,67.36889,,
George Owen Marsh,overall,63.145855,,
George Robert Lawrence Lloyd,overall,59.10259,,
George Thomas Maris,overall,66.093475,,
Georgi Tunjov,overall,63.44213,,
Gerald Martin Távara Mogollón,overall,68.08991,,
Gerard Fdez. Castellano,overall,62.442142,,
Gerard Garner,overall,61.722744,,
Gerard Yepes Laut,overall,64.272736,,
Germán Fernández Hidalgo,overall,58.075134,,
Germán Valera Karabinaite,overall,64.13094,,
Gerónimo Plada,overall,61.239494,,
Geykel Gabriel Parra Arias,overall,63.435974,,
Gi Hyeok Lee,overall,56.86778,,
Giacomo Gambetta,overall,58.596077,,
Giacomo Olzer,overall,62.053783,,
Gian Franco Cabezas Rodríguez,overall,63.76647,,
Gian-Luca Itter,overall,66.65477,,
Gianfranco Chávez Massoni,overall,66.2684,,
Gianluca Gaudino,overall,68.617966,,
Gianluca Saro,overall,54.46415,,
Gianmarco Cangiano,overall,61.103622,,
Gianni De Nitti,overall,56.986526,,
Gianni Ryan Stensness,overall,62.351677,,
Giannis Sardelis,overall,62.258686,,
Gilbert Fuentes,overall,61.612972,,
Gilles Richard,overall,56.071705,,
Gilmar Paredes,overall,60.032303,,
Gilson Benchimol Tavares,overall,67.560104,,
Giorgi Kokhreidze,overall,62.285378,,
Giotto Giuseppe Morandi,overall,60.7901,,
Giovanni Bordón,overall,59.318874,,
Giovanni Crociata,overall,68.58664,,
Giovanni Grotta,overall,63.913338,,
Giuseppe Ciocci,overall,54.054077,,
Giuseppe Di Serio,overall,63.76799,,
Giuseppe Marcianò,overall,55.55034,,
Glenn Bell Dollar Middleton,overall,62.1966,,
Gloire Amanda,overall,59.458714,,
Gnantin Yann Gboho,overall,68.36789,,
Godwin Kobby Bentil,overall,60.69169,,
Gontie Junior Diomandé,overall,55.97543,,
Gonzalo Andrés Tapia Dubournais,overall,66.18218,,
Gonzalo Damián Abrego,overall,68.081764,,
Gonzalo Gabriel Sánchez Franco,overall,57.417816,,
Gonzalo Germán Pérez Corbalán,overall,64.08901,,
Gonzalo Gonzalez,overall,60.950367,,
Gonçalo Bento Soares Cardoso,overall,64.07958,,
Gonçalo Faria Costa,overall,61.364063,,
Gonçalo Oscar Albuquerque Borges,overall,65.880516,,
Gonçalo Pinto,overall,57.978664,,
Goodman Mosele,overall,65.15152,,
Gor Manvelyan,overall,61.731228,,
Gorka San Nicolás Gil,overall,59.079304,,
Grant Dean Horton,overall,60.70956,,
Gregorio Gracia Sánchez,overall,66.699585,,
Gregorio José Tanco,overall,57.11883,,
Griffin McDorman Yow,overall,60.99113,,
Guilherme Araújo Soares,overall,60.311226,,
Guilherme Borges Guedes,overall,66.80086,,
Guilherme Silva Souza,overall,56.97224,,
Guilherme da Silva,overall,57.697933,,
Guillaume Laurent Dietsch,overall,65.21588,,
Guillermo Bueno López,overall,64.30306,,
Guillermo Duhalde,overall,57.215683,,
Guillermo Gajardo,overall,58.967804,,
Guillermo Rosas Alonso,overall,64.26417,,
Guillermo Wagner,overall,65.36609,,
Guilmer Giro,overall,61.452423,,
Gurmukh Singh,overall,50.952225,,
Gustav Lillienberg,overall,56.771408,,
Gustav Mogensen,overall,60.401398,,
Gustav Molin,overall,59.00362,,
Gustav Tang Isaksen,overall,68.27738,,
Gustavo Adolfo Carvajal Gómez,overall,59.069942,,
Gustavo Elvis Loayza,overall,62.221058,,
Gustavo Enrique Giordano Amaro Assunção da Silva,overall,68.778564,,
Gustavo Filipe Azevedo Sá,overall,64.16495,,
Gustavo Klismahn D Miranda,overall,58.33002,,
Gustavo Peralta,overall,54.952244,,
Gustavo Peredo Ortíz,overall,62.900246,,
Gustavo Verón,overall,59.838417,,
Guus Gertsen,overall,61.497963,,
Guy Carel Mbenza Kamboleke,overall,65.95087,,
Guy Dahan,overall,59.769875,,
Gyeong Jun Byun,overall,53.1508,,
Gyu Hyeong Kim,overall,60.823406,,
Gyung Hyun Min,overall,64.43437,,
Gökdeniz Bayrakdar,overall,68.08312,,
Habib Ali Keita,overall,67.61857,,
Haitam Abaida El Achhab,overall,64.24047,,
Haji Mnoga,overall,58.547726,,
Hak-Yoon Lee,overall,52.2923,,
Hakeeb Adeola Jerome Adelakun,overall,64.57658,,
Halldor Østervold Stenevik,overall,63.829014,,
Hamad Abdan Al Abdan,overall,56.084026,,
Hamad Fayez Alsayyaf,overall,53.127224,,
Hamad Turki Al Tuhayfan Al Yami,overall,61.533493,,
Hamed Abdullah Al Ghamdi,overall,61.576057,,
Hampus Gustafsson,overall,54.4835,,
Hamza Bahaïd,overall,58.481205,,
Hamza Yiğit Akman,overall,66.79883,,
Han Beom Lee,overall,58.852676,,
Han Min Jeong,overall,56.809837,,
Han-Noah Massengo,overall,68.48047,,
Hani Ismaeel Al-Sebyani,overall,55.2552,,
Hannes Küng,overall,56.82717,,
Hans Nunoo Sarpei,overall,65.319016,,
Haralambie Mociu,overall,55.44168,,
Harmanpreet Singh,overall,48.609333,,
Harrison Bright,overall,53.949306,,
Harrison Clarke,overall,62.24661,,
Harrison James Chapman,overall,66.05104,,
Harrison James Holgate,overall,58.80425,,
Harrison Joshua Perritt,overall,54.73094,,
Harrison Neal,overall,60.63133,,
Harrison Sohna,overall,54.85994,,
Harry Birtwistle,overall,56.724648,,
Harry George Kite,overall,61.43339,,
Harry Jack Darling,overall,67.29693,,
Harry Jewitt-White,overall,59.104725,,
Harry John Anderson,overall,65.614586,,
Harry Kyprianou,overall,60.25722,,
Harry Lee,overall,59.219795,,
Harry McCarthy,overall,51.67677,,
Harry Nicolson,overall,48.744606,,
Harry William Brockbank,overall,57.180065,,
Harun Alpsoy,overall,62.493874,,
Harvey Andrew Knibbs,overall,61.314087,,
Harvey David White,overall,68.09742,,
Harvey Giles,overall,51.118443,,
Harvey James Bunker,overall,54.51788,,
Harvey Jay Cartwright,overall,58.41067,,
Harvey William St Clair,overall,60.55534,,
Hassan Mohammed Al-Tambakti,overall,62.965717,,
Hatim Far,overall,59.536594,,
Hayden Lindley,overall,59.980545,,
Hayrullah Erkip,overall,58.05784,,
Hazazi Sulaiman Yahya,overall,53.771225,,
Hazim Hassan Al Zahrani,overall,52.36693,,
Hazzaa Ahmed Al-Ghamdi,overall,57.55922,,
Hector Matthew Kyprianou,overall,61.597652,,
Hee Seung Kim,overall,55.821564,,
Heine Gikling Bruseth,overall,58.572556,,
Heitor Rodrigues Fonseca,overall,67.85281,,
Henri Koudossou,overall,61.65185,,
Henricus Gerardus Hubertus Maria Linthorst,overall,66.52263,,
Henrik Rørvik Bjørdal,overall,68.284836,,
Henrique Jocú,overall,62.31094,,
Henry Atola,overall,57.009182,,
Henry Lawrence,overall,61.85216,,
Herman Johan Haugen,overall,59.061813,,
Herman Sørby Stengel,overall,68.136116,,
Hermann Tebily,overall,59.354103,,
Hernandes Rodrigues Da Silva,overall,65.85596,,
Hernán Darío López Muñoz,overall,63.83469,,
Hiang'a Mananga Mbock,overall,66.85407,,
Hidde Willem ter Avest,overall,67.89747,,
Hillary Chukwah Gong,overall,63.78066,,
Hiram Kojo Kwarteng Boateng,overall,62.228275,,
Hisham Al Dubais,overall,55.659653,,
Hmar Pialtu Lalremruata,overall,48.512074,,
Ho Jae Lee,overall,51.013226,,
Ho Jin Jeong,overall,60.29767,,
Homam Ahmed,overall,63.786522,,
Hoo Sung Oh,overall,52.620094,,
Hristu Sofianu,overall,55.111683,,
Hrithik Tiwari,overall,53.716404,,
Hubert Matynia,overall,64.089966,,
Hugo Anglada Gutiérrez,overall,63.633583,,
Hugo Bueno López,overall,62.118835,,
Hugo Claudio Vallejo Avilés,overall,67.58307,,
Hugo Denar Salvatierra Saucedo,overall,57.67441,,
Hugo Fabián Franco Schlender,overall,62.86868,,
Hugo Javier Martínez Cantero,overall,67.97281,,
Hugo Lorenzo Quintana Escobar,overall,66.85651,,
Hugo Novoa Ramos,overall,67.11401,,
Hugo Ozée,overall,49.087654,,
Hugo Pérez Balderas,overall,61.672005,,
Hugo Redón Almela,overall,64.8559,,
Hugo Silva Oliveira,overall,57.63899,,
Hugo Sotelo Gómez,overall,60.95806,,
Hun Min Kim,overall,53.06366,,
Hussain Ahmed Al-Eisa,overall,60.7814,,
Hyeon Bin Seol,overall,49.97884,,
Hyeon Joon Yang,overall,65.16813,,
Hyun Muk Kang,overall,67.01429,,
Håkan Gustaf Nilsson,overall,61.446182,,
Håkan Rasmus Wiedesheim-Paul,overall,61.879883,,
Hélder Gomes Morim,overall,64.11234,,
Hélder José Oliveira Sá,overall,65.47076,,
Iago Domínguez Rodríguez,overall,64.72674,,
Ian Carlo Poveda-Ocampo,overall,68.52478,,
Ibrahim Al Ali,overall,53.157265,,
Ibrahim Danlad,overall,63.51306,,
Ibrahim Jamal,overall,48.180733,,
Ibrahim Mahnashi,overall,62.146976,,
Ibrahim Sulemana Kakari,overall,63.018513,,
Ibrahim Yalatif Diabate,overall,61.872692,,
Ibrahima Bamba,overall,63.25495,,
Ibrahima Cissokho,overall,54.455402,,
Ibraima José Barry Pérez,overall,65.13482,,
Idris Kanu,overall,64.06536,,
Idrissa Thiam,overall,62.05863,,
Ignacio Antonio Saavedra Pino,overall,68.724335,,
Ignacio Castillo Ameyugo,overall,61.07064,,
Ignacio Daniel Maestro Puch,overall,64.31106,,
Ignacio Laquintana,overall,63.937244,,
Ignacio Nahuel Suárez Ferreira,overall,59.02058,,
Ignacio Santiago Aliseda,overall,67.696465,,
Ignasi Vilarrasa Palacios,overall,59.986084,,
Igor Drapiński,overall,55.48322,,
Igor Lewandowski,overall,55.660168,,
Igor Lucatelli,overall,54.64777,,
Iker Benito Sánchez,overall,64.0847,,
Iker Bravo Solanilla,overall,63.45097,,
Iker Goujón Pozuelo,overall,62.690437,,
Iker Losada Aragunde,overall,67.02038,,
Iker Piedra Blanco,overall,62.795937,,
Iker Álvarez de Eulate,overall,62.34752,,
Ilan Benjamin Sauter,overall,60.948215,,
Ilario Monterisi,overall,61.491985,,
Ilay Eliyau Elmkies,overall,61.80017,,
Ilhan Altuntas,overall,57.411896,,
Ilia Iliev Gruev,overall,67.66278,,
Ilias Akhomach Chakkour,overall,67.09301,,
Ilias Koutsoupias,overall,61.2696,,
Ilya Pomazun,overall,61.489048,,
Ilyas Chouaref,overall,66.12529,,
Ilyas Lefrancq,overall,59.474674,,
Iman Griffith,overall,59.96567,,
Imanol Baz Berganza,overall,58.8491,,
Imanol García de Albéniz,overall,66.61676,,
Imanol Machuca,overall,67.02678,,
Immanuël-Johannes Pherai,overall,68.61698,,
Indiana Denchev Vassilev,overall,62.557976,,
Indy Boonen,overall,65.31028,,
Ioan Andrei Vasile Dumiter,overall,62.124035,,
Ioan Tolea,overall,56.491512,,
Ionuț Zanfir,overall,55.15075,,
Iroy Eckenfelder,overall,58.263107,,
Irvyn Lomami,overall,64.14545,,
Isaac Annan,overall,57.981384,,
Isaac Karamoko,overall,63.453205,,
Isaac Lihadji,overall,68.467094,,
Isac Alexi Sivert Lidberg,overall,59.850075,,
Isaiah Parker,overall,59.62926,,
Isak Bjerkebo,overall,58.983368,,
Isak Dybvik Määttä,overall,64.083565,,
Isak Kjelsrud Vik,overall,59.09416,,
Isak Ssali Ssewankambo,overall,63.29826,,
Ismael García,overall,56.04135,,
Ismael Quispe,overall,59.582413,,
Ismael Ruiz Sánchez,overall,66.437744,,
Ismael Saibari Ben El Basra,overall,67.73451,,
Ismaila Cheick Coulibaly,overall,68.323845,,
Ismaël Aaneba,overall,63.40578,,
Ismaël Gharbi,overall,66.650154,,
Ismaël Landry Doukouré,overall,63.553978,,
Iulian Zamfir,overall,58.906403,,
Ivan Krolo,overall,61.640347,,
Ivan Lepinjica,overall,62.586853,,
Ivan Mesík,overall,62.48954,,
Ivan Toney,overall,67.99157,,
Ivan Šarić,overall,63.235275,,
Iverson Contreras,overall,59.10978,,
Iván Azón Monzón,overall,63.895363,,
Iván Bonifazi,overall,57.0485,,
Iván Darío Angulo Cortés,overall,67.96668,,
Iván Fresneda Corraliza,overall,65.33974,,
Iván Gil Calero,overall,62.129395,,
Iván Martín Núñez,overall,68.26955,,
Iván Martínez Gonzálvez,overall,66.46172,,
Iván Morante Ruiz,overall,62.019913,,
Iván René Franco Díaz,overall,67.9436,,
Iván Romero de Ávila,overall,61.53679,,
Iván San José Cantalejo,overall,61.754734,,
Iván Villar Martínez,overall,66.8423,,
Jack Alexander Stevens,overall,53.673462,,
Jack David Vincent Whatmough,overall,66.62411,,
Jack Hinchy,overall,56.53225,,
Jack James Earing,overall,63.662323,,
Jack Jamie Arthur,overall,52.111664,,
Jack Jenkins,overall,63.93048,,
Jack Karadogan,overall,56.209015,,
Jack Levi Sutton,overall,59.079597,,
Jack McMillan,overall,64.48926,,
Jack Moore,overall,54.516136,,
Jack Newman,overall,54.06254,,
Jack Richard Lankester,overall,61.51088,,
Jack Robert Tucker,overall,63.904438,,
Jack Stephen Burroughs,overall,61.26507,,
Jack Tyler Diamond,overall,64.25561,,
Jack Wakely,overall,55.830307,,
Jack Walton,overall,64.51507,,
Jack Williams,overall,51.29931,,
Jack Young,overall,62.902866,,
Jack de Vries,overall,61.10304,,
Jackson Gabriel Porozo Vernaza,overall,64.36002,,
Jackson Gabriel Rodríguez Perlaza,overall,64.66546,,
Jackson Hopkins,overall,60.649937,,
Jackson Joseph Fitzwater,overall,65.44696,,
Jackson João Crusso Mutto,overall,64.03127,,
Jackson Ragen,overall,58.756535,,
Jacob Anthony Chapman,overall,54.61121,,
Jacob Carney,overall,55.712616,,
Jacob Christian Maddox,overall,63.283566,,
Jacob Jones,overall,54.650444,,
Jacob Michael Italiano,overall,61.991913,,
Jacob Mikael Widell Zetterström,overall,61.067184,,
Jacob Slater,overall,57.942005,,
Jacob Steen Christensen,overall,68.26328,,
Jacopo Da Riva,overall,62.098522,,
Jaden Bevan,overall,56.592384,,
Jaden Philogene-Bidace,overall,62.467846,,
Jaden Wavey Brown,overall,60.719513,,
Jae Hun Cho,overall,56.95832,,
Jae Hwan Hwang,overall,64.21901,,
Jae Sung Kim,overall,53.121906,,
Jae Won Hwang,overall,56.84446,,
Jae Won Shin,overall,55.493946,,
Jae Woo Kang,overall,55.97975,,
Jahnoah Markelo,overall,57.073284,,
Jaime Durán Jiménez,overall,56.503174,,
Jaimy Buter,overall,56.12391,,
Jair Veiga Vieira Tavares,overall,64.53905,,
Jairo Quinteros Sierra,overall,64.19634,,
Jairo Ralph Farnias Almeida,overall,66.6284,,
Jake Alan Young,overall,58.127907,,
Jake Alexander Hesketh,overall,68.26081,,
Jake Billy Doyle-Hayes,overall,65.37747,,
Jake Hastie,overall,61.62697,,
Jake Jon Taylor,overall,58.40739,,
Jake Joshua Burton,overall,53.87519,,
Jake Matthew Hull,overall,53.059807,,
Jakob Axel Krister Voelkerling-Persson,overall,59.25658,,
Jakob Bookjans,overall,60.59895,,
Jakob Odehnal,overall,59.326393,,
Jakub Kisiel,overall,59.236,,
Jakub Niedbała,overall,55.805832,,
Jakub Nowakowski,overall,58.48099,,
Jakub Ojrzyński,overall,56.290157,,
Jakub Piotrowski,overall,66.465,,
Jakub Rajczykowski,overall,57.711147,,
Jakub Sypek,overall,59.806675,,
Jamal Baptiste,overall,61.577015,,
James Andrew Cumming,overall,64.45761,,
James Anthony Wilson,overall,66.52036,,
James Carragher,overall,53.952553,,
James Charles Jones,overall,60.553596,,
James Clayton Hill,overall,65.637634,,
James Golding,overall,55.62619,,
James Hoban Sands,overall,67.46135,,
James Melhado,overall,55.5449,,
James Norris,overall,59.40817,,
James Pardington,overall,54.547604,,
James Pradic,overall,59.272835,,
James Samuel Morton,overall,60.275578,,
James Taylor,overall,55.093567,,
James Tyler Waite,overall,61.616096,,
James William Hanson,overall,65.93045,,
Jamie Bowden,overall,65.076454,,
Jamir Berdecio,overall,61.30603,,
Jan Alexandre Bamert,overall,65.034256,,
Jan Boller,overall,62.39018,,
Jan Ciućka,overall,58.72293,,
Jan Fortelný,overall,68.697266,,
Jan Hoekstra,overall,61.7386,,
Jan Jakob Olschowsky,overall,60.68936,,
Jan Jurcec,overall,63.985134,,
Jan Luca Schuler,overall,63.109688,,
Jan Niklas Beste,overall,68.52317,,
Jan Schröder,overall,61.309574,,
Jan de Boer,overall,59.49709,,
Jan Žambůrek,overall,63.82399,,
Jan-Rafael Shcherbakovski,overall,64.811714,,
Jang Woo Hong,overall,53.26776,,
Jankat Yılmaz,overall,61.928604,,
Jannes Luca Wieckhoff,overall,61.832348,,
Jannik Horz,overall,57.04937,,
Jannik Zahmel,overall,56.030518,,
Janus Guillermo Vivar Estrella,overall,65.57471,,
Janusz Nojszewski,overall,60.699562,,
Jared Harlock,overall,60.301605,,
Jari Vlak,overall,64.186356,,
Jashar Beluli,overall,52.128036,,
Jasin-Amin Assehnoun,overall,64.63983,,
Jason Bahamboula,overall,64.9464,,
Jason Eyenga-Lokilo,overall,66.465,,
Jason Law,overall,58.541885,,
Jason Mbock,overall,60.78417,,
Jason Meerstadt,overall,60.826595,,
Jason Ngouabi Lougagui,overall,58.93069,,
Jason Paul Knight,overall,68.2434,,
Jasper ter Heide,overall,62.143196,,
Jaume Albert Cuéllar Mendoza,overall,66.56419,,
Jaume Tovar Seguí,overall,62.57423,,
Javain Okemio Brown,overall,61.913715,,
Javier Agustín Obando,overall,63.823643,,
Javier Ajenjo Hyjek,overall,61.29209,,
Javier Almerge Viñuales,overall,62.773293,,
Javier Alonso Bello,overall,66.901764,,
Javier Cueto Suárez,overall,61.16673,,
Javier Enrique Delgado Saverio,overall,65.26674,,
Javier Garrido López,overall,59.69793,,
Javier Guerra Moreno,overall,64.02851,,
Javier Gómez Castroverde,overall,64.31752,,
Javier Hernández Tarroc,overall,61.53814,,
Javier Iván Cazal Báez,overall,65.356766,,
Javier Llabrés Exposito,overall,63.481853,,
Javier López Carballo,overall,66.507614,,
Javier López-Pinto Dorado,overall,64.23962,,
Javier Marquez,overall,53.90999,,
Javier Martínez Calvo,overall,68.42383,,
Javier María Vázquez López,overall,61.52619,,
Javier Mier Martínez,overall,68.33786,,
Javier Nicolas Vallejo,overall,62.24676,,
Javier Rubio Haro,overall,61.651604,,
Javier Serrano Martínez,overall,64.90832,,
Jay Benn,overall,55.18577,,
Jay Mingi,overall,61.038513,,
Jay Turner-Cooke,overall,61.832607,,
Jay-Dee Geusens,overall,65.66336,,
Jay-Roy Grot,overall,63.94058,,
Jayden Andrew Reid,overall,56.42786,,
Jayden Davis,overall,56.840996,,
Jayden Deslandes Sweeney,overall,54.10022,,
Jayden Jezairo Braaf,overall,66.33829,,
Jayden John-Lloyd Harris,overall,59.84633,,
Jayden Wareham,overall,59.888344,,
Jayson Patrick Molumby,overall,68.08516,,
Jaziel Orozco,overall,56.48915,,
Je Ho Yu,overall,58.753773,,
Jean Baptiste Gorby,overall,64.2055,,
Jean Bone,overall,62.287624,,
Jean Botué,overall,61.771935,,
Jean Harisson Marcelin,overall,68.55359,,
Jean Paul Madera,overall,61.443756,,
Jean Pierre Chalá,overall,59.117493,,
Jean Thierry Lazare Amani,overall,68.1412,,
Jean Torres,overall,60.765842,,
Jean-Jacques Danley,overall,63.73407,,
Jeando Pourrat Fuchs,overall,67.9223,,
Jeff Dewsnup,overall,57.658195,,
Jefferson José Gómez Genes,overall,65.573784,,
Jefferson Justo Cáceres Chávez,overall,64.38378,,
Jeison Andrés Angulo Trujillo,overall,67.52937,,
Jeisson Andrés Vargas Salazar,overall,66.57984,,
Jeizon Jesús Ramírez Chacón,overall,61.597095,,
Jelle Duin,overall,56.966984,,
Jens Jakob Dyhr Thomasen,overall,65.37525,,
Jensen Guy Weir,overall,61.77609,,
Jeong Hoon Kim,overall,54.108658,,
Jeppe Møldrup Okkels,overall,66.32843,,
Jeppe Pedersen,overall,58.408615,,
Jeppe Ørris Nielsen,overall,55.930378,,
Jeremy Nicolás Silva González,overall,56.346436,,
Jeremy Rafanello,overall,53.80845,,
Jeremy Sivi,overall,53.21627,,
Jeremy van Mullem,overall,61.795708,,
Jeremías Perales,overall,62.14281,,
Jeriel Nicolás De Santis Córdova,overall,60.892124,,
Jermaine Anderson,overall,64.18425,,
Jerónimo Pourtau,overall,61.264862,,
Jesper Bergset Robertsen,overall,56.102085,,
Jesper Dickman,overall,57.239418,,
Jesper Strand Isaksen,overall,61.55588,,
Jesse Edem Tugbenyo,overall,59.845116,,
Jessic Gaïtan Ngankam,overall,68.15499,,
Jesús Abdallah Castillo Molina,overall,65.64958,,
Jesús Alejandro Quintero,overall,61.460922,,
Jesús Alvarado,overall,61.440495,,
Jesús Areso Blanco,overall,66.41251,,
Jesús Armando Vargas Rojas,overall,62.996902,,
Jesús Castellano,overall,57.866695,,
Jesús Daniel Bueno Áñez,overall,65.30832,,
Jesús Emanuel Pretell Panta,overall,64.36304,,
Jesús Fernández Alonso,overall,61.525875,,
Jesús Lázaro Owono Ngua Akeng,overall,61.114502,,
Jesús Manuel Orozco Hernández,overall,61.524044,,
Jesús Vázquez Alcalde,overall,68.08909,,
Jetmir Topalli,overall,61.52064,,
Jeyson Alejandro Rojas Orellana,overall,63.746334,,
Jeyson Ariel Chura Almanza,overall,64.29233,,
Jhoanner Stalin Chávez Quintero,overall,64.12877,,
Jhohan Sebastián Romaña Espitia,overall,61.258495,,
Jhohann Sebastián Yabur Perea,overall,64.21732,,
Jhon Jairo Cuellar Vaca,overall,63.708675,,
Jhon Jairo Espinoza Izquierdo,overall,62.365063,,
Jhon Jairo Velasco,overall,59.02605,,
Jhonder Gómez,overall,63.886765,,
Jhondly van der Meer,overall,56.438923,,
Jhonny Peitzmeier,overall,55.689472,,
Ji Han Lee,overall,58.672546,,
Ji Hoon Lee,overall,60.938446,,
Ji Moog Choi,overall,57.244354,,
Ji Sol Lee,overall,54.971912,,
Ji Soo Kim,overall,58.448032,,
Ji Yong Lee,overall,52.66257,,
Ji won Park,overall,53.808895,,
Jimmy Knowles,overall,57.955803,,
Jin Ho Kim,overall,58.59676,,
Jin Hyun Kim,overall,58.101948,,
Jin Seong Park,overall,57.999672,,
Jin Woo Jo,overall,61.83109,,
Jin Yong Lee,overall,63.517,,
Joan García Pons,overall,65.81092,,
Joan González Cañellas,overall,64.06033,,
Joan Manuel Cruz Castro,overall,64.36639,,
Joan Onofre López Reina,overall,62.16198,,
Joan Stiven Ramírez Martínez,overall,60.23593,,
Joao Alberto Grimaldo Ubidia,overall,65.34072,,
Joaquin Bigo,overall,61.53598,,
Joaquín Gabriel Trasante Hernández,overall,69.12113,,
Joaquín Indacoechea,overall,67.9098,,
Joaquín López,overall,53.24704,,
Joaquín Matías Ardaiz de los Santos,overall,62.729015,,
Joaquín Muñoz Benavides,overall,66.570015,,
Joaquín Nicolás Pereyra,overall,68.13852,,
Joe Cameron Lewis,overall,59.06463,,
Joe Grey,overall,59.27603,,
Joe James Powell,overall,64.95264,,
Joe O'Shaughnessy,overall,55.499146,,
Joe Zen Robert Bell,overall,67.55174,,
Joe Zoherliana,overall,48.778275,,
Joel Bruce King,overall,63.501713,,
Joel Filipe Organista da Silva,overall,61.558853,,
Joel Gerezgiher,overall,64.83398,,
Joel Ideho,overall,62.22852,,
Joel John Randall,overall,61.942688,,
Joel Joshghene Asoro,overall,67.19576,,
Joel Matthew Bagan,overall,65.30368,,
Joel Mumbongo,overall,55.128098,,
Joel Persson,overall,60.353493,,
Joel Poiso,overall,57.272907,,
Joel Quispe,overall,59.934532,,
Joel Steven Quintero Nazareno,overall,64.0995,,
Joel Sundström,overall,60.78235,,
Jofre Carreras Pagès,overall,67.205414,,
Johan Armando Micolta Ruiz,overall,61.57966,,
Johan Bengtsson,overall,58.60151,,
Johan Hove,overall,67.72381,,
Johan Rojas,overall,61.42229,,
Johan Stenmark,overall,59.99745,,
Johan Stiven Carbonero Balanta,overall,68.20908,,
Johandry Jericoth Hidalgo Mora,overall,63.389175,,
Johannes Manske,overall,59.364918,,
Johannes Tartarotti,overall,63.814518,,
John Elian García Sossa,overall,65.75834,,
John George McAtee,overall,62.803173,,
John Gunnar Björkengren,overall,65.87785,,
John Joe Patrick Finn Benoa,overall,64.77362,,
John Mayanga Nekadio,overall,58.988358,,
John Nwankwo Chetauya Donald Okeh,overall,62.717255,,
John Ryan,overall,57.07034,,
John Yeboah Zamora,overall,65.0344,,
Joider Micolta,overall,61.670612,,
Joiner Moreno Montero,overall,62.218857,,
Jomaine Ellay Consbruch,overall,66.551,,
Jon Ander Olasagasti Imizcoz,overall,68.17414,,
Jon Karrikaburu,overall,65.20284,,
Jon Pacheco Dozagarat,overall,66.73433,,
Jonah Osabutey,overall,61.043777,,
Jonaldo Kauã Monteiro Moura,overall,66.99365,,
Jonas Antonius Auer,overall,64.43354,,
Jonas Benjamin Chimezie David,overall,64.77014,,
Jonas Fedl,overall,61.23844,,
Jonas Welson Orsi de Meneses,overall,68.70187,,
Jonas Wendlinger,overall,57.70073,,
Jonas-Janko Weyand,overall,60.330544,,
Jonatan Carmona Álamo,overall,66.44261,,
Jonathan Alexánder Pérez,overall,58.193176,,
Jonathan Arriba Monroy,overall,63.472424,,
Jonathan Capuz,overall,58.987614,,
Jonathan Corozo,overall,57.063602,,
Jonathan Daniel Benítez Benítez,overall,61.431095,,
Jonathan Fernando Castillo Aguirre,overall,64.486946,,
Jonathan Montiel Caballero,overall,68.5515,,
Jonathan Risbjerg Ægidius,overall,57.336815,,
Jonathan Ruque,overall,61.8449,,
Jonathan Russell,overall,66.190796,,
Jonathan Turra,overall,58.48729,,
Jonathan Villagra,overall,65.679924,,
Jong Beom Baek,overall,55.264233,,
Jong Mu Han,overall,56.707554,,
Jonier Medina,overall,64.241005,,
Joon Beom Park,overall,53.411224,,
Joon Ho Lee,overall,54.181515,,
Jordan Alan Courtney-Perkins,overall,56.05568,,
Jordan Andrew Davies,overall,63.86277,,
Jordan Bernard Rossiter,overall,63.43446,,
Jordan Bhekithemba Zemura,overall,67.88719,,
Jordan Carrillo Rodríguez,overall,65.2352,,
Jordan Cropper,overall,53.467545,,
Jordan Doherty,overall,57.968025,,
Jordan Lewis Helliwell,overall,53.70372,,
Jordan O'Doherty,overall,63.521156,,
Jordan Perruzza,overall,55.580143,,
Jordan Scanlon,overall,55.05248,,
Jordan Stevens,overall,64.17134,,
Jordi Escobar Fernández,overall,64.65949,,
Jordi González-Pola,overall,58.494705,,
Jordi Mboula Queralt,overall,67.8525,,
Jordy José Alcívar Macías,overall,66.467445,,
Jordy Schelfhout,overall,60.851532,,
Jorge Andrés Marsiglia Carrascal,overall,63.33579,,
Jorge Benito Peña Canales,overall,56.69132,,
Jorge Damián González,overall,58.47376,,
Jorge Denilson Cabezudo Ormeño,overall,61.250942,,
Jorge Hernandez,overall,60.83645,,
Jorge Martín Aruga Torales,overall,61.937607,,
Jose María Pérez García,overall,60.743954,,
Josef John Bursik,overall,66.321915,,
Joseff John Morrell,overall,69.45906,,
Josep Gayà Martínez,overall,62.393944,,
Joseph Adams,overall,57.826138,,
Joseph Alejandro Espinoza Montenegro,overall,64.59475,,
Joseph Amoako,overall,60.032814,,
Joseph Charles Wildsmith,overall,60.95385,,
Joseph Fabrice Ondoa Ebogo,overall,64.25939,,
Joseph Gubbins,overall,55.495747,,
Joseph Minala,overall,67.35839,,
Joseph Olugbenga Olowu,overall,59.811726,,
Joseph Redmond,overall,58.91373,,
Joseph Shaun Hodge,overall,61.767376,,
Joseph Tetteh Anang,overall,61.060917,,
Josh Barlow,overall,55.702923,,
Josh Blunkell,overall,51.995815,,
Josh Brooking,overall,58.12366,,
Josh Edwards,overall,60.25113,,
Josh Giurgi,overall,55.18092,,
Josh O'Brien,overall,53.4633,,
Josh Thomas Doig,overall,62.922176,,
Joshua Akinola Ogunfaolu-Kayode,overall,62.329025,,
Joshua Atencio,overall,62.15664,,
Joshua Eijgenraam,overall,65.29878,,
Joshua Emmanuel,overall,64.37276,,
Joshua Eze,overall,59.1423,,
Joshua Felix Okpoda Eppiah,overall,61.196686,,
Joshua Gaston Kitolano,overall,66.905754,,
Joshua James Griffiths,overall,63.867283,,
Joshua Michael Blainey Davison,overall,62.1577,,
Joshua Myles Abraham Key,overall,61.928886,,
Joshua Nisbet,overall,66.786606,,
Joshua Oluwayemi,overall,61.013294,,
Joshua Saul Martin,overall,64.42986,,
Joshua Sims,overall,68.20004,,
Joshua Tapia,overall,55.816162,,
Joshua Thomas Sargent,overall,67.774666,,
Joshua William Grant,overall,57.886562,,
Joshué Jampier Quiñónez Rodriguez,overall,65.0595,,
José Aguilar Martinez,overall,57.080204,,
José Alberto Barreto,overall,59.834797,,
José Alonso Lara,overall,66.51418,,
José Antonio Devecchi,overall,65.49572,,
José Antonio Paradela,overall,68.7793,,
José Antonio Ángel García,overall,61.65904,,
José Ardila,overall,61.036636,,
José Ataupillco,overall,61.90484,,
José Caldera,overall,61.17999,,
José Carlos Martínez Garzón,overall,62.969078,,
José Carlos Natário Ferreira,overall,67.79999,,
José Daniel Lasso,overall,58.596077,,
José David Menargues,overall,60.338272,,
José David Álvarez Adsuar,overall,58.024685,,
José Francisco dos Santos Júnior,overall,66.94854,,
José Gragera Amado,overall,67.8966,,
José Hernando Estupiñan Riascos,overall,62.662033,,
José Manuel Arias Copete,overall,66.5902,,
José Manuel Fontán Mondragón,overall,63.36006,,
José Marcos Costa Martins,overall,67.54775,,
José Martín Ballesteros Vera,overall,63.0965,,
José Martínez Marsà,overall,64.31665,,
José Mijares,overall,59.55639,,
José Ndong Machín Dicombo,overall,68.40956,,
José Pedro Ferreira Oliveira,overall,68.14783,,
José Racchumick,overall,59.06782,,
José Ricardo Avelar,overall,63.78796,,
José Salinas Morán,overall,60.93679,,
José Sánchez Martínez,overall,61.204647,,
José Ángel Carmona Navarro,overall,61.492336,,
Jovan Manev,overall,56.64009,,
Jovanny David Bolívar Alvarado,overall,65.25247,,
Jozef Pukaj,overall,56.932945,,
João Diogo Fonseca Ferreira,overall,68.129906,,
João Henrique Oliveira Veras,overall,65.40809,,
João Manuel Neves Virgínia,overall,64.20804,,
João Marcelo Messias Ferreira,overall,63.953724,,
João Marcos Lima Cândido,overall,63.61651,,
João Miguel Teixeira Mendes,overall,61.598965,,
João Nuno Figueiredo Valido,overall,64.610756,,
João Paulo dos Santos Pereira,overall,61.542465,,
João Pedro E. Santo Oliveira,overall,63.69748,,
João Pedro Eira Antunes Silva,overall,58.611355,,
João Pedro Ferreira Silva,overall,68.56143,,
João Pedro Loureiro da Costa,overall,62.428467,,
João Pedro Oliveira Gonçalves,overall,62.1818,,
João Pedro Teixeira Silva,overall,61.740147,,
João Rodolfo Botelho Maia,overall,60.467407,,
Joël Latibeaudiere,overall,64.296135,,
Joël Monteiro Almada,overall,55.97907,,
Joël Pascal Schmied,overall,59.278076,,
Joël van Kaam,overall,61.76961,,
Ju Yeop Kim,overall,57.818073,,
Juan Alberto Mosquera Álvarez,overall,63.750866,,
Juan Andrés Meli,overall,60.81783,,
Juan Artola Canales,overall,65.361465,,
Juan Berrocal González,overall,66.72238,,
Juan Brandáriz Movilla,overall,68.21476,,
Juan Camilo Portilla Orozco,overall,64.07656,,
Juan Carlos Arana Gómez,overall,61.99747,,
Juan Castilla,overall,58.164146,,
Juan Cruz Díaz Espósito,overall,65.92283,,
Juan David Cabal Murillo,overall,64.154564,,
Juan David Mosquera López,overall,64.07496,,
Juan Durán Dueñas,overall,61.518482,,
Juan Familia-Castillo,overall,61.56619,,
Juan Felipe Moreno,overall,54.617683,,
Juan Franco,overall,60.75147,,
Juan Gilbert Sánchez,overall,61.465633,,
Juan Guasone,overall,64.053734,,
Juan Ignacio Martín Nardoni,overall,66.57082,,
Juan Ignacio Miramon,overall,62.679317,,
Juan José Echave Turri,overall,57.058784,,
Juan José Mina,overall,61.724525,,
Juan José Perea Mendoza,overall,67.667,,
Juan José Uribe Colorado,overall,60.708317,,
Juan Larios López,overall,61.424488,,
Juan Luis Sánchez Velasco,overall,62.211914,,
Juan Macías,overall,63.026184,,
Juan Manuel Cruz,overall,62.571175,,
Juan Manuel Cuesta Baena,overall,65.43892,,
Juan Manuel Gutiérrez Freire,overall,64.2974,,
Juan María Alcedo Serrano,overall,60.997543,,
Juan Miguel Latasa Fernández,overall,67.72708,,
Juan Nazareno,overall,61.990864,,
Juan Nicolás Carrera Zarzar,overall,55.249916,,
Juan Pablo Barinaga,overall,62.727394,,
Juan Pablo Cisternas,overall,57.291424,,
Juan Pedro Navarro Valverde,overall,55.025078,,
Juan Ramón Cáceres,overall,62.04331,,
Juan Sebastian González Arza,overall,59.886494,,
Juan Sebastián Sforza,overall,66.933426,,
Juan Sebastián Vargas Melgarejo,overall,61.282776,,
Juan Soriano Oropesa,overall,66.447075,,
Juan de Dios Rivas Margalef,overall,65.08613,,
Juergen Farid Elitim Sepúlveda,overall,64.44668,,
Julen Agirrezabala,overall,65.4944,,
Julen Fernández Díaz,overall,56.459343,,
Julen Jon Guerrero Landabaso,overall,62.80645,,
Julen Lobete Cienfuegos,overall,66.51975,,
Jules Christ Eboue Kouassi,overall,65.60688,,
Julian Bauer,overall,53.446938,,
Julian Dunn-Johnson,overall,58.35444,,
Julian Huertas,overall,58.16825,,
Julian Rekdahl Faye Lund,overall,61.362736,,
Julian Tobias Emilio von Moos,overall,61.50029,,
Julian Turi,overall,59.10656,,
Julian Vincente Araujo,overall,66.7289,,
Julien Vetro,overall,61.19647,,
Julio Alonso Sosa,overall,63.411366,,
Julio Augusto Dabo,overall,63.93908,,
Julio César Enciso Espínola,overall,62.71428,,
Julio Esteban Fierro Díaz,overall,63.930077,,
Julio Martínez Cortés,overall,63.848858,,
Julius Dirksen,overall,58.021328,,
Julius Hoffmann,overall,61.120075,,
Julián Alejo López,overall,67.55354,,
Julián Brea,overall,65.62714,,
Julián Eduardo Palacios,overall,65.44752,,
Julián Eseiza,overall,60.75478,,
Julián Ezequiel Aude Bernardi,overall,68.47068,,
Julián Romero,overall,65.30072,,
Julián Simón Carranza,overall,67.97826,,
Junior Chukwubuike Adamu,overall,67.20233,,
Junior Diaz,overall,50.878723,,
Junior Morau Kadile,overall,64.29158,,
Junior Olaitan Ishola,overall,61.758614,,
Jurich Christopher Alexander Carolina,overall,60.918835,,
Justin Antonius Lonwijk,overall,67.38702,,
Justin Cameron McMaster,overall,58.718643,,
Justin Che,overall,65.751915,,
Justin Gerard Rennicks,overall,56.90456,,
Justin Plautz,overall,61.447144,,
Justin Smith,overall,58.53586,,
Justin Steinkötter,overall,61.981052,,
Justo D'Angelo,overall,58.692673,,
Ján Bernát,overall,65.42758,,
Jérôme Déom,overall,66.46587,,
Jóhannes K. Bjarnason,overall,57.9271,,
Józef Burta,overall,55.00918,,
Jørgen Sveinhaug,overall,57.117596,,
Kacper Kostorz,overall,58.694828,,
Kacper Lepczyński,overall,54.485123,,
Kacper Sezonienko,overall,66.0599,,
Kacper Skibicki,overall,61.00949,,
Kacper Tabiś,overall,56.498173,,
Kade Craig,overall,49.731895,,
Kadin Chung,overall,57.721855,,
Kadir Seven,overall,58.34049,,
Kai Clifton Trewin,overall,59.017136,,
Kai Evans,overall,54.041214,,
Kai Fotheringham,overall,56.450348,,
Kaiky Fernandes Melo,overall,62.611954,,
Kaine Kessler Hayden,overall,64.38215,,
Kaj van der Veldt,overall,57.52571,,
Kalifa Manneh,overall,61.20982,,
Kalil ElMedkhar,overall,61.228405,,
Kameron Malcolm Ledwidge,overall,56.373028,,
Kamil Ogorzały,overall,58.61584,,
Kamohelo Mahlatsi,overall,65.13219,,
Kane Leo Wilson,overall,64.933655,,
Kang Han Lee,overall,55.465374,,
Kang Hyeon Lee,overall,57.003277,,
Kangni Frederic Ananou,overall,63.532948,,
Karamoko Kader Dembélé,overall,65.12215,,
Karl Jakob Hein,overall,65.51867,,
Karl O’Sullivan,overall,57.239353,,
Karlo Sentić,overall,65.3933,,
Karol Stanisław Niemczycki,overall,60.24143,,
Kartal Kayra Yılmaz,overall,65.49435,,
Kasper Kaan Özden Kairinen,overall,65.208664,,
Kasper Lunding Jakobsen,overall,65.1745,,
Kasper Poul Mølgaard Jørgensen,overall,62.758053,,
Kasper Waarst Høgh,overall,61.766098,,
Kaveh Rad,overall,55.62286,,
Kayky da Silva Chagas,overall,65.12852,,
Kays Ruiz-Atil,overall,67.943665,,
Keanin Ayer Boya,overall,59.502754,,
Kebba Badjie,overall,62.00988,,
Keesean Ferdinand,overall,53.913467,,
Keiber Lamadrid,overall,64.19876,,
Kelechi John,overall,58.950916,,
Kelvin John,overall,58.468124,,
Kelvin Kwarteng Yeboah,overall,68.7353,,
Kelvin Ofori,overall,66.48417,,
Kelyan Guessoum,overall,65.3246,,
Ken Nkuba Tshiend,overall,64.21862,,
Kenny Nagera,overall,61.980507,,
Kenny Rocha Santos,overall,68.8235,,
Kerem Atakan Kesgin,overall,67.61963,,
Kerem Şen,overall,63.228844,,
Kerr McInroy,overall,58.43337,,
Kerrin Stokes,overall,56.9243,,
Kervin Andrade,overall,64.13155,,
Kerwin Vargas,overall,61.172577,,
Kevin Amir Isa Luna,overall,61.908768,,
Kevin Andres Minda Ruales,overall,65.97167,,
Kevin Andrés Zenón,overall,68.172905,,
Kevin Carlos Omoruyi Benjamin,overall,61.87247,,
Kevin Costinha,overall,52.845478,,
Kevin Egell-Johnsen,overall,58.740906,,
Kevin Fernández,overall,60.377617,,
Kevin Goden,overall,57.13586,,
Kevin Halabaku,overall,53.92923,,
Kevin Holmén,overall,58.66224,,
Kevin Joacid Moreno Sinisterra,overall,60.505707,,
Kevin Lankford,overall,62.5586,,
Kevin Mouanga,overall,59.01574,,
Kevin Nana Yaw Berkoe,overall,51.353558,,
Kevin O'Toole,overall,50.159668,,
Kevin Parra,overall,62.178074,,
Kevin Raphael Diaz,overall,61.485603,,
Kevin Rivera,overall,63.438232,,
Kevin Rolón,overall,66.49975,,
Kevin Simone Sessa,overall,68.773506,,
Kevin Villodres Medina,overall,66.04631,,
Keyendrah Simmonds,overall,56.533123,,
Khaleel Rafiq Salah-Edine,overall,56.40732,,
Khalid Essa Al Ghannam,overall,66.7446,,
Khalid Mohammed Husain Mousa Al-Blooshi,overall,61.066536,,
Khalifah Adel Al-Dawsari,overall,57.725582,,
Ki-Jana Delano Hoever,overall,65.41977,,
Kian Slor,overall,62.86892,,
Kieran Ewan Freeman,overall,60.33748,,
Kieran James Phillips,overall,62.490265,,
Kieran Lloyd,overall,55.773094,,
Kilian Bauernfeind,overall,57.102608,,
Killian Corenthin,overall,53.78615,,
Kingsley Dogo Michael,overall,68.05951,,
Kion Reece Etete,overall,60.767612,,
Kjell Dennis Collander,overall,64.7092,,
Kleber David Pinargote Lara,overall,66.43765,,
Koa Santos,overall,49.524162,,
Koca Manu Agro,overall,50.226425,,
Konan Ignace Jocelyn N’Dri,overall,67.44376,,
Koray Dag,overall,58.50192,,
Korede Yemi Adedoyin,overall,58.086323,,
Kosta Petratos,overall,56.231903,,
Kouya Mabea,overall,52.355095,,
Kristall Máni Ingason,overall,63.327484,,
Kristian Fredrik Malt Arnstad,overall,67.28907,,
Kristian Šekularac,overall,63.16221,,
Kristoffer Paulsen,overall,55.147305,,
Kristoffer-August Sundquist Klaesson,overall,63.716846,,
Krystian Kardyś,overall,54.655655,,
Kryštof Daněk,overall,67.88367,,
Krzysztof Kubica,overall,65.553116,,
Kwadwo Kyeremeh Baah,overall,62.571217,,
Kwaku Bonsu Osei,overall,66.511375,,
Kwaku Oduroh,overall,53.46954,,
Kwame Afriyie Adubofour Poku,overall,66.77315,,
Kwame Peprah,overall,68.419266,,
Kyan van Dorp,overall,58.37613,,
Kye Francis Rowles,overall,65.18332,,
Kyle Alex John,overall,62.61295,,
Kyle Alexander Jameson,overall,55.853844,,
Kyle Ferguson,overall,53.35951,,
Kyle Leon Wootton,overall,57.812405,,
Kyle Michael Dempsey,overall,65.44198,,
Kyle O'Connor,overall,52.837364,,
Kyoung-Bae Park,overall,57.727985,,
Kyron Gordon,overall,53.11875,,
Kyu Min Park,overall,58.508984,,
Kélian Nsona Wa Saka,overall,62.743748,,
L. Henrique Rosa da Silva,overall,65.78608,,
Lachlan Ricky Brook,overall,59.56953,,
Lalbiakhlua Jongte,overall,52.25727,,
Lalchungnunga Lalchungnunga,overall,52.764492,,
Lalengmawia Ralte,overall,60.374344,,
Lalhrezuala Sailung,overall,52.6252,,
Lamin Jawara,overall,54.714737,,
Lamine Diack,overall,63.571114,,
Lamine Sy,overall,57.57051,,
Lars Erik Oskar Fallenius,overall,59.378403,,
Lars Kramer,overall,66.08964,,
Lars Markmanrud,overall,60.490204,,
Lassana Sy,overall,57.183846,,
Lasse Selvåg Nordås,overall,60.61142,,
Laurenz Beckemeyer,overall,53.868473,,
Laurit Krasniqi,overall,58.79718,,
Lautaro Amadé,overall,61.038345,,
Lautaro Emanuel Blanco,overall,66.15925,,
Lautaro Marco Spatz,overall,61.65249,,
Lautaro Nicolás Ríos,overall,66.977356,,
Lautaro Pastrán,overall,58.658546,,
Lautaro Rodrigo Valenti,overall,63.478397,,
Lautaro Tomás Escalante,overall,66.35134,,
Lautaro de León Billar,overall,64.16392,,
Lawrence Nicholas,overall,62.4891,,
Layan Loor,overall,61.974823,,
Layonel Figueroa,overall,63.380657,,
Leandro Antonetti,overall,61.574413,,
Leandro Fernandes da Cunha,overall,63.633976,,
Leandro Frroku,overall,57.783184,,
Leandro Ojeda,overall,63.317738,,
Leandro Sanca,overall,66.58693,,
Leandro Zbinden,overall,56.57511,,
Lee Patrick O'Connor,overall,63.15814,,
Lehlogonolo Matlou,overall,68.487045,,
Lennart Franklin Moser,overall,63.98224,,
Lennart Schulze-Kökelsum,overall,56.97762,,
Lennert Hallaert,overall,62.25575,,
Lenny Jean-Pierre Pintor,overall,63.450233,,
Lenín Checco,overall,61.808365,,
Lenín Usca,overall,58.585056,,
Leo Erik Jean Cornic,overall,61.466644,,
Leo Friedrich Oppermann,overall,56.810387,,
Leo Fuhr Hjelde,overall,64.49691,,
Leon Bürger,overall,63.282173,,
Leon Damer,overall,64.3307,,
Leon Kugland,overall,49.25453,,
Leon Maximilian Flach,overall,67.920906,,
Leon Thomson King,overall,56.990993,,
Leon Valentin Schaffran,overall,56.87172,,
Leonardo Adelino da Silva Lopes,overall,68.6516,,
Leonardo Alves Chú,overall,64.347946,,
Leonardo Borges da Silva,overall,63.127373,,
Leonardo Campana Romero,overall,68.02958,,
Leonardo Daniel Rivas Conge,overall,58.95701,,
Leonardo Daniel Ulineia Buta,overall,63.748295,,
Leonardo Filipe Cruz Lelo,overall,63.887737,,
Leonardo Loria,overall,58.132126,,
Leonardo Morosini,overall,68.12305,,
Leonardo Mosquera,overall,61.040657,,
Leonardo Román Riquelme,overall,64.071396,,
Leonardo Scienza,overall,62.96883,,
Leonardo Yánez,overall,59.825172,,
Leonardo da Costa Bolgado,overall,60.809967,,
Leonel Bucca,overall,61.401764,,
Leonel Marcelo Picco,overall,64.94089,,
Leonhard von Schroetter,overall,58.551064,,
Leonid Srdic,overall,52.995018,,
Leroy Abanda Mfomo,overall,58.257717,,
Lesley Chimuanya Ugochukwu,overall,68.57427,,
Lesly Rebello,overall,49.092644,,
Levi Jeremiah Lumeka,overall,63.168266,,
Lewis Graham Cass,overall,63.374493,,
Lewis Jack Gibson,overall,64.98277,,
Lewis Jay Freestone,overall,61.007763,,
Lewis Leigh,overall,59.611454,,
Lewis Neilson,overall,60.44176,,
Lewis Paul Jimmy Richards,overall,57.277496,,
Lewis Payne,overall,55.11208,,
Lewis Rhys Collins,overall,59.526794,,
Lewis Robert Page,overall,64.14174,,
Lewis Temple,overall,49.507313,,
Leôncio Roger Lobeiro Cunha,overall,68.14039,,
Liam Alan Millar,overall,65.38951,,
Liam Cross,overall,56.743553,,
Liam Darren Shaw,overall,64.438835,,
Liam Harvey,overall,58.19869,,
Liam Mark Kinsella,overall,65.63501,,
Liam McCarron,overall,62.140957,,
Liam McGing,overall,54.868927,,
Liam Mullan,overall,57.13298,,
Liam Spencer Gordon,overall,59.79059,,
Liam Vincent,overall,56.572014,,
Liam van Gelderen,overall,63.44426,,
Liberman Bryan Torres Nazareno,overall,60.23876,,
Lilian Niclas Egloff,overall,62.542385,,
Lino Sousa,overall,59.74988,,
Linus Carlstrand,overall,55.77117,,
Linus Schäfer,overall,61.060753,,
Linus Tagesson,overall,57.68008,,
Lleyton Brooks,overall,58.000458,,
Lluc Matas García,overall,58.900414,,
Lluís Recasens Vives,overall,63.183372,,
Logan Chalmers,overall,61.659462,,
Lorent Tolaj,overall,58.659027,,
Lorenz Knöferl,overall,61.589436,,
Lorenzo Maria Dickmann,overall,67.85066,,
Lorenzo Zúñiga Owono,overall,61.77103,,
Lorik Emini,overall,63.717766,,
Louie Mark Barry,overall,64.15339,,
Louis Chadwick,overall,54.726658,,
Louis D'Arrigo,overall,62.289276,,
Louis George Appéré,overall,60.872505,,
Louis Samuel Reed,overall,64.31128,,
Lourival Adnan Diniz Prazeres,overall,64.194176,,
Loué Bayéré Junior,overall,54.40532,,
Loïc Anthony Bessile,overall,63.76213,,
Luan Vágner Simões Eustáquio,overall,67.324684,,
Luca Bastian Plogmann,overall,62.188282,,
Luca Crecco,overall,68.02313,,
Luca Cristian Andronache,overall,63.376152,,
Luca Daniel de la Torre,overall,68.34476,,
Luca John Connell,overall,63.253822,,
Luca Leovino Martínez Dupuy,overall,63.53116,,
Luca Menke,overall,53.420612,,
Luca Petzold,overall,54.803024,,
Luca Sonzogni,overall,57.566784,,
Luca Stellwagen,overall,61.522354,,
Luca Wollschläger,overall,59.485508,,
Luca-Milan Zander,overall,65.60912,,
Lucas Agustín Besozzi,overall,63.6026,,
Lucas Barros da Cunha,overall,62.45309,,
Lucas Becker,overall,55.969666,,
Lucas Bergström,overall,59.067665,,
Lucas Bernadou,overall,64.77188,,
Lucas Calodat,overall,63.282444,,
Lucas Cañizares Conchello,overall,63.34461,,
Lucas Chrubasik,overall,55.847626,,
Lucas Emanuel Brochero,overall,63.437893,,
Lucas Esteves Souza,overall,61.42678,,
Lucas Felix Krüger,overall,60.560707,,
Lucas Flores de Oliveira,overall,60.078503,,
Lucas Galarza,overall,60.28037,,
Lucas Hiemann,overall,51.882397,,
Lucas Jozef Lissens,overall,60.130074,,
Lucas Larade,overall,53.20258,,
Lucas Laso Gutiérrez,overall,64.07033,,
Lucas Lionel Dias,overall,61.338367,,
Lucas Maciel Felix,overall,63.975163,,
Lucas Margueron,overall,55.26182,,
Lucas Maximiliano Lemos Mayuncaldi,overall,61.47518,,
Lucas Mika Wolf,overall,61.40144,,
Lucas Nahuel González Martínez,overall,69.18581,,
Lucas Nahuel Morales,overall,64.741165,,
Lucas Queiroz Canteiro,overall,69.344345,,
Lucas Varaldo,overall,60.2665,,
Lucas Zahaczewski,overall,55.93054,,
Lucas Ángel Esquivel,overall,61.03781,,
Luciano Daniel Arriagada Garcia,overall,64.07052,,
Luciano Fernández,overall,56.238018,,
Luciano Ismael Ferreyra,overall,64.48732,,
Luciano Valente,overall,61.400387,,
Luciano Vega,overall,64.20924,,
Ludvig Nåvik,overall,60.60213,,
Ludwig Francillette,overall,61.193542,,
Luis Abelardo Vargas,overall,60.820633,,
Luis Alfredo Montero Ruíz,overall,61.698715,,
Luis Barco,overall,59.952713,,
Luis Bilbao Arechaga,overall,64.258415,,
Luis David González Torres,overall,60.419167,,
Luis Eduardo Demiquel Banegas,overall,63.731197,,
Luis Federico López Andúgar,overall,64.39762,,
Luis Fernando Casiani Zúñiga,overall,57.971252,,
Luis Francisco Sánchez Mosquera,overall,67.26011,,
Luis Gerardo Chávez Magallón,overall,67.133804,,
Luis Hernán Franco Fariña,overall,60.257385,,
Luis Ignacio Ingolotti,overall,60.97219,,
Luis Lopes,overall,60.903664,,
Luis Mario Díaz Espinoza,overall,66.252525,,
Luis Mateo Ortíz Lara,overall,59.821026,,
Luis Miguel Barrios,overall,53.44282,,
Luis Thomas Binks,overall,65.176414,,
Luiz Skraback,overall,60.8374,,
Luka Pršo,overall,58.303837,,
Luka Stankovski,overall,64.178825,,
Lukas Ahlefeld Engel,overall,64.62431,,
Lukas Bornhøft Jensen,overall,59.625504,,
Lukas Emanuel Petkov,overall,66.91492,,
Lukas Mazagg,overall,55.49914,,
Lukas Prokop,overall,60.68139,,
Lukas Rhöse,overall,50.730354,,
Lukas Sedlak,overall,56.640205,,
Lukas Sparre Klitten,overall,59.801136,,
Lukas Stephan Horst Daschner,overall,65.543304,,
Lukas Willen,overall,55.006714,,
Luke Alexander Matheson,overall,61.56304,,
Luke Badley-Morgan,overall,58.409267,,
Luke Boore,overall,49.44203,,
Luke Gerald Michael Thomas,overall,61.953247,,
Luke James Cundle,overall,63.475758,,
Luke Jenkins,overall,54.54263,,
Luke Joshua Bodnar,overall,58.751083,,
Luke Mariette,overall,59.210358,,
Luke Matthew Woolfenden,overall,67.229294,,
Luke Oresti,overall,53.7505,,
Luke Owen Jephcott,overall,63.99495,,
Luke Philip McCormick,overall,65.73606,,
Luke Rudden,overall,53.696766,,
Luke William Offord,overall,61.80719,,
Luke Đuzel,overall,55.113716,,
Lukáš Horníček,overall,57.82638,,
Luuk Wouters,overall,58.92227,,
Luís Miguel Castelo Santos,overall,64.16152,,
Luís Pedro Alves Bastos,overall,61.80625,,
Lyle Brent Foster,overall,63.56075,,
Lynden Jack Gooch,overall,66.724686,,
Léider Andrés Riascos Suárez,overall,61.868702,,
Léon Delpech,overall,62.84658,,
Lévi Ntumba,overall,61.77324,,
Maciej Bortniczuk,overall,56.059372,,
Mads Hedenstad Christiansen,overall,64.27273,,
Mads Juhl Kikkenborg,overall,61.506355,,
Mads Roerslev Rasmussen,overall,67.40574,,
Madyen El Jaouhari,overall,59.429604,,
Magnus Elkjær Mattsson,overall,67.23619,,
Magnus Isager,overall,55.47145,,
Magnus Kaastrup Refstrup Lauritsen,overall,64.568214,,
Magnus Nordengen Knudsen,overall,66.15477,,
Mahamadou Dembélé,overall,55.78961,,
Mahamadou Doucouré,overall,60.999317,,
Mahamadou Doumbia,overall,57.42596,,
Mahlon Beresford Baker Romeo,overall,67.85863,,
Maico Alejandro Quiroz,overall,62.093353,,
Maicol Gil,overall,62.251434,,
Maicol Ruiz,overall,62.553986,,
Maiker Alfonzo Rivas González,overall,56.366993,,
Maissa Ndiaye,overall,55.76537,,
Malcolm Viltard,overall,60.297993,,
Malcom Adu Ares Djaló,overall,63.3465,,
Malik Sawadogo,overall,57.275154,,
Malthe Højholt,overall,68.24227,,
Mamadi Caba Camará,overall,63.29064,,
Mamadou Ibra Mbacke Fall,overall,66.54743,,
Mamadou Kaly Sène,overall,64.27388,,
Mamady Alex Bangré,overall,64.053154,,
Mamady Diarra,overall,64.37061,,
Mamoudou Karamoko,overall,62.46151,,
Mansor Faiez Al-Beshe,overall,55.827217,,
Manuel Duarte,overall,62.821056,,
Manuel Garrido Álvarez,overall,63.97544,,
Manuel Lama Maroto,overall,61.89454,,
Manuel Mama Samba Baldé,overall,62.95576,,
Manuel Monzeglio Velázquez,overall,64.33381,,
Manuel Morillo León,overall,62.74292,,
Manuel Osifo,overall,58.423985,,
Manuel Paul Wintzheimer,overall,66.42555,,
Manuel Rico Del Valle,overall,60.58841,,
Manuel Sulbarán,overall,62.70624,,
Manuel Tadeo Llano Massa,overall,61.87206,,
Manuel Thurnwald,overall,64.53546,,
Maodo Malick M'Baye,overall,64.98959,,
Marc Aguado Pallarés,overall,64.405655,,
Marc Llinares Barragán,overall,56.69026,,
Marc Lutz,overall,50.361683,,
Marc Pubill Pagès,overall,65.39855,,
Marc Tenas Ureña,overall,61.37451,,
Marc Vidal Girona,overall,57.452995,,
Marcel Edwin Rodrigues Lavinier,overall,60.288105,,
Marcel Mansfeld,overall,56.900665,,
Marcel Zapytowski,overall,54.795753,,
Marcelo Flores,overall,65.92177,,
Marcelo Iván Allende Bravo,overall,68.131874,,
Marcelo Palomino,overall,68.17104,,
Marcelo Rubén Acosta Ríos,overall,59.588337,,
Marcelo Suárez,overall,62.022675,,
Marcin Szpakowski,overall,61.95547,,
Marco Alexandru Dulca,overall,67.16974,,
Marco Bosisio,overall,59.329388,,
Marco Campagnaro,overall,60.437206,,
Marco Camus Muñoz,overall,61.129696,,
Marco Genare Di Cesare,overall,64.19358,,
Marco Moreno Ojeda,overall,61.92417,,
Marco Olivieri,overall,61.338722,,
Marco Pašalić,overall,63.786964,,
Marcos Ezequiel Gómez Paredes,overall,64.526436,,
Marcos García Trabanco,overall,61.59858,,
Marcos Gonzalo Goñi,overall,66.49442,,
Marcos Hernán Peano,overall,61.445107,,
Marcos Johan López Lanfranco,overall,67.9729,,
Marcos Luna Luna Ruiz,overall,61.53462,,
Marcos Nahuel Enrique,overall,64.5155,,
Marcos Paulo Costa do Nascimento,overall,66.641884,,
Marcus Ellingsen Andersen,overall,58.907475,,
Marcus Maier,overall,62.236446,,
Marcus Samuel Michael McGuane,overall,65.492836,,
Marcus Serup Hannesbo,overall,60.761288,,
Marian Fernando Huja,overall,61.75016,,
Marian Obedeanu,overall,60.97072,,
Marinus Larsen,overall,61.496647,,
Mario Gila Fuentes,overall,60.96632,,
Mario Hernández Fernández,overall,67.14839,,
Mario Jorrín González,overall,58.439865,,
Marios Tsaousis,overall,62.215202,,
Marius Broholm,overall,56.76139,,
Marius Mihai Marin,overall,66.83351,,
Marius Tollefsen,overall,54.23455,,
Mark James McGuinness,overall,63.205425,,
Mark Nnamdi Ugboh,overall,58.702057,,
Mark Thomas Harris,overall,67.50614,,
Marko Brkljača,overall,65.25574,,
Marko Dijakovic,overall,60.49426,,
Marko Marić,overall,59.300034,,
Marko Seufatu Nikola Stamenic,overall,63.889854,,
Markus André Kaasa,overall,66.54109,,
Marlon Perea,overall,61.149273,,
Marokhy Ndione,overall,61.739685,,
Martial Godo,overall,57.608425,,
Martijn Beernaert,overall,57.506996,,
Martim Miguel Carneiro Tavares,overall,62.617516,,
Martin Adeline,overall,67.290665,,
Martin Yankov Minchev,overall,67.935616,,
Martí Vilà García,overall,62.229763,,
Martín Ezequiel Cañete,overall,68.186424,,
Martín Garay,overall,66.05359,,
Martín Gianoli,overall,67.99767,,
Martín Manuel Calderón Gómez,overall,64.59275,,
Martín Ortega,overall,61.256668,,
Martín Pascual Castillo,overall,62.96712,,
Martín Suárez,overall,63.901913,,
Marvin Ayhan Obuz,overall,62.035297,,
Marvin Lee Rittmüller,overall,61.613777,,
Marvin Olawale Akinlabi Park,overall,64.23793,,
Marvin Tshibuabua,overall,63.70901,,
Maryan Faryna,overall,62.43442,,
Masimiliano Doda,overall,54.107956,,
Massimo Bertagnoli,overall,66.25436,,
Matchoi Bobó Djaló,overall,68.42914,,
Matei Moraru,overall,59.498306,,
Mateo Agustín Coronel,overall,67.0805,,
Mateo Klimowicz,overall,68.412834,,
Mateus Gonçalo Espanha Fernandes,overall,68.550385,,
Mateus Santos Barbosa,overall,61.70605,,
Mateusz Kowalski,overall,55.70357,,
Mateusz Letkiewicz,overall,56.841606,,
Mateusz Piotr Bogusz,overall,66.2406,,
Mateusz Stefan Lewandowski,overall,54.630104,,
Matheus Bueno Batista,overall,65.6045,,
Matheus Nunes Fagundes de Araújo,overall,64.47888,,
Matheus Pereira de Souza,overall,64.08586,,
Matheus Salgueiro Pains,overall,64.2851,,
Mathew Antony Stevens,overall,59.736206,,
Mathias Damm Kvistgaarden,overall,64.8874,,
Mathias Daniel Pinto Mell,overall,60.062847,,
Mathias De Wolf,overall,62.109367,,
Mathias Johnsrud Emilsen,overall,59.7717,,
Mathias Knutsen Rasmussen,overall,66.76712,,
Mathias Ross Jensen,overall,62.141533,,
Mathias Ullereng Kjølø,overall,62.743786,,
Mathieu Cachbach,overall,63.95642,,
Mathis Bruns,overall,55.469482,,
Mathis Christophe Picouleau,overall,66.20457,,
Mathys Saban,overall,64.067665,,
Mathías Bernatene,overall,63.267677,,
Mathías Carpio,overall,62.006077,,
Mathías Nicolás Laborda Malseñido,overall,64.321266,,
Matias Flores,overall,54.880478,,
Matija Horvat,overall,61.11525,,
Matis Carvalho,overall,59.41039,,
Matisse Didden,overall,60.14391,,
Matko Babić,overall,59.060562,,
Matko Mijael Miljevic,overall,67.94508,,
Matondo-Merveille Papela,overall,65.09018,,
Mats Lemmens,overall,58.676926,,
Matteo Anzolin,overall,61.167236,,
Matteo Arena,overall,50.28279,,
Matteo Chiacig,overall,59.524086,,
Matteo Emilio Di Giusto,overall,63.360725,,
Matteo Piacentini,overall,60.134277,,
Matthew Alexander Sorinola,overall,63.31684,,
Matthew Anim Cudjoe,overall,58.766125,,
Matthew Ben Longstaff,overall,68.172455,,
Matthew David Butcher,overall,61.528072,,
Matthew David Hundley,overall,55.183212,,
Matthew Freese,overall,58.748055,,
Matthew Gerrard Smith,overall,65.240105,,
Matthew Hatch,overall,56.718,,
Matthew Hudson,overall,58.17559,,
Matthew Jimmy David Garbett,overall,64.44144,,
Matthew Pollock,overall,64.33915,,
Matthew Real,overall,61.513367,,
Matthew Ridenton,overall,62.909187,,
Matthew Robert Smith,overall,67.92095,,
Matthew Ryan Wolfe,overall,61.487907,,
Matthew Scott,overall,48.635525,,
Matthias Gragger,overall,56.518852,,
Matthias Jean Phaeton,overall,63.941284,,
Matthis Harsman,overall,56.945034,,
Matthäus Taferner,overall,68.252525,,
Mattia Ciucci,overall,58.946484,,
Mattia Motolese,overall,57.6677,,
Mattia Pagliuca,overall,61.369446,,
Mattia Viviani,overall,68.11995,,
Mattéo Ahlinvi,overall,65.148346,,
Mattéo Rabuel,overall,54.960197,,
Matías Cedrés Batista,overall,61.699436,,
Matías Damián Palacios,overall,68.18294,,
Matías Damián Pérez,overall,62.275284,,
Matías Eduardo Esquivel,overall,68.7356,,
Matías Fernando Lazo Zapata,overall,64.46059,,
Matías Fredes,overall,60.651615,,
Matías Morello,overall,66.875145,,
Matías Nahuel Borgogno,overall,61.481655,,
Matías Nahuel González,overall,63.98219,,
Matías Nicolás Miranda,overall,65.84049,,
Matías Ocampo,overall,64.541504,,
Matías Romero Andrade,overall,61.55374,,
Matías Vesprini,overall,60.898674,,
Maurice Maximilian Malone,overall,66.17773,,
Maurice Michael Multhaup,overall,66.77312,,
Maurilio de Lannoy,overall,58.448273,,
Mauro Silveira,overall,68.33688,,
Max Alves da Silva,overall,63.346245,,
Max Anchor,overall,55.02068,,
Max Delyfer,overall,57.586735,,
Max Dyche,overall,57.885956,,
Max Harrison Sanders,overall,59.534748,,
Max James Watters,overall,63.084023,,
Max Johannes Whitta Fenger,overall,62.37193,,
Max Kulke,overall,59.80781,,
Max McMillan,overall,58.739513,,
Max Murphy,overall,52.693672,,
Max Normann Williamsen,overall,62.420815,,
Max Taylor,overall,60.917557,,
Max Wolfs,overall,57.87167,,
Maxim Deman,overall,58.533573,,
Maxim Gullit,overall,59.05276,,
Maximilian Franzke,overall,61.64332,,
Maximilian Neuberger,overall,58.230774,,
Maximilian Neutgens,overall,56.577717,,
Maximilian Sprang,overall,59.32515,,
Maximiliano David Ayala,overall,67.915276,,
Maximiliano Samuel Romero,overall,67.094345,,
Maximiliano Torrealba,overall,60.264095,,
Maykol Antonio Sánchez Arancibia,overall,61.86976,,
Maïdine Douane,overall,59.193954,,
Mduduzi Shabalala,overall,56.898514,,
Mehdi Baaloudj,overall,53.075832,,
Mehdi Bariki,overall,51.557125,,
Mehdi Lehaire,overall,58.770237,,
Mehmet Albayrak,overall,53.983936,,
Mehmet Ataberk Dadakdeniz,overall,60.984306,,
Mehmet Can Aydin,overall,68.41793,,
Melker Ellborg,overall,57.263493,,
Melvin Aladin Ramusović,overall,60.51407,,
Melvin Sitti,overall,61.365288,,
Mender García Torres,overall,63.703876,,
Mert Arslan,overall,60.561676,,
Mert Kurt,overall,60.427124,,
Metehan Baltacı,overall,57.196686,,
Metehan Güçlü,overall,62.146458,,
Michael Andrew Johnston,overall,68.07872,,
Michael John Cooper,overall,66.27923,,
Michael Joseph Edwards,overall,50.79946,,
Michael Kostka,overall,61.711933,,
Michael Martin,overall,61.364704,,
Michael Ndiweni,overall,59.08091,,
Michael Ologo Inainfe,overall,60.340347,,
Michael Thomas Tallaksen Crowe,overall,60.109238,,
Michael Wyparło,overall,56.994286,,
Michalis Kosidis,overall,57.04917,,
Michał Rostkowski,overall,56.71447,,
Michel De Jesus Sousa,overall,53.32285,,
Miguel Angel Cornejo Loli,overall,64.39242,,
Miguel Angel Martínez Irala,overall,63.476788,,
Miguel Azeez,overall,67.39811,,
Miguel Baeza Pérez,overall,67.420784,,
Miguel Colque,overall,58.68396,,
Miguel Ferreira de Sousa,overall,65.83679,,
Miguel Gutiérrez Ortega,overall,67.16554,,
Miguel Maria Mariano Falé,overall,66.71797,,
Miguel Mariz Luís,overall,64.424095,,
Miguel Puche García,overall,65.88595,,
Miguel Raimundo Nóbrega,overall,58.953747,,
Miguel Rodríguez Vidal,overall,62.861935,,
Miguel Silva Reisinho,overall,63.843826,,
Miguel Sánchez Tabares,overall,61.636116,,
Miguel de la Fuente Escudero,overall,65.414505,,
Miguel Ángel Atienza Villa,overall,67.95634,,
Miguel Ángel Morro Muñoz,overall,65.42734,,
Miguel Ángel Navarro Zárate,overall,61.520782,,
Miguel Ángel Ruiz Herráiz,overall,62.218563,,
Miguel Ângelo Ferreira Magalhães,overall,66.38786,,
Mihai Alexandru Dobre,overall,67.43346,,
Mihai Alexandru Eşanu,overall,60.853455,,
Mihai Daniel Lixandru,overall,62.157494,,
Mihai Marian Aioani,overall,67.115715,,
Mihai Maximilian Popa,overall,64.062096,,
Mihai Velisar,overall,61.246895,,
Mika Godts,overall,66.39017,,
Mika Mármol Medina,overall,65.971504,,
Mika Schröers,overall,62.040405,,
Mikael Ugland,overall,60.864212,,
Mike Johannes Hendrikus Josephus van Beijnen,overall,62.251316,,
Mikel Carro Fandiño,overall,61.818504,,
Mikey O'Neill,overall,59.865673,,
Mikkel Duelund Poulsen,overall,68.689316,,
Mikkel Juhl Andersen,overall,61.52671,,
Mikkel Kallesøe Andreasen,overall,64.29803,,
Mikkel Kaufmann Sørensen,overall,62.25492,,
Mikkel Konradsen Ceide,overall,56.650917,,
Mikkel Møller Lassen,overall,58.164524,,
Mikkel Rakneberg,overall,58.89351,,
Mikołaj Rakowski,overall,56.654697,,
Milan Smit,overall,57.735268,,
Miliano Jonathans,overall,61.989326,,
Miloš Bočić,overall,59.740112,,
Milton Marcelo Maciel Brítez,overall,64.27968,,
Milton Nahuel Valenzuela,overall,66.65405,,
Min Geol Woo,overall,50.397854,,
Min Gyu Kim,overall,50.578827,,
Min Jun Kim,overall,59.360954,,
Min Woo Jung,overall,56.31777,,
Mirko Tomianovic,overall,64.16616,,
Miroslav Gono,overall,61.10068,,
Mitchell Reece Clark,overall,61.589745,,
Mitchell Roberts,overall,57.470917,,
Moataz Zemzemi,overall,64.33791,,
Modou Tambedou,overall,61.506645,,
Mohamad Al-Taay,overall,55.118362,,
Mohamed Airam Ramos Wade,overall,64.10416,,
Mohamed Ben Fredj,overall,59.802795,,
Mohamed Berte,overall,58.02661,,
Mohamed Bouchouari,overall,62.530354,,
Mohamed Kefing Kanté,overall,57.20468,,
Mohamed Salah El Boukammiri,overall,58.232056,,
Mohamed Taabouni,overall,68.07711,,
Mohamed Toure,overall,61.180733,,
Mohamed Traore,overall,57.05932,,
Mohamed Youla,overall,55.293636,,
Mohammed Abo Abd,overall,57.735332,,
Mohammed Al Biladi,overall,50.43534,,
Mohammed Al Khaibari,overall,50.22913,,
Mohammed Al Kunaydiri,overall,56.70406,,
Mohammed Al Mosabbah,overall,54.382156,,
Mohammed Al Qahtani,overall,55.249496,,
Mohammed Bassam Alhurayji,overall,54.231285,,
Mohammed Boudiaf,overall,48.98338,,
Mohammed Furaih,overall,49.920353,,
Mohammed Khalil Maran,overall,54.41253,,
Mohammed Tahiri,overall,62.685574,,
Mohammed Waad,overall,63.41129,,
Moises Castillo Mosquera,overall,62.20815,,
Moisés Isaac Caicedo Corozo,overall,68.092804,,
Momodou Bojang,overall,57.29217,,
Monsuru Opeyemi,overall,65.07697,,
Montasser Lahtimi,overall,66.044586,,
Moonga Simba,overall,60.15604,,
Morgan Boyes,overall,61.169556,,
Morgan Elliot Roberts,overall,53.4278,,
Morgan Elliot Rogers,overall,64.97783,,
Morgan Faßbender,overall,60.853695,,
Morgan Paul Poaty,overall,63.80933,,
Moritz Berg,overall,58.933792,,
Moritz Heinrich,overall,63.90128,,
Moteb Saad Al-Harbi,overall,64.264565,,
Moubarack Compaoré,overall,54.2699,,
Moudi Najjar,overall,54.137897,,
Mouhamed Niang,overall,58.032753,,
Mounir Chouiar,overall,68.51353,,
Moussa Kalilou Djitté,overall,67.96418,,
Moustapha Cissé,overall,64.37668,,
Moïse Sahi Dion,overall,65.68319,,
Muhammed Enes Kiprit,overall,60.928497,,
Muhammed-Cham Saračević,overall,61.53856,,
Muhammet Arslantaş,overall,56.482727,,
Muhammet Taha Tepe,overall,60.82149,,
Muhannad Mustafa Al-Shanqeeti,overall,63.993153,,
Muheet Shabir Khan,overall,50.836067,,
Murat Cem Akpınar,overall,65.76287,,
Musab Habkoor,overall,55.013615,,
Mustafa Eser,overall,58.940495,,
Mustafa Kapı,overall,65.200485,,
Mustafa Kizza,overall,59.534233,,
Muzaffer Cem Kablan,overall,58.97526,,
Mykola Kukharevych,overall,59.54826,,
Myung Sun Kim,overall,54.401512,,
Máximo David Alonso Fontes,overall,64.12198,,
Mücahit Serbest,overall,55.74501,,
Münir Levent Mercan,overall,64.6944,,
N'Dri Philippe Koffi,overall,62.515224,,
Nabili Zoubdi Touaizi,overall,63.590908,,
Nacim El Hassani,overall,60.38064,,
Nadhir Benbouali,overall,64.30831,,
Nahuel Casasola,overall,62.1429,,
Nahuel Manganelli,overall,58.852108,,
Nahuel Soria,overall,57.726788,,
Naif Saeed Almas,overall,53.82621,,
Naim García García,overall,63.528183,,
Nana Boateng,overall,60.102043,,
Nando Toggenburger,overall,59.32725,,
Nando Zen Pijnaker,overall,64.31139,,
Nasser Al Shikaili,overall,56.970314,,
Nasser Djiga,overall,58.77603,,
Nasser Eissa Shafi Al-Dawsari,overall,67.50263,,
Natanas Žebrauskas,overall,54.63533,,
Nathan Broome,overall,56.60496,,
Nathan Fogaça,overall,62.972527,,
Nathan Kenneth Patterson,overall,62.59254,,
Nathan Logue Cunningham,overall,48.053402,,
Nathan Monzango,overall,55.242733,,
Nathan N'Goumou Minpole,overall,68.38848,,
Nathan Sheppard,overall,57.115032,,
Nathan Wicht,overall,59.803104,,
Nathan Wood-Gordon,overall,63.761925,,
Nathanael Kukanda,overall,57.54066,,
Nathanaël Saintini,overall,56.89007,,
Nathaneal Blair,overall,53.206882,,
Nathangelo Alexandro Markelo,overall,62.718266,,
Nathaniel Caleb Atkinson,overall,67.14469,,
Nawaf Al Saadi,overall,55.384254,,
Nawaf Dhahi Faisal Al Suweiti Al-Aqidi,overall,57.692142,,
Nawaf Hazazi,overall,52.828407,,
Nazareno Funez,overall,61.994736,,
Nazareno Romero,overall,63.944614,,
Naël Jaby,overall,58.647934,,
Nelson Quiñónes,overall,56.126286,,
Nemanja Celic,overall,62.45795,,
Neraysho Meritchio Kasanwirjo,overall,63.89075,,
Nermin Karić,overall,58.96304,,
Nestor Jiménez,overall,60.71782,,
Neven Djurasek,overall,66.10506,,
Niall Nathan Michael Ennis,overall,62.33775,,
Nic Bollado,overall,54.48589,,
Niccolò Pierozzi,overall,60.813763,,
Nicholas D'Agostino,overall,64.175545,,
Nicholas Markanich,overall,53.68568,,
Nicholas Michael Hayes,overall,56.956482,,
Nicholas Suman,overall,51.9625,,
Nicholas Tsaroulla,overall,59.52276,,
Nicky Clescenco,overall,57.534702,,
Nicky Hernandez,overall,59.20959,,
Nicky Medja Beloko,overall,63.516445,,
Niclas Eliasson Santana,overall,68.149666,,
Nico Gordon,overall,57.78357,,
Nico Gorzel,overall,61.537056,,
Nico Moos,overall,52.957314,,
Nicolas Galazzi,overall,65.92221,,
Nicolas Martin Hautorp Madsen,overall,64.24496,,
Nicolas Thierry Raskin,overall,68.77788,,
Nicolo Tresoldi,overall,59.122456,,
Nicolás Agustín Demartini,overall,68.44617,,
Nicolás Alejandro Thaller,overall,63.29273,,
Nicolás Bastián Guerra Ruz,overall,66.07359,,
Nicolás Brian Acevedo Tabárez,overall,66.0031,,
Nicolás Delgadillo Godoy,overall,64.364075,,
Nicolás Ezequiel Fernández Mercau,overall,68.62847,,
Nicolás Federico Castro,overall,67.67849,,
Nicolás Fernando Cordero,overall,66.85752,,
Nicolás Ferreira,overall,64.503914,,
Nicolás Figueroa,overall,62.622597,,
Nicolás Gudiño Castilla,overall,60.568466,,
Nicolás Quagliata,overall,68.44218,,
Nicolás Serrano Galdeano,overall,68.56453,,
Niels Patrick Nkounkou,overall,64.47145,,
Nigel van Haveren,overall,61.686775,,
Nika Gagnidze,overall,65.3925,,
Nikita Fedotov,overall,59.942127,,
Niklas Jahn,overall,58.76206,,
Niklas Jeck,overall,58.434353,,
Niklas Lübcke,overall,60.01603,,
Nikodem Niski,overall,56.988293,,
Nikola Stevanović,overall,62.38226,,
Nikola Stosic,overall,62.22706,,
Nikolai Baden Frederiksen,overall,68.186104,,
Nikolai Rohde Laursen,overall,68.149704,,
Nikolas Korzeniecki,overall,59.993996,,
Nikolas Langberg Dyhr,overall,66.12783,,
Nikolas Polster,overall,61.62656,,
Nikolas Terkelsen Nartey,overall,68.921165,,
Nikoloz Kutateladze,overall,57.745712,,
Nikos Zografakis,overall,61.57118,,
Nils Arvidsson,overall,58.06092,,
Nils Gustav Georg Fröling,overall,66.37644,,
Nils Hahne,overall,61.013294,,
Nils Mortimer Moreno,overall,64.84557,,
Nils Wallenberg,overall,58.82063,,
Nils-Jonathan Körber,overall,66.810684,,
Nino Žugelj,overall,61.42232,,
Nishan Connell Burkart,overall,63.03882,,
Nkosingiphile Ngcobo,overall,64.175415,,
Noah Awuku,overall,57.50518,,
Noah Christopher Chilvers,overall,64.075356,,
Noah De Queiroz Pacheco,overall,56.81844,,
Noah Diliberto,overall,68.27715,,
Noah Emmanuel Jean Holm,overall,62.88788,,
Noah James,overall,55.05364,,
Noah Kemeseng Sonko-Sundberg,overall,61.715733,,
Noah König,overall,56.67241,,
Noah Raveyre,overall,59.940674,,
Noah Sadiki,overall,61.648556,,
Noah Shawn Agbaje,overall,60.360878,,
Noah Wagner,overall,55.90255,,
Noble Okello,overall,58.441097,,
Noel Hansson,overall,54.92781,,
Noel López de la Fuente,overall,66.29273,,
Nongdamba Naorem,overall,50.062836,,
Norbert Pacławski,overall,56.04288,,
Norbert Wojtuszek,overall,61.41896,,
Nordin Musampa,overall,60.93225,,
Novatus Miroshi Dismas,overall,61.61991,,
Nuno Gonçalo Rocha Moreira,overall,67.407425,,
Nuno Miguel Reis Lima,overall,64.567375,,
Nurettin Korkmaz,overall,58.905766,,
Odin Ohray Bailey,overall,66.4696,,
Olaf Kobacki,overall,60.982246,,
Olamide Shodipo,overall,64.43462,,
Ole Martin Lekven Kolskogen,overall,61.788296,,
Ole ter Haar Romeny,overall,61.87361,,
Oleksandr Drambaev,overall,60.494,,
Oleksandr Yatsyk,overall,66.68189,,
Oleksiy Sych,overall,61.7654,,
Oliver Bjerrum Jensen,overall,60.40201,,
Oliver Bundgaard Kristensen,overall,64.432304,,
Oliver Casey,overall,57.497925,,
Oliver Denham,overall,56.052605,,
Oliver Kamdem,overall,57.83952,,
Oliver Lukas Dozae Nnonyelu Dovin,overall,61.84005,,
Oliver Marc Rose-Villadsen,overall,66.17865,,
Oliver Olsson,overall,56.23387,,
Oliver Ross,overall,62.702652,,
Oliver Samuel Crankshaw,overall,58.284214,,
Oliver Younger,overall,57.745544,,
Olivier Boissy,overall,54.457615,,
Olivier Wypart,overall,54.568996,,
Oliwier Sławiński,overall,57.04137,,
Oliwier Wojciechowski,overall,58.122658,,
Oliwier Zych,overall,58.640175,,
Oluwarotimi Mark Odusina,overall,61.44755,,
Oluwaseyi Babajide Ojo,overall,67.22721,,
Omar Damen Al Ruwaili,overall,52.903275,,
Omar Hamad Al-Owdah,overall,56.819332,,
Omar Jebali,overall,58.15665,,
Omar Khalid Dakhel Al-Jadani,overall,56.12805,,
Omar Kolawole Olufemi Sowunmi,overall,59.06593,,
Omar Rekik,overall,66.323616,,
Omar Saeed,overall,53.73996,,
Omar-Šarif Sijarić,overall,64.338615,,
Omir Guadalupe Fernandez Mosso,overall,64.16515,,
Onel Acosta,overall,61.11536,,
Onurhan Babuscu,overall,62.10273,,
Orges Bunjaku,overall,62.70984,,
Oriol Busquets Mas,overall,65.160706,,
Orlando David Colmán,overall,60.447227,,
Orrin McLaughlin,overall,53.481564,,
Osazee Aghatise,overall,61.509293,,
Oscar Aga,overall,58.944714,,
Oscar Camilo Salomón,overall,61.890118,,
Oscar Carl Linnér,overall,64.17631,,
Oscar Halls,overall,50.84014,,
Oscar Massey,overall,55.61855,,
Oscar Ramón Toledo Acosta,overall,55.531094,,
Oscar Thore Hedvall,overall,57.711338,,
Osher Davida,overall,66.5416,,
Oskar Aron Opsahl,overall,57.70645,,
Oskar Lodziński,overall,52.780273,,
Oskar Mielcarz,overall,56.71844,,
Oskar Sewerzyński,overall,58.955303,,
Oskar Siira Sivertsen,overall,59.449684,,
Oslimg Roberto Mora Pasache,overall,67.23243,,
Osman Bukari,overall,68.27487,,
Osvaldo Rodríguez del Portal,overall,64.64299,,
Oswaldo Josué Valenzuela Dileo,overall,62.00929,,
Othman Awadh,overall,50.132675,,
Otis Jan Mohammed Khan,overall,61.841053,,
Otto Lindell,overall,57.769936,,
Ousmane Ba,overall,61.611008,,
Ovidiu Horșia,overall,63.780663,,
Ovidiu Ioan Perianu,overall,65.332985,,
Owen Bevan,overall,59.500763,,
Owura Edwards,overall,61.636616,,
Oğuzhan Akgün,overall,62.237522,,
P. Justiniano Almeida Gomes,overall,56.49763,,
Pablo Agustín Minissale,overall,62.09958,,
Pablo Alejandro Bonilla Serrada,overall,61.580673,,
Pablo Antonio Ortiz Cabezas,overall,60.983456,,
Pablo Cuñat Campos,overall,63.814095,,
Pablo Enrique Ruíz,overall,67.75708,,
Pablo Felipe Pereira de Jesus,overall,64.371574,,
Pablo Gozálbez Gilabert,overall,66.23416,,
Pablo Gálvez Miranda,overall,63.73478,,
Pablo Ibáñez Lumbreras,overall,62.201633,,
Pablo López Gallo,overall,55.079155,,
Pablo Moreno Taboada,overall,67.2351,,
Pablo Pérez Rico,overall,61.077934,,
Pablo Rodríguez Delgado,overall,63.26268,,
Pablo Tomeo Félez,overall,65.01664,,
Pablo Torre Carral,overall,68.08416,,
Pablo Vaca,overall,66.42771,,
Pablo Valencia García,overall,58.422207,,
Pacifique Niyongabire,overall,58.588573,,
Panagiotis Panagiotou,overall,55.0433,,
Pantelis Chatzidiakos,overall,68.512955,,
Paolo Alessandro Reyna Lea,overall,67.155624,,
Paolo Gozzi,overall,65.485985,,
Paolo Marco Leima Donatelo,overall,66.89944,,
Paolo Medina Etienne,overall,63.162052,,
Paolo Sciortino,overall,57.63015,,
Pape Habib Guèye,overall,66.448746,,
Pape Samba Thiam,overall,55.871506,,
Pascal Hammer,overall,52.844925,,
Patricio Alessandro Flores Bascur,overall,60.135906,,
Patrick Brouwer,overall,60.528393,,
Patrick Gilmar Sequeira,overall,61.15368,,
Patrick Kpozo,overall,61.467846,,
Patrick Moser,overall,57.24452,,
Patrick Scheder,overall,56.582478,,
Patrick Weah,overall,58.84406,,
Patrik Sigurður Gunnarsson,overall,58.919823,,
Patriot Sejdiu,overall,62.263367,,
Patryk Klimala,overall,64.170654,,
Patryk Peda,overall,61.450615,,
Pau Casadesús Castro,overall,58.56989,,
Paul Asiedu Osew,overall,60.70664,,
Paul Bourdelle,overall,59.07652,,
Paul Grave,overall,56.175243,,
Paul Manske,overall,58.697098,,
Paul Milton Glatzel,overall,60.06021,,
Paul Méliande,overall,61.723743,,
Paulo Eduardo Ferreira Godinho,overall,62.54755,,
Paulo Estrela Moreira Alves,overall,68.03075,,
Paulo Guilherme Gonçalves Bernardo,overall,69.225,,
Paulo Vitor Fernandes Pereira,overall,63.944633,,
Paulos Abraham,overall,66.74189,,
Pavle Vagić,overall,64.54351,,
Pawel Chrupalla,overall,57.67027,,
Paweł Sokół,overall,55.54866,,
Paweł Żuk,overall,53.65044,,
Paya Pichkah,overall,60.52167,,
Peder Klausen,overall,56.73727,,
Pedro Bernardo González Ojeda,overall,60.759884,,
Pedro David Brazão Teixeira,overall,68.303764,,
Pedro Emmanuel Ojeda,overall,68.843254,,
Pedro Guillermo Ibáñez Gálvez,overall,64.81046,,
Pedro Henrique Rodrigues Bicalho,overall,65.17643,,
Pedro Injai Gomes,overall,60.233322,,
Pedro Jeampierre Vite Uca,overall,67.244865,,
Pedro Jorge Gonçalves Malheiro,overall,63.06468,,
Pedro Luís Machado Ganchas,overall,57.788467,,
Pedro Miguel Almeida Lopes Pereira,overall,68.968285,,
Pedro Miguel Costa Álvaro,overall,66.07412,,
Pedro Navarro,overall,61.770046,,
Pedro Ortiz Bernat,overall,61.530354,,
Pedro Pablo Campos Olavarría,overall,58.486546,,
Pedro Ruiz Delgado,overall,59.003845,,
Pedro Trujillo,overall,58.901974,,
Pelayo González Rey,overall,63.81129,,
Pelayo Morilla Cabal,overall,62.24294,,
Pelle Elkjær Mattsson,overall,60.6276,,
Per Kristian Worre Bråtveit,overall,68.250015,,
Pere Joan García Bauzà,overall,64.12349,,
Perry Ng Tian-Hee,overall,61.22958,,
Peru Nolaskoain Esnal,overall,66.10506,,
Petar Pušić,overall,67.65289,,
Peter González Carmona,overall,66.34963,,
Peter Maguire,overall,52.281704,,
Peter Urminský,overall,54.557056,,
Philipp Birglehner,overall,55.24316,,
Philipp Ochs,overall,65.511284,,
Philipp Sonn,overall,61.201893,,
Philipp Sturm,overall,61.589653,,
Phrangki Buam,overall,53.456696,,
Pierluigi Cappelluzzo,overall,63.484695,,
Piero Antonio Vivanco Ayala,overall,65.00736,,
Pierre-Emmanuel Ekwah Elimby,overall,61.02486,,
Pietro Rovaglia,overall,60.678192,,
Pim Saathof,overall,63.33608,,
Plamedi Buni Jorge,overall,60.44415,,
Pol Bassa Mora,overall,60.006145,,
Pontus Jacob Ragne Dahlberg,overall,58.45689,,
Pontus Texel,overall,54.119583,,
Presley Pululu,overall,60.50596,,
Prince Isaac Kouame,overall,57.76719,,
Przemysław Kapek,overall,59.58807,,
Przemysław Maj,overall,55.30971,,
Quaine Bartley,overall,54.44184,,
Quinn McNeill,overall,56.180157,,
Radinio Balker,overall,62.66965,,
Radosław Cielemęcki,overall,60.635166,,
Radosław Seweryś,overall,55.04284,,
Radu Matei Drăgușin,overall,67.32493,,
Radu Ștefăniță Boboc,overall,63.959858,,
Rafael António Pereira,overall,64.28577,,
Rafael Castrillo,overall,62.097424,,
Rafael Ferrario,overall,60.406548,,
Rafael Julián Lutiger Vidalón,overall,62.20004,,
Rafael Mascarenhas Moreira,overall,54.56665,,
Rafael Obrador Burguera,overall,61.831062,,
Rafael Sebastián Mújica García,overall,65.823456,,
Rafael Sousa Gancho Brito,overall,66.20188,,
Rafael Tavares Gomes Fernandes,overall,61.620575,,
Rafael Tresaco Blasco,overall,62.389896,,
Raffaele Celia,overall,63.59775,,
Rafiki Said Ahamada,overall,62.374805,,
Rahmat Akbari,overall,62.809647,,
Rahmetullah Berişbek,overall,62.71589,,
Rahul Kannoly Praveen,overall,54.688343,,
Rakan Shamlan Al-Enezi,overall,59.38347,,
Ralph Priso-Mbongue,overall,59.53439,,
Ramón Enríquez Rodríguez,overall,66.586006,,
Ramón Juan Ramírez,overall,61.60685,,
Ramón Sosa Acosta,overall,65.573,,
Ramón Terrats Espacio,overall,66.643875,,
Raphael Assibey-Mensah,overall,60.794582,,
Raphael Radtke,overall,57.110863,,
Rareș Bălan,overall,54.959137,,
Rashawn Scott,overall,54.989944,,
Rashed Al Muwainea,overall,49.086845,,
Rasmus Winther Højlund,overall,65.79295,,
Raul Șteau,overall,57.067635,,
Rayan Al Qahtani,overall,53.160286,,
Rayan Darwish Albloushi,overall,54.66346,,
Rayan Ny Aina Arnaldo Raveloson,overall,68.11449,,
Rayane El Khamali,overall,57.452553,,
Rayane Falchou,overall,59.747322,,
Rayhaan Rahim Amari Tulloch,overall,63.262688,,
Raymond Owusu,overall,60.486614,,
Raúl Arias Arias,overall,61.692276,,
Raúl Blanco Juncal,overall,61.708206,,
Raúl García de Haro,overall,60.616245,,
Raúl Moro Prescoli,overall,65.208466,,
Raúl Parra Artal,overall,60.053337,,
Raúl Rubio Romero,overall,60.462948,,
Raúl Torrente Navarro,overall,64.90023,,
Reda Benchaa,overall,57.38285,,
Redwan Bourlès,overall,64.1284,,
Reece Byrne,overall,54.722805,,
Regan Donelon,overall,57.70286,,
Regan Jon Griffiths,overall,57.71453,,
Reinier Jesus Carvalho,overall,68.76504,,
Rekeem Jordan Harper,overall,64.08654,,
Remco Balk,overall,64.1916,,
Remeao Andrew Hutton,overall,58.286266,,
Remi van Ekeris,overall,62.418343,,
Renat Oleq Oğlu Dadaşov,overall,64.91364,,
Rene Kriwak,overall,59.90707,,
Renné Alejandro Rivas Alezones,overall,62.533417,,
Renzo Damián Bacchia Rodríguez,overall,62.158127,,
Renzo Giampaoli,overall,64.690254,,
Rey Manaj,overall,68.30246,,
Rhian Joel Brewster,overall,68.373566,,
Rhys Llewelyn Norrington-Davies,overall,63.49536,,
Ricard Artero Ruiz,overall,64.31777,,
Ricard Sánchez Sendra,overall,64.627045,,
Ricardo Azevedo Alves,overall,66.52094,,
Ricardo Bettocchi Matallana,overall,57.21369,,
Ricardo Daniel Pepi,overall,68.33986,,
Ricardo Florin Grigore,overall,58.93335,,
Ricardo Hernández,overall,61.558067,,
Ricardo Jorge Oliveira António,overall,67.49963,,
Ricardo Manuel Pinho Matos,overall,66.47422,,
Ricardo Manuel Vieira da Silva,overall,61.699493,,
Ricardo Phillips,overall,65.340485,,
Riccardo Capellini,overall,63.345215,,
Richard Fernández,overall,61.4052,,
Richard Nartey,overall,59.35181,,
Richard Odada,overall,50.797974,,
Richet Gómez Miranda,overall,61.87245,,
Ricky Aguiar,overall,61.591846,,
Rida Zouhir,overall,61.103096,,
Rigoberto Manuel Rivas Vindel,overall,65.006355,,
Rildo G. de Amorim Filho,overall,68.2613,,
Riley-Jay Harbottle,overall,58.939613,,
Rio Adesola Frederick Adebisi,overall,60.446404,,
Rishabh Dobriyal,overall,49.41595,,
Rob Nizet,overall,62.051132,,
Robbie D'Haese,overall,67.87113,,
Robbie Mahon,overall,55.698822,,
Robbie Robinson Belmar,overall,64.314156,,
Robbie Van Hauter,overall,57.461346,,
Robert Andrei Ion,overall,62.759098,,
Robert Atkinson,overall,67.16207,,
Robert Lee Burton,overall,64.11041,,
Robert Ljubičić,overall,68.322296,,
Robert Marian Moldoveanu,overall,61.576057,,
Robert Mejía,overall,64.57935,,
Robert Navarro Muñoz,overall,68.81173,,
Robert Slevin,overall,55.22033,,
Roberto Arroyo Gregorio,overall,59.10367,,
Roberto Bardales,overall,61.2678,,
Roberto Carlos Ramírez,overall,60.634426,,
Roberto Fabián Ramírez,overall,65.12644,,
Roberto Fernández Jaén,overall,65.93201,,
Roberto González Bayón,overall,68.3003,,
Roberto Joaquín García,overall,63.912186,,
Roberto López Alcaide,overall,68.59562,,
Robin Amin Tihi,overall,61.942497,,
Robin Dahl Østrøm,overall,60.517433,,
Robin Luca Kehr,overall,61.35888,,
Robin Maximilian Meißner,overall,61.102203,,
Robin Risser,overall,61.08963,,
Robin Tim Becker,overall,63.907345,,
Robin Ungerath,overall,56.166134,,
Robson Alves Reis,overall,61.38178,,
Rocco Robert Shein,overall,66.30772,,
Rocco Ríos Novo,overall,61.779697,,
Rockson Alexander Renteria Ovando,overall,63.87007,,
Rocky Bushiri Kisonga,overall,61.704292,,
Rodney Iván Redes Cáceres,overall,64.44294,,
Rodrigo Alonso Martín,overall,63.431877,,
Rodrigo Andrés Piñeiro Silva,overall,66.6379,,
Rodrigo Cisterna,overall,61.219826,,
Rodrigo Duarte Ribeiro,overall,67.41908,,
Rodrigo Díaz Desidel,overall,54.632732,,
Rodrigo Elías Delvalle Noguera,overall,58.998764,,
Rodrigo Esteban Cancino Herrera,overall,59.448742,,
Rodrigo Ezequiel Cabral,overall,67.8183,,
Rodrigo F. Conceição,overall,64.18783,,
Rodrigo Gareca,overall,61.67137,,
Rodrigo Marcos Rodrigues Andrade,overall,65.11665,,
Rodrigo Mario Morínigo Acosta,overall,59.65975,,
Rodrigo Martins Gomes,overall,68.94441,,
Rodrigo Miguel Forte Paes Martins,overall,64.34912,,
Rodrigo Montes,overall,65.10101,,
Rodrigo Muniz Carvalho,overall,67.83507,,
Rodrigo Ribeiro Valente,overall,64.6057,,
Rodrigo Riquelme Reche,overall,68.657326,,
Rodrigo Román Villagra,overall,67.31141,,
Rodrigo Saucedo,overall,61.016716,,
Roger Martínez Santamaría,overall,66.3603,,
Rohan Luthra,overall,58.72377,,
Rok Vodišek,overall,63.740353,,
Roko Jureskin,overall,68.370316,,
Rolando Lautaro Chávez,overall,63.55178,,
Roman Fernández,overall,61.533443,,
Rommell Ibarra,overall,61.142654,,
Romário Manuel Silva Baró,overall,69.04594,,
Ronaldo Damus,overall,58.848793,,
Ronan Maher,overall,57.86719,,
Ronan Thomas Darcy,overall,60.194935,,
Ronny Rikal,overall,57.283558,,
Roque Ramírez,overall,62.65332,,
Rory Holden,overall,66.40616,,
Rosaire Longelo-Mbule,overall,56.627045,,
Roshaun Omar Stuart Williams,overall,59.935284,,
Ross Fay,overall,54.58244,,
Ross Graham,overall,58.10462,,
Ross James Sykes,overall,64.8436,,
Roy Kuijpers,overall,63.383827,,
Ruan Tressoldi Netto,overall,61.480255,,
Ruben Kluivert,overall,63.265675,,
Rubin James Colwill,overall,67.53584,,
Rubén Gómez Peris,overall,63.704075,,
Rubén Iranzo Lendínez,overall,61.32874,,
Rubén Pulido Peñas,overall,61.417065,,
Rubén Sánchez Sáez,overall,68.00045,,
Rubén de Tomás Gómez,overall,61.760418,,
Ruel Dimitrios Sotiriou,overall,61.792507,,
Rufino Lucero,overall,63.074116,,
Rui Jorge Monteiro Mendes,overall,65.20271,,
Runar Hauge,overall,58.61974,,
Rushian Marcus Amari Hepburn-Murphy,overall,60.55002,,
Ruwen Werthmüller,overall,61.317516,,
Ruyery Alfonso Blanco Yus,overall,63.749054,,
Ryan Alebiosu,overall,61.551918,,
Ryan Astley,overall,64.85066,,
Ryan Austin,overall,54.137478,,
Ryan Bakayoko,overall,58.72349,,
Ryan Burke,overall,54.88737,,
Ryan Carr,overall,50.04988,,
Ryan Clampin,overall,60.167645,,
Ryan David Edmondson,overall,58.08051,,
Ryan Finnigan,overall,60.6536,,
Ryan Henry East,overall,60.2963,,
Ryan James Broom,overall,67.05177,,
Ryan James Law,overall,58.540497,,
Ryan Johansson,overall,62.14634,,
Ryan Matthew Haynes,overall,63.077087,,
Ryan Sandford,overall,55.123066,,
Ryan Spaulding,overall,60.25106,,
Ryan Steven Rydel,overall,59.43075,,
Ryan Thomas Cooney,overall,61.5738,,
Ryley Ben Towler,overall,60.533035,,
Ryun Seong Kim,overall,53.79734,,
Róbert Orri Thorkelsson,overall,56.64825,,
Răzvan Covaci,overall,55.445076,,
Saad Al Muwallad,overall,49.551884,,
Saad Fahad Al Nasser,overall,56.141113,,
Saad Yaslam Balobaid,overall,56.687416,,
Sabelo Radebe,overall,58.398678,,
Saberto Josué Botelho Rios,overall,66.49779,,
Sabit Abdulai,overall,61.652893,,
Sadat Anaku,overall,51.978836,,
Saeed Juma Hasan Juma Alsaadi,overall,61.863598,,
Saidu Salisu,overall,56.154457,,
Saku Tuomas Severi Ylätupa,overall,65.39396,,
Salah-Eddine Oulad M'Hand,overall,66.18381,,
Salem Abdullah Salmeen Mubarak Al-Jaberi,overall,56.34473,,
Salifo Caropitche Mendes,overall,59.20331,,
Salifou Soumah,overall,56.667652,,
Salih Kavrazlı,overall,63.86282,,
Salim Ben Seghir,overall,68.386986,,
Salomon Junior Sambia,overall,68.41241,,
Salvatore Elia,overall,66.722626,,
Salvatore Marrone,overall,59.559586,,
Sam Alan Stubbs,overall,60.09839,,
Sam Bowen,overall,60.66308,,
Sam Francis Schreck,overall,66.49201,,
Sam Harrry Sutton,overall,65.20595,,
Sam O'Brien,overall,47.866634,,
Sam Tinubu,overall,54.773556,,
Sambou Sissoko,overall,60.93102,,
Samir Sophian Chergui,overall,66.66564,,
Samir Valverde,overall,60.78788,,
Sammy Braybrooke,overall,64.246735,,
Sammy Robinson,overall,56.74621,,
Samuel Bone,overall,52.705387,,
Samuel Careaga,overall,65.34503,,
Samuel George Alan Edmundson,overall,66.72309,,
Samuel George Dalby,overall,54.433475,,
Samuel Graham,overall,59.32408,,
Samuel John Bell,overall,61.3436,,
Samuel Jumpe Soares,overall,67.42997,,
Samuel Leo Beat Ballet,overall,58.758396,,
Samuel Marqus Lloyd Vines,overall,67.04167,,
Samuel Mischitz,overall,62.093403,,
Samuel Nongoh,overall,61.387985,,
Samuel Peter Barnes,overall,59.175648,,
Samuel Renel,overall,63.864517,,
Samuel Tshiayima Nombe,overall,60.758167,,
Samuel Wikman,overall,57.04384,,
Samuel Yepie Yepie,overall,60.92046,,
Samuele Righetti,overall,57.021164,,
Samuele Spalluto,overall,58.052452,,
Samy Benchamma,overall,61.552425,,
Samy El Khiar,overall,54.113506,,
Samy Faraj,overall,61.45613,,
Sanasi Sy,overall,64.90467,,
Sander Johan Christiansen,overall,64.22987,,
Sandi Lovrić,overall,68.91299,,
Sandip Mandi,overall,47.888542,,
Sandro Plínio Rosa da Cruz,overall,64.07993,,
Sandro Trémoulet,overall,58.800194,,
Sang Bin Jeong,overall,65.89197,,
Sang Hoon Paik,overall,57.789455,,
Sang Hyeok Lee,overall,63.97193,,
Sanoussy Ba,overall,61.50483,,
Santiago Ayala,overall,61.75762,,
Santiago Daniel Pierotti,overall,68.88319,,
Santiago Gabriel Zamora Araujo,overall,63.788925,,
Santiago Ignacio Bueno Sciutto,overall,67.772156,,
Santiago Laquidain,overall,59.405464,,
Santiago Moya,overall,63.38801,,
Santiago Naveda Lara,overall,67.838844,,
Santiago Paiva,overall,63.61053,,
Santiago Valentín Ramírez Polero,overall,66.208435,,
Santiago Vera,overall,58.604813,,
Saqer Al Enazi,overall,49.8872,,
Saud Saad Zidan,overall,60.91383,,
Saul Shotton,overall,57.294277,,
Saïd Hamulic,overall,61.183727,,
Saúl Alejandro Guarirapa Briceño,overall,66.00525,,
Saúl Basilio Coco Bassey Oubiña,overall,61.903778,,
Saúl del Cerro García,overall,61.083096,,
Scott Brian Banks,overall,59.853634,,
Scott Burgess,overall,63.338326,,
Scott Connor Kashket,overall,63.72313,,
Scott John High,overall,66.54013,,
Scott Lynch,overall,49.21971,,
Scott McMann,overall,67.928215,,
Scott Simons,overall,54.505188,,
Scott van der Sluis,overall,50.100742,,
Seamas Keogh,overall,60.139328,,
Sean Brennan,overall,57.336773,,
Sean Dominic Robertson,overall,55.340073,,
Sean Jones-Carey,overall,50.679382,,
Sebastian Bergier,overall,57.075054,,
Sebastian Gonzáles,overall,54.80966,,
Sebastian Guerra Soto,overall,62.730778,,
Sebastian Jarl,overall,60.204014,,
Sebastian Lagerlund,overall,55.165356,,
Sebastian Lund Hausner,overall,65.37148,,
Sebastian Mellack,overall,57.162556,,
Sebastian Müller,overall,64.228516,,
Sebastian Otoa,overall,57.209423,,
Sebastian Stahlfest,overall,56.435246,,
Sebastian Sun Anderson,overall,57.987965,,
Sebastian Søraas Sebulonsen,overall,63.799587,,
Sebastian Thangmuansang,overall,50.92089,,
Sebastian Tounekti,overall,61.883926,,
Sebastian Wiktor Walukiewicz,overall,66.80312,,
Sebastien Pineau,overall,62.377605,,
Sebastián Ariel Lomónaco,overall,68.10121,,
Sebastián Dávila,overall,52.042656,,
Sebastián Figueredo,overall,56.0941,,
Sebastián Guerrero Martínez,overall,67.18336,,
Sebastián Jaurena,overall,61.962734,,
Sebastián Matías Claure Sanz,overall,59.417934,,
Sebastián Medina,overall,66.52133,,
Sebastián Parra,overall,61.50627,,
Sebastián Saucedo Mondragón,overall,66.32996,,
Sebastián Tomás Meza,overall,64.450874,,
Sebbe Augustijns,overall,60.34519,,
Sef Van Damme,overall,54.696255,,
Sekou Sylla,overall,61.469547,,
Selimcan Temel,overall,56.340847,,
Seong Jin Kang,overall,64.89952,,
Serge Atakayi,overall,59.534805,,
Sergej Grubač,overall,60.41042,,
Sergi Canós Tenés,overall,68.4088,,
Sergi García Pérez,overall,64.06629,,
Sergio Akieme Rodríguez,overall,66.93907,,
Sergio Arribas Calvo,overall,66.54129,,
Sergio Barboza,overall,61.079395,,
Sergio Barcia Larenxeira,overall,61.738472,,
Sergio Carreira Vilariño,overall,67.292175,,
Sergio Daniel Fretes Galeano,overall,61.232895,,
Sergio Fabián Ortíz,overall,61.149982,,
Sergio Gil Latorre,overall,66.96115,,
Sergio Guerrero Romero,overall,64.83435,,
Sergio Kalaj,overall,58.7737,,
Sergio Lozano Lluch,overall,65.20441,,
Sergio López Galache,overall,67.10547,,
Sergio Moreno Martínez,overall,66.60555,,
Sergio Santos Fernández,overall,62.23839,,
Setigui Karamoko,overall,56.10795,,
Severino Pedro Santos Hermes,overall,66.68281,,
Seydou Saeed Issah,overall,53.29298,,
Seymour Fünger,overall,59.76099,,
Seán Patrick Roughan,overall,59.668457,,
Shadrach Nosa Ogie,overall,60.208065,,
Shaquil Delos,overall,64.24401,,
Sharon Padattil,overall,48.786636,,
Shaun Daniel McWilliams,overall,61.623966,,
Shawn Blum,overall,58.24626,,
Shayne Francis Lavery,overall,66.893684,,
Shayr Mohamed González,overall,63.649162,,
Sheikh Sahil,overall,53.208427,,
Shola Maxwell Shoretire,overall,67.31732,,
Shubham Sarangi,overall,51.449966,,
Si Hoo Hong,overall,60.9484,,
Siad Haji,overall,61.937424,,
Sibiry Keita,overall,62.763638,,
Sidi Cissé,overall,59.55204,,
Sidiki Camara,overall,57.175148,,
Siebe Wylin,overall,64.20149,,
Sieben Dewaele,overall,65.94229,,
Sigurd Kvile,overall,59.762455,,
Sil Swinkels,overall,59.45969,,
Silvan Eli Sidler,overall,61.784824,,
Simen Vidtun Nilsen,overall,60.329166,,
Simon Alonso Ramírez Cuevas,overall,66.86754,,
Simon Beccari,overall,56.8317,,
Simon Brady Ngapandouetnbu,overall,60.89391,,
Simon Fabio Stehle,overall,58.659668,,
Simon Graves Jensen,overall,65.00336,,
Simon Solomon Junior Sohm,overall,62.81041,,
Simon van Duivenbooden,overall,59.919888,,
Simone Ghidotti,overall,50.41972,,
Simone Giordano,overall,66.27164,,
Simone Rabbi,overall,62.06847,,
Simone Santoro,overall,65.086815,,
Simone Trimboli,overall,63.361004,,
Simón Alonso González Montalban,overall,60.460648,,
Siro Ignacio Cabral Rosane,overall,62.222984,,
Sivert Stenseth Gussiås,overall,60.81068,,
Slavi Spasov,overall,53.82321,,
Sofiane Djeffal,overall,62.356983,,
Sofus Berger,overall,63.884506,,
Solomon Brynn,overall,56.9954,,
Sondre Auklend,overall,60.250076,,
Sondre Buskerud Tronstad,overall,65.19313,,
Sondre Løvseth Rossbach,overall,67.91968,,
Sonny Hilton,overall,62.406384,,
Sonny Patrick Laiton,overall,67.73694,,
Sorin Dănuț Șerban,overall,59.307808,,
Souleymane Cissé,overall,56.57436,,
Souleymane Isaak Touré,overall,66.02725,,
Stan Braem,overall,64.050575,,
Stan Van Dessel,overall,63.2354,,
Stanislav Ivanov,overall,63.047836,,
Stanley Flaherty,overall,59.168953,,
Stefan Bajić,overall,65.720345,,
Stefan Mauk,overall,65.1301,,
Stefano Alessandro Guidotti,overall,61.304432,,
Stefano Marino,overall,57.940254,,
Stephan Kofi Ambrosius,overall,61.335083,,
Stephan Vinicius Seiler,overall,59.56916,,
Stephen Christopher Wearne,overall,57.260464,,
Stephen Ewange,overall,55.90001,,
Stephen Walker,overall,61.272938,,
Stephen Welsh,overall,65.57702,,
Stephen Winston Duke-McKenna,overall,61.368305,,
Stevan Stanic-Floody,overall,51.452606,,
Steven Jesús Pabón Delgao,overall,61.449944,,
Stipe Vulikić,overall,60.98328,,
Stuart McKinstry,overall,61.546387,,
Stève Regis Mvoué,overall,64.24539,,
Stéphane Imad Diarra,overall,66.746956,,
Subha Ghosh,overall,54.11336,,
Suk Ju Yoon,overall,52.968273,,
Suleiman Camara Sanneh,overall,62.25658,,
Sultan Al Harbi,overall,54.66032,,
Svante Ulf Ingel Ingelsson,overall,66.311295,,
Sylla Morlaye,overall,66.98592,,
Syver Aas,overall,60.820053,,
Szymon Sarbinowski,overall,55.094242,,
Sávio Moreira de Oliveira,overall,68.194374,,
Sérgio Pereira Andrade,overall,64.54793,,
Tae Suk Lee,overall,63.269756,,
Tae Yang Kim,overall,53.24284,,
Tafari Lalibela Moore,overall,63.289875,,
Taha Altıkardeş,overall,63.94459,,
Taher Al Hajji,overall,53.02708,,
Talha Ülvan,overall,57.725212,,
Tanguy Coulibaly,overall,67.84967,,
Tao Sako,overall,55.010593,,
Taofeek Ismaheel,overall,61.647575,,
Tareiq Holmes-Dennis,overall,64.12216,,
Tariq Maddad,overall,49.548283,,
Tashan Oakley-Boothe,overall,63.69344,,
Tate Campbell,overall,55.396782,,
Taylor Anthony Booth,overall,66.56227,,
Taylor Ellis Allen,overall,57.451084,,
Taylor Ryan Charters,overall,55.623154,,
Tayyib Talha Sanuç,overall,63.992477,,
Ted Ku-DiPietro,overall,53.9879,,
Ted-Jonathan Tattermusch,overall,57.687176,,
Teddy Christopher Graham Jenks,overall,61.008965,,
Telasco Segovia,overall,63.873283,,
Teodor Stenshagen,overall,55.283287,,
Terence Charles Taylor,overall,61.49478,,
Terry Ablade,overall,60.360977,,
Thabiso James Monyane,overall,63.514946,,
Thakgalo Khanya Leshabela,overall,62.410507,,
Thanawat Suengchitthawon,overall,63.582687,,
Thelo Gerard Aasgaard,overall,64.93042,,
Thelonius Bair,overall,55.162807,,
Themi Antonoglou,overall,52.5365,,
Theo Gunnar Martens,overall,61.020115,,
Theodor Alexander Corbeanu,overall,65.28702,,
Theodosis Machairas,overall,66.59034,,
Thiago Eduardo de Andrade,overall,64.86354,,
Thiago Ezequiel Ojeda,overall,62.633244,,
Thiago Fernandes Rodrigues,overall,54.78905,,
Thiago Nicolás Borbas Silva,overall,66.77307,,
Thiago Thomas Nuss,overall,66.371956,,
Thiago Vecino Berriel,overall,61.456974,,
Thibault Tamas,overall,58.885845,,
Thierno Mamadou Lamarana Ballo,overall,63.80386,,
Thierry Ambrose,overall,64.98636,,
Thierry Nevers,overall,60.071842,,
Thijmen Joel Sander Nijhuis,overall,61.765804,,
Thijs van Leeuwen,overall,63.453262,,
Thody Élie Youan,overall,64.23294,,
Thom van Bergen,overall,57.67584,,
Thoma Monney,overall,52.44823,,
Thomas Andrew Knowles,overall,60.79691,,
Thomas Battistella,overall,61.557877,,
Thomas Callens,overall,54.38883,,
Thomas Clayton,overall,56.053944,,
Thomas David Bannatyne-Billson,overall,57.776463,,
Thomas Edwards,overall,66.21163,,
Thomas Ferdinand Rausch,overall,55.856365,,
Thomas Glyn Doyle,overall,67.33014,,
Thomas Gutierrez,overall,62.119858,,
Thomas Holmes,overall,63.98163,,
Thomas Ignacio Galdames Millán,overall,61.602554,,
Thomas James O'Connor,overall,61.85567,,
Thomas Kofler,overall,58.881588,,
Thomas Leon Keller,overall,64.84378,,
Thomas Liene Ness,overall,55.317818,,
Thomas McGill,overall,56.482258,,
Thomas Mcintyre,overall,65.4373,,
Thomas Palmer Thompson,overall,67.448616,,
Thomas Philip Hamer,overall,62.89291,,
Thomas Richard Lowery,overall,66.88521,,
Thomas Roberts,overall,62.834072,,
Thomas Roche,overall,56.561172,,
Thomas Sang,overall,61.339294,,
Thorbjørn Kristiansen,overall,55.229736,,
Théo Luis Fonseca,overall,64.7526,,
Théo Ndicka Matam,overall,64.79369,,
Tiago Carvalho Santos,overall,63.3218,,
Tiago Filipe Alves Araújo,overall,67.41593,,
Tiago Filipe Oliveira Dantas,overall,69.351234,,
Tiago Galletto López,overall,65.972206,,
Tiago Manuel Maio Matos,overall,63.62844,,
Tiago Maria Antunes Gouveia,overall,67.47697,,
Tiago Miguel Hora Ribeiro,overall,64.478264,,
Tiago Nahuel Banega,overall,65.50373,,
Tiago Nathan Pombeira Gesser,overall,68.378075,,
Tician Tushi,overall,61.132767,,
Tidiane Malbec,overall,58.94537,,
Tijany Atallah,overall,61.64017,,
Till Streller,overall,56.70163,,
Tim Latteier,overall,61.490746,,
Tim Luis Maciejewski,overall,64.40186,,
Tim Prica,overall,62.679485,,
Tim Stanislaw Schreiber,overall,62.036617,,
Tim Stappmann,overall,60.130383,,
Tim Walbrecht,overall,60.522297,,
Tim van Assema,overall,53.499374,,
Timm Koch,overall,56.424507,,
Timmy Abraham,overall,55.844173,,
Timo Bornemann,overall,58.640877,,
Timo Zaal,overall,60.56136,,
Timon Moritz Weiner,overall,58.33009,,
Timothy Bruce Fayulu,overall,59.926964,,
Timothy Galjé,overall,59.05082,,
Timothy Joel Eyoma,overall,60.006256,,
Timothy Martin,overall,59.52678,,
Timothé Nkada,overall,57.744102,,
Timothée Joseph Pembélé,overall,68.237366,,
Timur Zhamaletdinov,overall,65.63004,,
Tino Andrés Danesi Cammarano,overall,59.57588,,
Titas Krapikas,overall,61.63397,,
Tivonge Rushesha,overall,55.45972,,
Tobi Ogundega,overall,50.356205,,
Tobias Borchgrevink Børkeeiet,overall,63.37568,,
Tobias Christensen,overall,66.55052,,
Tobias Fjeld Gulliksen,overall,64.90114,,
Tobias Hafstad,overall,59.250114,,
Tobias Heintz,overall,65.36731,,
Tobias Klysner Breuner,overall,64.47405,,
Tobias Mißner,overall,57.199932,,
Tobias Okiki Lawal,overall,60.264656,,
Tobias Stockinger,overall,53.912857,,
Tobias-Mbunjiro Knost,overall,58.12037,,
Toby Peter Sibbick,overall,64.14781,,
Tochi Phil Chukwuani,overall,63.787025,,
Toluwalase Emmanuel Arokodare,overall,63.49154,,
Tom Bierschenk,overall,57.511047,,
Tom Crawford,overall,61.12065,,
Tom George Sawyer Conlon,overall,59.764706,,
Tom Jenkins,overall,52.719128,,
Tom Kretzschmar,overall,57.98761,,
Tom Sparrow,overall,62.528225,,
Tom Stokes,overall,55.48709,,
Tom van de Looi,overall,67.623695,,
Tomas Giraldo,overall,55.30384,,
Tomas Lían Romero Keubler,overall,61.660675,,
Tomas Olai Totland,overall,63.364777,,
Tomas Ángel Gutiérrez,overall,63.39178,,
Tomasz Neugebauer,overall,59.986702,,
Tommaso Aglietti,overall,59.040436,,
Tommi O'Reilly,overall,63.511368,,
Tommy St. Jago,overall,68.45179,,
Tomás Agustín Pozzo,overall,68.4477,,
Tomás Aresta Branco Machado Ribeiro,overall,68.06864,,
Tomás Carvalho Domingos,overall,61.732494,,
Tomás Costa Silva,overall,66.95785,,
Tomás David Sandoval,overall,61.459732,,
Tomás Lemos Araújo,overall,66.7609,,
Tomás Leonardo Lecanda,overall,64.91673,,
Tomás Mascarenhas Lemos Reymão Nogueira,overall,63.88026,,
Tomás Mendes Mendes,overall,62.69493,,
Tomás Moschión,overall,61.694405,,
Tomás Muro,overall,60.351345,,
Tomás Oscar Badaloni,overall,66.685425,,
Tomás Romano dos Santos Händel,overall,68.366486,,
Tomás Romero Cejudo,overall,59.80685,,
Tomás do Lago Pontes Esteves,overall,65.07925,,
Toni Fuidias Ribera,overall,63.87268,,
Torben Bjarne Rhein,overall,66.69758,,
Tote António Gomes,overall,68.59666,,
Travis Joel Gary Johnson,overall,55.018036,,
Trent Jordan Ostler,overall,55.518745,,
Troy Daniel Parrott,overall,67.62111,,
Tunahan Taşçı,overall,61.569042,,
Turki Al Dhafeeri,overall,49.173096,,
Turki Marwan Al-Ammar,overall,64.602806,,
Tyla Dickinson,overall,60.87092,,
Tyler Jayden Frost,overall,57.10416,,
Tyler Jordan Magloire,overall,57.929157,,
Tyreece Romayo John-Jules,overall,61.97927,,
Tyreece Tyson Nesbett Simpson,overall,62.804832,,
Tyreek Magee,overall,60.765842,,
Tyreik Samuel Wright,overall,60.07124,,
Tyrese Momodu Fornah,overall,64.36472,,
Tyrese Sinclair,overall,60.12474,,
Tyrone Tormin,overall,61.564,,
Téva Gardies,overall,52.727966,,
Udoka Favour Godwin-Malife,overall,60.882225,,
Ugo Bertelli,overall,62.195698,,
Ulises Rivas Gilio,overall,64.53329,,
Ulisses Alexandre Garcia Lopes,overall,67.52484,,
Ulrich Meleke,overall,63.629707,,
Ulrick Brad Eneme Ella,overall,62.129852,,
Ulrik Syversen,overall,53.705643,,
Ulrik Tillung Fredriksen,overall,63.125286,,
Unai Dufur Espelosín,overall,61.107265,,
Unai Marrero Larrañaga,overall,58.8119,,
Unai Ruiz Almandzo,overall,57.291424,,
Uriel Jové Balero,overall,61.30949,,
Urko González de Zárate Quirós,overall,65.82476,,
Uros Milovanović,overall,65.06954,,
Valdemar Byskov,overall,56.047676,,
Valdemar Lund Jensen,overall,61.2996,,
Valentin Guillaume,overall,60.723793,,
Valentin Ionuț Costache,overall,64.69446,,
Valentine James Ozornwafor,overall,63.022488,,
Valentino Vermeulen,overall,62.426437,,
Valentín Adamo,overall,63.841663,,
Valentín Alberto Burgoa,overall,68.18156,,
Valentín Demateis,overall,57.124485,,
Valery Fernández Estrada,overall,68.18689,,
Valgeir Lunddal Friðriksson,overall,61.180214,,
Valmir Veliu,overall,61.09696,,
Valton Behrami,overall,58.0947,,
Vasilios Sourlis,overall,68.408165,,
Vasilios Zagaritis,overall,64.29178,,
Vassilis Chatziemmanouil,overall,61.25061,,
Vaughn Patrick Covil,overall,60.20135,,
Vebjørn Hagen,overall,54.428513,,
Vefa Temel,overall,64.73104,,
Vicente Andrés Felipe Federico Besuijen,overall,65.13397,,
Vicente Conelli,overall,62.239594,,
Vicente Esquerdo Santas,overall,64.59649,,
Vicente Tomás Pizarro Durcudoy,overall,64.09797,,
Victor Akinwale,overall,61.10896,,
Victor Alexander da Silva,overall,68.14072,,
Victor Backman,overall,61.913483,,
Victor Bernth Kristiansen,overall,66.7996,,
Victor Blixt,overall,59.471123,,
Victor Christoffer Jensen,overall,66.78901,,
Victor Gabriel Moura de Oliveira,overall,66.49119,,
Victor Göransson,overall,54.046505,,
Victor Méndez Exposito,overall,61.597145,,
Victor Okoh Boniface,overall,63.800167,,
Victor Torp Overgaard,overall,66.747505,,
Viktor Andersson,overall,60.383926,,
Viktor Tobias Johansson,overall,61.004475,,
Viljar Røsholt Myhra,overall,60.88507,,
Vincent Angelini,overall,60.535233,,
Vincent Carsten Maria Müller,overall,63.39984,,
Vincent Gembalies,overall,58.08465,,
Vincent Schwab,overall,58.479145,,
Vincent Thill,overall,67.8338,,
Vincent Trummer,overall,61.547886,,
Vincenzo Ciriello,overall,57.997005,,
Vincenzo Garofalo,overall,63.146656,,
Vinicius Silveira de Mello,overall,61.69671,,
Vinícius Tobías da Silva,overall,67.28179,,
Vitalie Damaşcan,overall,64.29239,,
Vittorio Agostinelli,overall,63.302925,,
Vlad Nicolae Mitrea,overall,61.67541,,
Vladan Dekić,overall,60.12143,,
Vladimir Ionuț Screciu,overall,68.14798,,
Vladyslav Ostrovskyi,overall,61.069496,,
Volkan Rona,overall,53.66043,,
Víctor Alejandro Dávila Zavala,overall,68.88565,,
Víctor Andrés Meseguer Cavas,overall,68.2244,,
Víctor Gómez Perea,overall,68.327705,,
Víctor Mollejo Carpintero,overall,67.99721,,
Víctor Wehbi Aznar Ussen,overall,61.14293,,
Víctor Álvarez Rozada,overall,65.73823,,
Wahidullah Faghir,overall,64.353,,
Walid Jarmouni,overall,58.24338,,
Walid Nassi,overall,56.79808,,
Walid Ould-Chikh,overall,62.255497,,
Wally Njie,overall,51.957863,,
Walter Angello Tandazo Silva,overall,64.792946,,
Walter Antelo,overall,60.94567,,
Walter Gabriel Pérez,overall,66.122574,,
Walter Martínez Tauda,overall,60.97526,,
Walter Mora,overall,60.903313,,
Wanya Marçal Madivádua,overall,62.576584,,
Warren Håkon Christofer Kamanzi,overall,60.37572,,
Warren Patrick O'Hora,overall,65.66333,,
Washington Bryan Corozo Becerra,overall,67.92458,,
Wassim Keddari Boulif,overall,64.05985,,
Weimar Asprilla,overall,61.47246,,
Wellington Moisés Ramírez Preciado,overall,67.59557,,
Welliton Edson Helmes Junqueira,overall,65.11196,,
Wenderson Oliviera,overall,64.5822,,
Wikelman José Carmona Torres,overall,62.677612,,
Wiktor Marek Pleśnierowicz,overall,54.395412,,
Wilbert Miguel Hernández Torrealba,overall,60.16911,,
Wilfredo Rivera Cepeda,overall,56.889454,,
Wilfrid Jaures Kaptoum,overall,69.01733,,
Will Jonathan Swan,overall,57.320152,,
William Adipepe Pandi Bapaga,overall,63.566334,,
William Agada,overall,59.99299,,
William Akio,overall,53.56443,,
William Anthony Patrick Smallbone,overall,68.32019,,
William Blackmore,overall,55.06413,,
William Bøving Vick,overall,64.782295,,
William Fitzgerald,overall,58.322014,,
William Forrester,overall,61.442112,,
William Jenkins Davies,overall,56.416767,,
William Joel Pacho Tenorio,overall,63.48702,,
William John Robert Nightingale,overall,58.770733,,
William Jääskeläinen,overall,59.07206,,
William Ludovic Brandon Bianda,overall,61.46148,,
William Luke Patching,overall,64.40669,,
William Mbongo Desire Hondermarck,overall,58.095154,,
William Smith,overall,60.21795,,
William Velasco,overall,64.7003,,
Williams Alarcón,overall,63.821545,,
Williams Kokolo,overall,59.695766,,
Williams Tortolero,overall,57.882008,,
Williot Theo Swedberg,overall,64.87952,,
Wilson José Barrios Rondón,overall,59.250072,,
Wilson Ramírez,overall,60.7341,,
Wilson Vernaza,overall,61.489876,,
Wladimir Wagner,overall,58.34289,,
Wojciech Kamiński,overall,59.703728,,
Won Ho Shin,overall,57.988213,,
Won Woo Lee,overall,53.416626,,
Xander Parke,overall,57.516064,,
Xavi Moreno,overall,60.686943,,
Xavier Casmier Amaechi,overall,61.66204,,
Xian Ghislaine Emmers,overall,64.16024,,
Yackson Stiven Rivas,overall,62.918053,,
Yacoub Al Hassan,overall,54.183098,,
Yago Cariello Ribeiro,overall,60.176517,,
Yahya Nader Moustafa Elsharif,overall,64.884186,,
Yahya Soumaré,overall,63.50408,,
Yair González,overall,63.946625,,
Yanis Maronne,overall,55.606277,,
Yanis Massolin,overall,55.198875,,
Yann Aurel Ludger Bisseck,overall,64.13397,,
Yannic Voigt,overall,62.011673,,
Yannick Kevin Marchand,overall,60.209248,,
Yannik Möker,overall,61.17351,,
Yannis Lagha,overall,63.8628,,
Yaroslav Meykher,overall,63.12446,,
Yasin Abbas Ayari,overall,64.05558,,
Yavuz Buğra Boyar,overall,54.02254,,
Yaya Dukuly,overall,54.32509,,
Yeferson Paz,overall,59.935104,,
Yehor Yarmoliuk,overall,61.586376,,
Yerco Abraham Oyanedel Hernández,overall,61.407738,,
Yerson Mosquera Valdelamar,overall,63.528767,,
Yerson Ronaldo Chacón Ramírez,overall,65.36151,,
Yesit Martínez,overall,63.53155,,
Ylan Gomes,overall,63.05617,,
Yong Hui Park,overall,52.507027,,
Younes Bakiz,overall,64.088745,,
Young Joon Lee,overall,61.151173,,
Young Jun Goh,overall,66.7022,,
Young Woo Seol,overall,68.04924,,
Yousef Fawaz,overall,53.24931,,
Youssouf Amouda Assogba,overall,58.989777,,
Youssouph Mamadou Badji,overall,65.390335,,
Youssuf Sylla,overall,58.455524,,
Yuliwes Bellache,overall,59.970505,,
Yusuf Abdulazeez,overall,58.84765,,
Yusuf Bamidele,overall,64.12081,,
Zac Guinan,overall,55.840282,,
Zach Ryan,overall,51.03073,,
Zachary Duncan,overall,63.01694,,
Zachary Hemming,overall,62.0659,,
Zachary Jeacock,overall,58.38439,,
Zachary Swanson,overall,61.27792,,
Zaid Abner Romero,overall,67.4581,,
Zak Emmerson,overall,60.074715,,
Zakaria Silini,overall,53.21881,,
Zander Mateo Cassierra Cabezas,overall,66.13277,,
Zechariah Joshua Henry Medley,overall,62.286537,,
Zeno Van Den Bosch,overall,59.384735,,
Zeze Steven Sessegnon,overall,65.115906,,
Zico Bailey,overall,56.038517,,
Zinedine Labyad,overall,56.633297,,
Zito André Sebastião Luvumbo,overall,65.892494,,
Ziyad Maher Al Jari,overall,53.0015,,
Zohran Ludovic Bassong,overall,56.801193,,
Zuriko Davitashvili,overall,67.74225,,
Àlex Baño Canellas,overall,57.343708,,
Ákos Nistor,overall,59.5102,,
Álex Bermejo Escribano,overall,68.033905,,
Álex Collado Gutiérrez,overall,68.89809,,
Álex Pastor Carayol,overall,56.617935,,
Álvaro Aceves Catalina,overall,62.0043,,
Álvaro Agustín Lagos,overall,64.60362,,
Álvaro Bastida Moya,overall,62.178185,,
Álvaro Djaló Dias Fernandes,overall,67.48011,,
Álvaro Fernández Carreras,overall,65.50531,,
Álvaro García Segovia,overall,66.14152,,
Álvaro Mantilla Pérez,overall,59.21153,,
Álvaro Martín Barreal,overall,64.39285,,
Álvaro Roncal Rivera,overall,61.494698,,
Álvaro Santamaría Arenas,overall,62.88333,,
Álvaro Sanz Catalán,overall,67.288345,,
Ángel Algobia Esteves,overall,61.539585,,
Ángel Baena Pérez,overall,63.871723,,
Ángel De La Cruz,overall,55.33889,,
Ángel Fortuño Viñas,overall,64.27035,,
Ángel Jiménez Gallego,overall,60.61851,,
Çağtay Kurukalıp,overall,62.45329,,
Édouard Michut,overall,68.219444,,
Ían Jairo Misael Torres Ramírez,overall,68.24016,,
Óli Ómarsson,overall,58.316765,,
Óscar Arribas Pasero,overall,64.44732,,
Óscar Clemente Mues,overall,67.91798,,
Óscar Coronel,overall,57.226955,,
Óscar Pinto,overall,61.689922,,
Óscar Segura,overall,65.24389,,
Óscar Ureña García,overall,65.64189,,
Ömer Faruk Beyaz,overall,67.548584,,
Ömürcan Artan,overall,60.73734,,
Özkan Yiğiter,overall,60.19407,,
Łukasz Zjawiński,overall,59.607273,,
Şahverdi Çetin,overall,64.284935,,
Șerban Tomache,overall,55.4607,,
Ștefan Marinel Vlădoiu,overall,61.540646,,
アペルカンプ 真大 カール,overall,68.75163,,
ルシアン リトバルスキー,overall,62.009323,,
万隶楷,overall,50.96796,,
上田 綺世,overall,64.425095,,
中井 卓大,overall,63.852097,,
中坂 勇哉,overall,61.410076,,
中村 敬斗,overall,67.99819,,
任康康,overall,48.668175,,
伊斯坎达·布格拉汗,overall,54.47266,,
伍承儒,overall,48.65193,,
何友族,overall,47.965508,,
何宇鹏,overall,55.445404,,
何统帅,overall,49.479996,,
何鑫杰,overall,47.8926,,
侯煜,overall,50.630054,,
俸泽源,overall,49.596222,,
内野 貴史,overall,58.354122,,
冉伟枫,overall,49.779552,,
凌杰,overall,59.519688,,
刘俊贤,overall,49.480762,,
刘国博,overall,53.00926,,
刘家辉,overall,49.340767,,
刘柏杨,overall,53.483097,,
刘浩帆,overall,50.409756,,
刘润楠,overall,49.365524,,
刘祝润,overall,56.02229,,
刘若钒,overall,63.043232,,
刘邵子洋,overall,57.884007,,
初瀬 亮,overall,64.62804,,
化铭灿,overall,51.810253,,
单欢欢,overall,49.162632,,
原 大智,overall,65.46385,,
史成龙,overall,54.722633,,
叶利江·什那尔,overall,52.177624,,
吴俊杰,overall,48.261646,,
吴少聪,overall,59.369976,,
周俊辰,overall,61.08677,,
奥抜 侃志,overall,60.13551,,
姚旭臣,overall,53.821766,,
孙健祥,overall,50.935913,,
孙学龙,overall,49.32784,,
孙宏伟,overall,49.8693,,
孟俊杰,overall,49.056477,,
季家葆,overall,55.936256,,
安部 裕葵,overall,63.665794,,
宋鑫涛,overall,49.189575,,
川﨑 修平,overall,63.9032,,
庞嘉俊,overall,49.970524,,
廖伟,overall,48.86263,,
廖垒,overall,48.188854,,
廖家骏,overall,49.42881,,
张俊业,overall,47.89697,,
张华峻,overall,49.33144,,
张威,overall,55.020138,,
张家辉,overall,48.056774,,
张建生,overall,49.88379,,
张星亮,overall,48.031685,,
张焯傲,overall,48.573658,,
张祥硕,overall,49.39483,,
张禹,overall,52.710983,,
张越,overall,47.903233,,
张辉,overall,49.14065,,
张锦梁,overall,52.208347,,
徐世龙,overall,53.375355,,
徐浩峰,overall,48.506737,,
徐浩洋,overall,58.06617,,
徐磊,overall,50.40183,,
徐越,overall,52.701866,,
慈恒龙,overall,54.117073,,
戴伟浚,overall,65.134575,,
文达,overall,52.07312,,
斉藤 光毅,overall,68.43075,,
曹孝义,overall,53.217567,,
木塔力甫·依明卡日,overall,59.991245,,
朱辰杰,overall,64.5132,,
李一嘉,overall,49.151424,,
李亚伦,overall,48.77554,,
李佳恒,overall,50.2613,,
李冠希,overall,50.94809,,
李永佳,overall,48.722214,,
李沛楠,overall,48.094643,,
李达,overall,48.934063,,
杜智轩,overall,49.698338,,
杜月徵,overall,56.686916,,
杨意林,overall,54.753864,,
杨梓豪,overall,51.727444,,
杨翼璇,overall,48.877678,,
杨辰禹,overall,50.282043,,
梁国桥,overall,49.362556,,
梁少文,overall,56.122784,,
橋岡 大樹,overall,67.37784,,
檀崎 竜孔,overall,62.65352,,
檜尾 昂樹,overall,66.48278,,
段刘愚,overall,62.54686,,
毕浩洋,overall,50.19786,,
水多 海斗,overall,61.333073,,
汪海健,overall,59.0317,,
渡井 理己,overall,65.172295,,
温家宝,overall,59.159096,,
温永骏,overall,51.501694,,
瀬古 歩夢,overall,66.90719,,
牛梓屹,overall,51.61379,,
王世龙,overall,56.957382,,
王华鹏,overall,48.344357,,
王振澳,overall,49.295376,,
王政豪,overall,48.18771,,
王文轩,overall,49.610752,,
王浩然,overall,51.68564,,
王献钧,overall,60.118507,,
王金帅,overall,51.15931,,
田中 聡,overall,64.435104,,
田川 亨介,overall,68.11996,,
町田 浩樹,overall,64.59639,,
皮梓杨,overall,50.20305,,
石炎,overall,63.55628,,
肖开提江·塔依尔,overall,48.5784,,
胡家笠,overall,53.87761,,
胡荷韬,overall,54.4474,,
胡靖,overall,47.862408,,
艾沙江·库尔班,overall,49.00313,,
艾菲尔丁·艾斯卡尔,overall,59.35645,,
苏宇亮,overall,53.358696,,
范恒博,overall,55.16903,,
蒋圣龙,overall,58.04389,,
蔡明民,overall,55.332714,,
蔡浩畅,overall,47.94228,,
赵健博,overall,51.664734,,
赵剑非,overall,52.637768,,
赵文哲,overall,48.216003,,
赵梓业,overall,49.066895,,
赵越政,overall,49.03961,,
迪力依米提·土地,overall,59.006966,,
遠藤 渓太,overall,67.07645,,
邓雄涛,overall,50.24414,,
郑圣雄,overall,50.17079,,
郑雪健,overall,55.698544,,
郭瀚儒,overall,49.73677,,
郭田雨,overall,57.602505,,
阮奇龙,overall,49.95776,,
阿布力克木·阿布都沙拉木,overall,57.059032,,
阿布拉汗·哈力克,overall,57.925274,,
陈克强,overall,48.33934,,
陈国抗,overall,50.07195,,
陈宇浩,overall,52.947155,,
陈序煌,overall,50.512287,,
陈彦朴,overall,49.29524,,
陈日金,overall,52.963333,,
陈泉江,overall,53.5991,,
陈祥煜,overall,51.977783,,
陈运华,overall,49.50009,,
陈雅俊,overall,54.679756,,
霍深坪,overall,50.28983,,
韦丰,overall,50.802082,,
韩东,overall,54.823677,,
韩佳奇,overall,60.6221,,
韵程,overall,48.035496,,
马昆越,overall,53.044163,,
马辅渔,overall,60.11369,,
高天语,overall,57.712193,,
高玉男,overall,58.352837,,
高翔,overall,48.901413,,
魏洺赫,overall,49.483692,,
麦高崚,overall,51.11314,,
麦麦提热依木·麦麦提艾力,overall,49.036903,,
黄光亮,overall,61.178276,,
黄家辉,overall,54.86745,,
黄锐烽,overall,56.65761,,
고재현 Jae Hyeon Ko,overall,62.147217,,
김주성 Joo-Sung Kim,overall,57.936127,,
김태환 Tae Hwan Kim,overall,65.09008,,
박지민 Ji Min Park,overall,58.983685,,
송민규 Min Kyu Song,overall,67.287285,,
오현규 Hyeon-Gyu Oh,overall,64.131256,,
유주안 Ju An You,overall,60.218666,,
이광연 Gwang Yeon Lee,overall,57.60171,,
이광혁 李光赫,overall,68.217674,,
이수빈 Soo Bin Lee,overall,65.45484,,
이준석 Joon Suk Lee,overall,61.082043,,
전세진 Jin Woo Jeon,overall,64.068726,,
조영욱 Young Wook Cho,overall,67.78831,,
천성훈 Seong Hoon Cheon,overall,58.163063,,
홍현석 Hyeon Seok Hong,overall,67.58571,,
