Nome,Target,Previsto,Effettivo (2024),Differenza
Nicolás Rossi,dribbling,69.597496,14.0,55.597496032714844
Kacper Bieszczad,dribbling,58.806423,5.0,53.80642318725586
Jędrzej Grobelny,dribbling,58.8023,5.0,53.80229949951172
Federico Brancolini,dribbling,58.792072,5.0,53.79207229614258
André Picornell,dribbling,58.78983,5.0,53.78982925415039
Rafał Strączek,dribbling,58.786022,5.0,53.7860221862793
Harvey Wiles-Richards,dribbling,58.782917,5.0,53.78291702270508
James Nieuwenhuizen,dribbling,58.782906,5.0,53.78290557861328
Steven Hall,dribbling,58.78235,5.0,53.7823486328125
Pietro Boer,dribbling,58.78157,5.0,53.78157043457031
Răzvan Sava,dribbling,58.77985,5.0,53.779850006103516
Erdem Canpolat,dribbling,58.778812,5.0,53.778812408447266
Phillip Menzel,dribbling,58.77769,5.0,53.77769088745117
Sam Karssies,dribbling,58.77739,5.0,53.77738952636719
Daniel Bielica,dribbling,58.807724,6.0,52.80772399902344
Matthieu Rongier,dribbling,58.803307,6.0,52.803306579589844
Szymon Weirauch,dribbling,58.79731,6.0,52.79730987548828
Kayne van Oevelen,dribbling,58.79324,6.0,52.79323959350586
Fabio Rosales,dribbling,58.790764,6.0,52.79076385498047
Amrit Gope,dribbling,58.787014,6.0,52.78701400756836
Jonas Urbig,dribbling,58.786922,6.0,52.786922454833984
Yann Lienard,dribbling,58.786346,6.0,52.786346435546875
Sachin Suresh,dribbling,58.784832,6.0,52.78483200073242
Samik Mitra,dribbling,58.784542,6.0,52.784542083740234
Cian Tyler,dribbling,58.78387,6.0,52.783870697021484
Luis Guillén,dribbling,58.783768,6.0,52.78376770019531
Gurmeet Singh,dribbling,58.782898,6.0,52.78289794921875
Matthew Connelly,dribbling,58.781937,6.0,52.78193664550781
Yannick Pandor,dribbling,58.77902,6.0,52.77901840209961
Jamie Searle,dribbling,58.77868,6.0,52.77867889404297
Mustafa Burak Bozan,dribbling,58.778492,6.0,52.77849197387695
Barry Lauwers,dribbling,58.77799,6.0,52.77798843383789
Anthony Patterson,dribbling,58.777542,6.0,52.77754211425781
Edoardo Corvi,dribbling,58.799747,7.0,51.799747467041016
Alexandre Pierre,dribbling,58.79749,7.0,51.797489166259766
Jon McCracken,dribbling,58.79479,7.0,51.7947883605957
Abraham Rodriguez,dribbling,58.79077,7.0,51.790771484375
Stefano Turati,dribbling,58.78947,7.0,51.78947067260742
Manuel Ferrel,dribbling,58.787777,7.0,51.787776947021484
Ghjuvanni Quilichini,dribbling,58.78528,7.0,51.7852783203125
Heath Richardson,dribbling,58.78475,7.0,51.784751892089844
Jake Turner,dribbling,58.78415,7.0,51.784149169921875
Rafael Hornos,dribbling,58.783054,7.0,51.78305435180664
Justin Hammel,dribbling,58.782825,7.0,51.7828254699707
Thomas Gillier,dribbling,58.78259,7.0,51.782588958740234
Emmanuel Ochoa,dribbling,58.781696,7.0,51.78169631958008
Massamba Ndiaye,dribbling,58.78096,7.0,51.78096008300781
Niklas Hedl,dribbling,58.780876,7.0,51.78087615966797
Petar Zovko,dribbling,58.780743,7.0,51.78074264526367
Utku Yuvakuran,dribbling,58.78035,7.0,51.78034973144531
Murphy Mahoney,dribbling,58.78024,7.0,51.78023910522461
Leander Øy,dribbling,58.77998,7.0,51.77997970581055
Yahia Fofana,dribbling,58.779922,7.0,51.77992248535156
Anthony Racioppi,dribbling,58.778164,7.0,51.77816390991211
Dominique Youfeigane,dribbling,58.778038,7.0,51.778038024902344
Vikram Singh,dribbling,58.593903,7.0,51.593902587890625
Filip Jörgensen,dribbling,58.803486,8.0,50.80348587036133
Jakob Tånnander,dribbling,58.80068,8.0,50.80067825317383
Xavier Dziekoński,dribbling,58.794746,8.0,50.79474639892578
Guillaume Restes,dribbling,58.794094,8.0,50.79409408569336
Alessandro Lai,dribbling,58.793865,8.0,50.79386520385742
John Pulskamp,dribbling,58.793022,8.0,50.79302215576172
Lewis Webb,dribbling,58.79119,8.0,50.79119110107422
Lukas Gütlbauer,dribbling,58.790554,8.0,50.79055404663086
Kacper Tobiasz,dribbling,58.790405,8.0,50.7904052734375
James Holden,dribbling,58.788597,8.0,50.788597106933594
Bernhard Unger,dribbling,58.788254,8.0,50.78825378417969
Florian Schock,dribbling,58.78731,8.0,50.78731155395508
Noah Kruth,dribbling,58.787308,8.0,50.78730773925781
Joachim Imbrechts,dribbling,58.78694,8.0,50.78694152832031
Max Weiß,dribbling,58.78656,8.0,50.78656005859375
Cieran Slicker,dribbling,58.7848,8.0,50.7848014831543
Thomas Hasal,dribbling,58.784206,8.0,50.78420639038086
Arthur Lyska,dribbling,58.782726,8.0,50.7827262878418
Jack Warshawsky,dribbling,58.782627,8.0,50.78262710571289
Kayne Bonnevie,dribbling,58.782116,8.0,50.7821159362793
Jan-Christoph Bartels,dribbling,58.782112,8.0,50.78211212158203
Antonio Carrera,dribbling,58.782017,8.0,50.78201675415039
Sebastian Selin,dribbling,58.781734,8.0,50.781734466552734
David Skubl,dribbling,58.781727,8.0,50.7817268371582
Nicholas Bilokapic,dribbling,58.781647,8.0,50.781646728515625
Filip Marschall,dribbling,58.780777,8.0,50.78077697753906
Stefan Drljača,dribbling,58.780746,8.0,50.78074645996094
Leopold Wahlstedt,dribbling,58.78018,8.0,50.780181884765625
Obed Nkambadio,dribbling,58.779526,8.0,50.77952575683594
Maximilian Braune,dribbling,58.779457,8.0,50.779457092285156
Jackson Smith,dribbling,58.77906,8.0,50.77906036376953
Blondy Nna Noukeu,dribbling,58.77896,8.0,50.778961181640625
Manuel Roffo,dribbling,58.778744,8.0,50.778743743896484
Paul Schermer,dribbling,58.778362,8.0,50.77836227416992
Matthew Cox,dribbling,58.777687,8.0,50.777687072753906
Ryan Schofield,dribbling,58.777306,8.0,50.777305603027344
Mark Byrne,dribbling,56.159084,6.0,50.15908432006836
Oliver Petersen,dribbling,58.80681,9.0,49.80680847167969
Luis Miguel Marquines,dribbling,58.803883,9.0,49.80388259887695
Vishal Yadav,dribbling,58.798767,9.0,49.79876708984375
Osama Al Mermish,dribbling,58.793205,9.0,49.79320526123047
Thomas Himeur,dribbling,58.790398,9.0,49.79039764404297
Federico Ravaglia,dribbling,58.79033,9.0,49.79032897949219
Jonas Nickisch,dribbling,58.788998,9.0,49.788997650146484
Dheeraj Singh Moirangthem,dribbling,58.787907,9.0,49.787906646728516
Arthur Okonkwo,dribbling,58.78731,9.0,49.78731155395508
Magnus Nielsen,dribbling,58.78711,9.0,49.787109375
Robert Kwasigroch,dribbling,58.78704,9.0,49.78704071044922
Matthew Sutton,dribbling,58.786995,9.0,49.78699493408203
Emre Bilgin,dribbling,58.786854,9.0,49.7868537902832
Lucien Hawryluk,dribbling,58.786446,9.0,49.78644561767578
Niklas Sauter,dribbling,58.785786,9.0,49.78578567504883
Filip Stanković,dribbling,58.7857,9.0,49.785701751708984
Ron-Thorben Hoffmann,dribbling,58.785408,9.0,49.78540802001953
José Arbio,dribbling,58.785378,9.0,49.785377502441406
Nils De Mol,dribbling,58.78517,9.0,49.78517150878906
Louis Fortin,dribbling,58.78498,9.0,49.78498077392578
Luca Philipp,dribbling,58.784813,9.0,49.784812927246094
Joaquín Blázquez,dribbling,58.784813,9.0,49.784812927246094
Luca Gemello,dribbling,58.78476,9.0,49.784759521484375
Daniel Klein,dribbling,58.78352,9.0,49.78351974487305
Hunor Gedő,dribbling,58.783154,9.0,49.78315353393555
Samuel Brolin,dribbling,58.7828,9.0,49.782798767089844
Daniel Adamczyk,dribbling,58.782494,9.0,49.782493591308594
CJ dos Santos,dribbling,58.78236,9.0,49.7823600769043
Jan Reichert,dribbling,58.782143,9.0,49.782142639160156
Lasse Rieß,dribbling,58.78205,9.0,49.78205108642578
Lars Larsson Jendal,dribbling,58.782032,9.0,49.78203201293945
Mateusz Dudek,dribbling,58.78161,9.0,49.78160858154297
Marcel Lotka,dribbling,58.781242,9.0,49.78124237060547
Jonathan Lima,dribbling,58.780464,9.0,49.78046417236328
Théo Chatelain,dribbling,58.780437,9.0,49.78043746948242
Markus Ponath,dribbling,58.77899,9.0,49.77899169921875
Kjell Peersman,dribbling,58.77891,9.0,49.77891159057617
Philipp Schulze,dribbling,58.77848,9.0,49.778480529785156
Toms Leitis,dribbling,58.778404,9.0,49.778404235839844
Vic Chambaere,dribbling,58.777996,9.0,49.77799606323242
Joe Whitworth,dribbling,58.77791,9.0,49.77790832519531
Boubacar Fall,dribbling,58.77719,9.0,49.777191162109375
Julian Krahl,dribbling,58.7765,9.0,49.7765007019043
Luca Bendel,dribbling,58.84077,10.0,48.84077072143555
James Trafford,dribbling,58.797623,10.0,48.79762268066406
Tobe Leysen,dribbling,58.79462,10.0,48.794620513916016
Aske Andresen,dribbling,58.79124,10.0,48.79124069213867
Matías Córdova,dribbling,58.788643,10.0,48.78864288330078
Quentin Galvez-Diarra,dribbling,58.7883,10.0,48.788299560546875
Patrick Schulte,dribbling,58.78823,10.0,48.788230895996094
Robin Roefs,dribbling,58.78722,10.0,48.7872200012207
Hannes Sveijer,dribbling,58.78712,10.0,48.7871208190918
Abdul Manaf Nurudeen,dribbling,58.786983,10.0,48.786983489990234
Matteo Bignetti,dribbling,58.786873,10.0,48.78687286376953
James Delianov,dribbling,58.78612,10.0,48.7861213684082
Luca Unbehaun,dribbling,58.784378,10.0,48.78437805175781
Anthony Marcucci,dribbling,58.784,10.0,48.784000396728516
Toni Stahl,dribbling,58.782448,10.0,48.782447814941406
Tom Roufosse,dribbling,58.782116,10.0,48.7821159362793
Sem Westerveld,dribbling,58.782005,10.0,48.782005310058594
Joe Hilton,dribbling,58.781834,10.0,48.78183364868164
Maciej Kowal,dribbling,58.781597,10.0,48.78159713745117
Noel Törnqvist,dribbling,58.781322,10.0,48.78132247924805
Jakub Stolarczyk,dribbling,58.780724,10.0,48.780723571777344
Silas Ostrzinski,dribbling,58.780605,10.0,48.78060531616211
Jack Lemoignan,dribbling,58.77998,10.0,48.77997970581055
Arsh Shaikh,dribbling,58.779297,10.0,48.779296875
Nahuel Noll,dribbling,58.77898,10.0,48.77898025512695
Andrei Gorcea,dribbling,58.778603,10.0,48.778602600097656
Sławomir Abramowicz,dribbling,58.778145,10.0,48.77814483642578
Tjark Ernst,dribbling,58.778126,10.0,48.77812576293945
Cameron Cook,dribbling,58.77777,10.0,48.77777099609375
Mohammad Nawaz,dribbling,58.77722,10.0,48.7772216796875
Tobias Schützenauer,dribbling,58.863018,11.0,47.86301803588867
Bader Al Enazi,dribbling,58.817135,11.0,47.817134857177734
Michele Cerofolini,dribbling,58.8054,11.0,47.80540084838867
Luke McNicholas,dribbling,58.794693,11.0,47.79469299316406
Gabriel Kobylak,dribbling,58.79466,11.0,47.79465866088867
Jack Wills,dribbling,58.793064,11.0,47.79306411743164
George Wickens,dribbling,58.78898,11.0,47.788978576660156
Noah Atubolu,dribbling,58.788967,11.0,47.78896713256836
Ashley Maynard-Brewer,dribbling,58.7886,11.0,47.78860092163086
Miguel Acosta,dribbling,58.78766,11.0,47.78765869140625
Macklin Freke,dribbling,58.787537,11.0,47.78753662109375
Christos Talichmanidis,dribbling,58.784454,11.0,47.784454345703125
Bela Dumrath,dribbling,58.784218,11.0,47.784217834472656
Théo De Percin,dribbling,58.784035,11.0,47.784034729003906
Anuj Kumar,dribbling,58.78397,11.0,47.78396987915039
Jordan Wright,dribbling,58.782917,11.0,47.78291702270508
Filippo Manfrin,dribbling,58.782272,11.0,47.78227233886719
Magnus Rugland Ree,dribbling,58.782032,11.0,47.78203201293945
Lasse Schulz,dribbling,58.781937,11.0,47.78193664550781
Jökull Andrésson,dribbling,58.78154,11.0,47.78153991699219
Joey Kesting,dribbling,58.78099,11.0,47.78099060058594
Will Dennis,dribbling,58.78094,11.0,47.780941009521484
Hunter Sulte,dribbling,58.780804,11.0,47.78080368041992
Viljami Sinisalo,dribbling,58.780674,11.0,47.78067398071289
Kacper Trelowski,dribbling,58.780598,11.0,47.78059768676758
Facundo Sanguinetti,dribbling,58.77995,11.0,47.77994918823242
Quentin Braat,dribbling,58.779724,11.0,47.77972412109375
Ahmad Taleb,dribbling,58.779655,11.0,47.77965545654297
Daniel Barden,dribbling,58.779278,11.0,47.77927780151367
David Robson,dribbling,58.779022,11.0,47.779022216796875
Nathan Harness,dribbling,58.778645,11.0,47.77864456176758
Maurice Dehler,dribbling,58.778248,11.0,47.77824783325195
Dennis Smarsch,dribbling,58.77797,11.0,47.77796936035156
Bandar Al Shahrani,dribbling,58.777245,11.0,47.777244567871094
Celestin De Schrevel,dribbling,58.777103,11.0,47.777103424072266
Ruslan Neshcheret,dribbling,58.777058,11.0,47.77705764770508
Nicola Bagnolini,dribbling,58.777058,11.0,47.77705764770508
Đorđe Petrović,dribbling,58.777035,11.0,47.777034759521484
Fabian de Keijzer,dribbling,58.776867,11.0,47.7768669128418
Louis Jones,dribbling,58.866833,12.0,46.8668327331543
Tim Rönning,dribbling,58.82877,12.0,46.82876968383789
Matija Šarkić,dribbling,58.807373,12.0,46.807373046875
Lucas Lund,dribbling,58.802258,12.0,46.8022575378418
Oregan Ravet,dribbling,58.79941,12.0,46.79941177368164
Gavin Beavers,dribbling,58.795444,12.0,46.79544448852539
Johannes Schenk,dribbling,58.78724,12.0,46.78723907470703
Paul Tschernuth,dribbling,58.786858,12.0,46.78685760498047
Ethan Cox,dribbling,58.786407,12.0,46.786407470703125
Wille Jakobsson,dribbling,58.78494,12.0,46.78493881225586
Kjell Scherpen,dribbling,58.783344,12.0,46.78334426879883
Conor Brann,dribbling,58.783115,12.0,46.78311538696289
Matheo Raab,dribbling,58.7825,12.0,46.782501220703125
Garissone Innocent,dribbling,58.782494,12.0,46.782493591308594
Diant Ramaj,dribbling,58.78089,12.0,46.78089141845703
Davy Rouyard,dribbling,58.780525,12.0,46.78052520751953
Moritz Schulze,dribbling,58.77987,12.0,46.779869079589844
Nicolas Kristof,dribbling,58.779762,12.0,46.779762268066406
Alessandro Sorrentino,dribbling,58.779526,12.0,46.77952575683594
Lara Sharma,dribbling,58.77902,12.0,46.77901840209961
Franco Israel,dribbling,58.779,12.0,46.77899932861328
Adam Ingi Benediktsson,dribbling,58.778553,12.0,46.7785530090332
Bartosz Klebaniuk,dribbling,58.778236,12.0,46.778236389160156
Meshari Sanyor,dribbling,58.77748,12.0,46.77748107910156
Casper Andersson,dribbling,58.819027,13.0,45.819026947021484
Hakon Valdimarsson,dribbling,58.80625,13.0,45.806251525878906
Mio Backhaus,dribbling,58.794113,13.0,45.79411315917969
Armin Abaz,dribbling,58.791058,13.0,45.79105758666992
Yehvann Diouf,dribbling,58.79099,13.0,45.79098892211914
Roman Celentano,dribbling,58.790565,13.0,45.790565490722656
Elia Caprile,dribbling,58.78937,13.0,45.789371490478516
Gaëtan Poussin,dribbling,58.788116,13.0,45.788116455078125
Gabriel Slonina,dribbling,58.78742,13.0,45.787418365478516
Yusuf Karagöz,dribbling,58.787342,13.0,45.7873420715332
Louis Lord,dribbling,58.786797,13.0,45.78679656982422
Gaëtan Coucke,dribbling,58.785885,13.0,45.785884857177734
Ionuț Gurău,dribbling,58.784523,13.0,45.784523010253906
Tom Hendriks,dribbling,58.78451,13.0,45.78451156616211
Niraj Kumar,dribbling,58.783104,13.0,45.783103942871094
Arne Schulz,dribbling,58.782967,13.0,45.78296661376953
Sebastian Banozic,dribbling,58.782776,13.0,45.78277587890625
Steven Benda,dribbling,58.78259,13.0,45.782588958740234
Teddy Boulhendi,dribbling,58.782185,13.0,45.78218460083008
Laurin Mack,dribbling,58.782104,13.0,45.7821044921875
Grégoire Coudert,dribbling,58.782063,13.0,45.78206253051758
Damian Las,dribbling,58.781853,13.0,45.78185272216797
Storm Strand-Kolbjørnsen,dribbling,58.78024,13.0,45.78023910522461
Pascal Kuiper,dribbling,58.78019,13.0,45.780189514160156
Nico Mantl,dribbling,58.778496,13.0,45.77849578857422
Benjamin Ozegovic,dribbling,58.778427,13.0,45.77842712402344
Nikhil Deka,dribbling,58.778385,13.0,45.778385162353516
Christian Früchtl,dribbling,58.778336,13.0,45.77833557128906
Ivan Nevistić,dribbling,58.77823,13.0,45.778228759765625
Prabhsukhan Gill,dribbling,58.77765,13.0,45.77764892578125
Denis Franchi,dribbling,58.77758,13.0,45.77758026123047
Adam Wilk,dribbling,58.860237,14.0,44.86023712158203
Justin Heekeren,dribbling,58.81096,14.0,44.81095886230469
Rhys Byrne,dribbling,58.797813,14.0,44.797813415527344
Amir Saipi,dribbling,58.796135,14.0,44.79613494873047
Joe Gauci,dribbling,58.79463,14.0,44.79462814331055
Mohamed Koné,dribbling,58.79213,14.0,44.79212951660156
Lucas Chevalier,dribbling,58.791306,14.0,44.79130554199219
Niclas Thiede,dribbling,58.789818,14.0,44.789817810058594
Alexandru Utiu,dribbling,58.789116,14.0,44.78911590576172
Jakob Golz,dribbling,58.789078,14.0,44.78907775878906
Giovanni Garofani,dribbling,58.7888,14.0,44.78879928588867
Jonas Kersken,dribbling,58.78745,14.0,44.78744888305664
Ben Bottomley,dribbling,58.787193,14.0,44.787193298339844
Felix Wienand,dribbling,58.786793,14.0,44.78679275512695
Nathan Baxter,dribbling,58.786674,14.0,44.78667449951172
Youri Schoonderwaldt,dribbling,58.786625,14.0,44.786624908447266
Ross Munro,dribbling,58.786118,14.0,44.78611755371094
Jordan Amissah,dribbling,58.785625,14.0,44.78562545776367
Rudy Boulais,dribbling,58.785378,14.0,44.785377502441406
Ștefan Mușat,dribbling,58.784992,14.0,44.78499221801758
George Marks,dribbling,58.78456,14.0,44.78456115722656
Taye Ashby-Hammond,dribbling,58.78369,14.0,44.78369140625
Bartosz Mrozek,dribbling,58.783264,14.0,44.78326416015625
Ted Cann,dribbling,58.78243,14.0,44.78242874145508
Liam Isherwood,dribbling,58.78154,14.0,44.78153991699219
Georgios Theocharis,dribbling,58.78131,14.0,44.78131103515625
Tomás Durso,dribbling,58.78113,14.0,44.781131744384766
Max Hagemoser,dribbling,58.779007,14.0,44.77900695800781
Tymur Puzankov,dribbling,58.777996,14.0,44.77799606323242
Isaac Boehmer,dribbling,58.77759,14.0,44.777591705322266
Kian Moore,dribbling,58.832138,15.0,43.83213806152344
Dimitar Mitov,dribbling,58.830315,15.0,43.83031463623047
Vítězslav Jaroš,dribbling,58.80455,15.0,43.80455017089844
Mateusz Kochalski,dribbling,58.800365,15.0,43.80036544799805
Lennart Grill,dribbling,58.795532,15.0,43.7955322265625
Senne Lammens,dribbling,58.7883,15.0,43.788299560546875
Dominik Kotarski,dribbling,58.78732,15.0,43.78731918334961
Krzysztof Bąkowski,dribbling,58.785557,15.0,43.78555679321289
Mutlaq Al Hurayji,dribbling,58.784336,15.0,43.78433609008789
Bart Verbruggen,dribbling,58.782352,15.0,43.782352447509766
Andreas Gülstorff,dribbling,58.77732,15.0,43.777320861816406
Toby Savin,dribbling,58.809525,16.0,42.80952453613281
Sam Tickle,dribbling,58.785736,16.0,42.785736083984375
Oliver Christensen,dribbling,58.783543,16.0,42.78354263305664
Moritz Nicolas,dribbling,58.778046,16.0,42.778045654296875
Marko Johansson,dribbling,58.849396,17.0,41.849395751953125
Freddie Woodman,dribbling,58.825325,17.0,41.82532501220703
Joel Coleman,dribbling,58.81159,17.0,41.811588287353516
Sander Tangvik,dribbling,58.80935,17.0,41.809349060058594
Mattia Chiesa,dribbling,58.795853,17.0,41.79585266113281
Issam El Maach,dribbling,58.783295,17.0,41.783294677734375
Joe Walsh,dribbling,58.773136,17.0,41.773136138916016
Dimitry Bertaud,dribbling,58.83934,18.0,40.83934020996094
Ștefan Târnovanu,dribbling,58.835205,18.0,40.835205078125
Sven Jansen,dribbling,58.78242,18.0,40.78242111206055
Hans Christian Bernat,dribbling,58.780663,18.0,40.780662536621094
Mile Svilar,dribbling,58.83464,19.0,39.83464050292969
Magnus Sjøeng,dribbling,58.80539,19.0,39.805389404296875
Matěj Kovář,dribbling,58.77805,19.0,39.77804946899414
Edward McGinty,dribbling,58.77279,19.0,39.772789001464844
Jack Hamilton,dribbling,52.34716,13.0,39.34716033935547
Peter Vindahl Jensen,dribbling,58.786346,20.0,38.786346435546875
Martin Delavallée,dribbling,58.781937,20.0,38.78193664550781
Theo Sander,dribbling,58.77758,20.0,38.77758026123047
Timo Königsmann,dribbling,58.82731,21.0,37.827308654785156
Lorcan Healy,dribbling,58.813942,21.0,37.813941955566406
Alex Palmer,dribbling,58.773155,21.0,37.773155212402344
Alex Paulsen,dribbling,58.701332,22.0,36.701332092285156
Robert Popa,dribbling,58.795288,23.0,35.7952880859375
Markus Schubert,dribbling,58.78869,23.0,35.78868865966797
Diego González,dribbling,58.796963,24.0,34.79696273803711
Nathan Trott,dribbling,58.789917,24.0,34.7899169921875
Carl Rushworth,dribbling,58.784065,24.0,34.78406524658203
Dominik Reimann,dribbling,58.780178,24.0,34.78017807006836
Radosław Majecki,dribbling,58.76393,27.0,31.763931274414062
Dmytro Riznyk,dribbling,58.77032,31.0,27.770320892333984
Jakub Szymański,dribbling,34.803867,9.0,25.80386734008789
Reece James,dribbling,58.924152,83.0,24.075847625732422
Skelly Alvero,dribbling,48.412197,70.0,21.58780288696289
Juan Pablo Torres,dribbling,41.513996,63.0,21.486003875732422
Phillip Cancar,dribbling,43.16013,22.0,21.16012954711914
Junior Mwanga,dribbling,42.050644,62.0,19.949356079101562
Darren Yapi,dribbling,44.092743,64.0,19.907257080078125
Severin Ottiger,dribbling,46.454212,66.0,19.545787811279297
Jack Ellis,dribbling,32.936913,52.0,19.063087463378906
Sebastián Álvarez,dribbling,42.70696,24.0,18.706958770751953
Matías González,dribbling,46.541862,65.0,18.45813751220703
Curtis Davies,dribbling,55.89267,38.0,17.892669677734375
Romeo Lavia,dribbling,58.511127,76.0,17.488872528076172
Cédric Zesiger,dribbling,44.34899,61.0,16.65100860595703
Artem Bondarenko,dribbling,63.541973,80.0,16.458026885986328
Njabulo Blom,dribbling,47.62067,64.0,16.379329681396484
Federico Dimarco,dribbling,61.702194,78.0,16.297805786132812
Ajibola Alese,dribbling,46.957073,63.0,16.042926788330078
Yusuf Erdoğan,dribbling,56.280144,72.0,15.719856262207031
Nathan-Dylan Saliba,dribbling,50.52123,66.0,15.478771209716797
Franklin Tebo Uchenna,dribbling,43.440544,28.0,15.440544128417969
Jordy Makengo,dribbling,41.750942,57.0,15.24905776977539
Brynjar Ingi Bjarnason,dribbling,42.17669,27.0,15.176689147949219
Elio Capradossi,dribbling,39.85602,55.0,15.143978118896484
Alessio Buttaro,dribbling,42.031715,57.0,14.968284606933594
Marco Burch,dribbling,50.89944,36.0,14.89944076538086
Leo Greiml,dribbling,45.72583,31.0,14.725830078125
Valeriy Bondar,dribbling,53.628242,39.0,14.628242492675781
Quilindschy Hartman,dribbling,52.38703,67.0,14.612968444824219
Furkan Bayır,dribbling,37.424244,52.0,14.575756072998047
Malik Tillman,dribbling,64.44638,79.0,14.553619384765625
George Harmon,dribbling,47.5067,62.0,14.493301391601562
Ibrahim Cissé,dribbling,45.689667,60.0,14.310333251953125
George Campbell,dribbling,43.830845,58.0,14.16915512084961
Simone Canestrelli,dribbling,38.072906,24.0,14.072906494140625
Callum Doyle,dribbling,56.161224,70.0,13.838775634765625
Abdourahmane Barry,dribbling,44.832104,31.0,13.832103729248047
Ernest Nuamah,dribbling,62.242218,76.0,13.757781982421875
Isaac Price,dribbling,52.25576,66.0,13.744239807128906
Bradley Barcola,dribbling,65.256714,79.0,13.7432861328125
Jonathan Dubasin,dribbling,62.352654,76.0,13.647346496582031
Ignacio Rodríguez,dribbling,34.606297,21.0,13.60629653930664
Óscar Zambrano,dribbling,57.480618,71.0,13.51938247680664
Boris Tomiak,dribbling,41.49831,28.0,13.498310089111328
Dimitrios Nikolaou,dribbling,43.498165,30.0,13.498165130615234
Serafin Szota,dribbling,47.428173,34.0,13.428173065185547
Patrik Mercado,dribbling,54.635956,68.0,13.364044189453125
Joshua Wilson-Esbrand,dribbling,58.719173,72.0,13.280826568603516
Willum Þór Willumsson,dribbling,60.723515,74.0,13.276485443115234
Zeno Ibsen Rossi,dribbling,46.183727,33.0,13.183727264404297
Giovanni Fabbian,dribbling,58.914562,72.0,13.085437774658203
Nick Otto,dribbling,45.00392,32.0,13.003921508789062
Cameron Carter-Vickers,dribbling,52.08972,65.0,12.9102783203125
Adam Obert,dribbling,50.102154,63.0,12.897846221923828
Lindrit Kamberi,dribbling,41.132614,54.0,12.867385864257812
Steve Ngoura,dribbling,51.139977,64.0,12.860023498535156
Andy Diouf,dribbling,65.36117,78.0,12.638832092285156
Christos Zafeiris,dribbling,65.44377,78.0,12.556228637695312
Eliezer Mayenda,dribbling,49.516983,62.0,12.483016967773438
Flavio Alcedo,dribbling,35.432117,23.0,12.432117462158203
Salvatore Dario La Vardera,dribbling,46.575188,59.0,12.424812316894531
Jordan Bos,dribbling,58.772453,71.0,12.227546691894531
Miłosz Matysik,dribbling,53.16162,41.0,12.16162109375
Trai Hume,dribbling,53.84159,66.0,12.158409118652344
Jeison Mina,dribbling,42.1084,30.0,12.1083984375
Fisayo Dele-Bashiru,dribbling,64.95418,77.0,12.045822143554688
Niklas Lang,dribbling,50.98078,39.0,11.980781555175781
Lameck Banda,dribbling,68.04678,80.0,11.953216552734375
Brahim Traoré,dribbling,43.930378,32.0,11.930377960205078
Okan Erdoğan,dribbling,40.90851,29.0,11.90850830078125
Bafodé Diakité,dribbling,56.10752,68.0,11.892478942871094
Ariel Mosór,dribbling,47.835598,36.0,11.83559799194336
Billy Koumetio,dribbling,44.7747,33.0,11.774700164794922
Kamil Kruk,dribbling,44.676723,33.0,11.67672348022461
Leonidas Stergiou,dribbling,49.653774,38.0,11.65377426147461
Julian Ryerson,dribbling,65.35347,77.0,11.646530151367188
Isaac Schmidt,dribbling,59.356976,71.0,11.643024444580078
Bogdan Racovițan,dribbling,44.595837,33.0,11.595836639404297
Rico Lewis,dribbling,58.445717,70.0,11.554283142089844
Christos Kourfalidis,dribbling,58.481335,70.0,11.518665313720703
Evan Ferguson,dribbling,58.485115,70.0,11.514884948730469
Saikou Touray,dribbling,55.486954,67.0,11.513046264648438
Matías Vera,dribbling,66.43323,55.0,11.4332275390625
Josué Escartin,dribbling,45.393574,34.0,11.393573760986328
Jack Currie,dribbling,51.665478,63.0,11.334522247314453
Ciaran Brennan,dribbling,45.321396,34.0,11.321395874023438
Aleks Ławniczak,dribbling,39.259274,28.0,11.259273529052734
Shawn Adewoye,dribbling,44.215225,33.0,11.215225219726562
Albian Hajdari,dribbling,40.170124,29.0,11.170124053955078
Kevin Ehlers,dribbling,53.134483,42.0,11.134483337402344
Jan Gorenc,dribbling,46.11138,35.0,11.111381530761719
Wilson Odobert,dribbling,62.895374,74.0,11.104625701904297
Adrien Louveau,dribbling,47.10366,36.0,11.103660583496094
Gerasimos Mitoglou,dribbling,45.074898,34.0,11.074897766113281
Mihajlo Ivančević,dribbling,41.060173,30.0,11.060173034667969
Kailin Barlow,dribbling,46.955647,58.0,11.044353485107422
Amine Salama,dribbling,57.979275,69.0,11.02072525024414
Flavien-Enzo Boyomo,dribbling,41.996796,31.0,10.996795654296875
Victor Loturi,dribbling,55.040123,66.0,10.959877014160156
Yassine Kechta,dribbling,59.0421,70.0,10.957901000976562
Saad Al Mousa,dribbling,41.09243,52.0,10.907569885253906
Alfie Doughty,dribbling,62.134422,73.0,10.865577697753906
Hussain Furayj,dribbling,33.854275,23.0,10.85427474975586
Josué Casimir,dribbling,58.17631,69.0,10.823688507080078
Reece Welch,dribbling,32.804054,22.0,10.804054260253906
Mateusz Skrzypczak,dribbling,41.78279,31.0,10.782791137695312
Will Sands,dribbling,55.241165,66.0,10.758834838867188
Michael Glück,dribbling,42.757565,32.0,10.757564544677734
Adrian Mazilu,dribbling,58.274597,69.0,10.72540283203125
Damián Pizarro,dribbling,56.28195,67.0,10.718048095703125
Zeno Debast,dribbling,58.301743,69.0,10.698257446289062
Philip Fahrner,dribbling,57.349575,68.0,10.65042495727539
Maik Nawrocki,dribbling,54.621506,44.0,10.621505737304688
Christian Witzig,dribbling,54.394875,65.0,10.605125427246094
Johan Bångsbo,dribbling,45.51176,35.0,10.511760711669922
Johan Bakayoko,dribbling,70.51473,81.0,10.485267639160156
Christiaan Ravych,dribbling,41.522068,52.0,10.47793197631836
Aske Adelgaard,dribbling,50.53148,61.0,10.468521118164062
Luke McNally,dribbling,56.551258,67.0,10.448741912841797
Nikolaos Michelis,dribbling,38.400322,28.0,10.400321960449219
Eric Martel,dribbling,58.655567,69.0,10.344432830810547
Mandela Keita,dribbling,60.66912,71.0,10.330879211425781
Hormipam Ruivah,dribbling,52.314804,42.0,10.314804077148438
Kryspin Szcześniak,dribbling,40.29954,30.0,10.299541473388672
Oliver Arblaster,dribbling,50.76425,61.0,10.235748291015625
Tyronne Ebuehi,dribbling,63.768772,74.0,10.23122787475586
Delano Burgzorg,dribbling,72.77229,83.0,10.227706909179688
Souleymane Diaby,dribbling,56.773247,67.0,10.226753234863281
David Nemeth,dribbling,43.156708,33.0,10.156707763671875
Myron van Brederode,dribbling,71.853264,82.0,10.146736145019531
Arda Güler,dribbling,72.85745,83.0,10.142547607421875
Folarin Balogun,dribbling,66.87702,77.0,10.122978210449219
Nicolò Cambiaghi,dribbling,67.89673,78.0,10.103271484375
Marcus Ferkranus,dribbling,35.040764,25.0,10.040763854980469
Conan Noonan,dribbling,46.9684,57.0,10.031600952148438
Juan Arias,dribbling,42.99897,33.0,9.998970031738281
Federico Redondo,dribbling,60.04891,70.0,9.951091766357422
Noé Lebreton,dribbling,49.10583,59.0,9.894168853759766
Dennis Hadžikadunić,dribbling,52.88135,43.0,9.881351470947266
Cihan Çanak,dribbling,62.156776,72.0,9.843223571777344
Saël Kumbedi,dribbling,61.18093,71.0,9.819068908691406
Niklas Geyrhofer,dribbling,45.816975,36.0,9.816974639892578
George Hall,dribbling,56.19256,66.0,9.807441711425781
Théo Le Bris,dribbling,58.27759,68.0,9.722408294677734
Franco Ortellado,dribbling,45.7133,36.0,9.713298797607422
Ismajl Beka,dribbling,36.712456,27.0,9.712455749511719
Hayden Hackney,dribbling,58.30489,68.0,9.695110321044922
Gideon Tetteh,dribbling,46.34007,56.0,9.659931182861328
Mohamad Rakip,dribbling,44.64692,35.0,9.646919250488281
Jeremías James,dribbling,43.60759,34.0,9.607589721679688
Mamadou Camara,dribbling,59.398502,69.0,9.601497650146484
Dembo Sylla,dribbling,57.450466,67.0,9.54953384399414
Yannis Letard,dribbling,49.50078,40.0,9.500778198242188
Alexander Ranacher,dribbling,58.54587,68.0,9.45412826538086
Yankuba Minteh,dribbling,57.566788,67.0,9.433212280273438
Valon Zumberi,dribbling,36.341084,27.0,9.341083526611328
Tyler Roberts,dribbling,63.66962,73.0,9.330379486083984
Eoin Toal,dribbling,45.670937,55.0,9.329063415527344
Antoine Makoumbou,dribbling,67.673904,77.0,9.326095581054688
Suwailem Al Menhali,dribbling,40.30661,31.0,9.306610107421875
Nelson Weiper,dribbling,57.699097,67.0,9.3009033203125
Mats Knoester,dribbling,55.289383,46.0,9.289382934570312
Bobby Faulkner,dribbling,41.27599,32.0,9.275989532470703
Kipp Keller,dribbling,34.23766,25.0,9.237659454345703
Tomasz Pieńko,dribbling,59.85657,69.0,9.143428802490234
Alessandro Circati,dribbling,38.1278,29.0,9.127799987792969
Brian Salvareschi,dribbling,53.12287,44.0,9.122871398925781
Nathaniel Brown,dribbling,57.888153,67.0,9.111846923828125
Ewoud Pletinckx,dribbling,46.07644,37.0,9.076438903808594
Oscar Wiklöf,dribbling,55.92519,65.0,9.074810028076172
Jayden Oosterwolde,dribbling,59.98294,69.0,9.017059326171875
Nesta Guinness-Walker,dribbling,58.988434,68.0,9.011566162109375
Dirk Proper,dribbling,66.001274,75.0,8.998725891113281
Santiago Núñez,dribbling,43.995747,35.0,8.995746612548828
Emin Bayram,dribbling,45.050304,54.0,8.949695587158203
Loïc Mbe Soh,dribbling,47.949677,39.0,8.949676513671875
Mario Dorgeles,dribbling,59.056072,68.0,8.943927764892578
Habib Diarra,dribbling,60.076847,69.0,8.923152923583984
Jamie Bynoe-Gittens,dribbling,74.09277,83.0,8.9072265625
Valentín Gómez,dribbling,50.111515,59.0,8.888484954833984
Harvey O'Brien,dribbling,38.874332,30.0,8.874332427978516
Justen Glad,dribbling,49.864685,41.0,8.86468505859375
Kamory Doumbia,dribbling,65.144684,74.0,8.855316162109375
Tommaso Baldanzi,dribbling,70.15559,79.0,8.844413757324219
Jamal Amofa,dribbling,58.15803,67.0,8.841968536376953
Jesper Adolfsson,dribbling,44.836803,36.0,8.836803436279297
Nadjib Cissé,dribbling,41.78744,33.0,8.78744125366211
Mimeirhel Benita,dribbling,63.21818,72.0,8.781818389892578
Paul-Philipp Besong,dribbling,55.244564,64.0,8.755435943603516
Demba Seck,dribbling,68.251274,77.0,8.748725891113281
Serge-Philippe Raux-Yao,dribbling,38.742138,30.0,8.742137908935547
Brahima Diarra,dribbling,65.29508,74.0,8.704917907714844
Samuel Edozie,dribbling,65.315094,74.0,8.684906005859375
Himad Abdelli,dribbling,67.31512,76.0,8.684883117675781
Anton Gaaei,dribbling,58.332523,67.0,8.667476654052734
Thierry Small,dribbling,56.33907,65.0,8.660930633544922
Ole Pohlmann,dribbling,64.33969,73.0,8.660308837890625
Joshua Feeney,dribbling,40.640297,32.0,8.640296936035156
Emanuel Aiwu,dribbling,56.630726,48.0,8.630725860595703
Francisco Marco,dribbling,40.62447,32.0,8.624469757080078
Oscar Vilhelmsson,dribbling,56.38105,65.0,8.618949890136719
Gatlin O'Donkor,dribbling,53.39197,62.0,8.608028411865234
Trent Buhagiar,dribbling,63.605957,55.0,8.60595703125
Arian Llugiqi,dribbling,55.39834,64.0,8.601661682128906
Casper Øyvann,dribbling,52.58803,44.0,8.588031768798828
Eric N'Jo,dribbling,38.54347,30.0,8.543468475341797
Daniel Bassi,dribbling,56.459774,65.0,8.540225982666016
Noah De Ridder,dribbling,56.48695,65.0,8.513050079345703
Alessandro Bianco,dribbling,57.491447,66.0,8.508552551269531
Maksymilian Pingot,dribbling,46.508244,38.0,8.508243560791016
Baba Fernandes,dribbling,43.503475,35.0,8.503475189208984
Azzedine Ounahi,dribbling,69.500244,78.0,8.499755859375
Désiré Doué,dribbling,71.52519,80.0,8.474807739257812
Agustín Vera,dribbling,61.52784,70.0,8.472160339355469
Tadeo Allende,dribbling,62.52991,71.0,8.470088958740234
Julian Niehues,dribbling,58.530766,67.0,8.469234466552734
Simon Elisor,dribbling,57.542805,66.0,8.457195281982422
Darko Gyabi,dribbling,58.54386,67.0,8.456138610839844
Issiar Dramé,dribbling,48.450535,40.0,8.45053482055664
Jaheim Headley,dribbling,58.550842,67.0,8.44915771484375
Azeem Abdulai,dribbling,51.55929,60.0,8.44070816040039
Lassine Sinayoko,dribbling,58.559578,67.0,8.440422058105469
Odel Offiah,dribbling,57.58447,66.0,8.415531158447266
Jerry Yates,dribbling,63.6064,72.0,8.393600463867188
Zakaria Hawsawi,dribbling,61.62991,70.0,8.37009048461914
Jusef Erabi,dribbling,56.657036,65.0,8.342964172363281
Vladyslav Vanat,dribbling,59.678802,68.0,8.321197509765625
Alberto Dossena,dribbling,40.711906,49.0,8.288093566894531
Aimé Mabika,dribbling,42.282272,34.0,8.282272338867188
Paul Joly,dribbling,42.750404,51.0,8.249595642089844
Juljan Shehu,dribbling,57.24446,49.0,8.244461059570312
Saxon Earley,dribbling,54.756817,63.0,8.243183135986328
Baran Mogultay,dribbling,50.79488,59.0,8.205120086669922
Giorgio Cittadini,dribbling,41.203587,33.0,8.20358657836914
Václav Černý,dribbling,71.811615,80.0,8.188385009765625
Leny Meyer,dribbling,50.84937,59.0,8.150630950927734
Marco Antonio Angulo,dribbling,58.894417,67.0,8.105583190917969
Kajetan Szmyt,dribbling,57.901855,66.0,8.09814453125
Lenny Pirringuel,dribbling,58.944286,67.0,8.055713653564453
Kevin Höög Jansson,dribbling,51.961514,60.0,8.03848648071289
Oumar Ngom,dribbling,54.968163,63.0,8.031837463378906
Sylvester Jasper,dribbling,66.979294,75.0,8.020706176757812
Mateusz Wieteska,dribbling,45.01694,37.0,8.01694107055664
Miguel Monsalve,dribbling,63.9843,72.0,8.015701293945312
Alieu Fadera,dribbling,63.99257,72.0,8.007431030273438
Nikhil Prabhu,dribbling,38.004475,30.0,8.004474639892578
Martin Baturina,dribbling,75.012146,83.0,7.98785400390625
Joe Taylor,dribbling,45.968353,38.0,7.968353271484375
William Balikwisha,dribbling,69.03812,77.0,7.961883544921875
Luca Moro,dribbling,58.052235,66.0,7.947765350341797
Cameron Humphreys-Grant,dribbling,52.92199,45.0,7.921989440917969
Jean-Mattéo Bahoya,dribbling,64.08008,72.0,7.919921875
Kenji Cabrera,dribbling,64.11134,72.0,7.8886566162109375
Paul Kalambayi,dribbling,45.873417,38.0,7.873416900634766
Kevin Paredes,dribbling,68.153854,76.0,7.8461456298828125
Santiago Toloza,dribbling,62.160397,70.0,7.839603424072266
Mathias Olesen,dribbling,59.163746,67.0,7.836254119873047
Farès Chaïbi,dribbling,67.16797,75.0,7.83203125
Halvor Rødølen Opsahl,dribbling,47.821125,40.0,7.821125030517578
Andi Hoti,dribbling,39.197773,47.0,7.802227020263672
Sonny Carey,dribbling,58.208164,66.0,7.791835784912109
Iván Flores,dribbling,47.782173,40.0,7.782173156738281
Mamadou Jobe,dribbling,39.779877,32.0,7.779876708984375
Cristian Volpato,dribbling,66.23234,74.0,7.767662048339844
Gabriel Kirejczyk,dribbling,45.24862,53.0,7.751380920410156
Matěj Jurásek,dribbling,65.26347,73.0,7.7365264892578125
Oliver Tipton,dribbling,38.732307,31.0,7.732307434082031
Federico Bonazzoli,dribbling,64.30254,72.0,7.697456359863281
Cameron Humphreys,dribbling,55.333717,63.0,7.666282653808594
Adam Dźwigała,dribbling,54.652477,47.0,7.652477264404297
Gideon Mensah,dribbling,62.349873,70.0,7.650127410888672
Jannes Wulff,dribbling,59.363758,67.0,7.636241912841797
Barry Cotter,dribbling,53.3739,61.0,7.6260986328125
Mateusz Łęgowski,dribbling,58.41486,66.0,7.585140228271484
Faride Alidou,dribbling,69.41583,77.0,7.58416748046875
Matthew Bozinovski,dribbling,36.572155,29.0,7.572154998779297
Haydon Roberts,dribbling,58.431713,66.0,7.568286895751953
Aurèle Amenda,dribbling,34.451324,42.0,7.548675537109375
Guillermo Enrique,dribbling,59.45544,67.0,7.544559478759766
Lars Olden Larsen,dribbling,66.457344,74.0,7.542655944824219
Frederik Jäkel,dribbling,47.54059,40.0,7.54058837890625
Raphael Framberger,dribbling,57.53802,50.0,7.538021087646484
Hugo Larsson,dribbling,58.52712,66.0,7.472881317138672
Levi Colwill,dribbling,60.537567,68.0,7.462432861328125
Abdessamad Ezzalzouli,dribbling,74.53956,82.0,7.460441589355469
Ibrahim Salah,dribbling,63.549404,71.0,7.450595855712891
Jasper Moon,dribbling,39.445393,32.0,7.445392608642578
Oscar Taty Maritu,dribbling,66.556114,74.0,7.443885803222656
Michał Karbownik,dribbling,67.55681,75.0,7.4431915283203125
Botond Balogh,dribbling,37.383278,30.0,7.383277893066406
Connor Taylor,dribbling,46.376236,39.0,7.3762359619140625
Abdulaziz Makin,dribbling,52.62576,60.0,7.374240875244141
Niko Vukancic,dribbling,46.35863,39.0,7.358631134033203
Sebastián González,dribbling,63.65405,71.0,7.345951080322266
Connor Roberts,dribbling,64.67661,72.0,7.323387145996094
José-Enrique Ríos Alonso,dribbling,54.322308,47.0,7.322307586669922
Gustav Grubbe,dribbling,56.688835,64.0,7.311164855957031
Ashley Phillips,dribbling,45.310856,38.0,7.310855865478516
Abdulkareem Al Sultan,dribbling,41.309975,34.0,7.309974670410156
Tomi Horvat,dribbling,67.69432,75.0,7.3056793212890625
James McAtee,dribbling,66.703545,74.0,7.296455383300781
Ahmetcan Kaplan,dribbling,47.296364,40.0,7.296363830566406
David Affengruber,dribbling,54.283638,47.0,7.283638000488281
Bartłomiej Kłudka,dribbling,49.7208,57.0,7.279201507568359
Nicolas Janvier,dribbling,69.278854,62.0,7.2788543701171875
Michael Steinwender,dribbling,39.27299,32.0,7.272991180419922
Tyler Goodrham,dribbling,57.738598,65.0,7.261402130126953
Jesurun Rak-Sakyi,dribbling,66.746574,74.0,7.253425598144531
Ethan Alagich,dribbling,51.749527,59.0,7.2504730224609375
Mathys Tel,dribbling,69.758965,77.0,7.241035461425781
Evan Haddock,dribbling,38.231564,31.0,7.231563568115234
Ryan Duncan,dribbling,54.79015,62.0,7.209850311279297
Harold Moukoudi,dribbling,47.193855,40.0,7.193855285644531
Karl Edouard Etta Eyong,dribbling,56.17272,49.0,7.172721862792969
Emmanuel Fernandez,dribbling,35.160954,28.0,7.160953521728516
Mamadou Doucouré,dribbling,55.1599,48.0,7.159900665283203
Alexander Busch,dribbling,48.159363,41.0,7.15936279296875
Miles Leaburn,dribbling,54.85499,62.0,7.145011901855469
Derry Scherhant,dribbling,60.874847,68.0,7.125152587890625
Matt Baker,dribbling,38.101276,31.0,7.101276397705078
Gino Fechner,dribbling,58.092636,51.0,7.0926361083984375
Antonio Marin,dribbling,71.91132,79.0,7.088676452636719
Fraser Murray,dribbling,63.07102,56.0,7.071018218994141
Abdulelah Al Shammari,dribbling,62.939064,70.0,7.060935974121094
Valerio Mastrantonio,dribbling,57.95808,65.0,7.041919708251953
Ahmed Al Ghamdi,dribbling,59.961113,67.0,7.038887023925781
Kyliane Dong,dribbling,58.981815,66.0,7.018184661865234
Regan Slater,dribbling,64.98454,72.0,7.0154571533203125
Morgan Feeney,dribbling,41.99301,35.0,6.993011474609375
Jacopo Fazzini,dribbling,63.00921,70.0,6.990791320800781
José Gómez,dribbling,57.02978,64.0,6.970218658447266
Przemysław Wiśniewski,dribbling,50.968372,44.0,6.968372344970703
Yegor Matsenko,dribbling,42.957474,36.0,6.9574737548828125
Emmanuel Yeboah,dribbling,60.06325,67.0,6.936748504638672
Edoardo Bove,dribbling,65.06815,72.0,6.931846618652344
Peter Bjur,dribbling,62.075855,69.0,6.924144744873047
Enzo Tchato,dribbling,58.079586,65.0,6.920413970947266
Filip Stojilković,dribbling,62.0802,69.0,6.9197998046875
James Connolly,dribbling,50.91979,44.0,6.919788360595703
Kouame Autonne,dribbling,47.90954,41.0,6.909538269042969
Stipe Biuk,dribbling,71.09651,78.0,6.9034881591796875
Mateo Gamarra,dribbling,52.899464,46.0,6.899463653564453
Axel Guessand,dribbling,46.89275,40.0,6.892749786376953
Jordhy Thompson,dribbling,64.11192,71.0,6.8880767822265625
Björn Meijer,dribbling,60.11623,67.0,6.883769989013672
Facundo Buonanotte,dribbling,66.12119,73.0,6.878807067871094
Abass Issah,dribbling,69.14846,76.0,6.851539611816406
Jesper Daland,dribbling,55.847603,49.0,6.847602844238281
Naouirou Ahamada,dribbling,70.15335,77.0,6.846649169921875
Marian Danciu,dribbling,57.154068,64.0,6.8459320068359375
Nathan Tella,dribbling,70.155334,77.0,6.84466552734375
Brian Aguirre,dribbling,66.16139,73.0,6.8386077880859375
Adamo Nagalo,dribbling,51.163723,58.0,6.836277008056641
Finn Surman,dribbling,44.82721,38.0,6.82720947265625
Colin Rösler,dribbling,51.81974,45.0,6.819740295410156
Rijad Sadiku,dribbling,51.81858,45.0,6.818580627441406
Enzo Cornelisse,dribbling,58.809734,52.0,6.809734344482422
Cheick Conde,dribbling,60.203613,67.0,6.79638671875
Franck Honorat,dribbling,71.20617,78.0,6.793830871582031
Ben Goodliffe,dribbling,45.788147,39.0,6.78814697265625
Jeriel Dorsett,dribbling,52.78222,46.0,6.782218933105469
Jobe Bellingham,dribbling,60.21965,67.0,6.7803497314453125
Samuel Silvera,dribbling,64.22638,71.0,6.77362060546875
Alex Dunne,dribbling,45.768177,39.0,6.768177032470703
Sven Mijnans,dribbling,68.23716,75.0,6.762840270996094
Aaron Rowe,dribbling,66.75412,60.0,6.754119873046875
Paul Lehmann,dribbling,43.739178,37.0,6.739177703857422
Gaurav Bora,dribbling,38.738697,32.0,6.738697052001953
Denis Rența,dribbling,46.73714,40.0,6.737140655517578
Tomás Silva,dribbling,59.268196,66.0,6.731803894042969
Baba Alhassan,dribbling,63.276344,70.0,6.723655700683594
Yusuf Özdemir,dribbling,57.30658,64.0,6.69342041015625
Semi Belkahia,dribbling,55.69079,49.0,6.690788269042969
Erdon Daci,dribbling,66.31593,73.0,6.6840667724609375
Sander Moen Foss,dribbling,44.682125,38.0,6.682125091552734
Scott Wharton,dribbling,53.32586,60.0,6.674140930175781
Robin Voisine,dribbling,41.633392,35.0,6.633392333984375
Marlon Suliman Mustapha,dribbling,60.36969,67.0,6.63031005859375
Emanuel Emegha,dribbling,59.374313,66.0,6.6256866455078125
Maximilian Sellinger,dribbling,52.616398,46.0,6.616397857666016
Jorne Spileers,dribbling,44.384247,51.0,6.615753173828125
Marvin Senger,dribbling,45.60586,39.0,6.605861663818359
Raphael Schifferl,dribbling,45.600494,39.0,6.600494384765625
Yáser Asprilla,dribbling,62.404877,69.0,6.595123291015625
Ionuț Andres,dribbling,37.59275,31.0,6.592750549316406
Zeki Amdouni,dribbling,69.41644,76.0,6.58355712890625
Nigel Lonwijk,dribbling,48.561646,42.0,6.5616455078125
Niko Tsakiris,dribbling,58.444,65.0,6.555999755859375
Ousseni Bouda,dribbling,59.444424,66.0,6.555576324462891
Jordan Graham,dribbling,58.45995,65.0,6.540050506591797
Liam Gibbs,dribbling,61.460114,68.0,6.539886474609375
Muhammed Damar,dribbling,64.46777,71.0,6.5322265625
James Gale,dribbling,58.51925,52.0,6.519248962402344
Alex Badolato,dribbling,50.486916,57.0,6.513084411621094
Jens Odgaard,dribbling,68.48754,75.0,6.512458801269531
Daniel Hall,dribbling,51.505123,45.0,6.505123138427734
Oussama Targhalline,dribbling,63.49615,70.0,6.503849029541016
Ryan Trevitt,dribbling,59.497295,66.0,6.502704620361328
Seydouba Cisse,dribbling,59.505928,66.0,6.494071960449219
Denis Huseinbašić,dribbling,61.51978,68.0,6.480220794677734
Brandon Cooper,dribbling,43.47973,37.0,6.479728698730469
Ali Makki,dribbling,40.473675,34.0,6.473674774169922
Yasser Larouci,dribbling,64.54018,71.0,6.4598236083984375
Eber Moreno,dribbling,57.54097,64.0,6.4590301513671875
Christian Theoharous,dribbling,63.545334,70.0,6.4546661376953125
Leandro Morgalla,dribbling,53.453724,47.0,6.453723907470703
Kevin Yakob,dribbling,64.54963,71.0,6.450370788574219
Dominic Jefferies,dribbling,57.566895,64.0,6.43310546875
Jhon Durán,dribbling,59.568512,66.0,6.431488037109375
Adam Buksa,dribbling,64.57846,71.0,6.421539306640625
Wungngayam Muirang,dribbling,35.421032,29.0,6.421031951904297
Daouda Guindo,dribbling,66.58789,73.0,6.412109375
Ibrahima Cissé,dribbling,42.588455,49.0,6.4115447998046875
Noah Botić,dribbling,55.61865,62.0,6.381351470947266
Uğurcan Yazğılı,dribbling,47.361805,41.0,6.361804962158203
Harry Boyes,dribbling,54.646984,61.0,6.353015899658203
Faisal Al Ghamdi,dribbling,54.65109,61.0,6.348911285400391
Moustapha Mbow,dribbling,45.653275,52.0,6.3467254638671875
Juan Cruz De Los Santos,dribbling,60.66361,67.0,6.336391448974609
Ranko Veselinović,dribbling,48.334045,42.0,6.33404541015625
Mamadou Fofana,dribbling,61.6764,68.0,6.323600769042969
Elkan Baggott,dribbling,41.293262,35.0,6.293262481689453
Crysencio Summerville,dribbling,71.713264,78.0,6.286735534667969
Tom Geerkens,dribbling,50.272858,44.0,6.272857666015625
Santiago Visentin,dribbling,32.728394,39.0,6.2716064453125
Dion Pereira,dribbling,67.2702,61.0,6.27020263671875
Marten Winkler,dribbling,62.746475,69.0,6.2535247802734375
Brooklyn Ezeh,dribbling,60.747704,67.0,6.252296447753906
Marco Nasti,dribbling,51.75817,58.0,6.241828918457031
Billal Brahimi,dribbling,71.76142,78.0,6.238578796386719
Filippo Terracciano,dribbling,65.7695,72.0,6.230499267578125
Simon Adingra,dribbling,71.77442,78.0,6.225578308105469
William Osula,dribbling,60.776833,67.0,6.223167419433594
Agustín Cayetano,dribbling,47.222755,41.0,6.222755432128906
Robert Voloder,dribbling,41.786083,48.0,6.213916778564453
Christian Dalle Mura,dribbling,41.199017,35.0,6.199016571044922
Moussa N'Diaye,dribbling,65.817314,72.0,6.182685852050781
D'Margio Wright-Phillips,dribbling,70.181404,64.0,6.181404113769531
Boris Lambert,dribbling,60.819485,67.0,6.180515289306641
Jitendra Singh,dribbling,56.163574,50.0,6.16357421875
Jayden Richardson,dribbling,60.8451,67.0,6.154899597167969
Giannis Konstantelias,dribbling,69.846245,76.0,6.153755187988281
Orri Óskarsson,dribbling,53.847565,60.0,6.152435302734375
Alfie Chang,dribbling,53.851593,60.0,6.148406982421875
Jostin Alarcón,dribbling,66.86492,73.0,6.135078430175781
Trevor Clarke,dribbling,67.13447,61.0,6.134468078613281
Sam Sanna,dribbling,65.867584,72.0,6.132415771484375
Kieran Cruise,dribbling,43.868954,50.0,6.131046295166016
Felix Keidel,dribbling,51.880905,58.0,6.1190948486328125
Kreshnik Hajrizi,dribbling,51.110676,45.0,6.110675811767578
Julian Stark,dribbling,60.8912,67.0,6.108798980712891
Yoann Cathline,dribbling,63.90223,70.0,6.097770690917969
Wisdom Amey,dribbling,47.07145,41.0,6.071449279785156
Grejohn Kyei,dribbling,65.94201,72.0,6.057991027832031
Kristers Tobers,dribbling,50.04814,44.0,6.0481414794921875
Lewis Mayo,dribbling,51.953262,58.0,6.0467376708984375
Javier Casas Jr.,dribbling,55.04165,49.0,6.041648864746094
Oscar Wallin,dribbling,49.95869,56.0,6.041309356689453
Felipe Valencia,dribbling,55.02568,49.0,6.0256805419921875
Niccolò Corrado,dribbling,58.979836,65.0,6.020164489746094
Nick Woltemade,dribbling,60.98683,67.0,6.0131683349609375
Michael Baldisimo,dribbling,61.00792,55.0,6.0079193115234375
Caleb Wiley,dribbling,57.992924,64.0,6.007076263427734
Gabriel Vidović,dribbling,67.999664,74.0,6.000335693359375
Musab Al Juwair,dribbling,59.003902,65.0,5.996097564697266
Ziyad Larkeche,dribbling,55.005775,61.0,5.994224548339844
Charlie Cresswell,dribbling,51.993786,46.0,5.993785858154297
Alexander Prass,dribbling,68.0541,74.0,5.945899963378906
Ramiro Sordo,dribbling,64.05616,70.0,5.943840026855469
Rick van Drongelen,dribbling,52.9328,47.0,5.93280029296875
Lukas Sulzbacher,dribbling,58.08245,64.0,5.917549133300781
Henrik Heggheim,dribbling,55.910156,50.0,5.91015625
Steven Sserwadda,dribbling,57.90381,52.0,5.90380859375
Nikolai Hopland,dribbling,51.898266,46.0,5.898265838623047
Gian Nardelli,dribbling,50.896507,45.0,5.896507263183594
Tristan Crama,dribbling,44.107346,50.0,5.8926544189453125
Joe Mendes,dribbling,62.113724,68.0,5.8862762451171875
Moritz Broschinski,dribbling,58.12074,64.0,5.879261016845703
Igor Strzałek,dribbling,57.12502,63.0,5.874980926513672
Antonio Candela,dribbling,57.12606,63.0,5.873939514160156
Cameron Congreve,dribbling,61.130615,67.0,5.869384765625
Stefano Surdanović,dribbling,59.131344,65.0,5.868656158447266
Rodrigo Guth,dribbling,50.857166,45.0,5.857166290283203
Sem Steijn,dribbling,69.144196,75.0,5.855804443359375
Alexandro Calut,dribbling,60.848743,55.0,5.848743438720703
Benedikt Gimber,dribbling,54.846657,49.0,5.846656799316406
Casey Walls,dribbling,37.83822,32.0,5.838218688964844
Dixon Vera,dribbling,62.16556,68.0,5.834438323974609
Jack Keaney,dribbling,54.832386,49.0,5.832386016845703
Denis Benga,dribbling,50.829502,45.0,5.829502105712891
Juan Cruz Esquivel,dribbling,65.17157,71.0,5.82843017578125
Kazeem Olaigbe,dribbling,57.181137,63.0,5.8188629150390625
Alexander Bernhardsson,dribbling,60.185493,66.0,5.814506530761719
Omar Megeed,dribbling,59.186317,65.0,5.813682556152344
Rafik Guitane,dribbling,73.20066,79.0,5.799339294433594
Cameron Dummigan,dribbling,61.796593,56.0,5.796592712402344
Mukhair Al Rashidi,dribbling,56.79635,51.0,5.796348571777344
Moussa Diarra,dribbling,53.203697,59.0,5.796302795410156
Matteo Rover,dribbling,65.20889,71.0,5.791107177734375
Gene Kennedy,dribbling,56.77787,51.0,5.777870178222656
Daniel Bîrligea,dribbling,59.230564,65.0,5.769435882568359
Jake Najdovski,dribbling,55.764984,50.0,5.764984130859375
Brahian Palacios,dribbling,61.265526,67.0,5.734474182128906
Luciano Boggio,dribbling,66.26676,72.0,5.733238220214844
Killian Phillips,dribbling,57.268387,63.0,5.7316131591796875
Darian Males,dribbling,67.27525,73.0,5.7247467041015625
Shane Blaney,dribbling,43.722004,38.0,5.722003936767578
Georgios Sideras,dribbling,40.721455,35.0,5.721454620361328
Casper Widell,dribbling,47.70719,42.0,5.707191467285156
Adilson Malanda,dribbling,53.70258,48.0,5.702579498291016
Dennis Cirkin,dribbling,60.297684,66.0,5.7023162841796875
Jesper Skau,dribbling,49.304153,55.0,5.6958465576171875
Lars Lukas Mai,dribbling,48.694168,43.0,5.6941680908203125
Marko Milovanović,dribbling,66.31211,72.0,5.687889099121094
Eoghan O'Connell,dribbling,57.685852,52.0,5.68585205078125
Will Wilson,dribbling,47.32104,53.0,5.678958892822266
Gustav Berggren,dribbling,58.677734,53.0,5.677734375
Luciano Gondou,dribbling,62.32709,68.0,5.672908782958984
Bilal Brahimi,dribbling,64.32852,70.0,5.671478271484375
Faisal Ali,dribbling,56.65683,51.0,5.656829833984375
Ibrahim Cissoko,dribbling,63.346973,69.0,5.653026580810547
Luca Herrmann,dribbling,63.6488,58.0,5.648799896240234
Oskar Wójcik,dribbling,41.64263,36.0,5.642631530761719
Daniel Gutiérrez,dribbling,55.36374,61.0,5.636260986328125
Junior Tchamadeu,dribbling,60.37474,66.0,5.6252593994140625
Luke Heeney,dribbling,57.617,52.0,5.617000579833984
Jonathan Tomkinson,dribbling,40.61429,35.0,5.614288330078125
Nnamdi Collins,dribbling,49.60342,44.0,5.603420257568359
Jakub Kałuziński,dribbling,64.56891,59.0,5.56890869140625
Daniel Svensson,dribbling,60.432655,66.0,5.567344665527344
Hicham Mahou,dribbling,65.56549,60.0,5.56549072265625
Loreintz Rosier,dribbling,63.436153,69.0,5.563846588134766
Lewis Hall,dribbling,62.448795,68.0,5.551204681396484
Jack Hannah,dribbling,36.544655,31.0,5.544654846191406
Fabian Reese,dribbling,67.46277,73.0,5.5372314453125
Daniel Arzani,dribbling,68.47208,74.0,5.527923583984375
Dominic Solanke,dribbling,69.47456,75.0,5.5254364013671875
Bryang Kayo,dribbling,61.499092,67.0,5.500907897949219
David Sala,dribbling,51.496346,46.0,5.496345520019531
Felix Bacher,dribbling,43.495003,38.0,5.495002746582031
Vicente Taborda,dribbling,64.51874,70.0,5.48126220703125
Mayckel Lahdo,dribbling,65.52188,71.0,5.478118896484375
Declan Drysdale,dribbling,49.462803,44.0,5.462802886962891
Benedict Hollerbach,dribbling,65.544266,71.0,5.4557342529296875
Jasper van der Werff,dribbling,55.454407,50.0,5.45440673828125
Yacine El Amri,dribbling,57.549995,63.0,5.450004577636719
Robbie McKenzie,dribbling,57.44365,52.0,5.4436492919921875
Alessandro Zanoli,dribbling,64.56319,70.0,5.4368133544921875
Narender Gahlot,dribbling,43.419094,38.0,5.419094085693359
Mario Šuver,dribbling,47.417828,42.0,5.417827606201172
Jamie Mullins,dribbling,58.58749,64.0,5.412509918212891
Christian Saydee,dribbling,58.587666,64.0,5.412334442138672
Sebastian Kowalczyk,dribbling,70.41169,65.0,5.411689758300781
Julien Ponceau,dribbling,70.59805,76.0,5.401947021484375
Alexander Lind,dribbling,59.605247,65.0,5.394752502441406
Nicolas Vouilloz,dribbling,42.393497,37.0,5.393497467041016
Christian Kinsombi,dribbling,67.607254,73.0,5.3927459716796875
Lawrence Ennali,dribbling,64.61839,70.0,5.3816070556640625
Arthur Zagré,dribbling,67.38059,62.0,5.380592346191406
Thomas Geris,dribbling,46.37842,41.0,5.378421783447266
Ragnar Ache,dribbling,61.625984,67.0,5.374015808105469
Marin Ljubičić,dribbling,61.628242,67.0,5.371757507324219
Stanisław Wawrzynowicz,dribbling,55.369576,50.0,5.369575500488281
Bjarne Pudel,dribbling,51.368202,46.0,5.368202209472656
Henry Hore,dribbling,58.64077,64.0,5.359230041503906
Samuel Giovane,dribbling,58.358673,53.0,5.358673095703125
Elias Achouri,dribbling,68.643135,74.0,5.356864929199219
Mats Wieffer,dribbling,66.64404,72.0,5.35595703125
Gastón Álvarez,dribbling,51.650215,57.0,5.349784851074219
Nigel Thomas,dribbling,69.65607,75.0,5.34393310546875
Maghnes Akliouche,dribbling,68.669075,74.0,5.330924987792969
Agustín Giay,dribbling,64.67318,70.0,5.326820373535156
Hendry Antonay,dribbling,47.32537,42.0,5.325370788574219
Facundo Zabala,dribbling,59.32461,54.0,5.324611663818359
David Bendrik,dribbling,51.32405,46.0,5.3240509033203125
Pontus Kindberg,dribbling,53.287136,48.0,5.287136077880859
Mirza Cihan,dribbling,64.71821,70.0,5.281791687011719
Juan Carlos Gauto,dribbling,64.71873,70.0,5.281272888183594
Alex Nolan,dribbling,50.719547,56.0,5.280452728271484
Kaare Barslund,dribbling,43.26981,38.0,5.269809722900391
Muhammed Nemil,dribbling,56.267056,51.0,5.267055511474609
Yaimar Medina,dribbling,53.756683,59.0,5.243316650390625
Mads Døhr Thychosen,dribbling,68.23847,63.0,5.238471984863281
Bruno Valdez,dribbling,59.237736,54.0,5.237735748291016
Jamie Egan,dribbling,38.235943,33.0,5.235942840576172
Thor Úlfarsson,dribbling,58.235558,53.0,5.235557556152344
Leopold Querfeld,dribbling,48.23057,43.0,5.230571746826172
Junior Noguera,dribbling,66.772125,72.0,5.227874755859375
Noah Rupp,dribbling,57.20823,52.0,5.208229064941406
Ahmed Longmire,dribbling,32.19777,27.0,5.1977691650390625
Filip Szymczak,dribbling,61.806526,67.0,5.193473815917969
Jake Hollman,dribbling,59.806816,65.0,5.193183898925781
Luke Robinson,dribbling,49.187904,44.0,5.187904357910156
Bright Akwo Arrey-Mbi,dribbling,55.1866,50.0,5.1865997314453125
Serdar Saatçı,dribbling,44.81917,50.0,5.180828094482422
Belal Halbouni,dribbling,47.17537,42.0,5.1753692626953125
Achraf Dari,dribbling,51.17503,46.0,5.175029754638672
Brison Fernandes,dribbling,47.82661,53.0,5.173389434814453
Mike Eerdhuijzen,dribbling,44.17121,39.0,5.171211242675781
Falko Michel,dribbling,57.833477,63.0,5.166522979736328
Santiago Moreno,dribbling,73.8336,79.0,5.1663970947265625
Jakub Lewicki,dribbling,51.836758,57.0,5.163242340087891
Yllan Okou,dribbling,56.157837,51.0,5.1578369140625
Joe-Loïc Affamah,dribbling,57.15558,52.0,5.15557861328125
Gökhan Gül,dribbling,60.144043,55.0,5.14404296875
Abundance Salaou,dribbling,56.1424,51.0,5.142398834228516
Jacen Russell-Rowe,dribbling,53.875633,59.0,5.124366760253906
Manolo Portanova,dribbling,67.880066,73.0,5.11993408203125
Aral Şimşir,dribbling,66.8875,72.0,5.1125030517578125
Filip Dagerstål,dribbling,58.097675,53.0,5.097675323486328
Sam Sherring,dribbling,46.091812,41.0,5.0918121337890625
Bohdan Viunnyk,dribbling,55.091286,50.0,5.091285705566406
Abderrahman Rebbach,dribbling,68.91598,74.0,5.084022521972656
Kévin Cabral,dribbling,66.92787,72.0,5.0721282958984375
Sean Zawadzki,dribbling,51.938225,57.0,5.061775207519531
Alex Saji,dribbling,43.047153,38.0,5.047153472900391
Taïryk Arconte,dribbling,65.96785,71.0,5.0321502685546875
Konrad Matuszewski,dribbling,52.024925,47.0,5.024925231933594
Kévin Boma,dribbling,45.02036,40.0,5.020359039306641
Guy-Marcelin Kilama,dribbling,61.013058,56.0,5.013057708740234
Marvin De Lima,dribbling,61.987797,67.0,5.012203216552734
Miguel Reichmuth,dribbling,56.996616,62.0,5.003383636474609
Ben Worman,dribbling,62.002213,57.0,5.0022125244140625
Claudio Kammerknecht,dribbling,45.99508,41.0,4.995079040527344
Thomas Thiesson Kristensen,dribbling,55.00551,60.0,4.9944915771484375
Ross Tierney,dribbling,59.97818,55.0,4.978179931640625
Ianis Stoica,dribbling,67.977455,63.0,4.977455139160156
Dante Sealy,dribbling,65.97455,61.0,4.97454833984375
Dante Polvara,dribbling,57.029507,62.0,4.970493316650391
Caspar Jander,dribbling,64.03532,69.0,4.964683532714844
Elayis Tavşan,dribbling,70.04034,75.0,4.959663391113281
Jerry Lalrinzuala,dribbling,53.956955,49.0,4.9569549560546875
Mustafa Kourouma,dribbling,45.94915,41.0,4.949150085449219
Huseyin Biler,dribbling,55.05367,60.0,4.946331024169922
Hussein Ali,dribbling,58.93525,54.0,4.935249328613281
Iván Leguizamón,dribbling,65.06939,70.0,4.930610656738281
Baptiste Roux,dribbling,56.92006,52.0,4.9200592041015625
Simone Mazzocchi,dribbling,66.91641,62.0,4.916412353515625
Aleksander Paluszek,dribbling,40.913277,36.0,4.913276672363281
Enrico Brignola,dribbling,70.903755,66.0,4.903755187988281
Till Cissokho,dribbling,40.901398,36.0,4.901397705078125
Charly Nouck Horneman,dribbling,59.10261,64.0,4.897388458251953
Reece Burke,dribbling,57.109833,62.0,4.890167236328125
Shurandy Sambo,dribbling,60.109924,65.0,4.89007568359375
Kasey McAteer,dribbling,60.113316,65.0,4.886684417724609
Sam Field,dribbling,63.886433,59.0,4.886432647705078
Mehdi Boukamir,dribbling,49.876125,45.0,4.876125335693359
Liam Kerrigan,dribbling,62.133587,67.0,4.866413116455078
Joseph N'Duquidi,dribbling,60.134346,65.0,4.865653991699219
Paweł Stolarski,dribbling,63.86467,59.0,4.8646697998046875
Oliver Burke,dribbling,67.136566,72.0,4.863433837890625
Griffin Dorsey,dribbling,60.136826,65.0,4.8631744384765625
Marcos Portillo,dribbling,63.143894,68.0,4.856105804443359
Tyler Onyango,dribbling,57.15294,62.0,4.8470611572265625
Nunzio Lella,dribbling,61.158348,66.0,4.841651916503906
Mark O'Hara,dribbling,64.165924,69.0,4.834075927734375
Philipp Treu,dribbling,64.1672,69.0,4.832801818847656
Marvin Çuni,dribbling,59.17059,64.0,4.829410552978516
Matías Soulé,dribbling,75.17551,80.0,4.824493408203125
Rodrigo Saravia,dribbling,53.823917,49.0,4.823917388916016
Issa Soumaré,dribbling,64.1935,69.0,4.8065032958984375
Cameron Windust,dribbling,39.80256,35.0,4.802558898925781
Cyril Ngonge,dribbling,71.202736,76.0,4.797264099121094
Abdulkerim Çakar,dribbling,70.23309,75.0,4.76690673828125
Mohamed Daramy,dribbling,72.233315,77.0,4.766685485839844
Nikola Djorić,dribbling,37.766464,33.0,4.7664642333984375
Santiago Ramos Mingo,dribbling,50.764164,46.0,4.764163970947266
Laldinliana Renthlei,dribbling,50.76237,46.0,4.762371063232422
Stephen Kelly,dribbling,66.75737,62.0,4.7573699951171875
Dennis Lütke-Frie,dribbling,58.756645,54.0,4.756645202636719
Kobe Franklin,dribbling,55.249084,60.0,4.75091552734375
Heorhii Sudakov,dribbling,70.25082,75.0,4.749183654785156
Victor Arong,dribbling,49.744476,45.0,4.744476318359375
Victor Dican,dribbling,55.736866,51.0,4.736865997314453
Abdoulaye Cissoko,dribbling,46.73686,42.0,4.736858367919922
Jhon Solís,dribbling,61.27733,66.0,4.7226715087890625
Silas Gnaka,dribbling,66.72022,62.0,4.720222473144531
Komal Thatal,dribbling,58.71874,54.0,4.718738555908203
Sebastian Wade,dribbling,53.718033,49.0,4.7180328369140625
Taylor Richards,dribbling,67.28372,72.0,4.716278076171875
Owen Wolff,dribbling,59.29541,64.0,4.70458984375
Aaron Basenach,dribbling,57.698925,53.0,4.698925018310547
Yaw Yeboah,dribbling,71.68218,67.0,4.682182312011719
Linton Maina,dribbling,71.33149,76.0,4.668510437011719
Reda Khadra,dribbling,71.3421,76.0,4.65789794921875
Morgan Whittaker,dribbling,63.343075,68.0,4.656925201416016
Daniel Paraschiv,dribbling,58.351227,63.0,4.648773193359375
Kevin Bukusu,dribbling,45.647892,41.0,4.647891998291016
Liam Bennett,dribbling,57.365097,62.0,4.6349029541015625
Dominik Steczyk,dribbling,62.634594,58.0,4.634593963623047
Luis Zárate,dribbling,38.627296,34.0,4.627296447753906
Luca Bolay,dribbling,55.625275,51.0,4.625274658203125
Leif Davis,dribbling,60.379215,65.0,4.620784759521484
Linus Gechter,dribbling,47.620125,43.0,4.620124816894531
Logan Costa,dribbling,39.384655,44.0,4.615345001220703
Romaric Yapi,dribbling,58.38589,63.0,4.614109039306641
Güven Yalçın,dribbling,67.395294,72.0,4.604705810546875
Morten Thorsby,dribbling,66.39677,71.0,4.603233337402344
Noah Weißhaupt,dribbling,68.39935,73.0,4.60064697265625
Pierre Dwomoh,dribbling,71.40056,76.0,4.5994415283203125
Ninthoi Meetei,dribbling,56.596527,52.0,4.596527099609375
Shane Farrell,dribbling,58.40655,63.0,4.593448638916016
Tim Rossmann,dribbling,64.40699,69.0,4.593009948730469
Ryan Howley,dribbling,55.411053,60.0,4.588947296142578
Dirk Asare,dribbling,55.5858,51.0,4.5858001708984375
Dennis Jastrzembski,dribbling,67.585075,63.0,4.585075378417969
Alejo Veliz,dribbling,65.418564,70.0,4.5814361572265625
Malcom Bokele,dribbling,42.426914,47.0,4.573085784912109
Dion Kacuri,dribbling,55.431255,60.0,4.568744659423828
Benjamin Bouchouari,dribbling,65.44249,70.0,4.5575103759765625
Bobby Adekanye,dribbling,69.44671,74.0,4.553291320800781
Frank Magri,dribbling,64.44798,69.0,4.5520172119140625
Tom Bischof,dribbling,65.44814,70.0,4.551856994628906
Max Johnston,dribbling,52.449867,57.0,4.550132751464844
Wilitty Younoussa,dribbling,65.54762,61.0,4.5476226806640625
Damián Bobadilla,dribbling,61.455894,66.0,4.544105529785156
Thierno Baldé,dribbling,65.4581,70.0,4.541900634765625
Abdelkabir Abqar,dribbling,47.54018,43.0,4.540180206298828
Thijs Dallinga,dribbling,64.46182,69.0,4.538177490234375
Marvin Senaya,dribbling,55.46214,60.0,4.537860870361328
Sidi Sané,dribbling,63.481678,68.0,4.518321990966797
Garang Kuol,dribbling,58.494335,63.0,4.505664825439453
Joel Tabiner,dribbling,58.497013,63.0,4.502986907958984
Lucas Soto,dribbling,63.50699,68.0,4.493011474609375
Giuliano Simeone,dribbling,63.50709,68.0,4.492908477783203
Fabian Wilfinger,dribbling,56.49281,52.0,4.492809295654297
Carl Gustafsson,dribbling,64.47594,60.0,4.4759368896484375
Kilian Ludewig,dribbling,62.475357,58.0,4.4753570556640625
Lukas Boeder,dribbling,56.470474,52.0,4.4704742431640625
Pragyan Gogoi,dribbling,53.46633,49.0,4.466331481933594
Žan Zaletel,dribbling,50.465076,46.0,4.465076446533203
Sondre Fosnæss Hanssen,dribbling,47.45823,43.0,4.458229064941406
Axel Bamba,dribbling,55.4553,51.0,4.455299377441406
Rodrigo Márquez,dribbling,71.55152,76.0,4.448478698730469
George Horbury,dribbling,50.445766,46.0,4.445766448974609
Lukas Fadinger,dribbling,65.5601,70.0,4.439903259277344
Diego Calcaterra,dribbling,50.4393,46.0,4.439300537109375
Giorgio Altare,dribbling,54.43622,50.0,4.43621826171875
Brooke Norton-Cuffy,dribbling,64.56579,69.0,4.434211730957031
Lorenzo Pirola,dribbling,56.43375,52.0,4.433750152587891
Luca Belardinelli,dribbling,58.57448,63.0,4.4255218505859375
Cristian Castro Devenish,dribbling,47.421024,43.0,4.421024322509766
Sam Gallagher,dribbling,63.579453,68.0,4.4205474853515625
Mauro Luna Diale,dribbling,71.58322,76.0,4.416778564453125
Conor Kane,dribbling,58.41554,54.0,4.415538787841797
Mansour Al Shammari,dribbling,57.40522,53.0,4.405220031738281
Elias Jelert,dribbling,66.59901,71.0,4.400993347167969
Filippo Ranocchia,dribbling,68.60424,73.0,4.395759582519531
Berkan Taz,dribbling,71.39052,67.0,4.3905181884765625
Cassius Mailula,dribbling,65.609764,70.0,4.390235900878906
Daniel Pereira,dribbling,68.611664,73.0,4.388336181640625
Emmanuel Iyoha,dribbling,68.6119,73.0,4.388099670410156
Sam McClelland,dribbling,43.387276,39.0,4.387275695800781
Joaquín Pombo,dribbling,39.384518,35.0,4.384517669677734
Emil Benny,dribbling,58.384514,54.0,4.384513854980469
Arquimides Ordoñez,dribbling,56.62107,61.0,4.378929138183594
Hugo Andersson,dribbling,47.37659,43.0,4.376590728759766
Tobias Fleckstein,dribbling,53.366222,49.0,4.366222381591797
Loick Ayina,dribbling,41.363,37.0,4.362998962402344
Kwadwo Opoku,dribbling,67.64714,72.0,4.3528594970703125
Machop Chol,dribbling,59.648552,64.0,4.351448059082031
Jean N'Guessan,dribbling,62.651596,67.0,4.3484039306640625
Jackson Tchatchoua,dribbling,64.665,69.0,4.334999084472656
Erik Dueñas,dribbling,55.66726,60.0,4.332740783691406
Malick Fofana,dribbling,70.67354,75.0,4.3264617919921875
Nabil Alioui,dribbling,69.68603,74.0,4.313972473144531
Youssef Chermiti,dribbling,63.69893,68.0,4.3010711669921875
Paul Ramfangzauva,dribbling,53.297047,49.0,4.297046661376953
Steven Bradley,dribbling,60.705376,65.0,4.294624328613281
Faris Pemi Moumbagna,dribbling,58.705654,63.0,4.294345855712891
Gabriele Zappa,dribbling,63.712715,68.0,4.287284851074219
Salvatore Esposito,dribbling,65.28428,61.0,4.284278869628906
Mamadou Tounkara,dribbling,44.27835,40.0,4.278350830078125
Robbie Gotts,dribbling,65.27717,61.0,4.277168273925781
Cameron Archer,dribbling,69.72398,74.0,4.2760162353515625
Renzo Sanchez,dribbling,61.725163,66.0,4.274837493896484
David Brekalo,dribbling,55.727375,60.0,4.272624969482422
Matej Maglica,dribbling,41.26581,37.0,4.26580810546875
Tasos Douvikas,dribbling,68.740364,73.0,4.259635925292969
Max Cleworth,dribbling,47.249866,43.0,4.249866485595703
Fred Onyedinma,dribbling,66.7554,71.0,4.244598388671875
Felix Allgaier,dribbling,50.7584,55.0,4.241600036621094
James McManus,dribbling,50.776314,55.0,4.223686218261719
Luke Ivanovic,dribbling,60.22081,56.0,4.2208099365234375
Lewis Dobbin,dribbling,61.780407,66.0,4.219593048095703
Aidan Morris,dribbling,59.781017,64.0,4.218982696533203
Siriné Doucouré,dribbling,56.78917,61.0,4.2108306884765625
Yonas Malede,dribbling,67.790764,72.0,4.209236145019531
Jules Gaudin,dribbling,59.7913,64.0,4.208698272705078
Femi Seriki,dribbling,57.80247,62.0,4.197528839111328
Håkon Røsten,dribbling,44.188293,40.0,4.18829345703125
Jordan Storey,dribbling,49.81718,54.0,4.182819366455078
Dylan Duffy,dribbling,55.822163,60.0,4.177837371826172
James Bree,dribbling,62.82547,67.0,4.174530029296875
Leighton Clarkson,dribbling,65.833015,70.0,4.166984558105469
Amir Richardson,dribbling,64.83586,69.0,4.1641387939453125
Adam Sørensen,dribbling,62.841324,67.0,4.1586761474609375
Syb van Ottele,dribbling,45.155613,41.0,4.155612945556641
Iyad Mohamed,dribbling,51.851704,56.0,4.148296356201172
Evan McLaughlin,dribbling,59.142445,55.0,4.142444610595703
Jake Rooney,dribbling,51.85779,56.0,4.142208099365234
Alex Méndez,dribbling,67.85996,72.0,4.140037536621094
Josh Neufville,dribbling,54.86179,59.0,4.138210296630859
Gino Infantino,dribbling,68.864876,73.0,4.135124206542969
Jack Aitchison,dribbling,64.13191,60.0,4.1319122314453125
Marcel Beifus,dribbling,55.13134,51.0,4.131340026855469
Quentin Merlin,dribbling,73.87665,78.0,4.12335205078125
Tyreece Campbell,dribbling,56.879486,61.0,4.120513916015625
Stelios Andreou,dribbling,56.11849,52.0,4.118488311767578
Liam Walsh,dribbling,73.10891,69.0,4.108909606933594
Tim Siersleben,dribbling,55.10839,51.0,4.108390808105469
Evan Weir,dribbling,57.108307,53.0,4.108306884765625
Liam Kitching,dribbling,47.105404,43.0,4.105403900146484
Jack Clarke,dribbling,70.89483,75.0,4.105171203613281
Sayfallah Ltaief,dribbling,67.897865,72.0,4.102134704589844
Otto Rosengren,dribbling,59.90093,64.0,4.099071502685547
Piotr Samiec-Talar,dribbling,60.915085,65.0,4.0849151611328125
Michel Ndary Adopo,dribbling,58.91988,63.0,4.080120086669922
Carlos Gavilán,dribbling,49.922035,54.0,4.077964782714844
Lequincio Zeefuik,dribbling,52.924286,57.0,4.075714111328125
Maxwell Gyamfi,dribbling,50.927887,55.0,4.072113037109375
Kiliann Sildillia,dribbling,57.92976,62.0,4.070240020751953
Jean Ruiz,dribbling,59.06289,55.0,4.062889099121094
Senne Lynen,dribbling,61.9389,66.0,4.061100006103516
Arda Kızıldağ,dribbling,51.939777,56.0,4.060222625732422
Aleksa Terzić,dribbling,65.96296,70.0,4.037040710449219
Fabian Rieder,dribbling,69.96791,74.0,4.0320892333984375
Mohamed Farsi,dribbling,64.971504,69.0,4.028495788574219
Devin Angleberger,dribbling,56.01537,52.0,4.015369415283203
Radu Negru,dribbling,59.01526,55.0,4.0152587890625
Gonzalo Nápoli,dribbling,62.985092,67.0,4.0149078369140625
Christian Schmidt,dribbling,46.012493,42.0,4.012493133544922
Armin Gigović,dribbling,64.98871,69.0,4.01129150390625
Rasmus Cronvall,dribbling,53.01059,49.0,4.010589599609375
Jamie McGrath,dribbling,63.989414,68.0,4.010585784912109
Will Fish,dribbling,48.990692,53.0,4.009307861328125
Antonio Nusa,dribbling,73.99734,78.0,4.002662658691406
Diego Luna,dribbling,70.00491,74.0,3.995086669921875
Justin Haak,dribbling,60.006805,64.0,3.993194580078125
Maksym Kucheriavyi,dribbling,58.986774,55.0,3.986774444580078
Alex Monis,dribbling,59.985878,56.0,3.9858779907226562
Manuel Polster,dribbling,62.015236,66.0,3.9847640991210938
Felix Götze,dribbling,60.018936,64.0,3.9810638427734375
Liam Ravenhill,dribbling,56.97753,53.0,3.9775314331054688
Lewis Ferguson,dribbling,69.023895,73.0,3.976104736328125
Maximiliano Caufriez,dribbling,47.033897,51.0,3.9661026000976562
Osame Sahraoui,dribbling,74.037056,78.0,3.9629440307617188
Jan Král,dribbling,41.95825,38.0,3.9582481384277344
Ibrahima Baldé,dribbling,62.045395,66.0,3.9546051025390625
Gift Links,dribbling,71.94855,68.0,3.94854736328125
Khalil Fayad,dribbling,69.053375,73.0,3.946624755859375
Francesco Cassata,dribbling,68.94525,65.0,3.94525146484375
James Gomez,dribbling,54.936554,51.0,3.936553955078125
Luca Warrick Koleosho,dribbling,71.06439,75.0,3.93560791015625
Anton Eriksson,dribbling,37.934772,34.0,3.934772491455078
Adam Lewis,dribbling,62.932076,59.0,3.9320755004882812
Ahmed Qasem,dribbling,59.069595,63.0,3.9304046630859375
Hans Nicolussi Caviglia,dribbling,65.073944,69.0,3.926055908203125
Tomasz Makowski,dribbling,62.913486,59.0,3.9134864807128906
Noah Ohio,dribbling,62.089973,66.0,3.9100265502929688
Mazeed Ogungbo,dribbling,51.097023,55.0,3.9029769897460938
Gerrit Gohlke,dribbling,45.901447,42.0,3.901447296142578
Szymon Włodarczyk,dribbling,55.105015,59.0,3.8949851989746094
Kristoffer Velde,dribbling,68.10817,72.0,3.8918304443359375
Tyler Smith,dribbling,65.891396,62.0,3.8913955688476562
Ed Turns,dribbling,49.88553,46.0,3.885528564453125
Liam Delap,dribbling,62.119198,66.0,3.8808021545410156
Martin Moormann,dribbling,41.878365,38.0,3.8783645629882812
Jaouen Hadjam,dribbling,65.124374,69.0,3.8756256103515625
Tom Ducrocq,dribbling,64.87184,61.0,3.8718414306640625
Jacob Wakeling,dribbling,57.130302,61.0,3.8696975708007812
Yaw Ackah,dribbling,66.8648,63.0,3.8647994995117188
Lohann Doucet,dribbling,55.86289,52.0,3.8628883361816406
Dominik Becker,dribbling,52.86211,49.0,3.862110137939453
Lucas Souto,dribbling,60.13854,64.0,3.861461639404297
Karol Świderski,dribbling,65.14026,69.0,3.8597412109375
Badredine Bouanani,dribbling,68.149445,72.0,3.850555419921875
Kyrylo Melichenko,dribbling,58.845768,55.0,3.8457679748535156
Cameron Harper,dribbling,65.162384,69.0,3.837615966796875
Claudio Gomes,dribbling,63.17283,67.0,3.8271713256835938
Sofyan Chader,dribbling,70.176895,74.0,3.8231048583984375
Luca Everink,dribbling,58.17961,62.0,3.8203887939453125
Simone Panada,dribbling,58.812317,55.0,3.81231689453125
D'Mani Mellor,dribbling,58.807495,55.0,3.8074951171875
Youri Baas,dribbling,60.19879,64.0,3.80120849609375
Will Richmond,dribbling,56.210808,60.0,3.7891921997070312
Daniel Adshead,dribbling,59.78537,56.0,3.785369873046875
Tim Iroegbunam,dribbling,61.217392,65.0,3.7826080322265625
David Schnegg,dribbling,65.21974,69.0,3.7802581787109375
Léo Leroy,dribbling,67.22087,71.0,3.7791290283203125
Mario Stroeykens,dribbling,68.22699,72.0,3.77301025390625
Hussein Carneil,dribbling,63.228607,67.0,3.771392822265625
Sascha Risch,dribbling,62.24143,66.0,3.7585716247558594
Kyle Joseph,dribbling,61.243607,65.0,3.7563934326171875
Frankie Kent,dribbling,56.7478,53.0,3.7477989196777344
Lars Kehl,dribbling,63.25749,67.0,3.742511749267578
Matías Ramírez,dribbling,76.26259,80.0,3.7374114990234375
Amankwah Forson,dribbling,71.26334,75.0,3.7366561889648438
Glenn McConnell,dribbling,56.73303,53.0,3.7330284118652344
Antonios Papadopoulos,dribbling,56.728497,53.0,3.728496551513672
Marc Leonard,dribbling,58.277576,62.0,3.722423553466797
Malcolm Ebiowei,dribbling,68.27884,72.0,3.721160888671875
Rémy Vita,dribbling,64.28296,68.0,3.717041015625
Franco Fagúndez,dribbling,68.28502,72.0,3.7149810791015625
Dan Sîrbu,dribbling,54.286327,58.0,3.713672637939453
Pat Jones,dribbling,64.28994,68.0,3.7100601196289062
Jocelyn Janneh,dribbling,50.29352,54.0,3.7064781188964844
Yaw Moses,dribbling,57.70426,54.0,3.7042617797851562
Noah Eile,dribbling,43.702545,40.0,3.702545166015625
Gbemi Arubi,dribbling,51.29838,55.0,3.701618194580078
Fritiof Hellichius,dribbling,58.69627,55.0,3.696269989013672
Michael Halliday,dribbling,49.69546,46.0,3.6954612731933594
Quinn Sullivan,dribbling,63.307182,67.0,3.6928176879882812
Tobi Omole,dribbling,45.692078,42.0,3.69207763671875
Michael Baidoo,dribbling,62.319492,66.0,3.6805076599121094
Łukasz Poręba,dribbling,60.68024,57.0,3.6802406311035156
Nectarios Triantis,dribbling,42.67941,39.0,3.6794090270996094
Félix Lemaréchal,dribbling,62.323593,66.0,3.6764068603515625
Luca Langoni,dribbling,68.33194,72.0,3.668060302734375
Ossama Ashley,dribbling,57.334137,61.0,3.665863037109375
Cem Üstündag,dribbling,65.66547,62.0,3.66546630859375
Isak Helstad Amundsen,dribbling,55.335266,59.0,3.66473388671875
Marinos Tzionis,dribbling,61.345547,65.0,3.6544532775878906
Rasmus Örqvist,dribbling,62.345787,66.0,3.6542129516601562
Adrian Fein,dribbling,66.65392,63.0,3.6539230346679688
Norman Bassette,dribbling,50.352573,54.0,3.6474266052246094
Noah Mbamba,dribbling,62.36312,66.0,3.6368789672851562
Simon Ebonog,dribbling,54.36494,58.0,3.635059356689453
Yanis Begraoui,dribbling,66.36525,70.0,3.6347503662109375
Randy Schneider,dribbling,59.365353,63.0,3.6346473693847656
Harry Steele,dribbling,54.633327,51.0,3.6333274841308594
Scott Wright,dribbling,70.36812,74.0,3.6318817138671875
Devendra Murgaonkar,dribbling,55.63075,52.0,3.630748748779297
Suresh Wangjam,dribbling,55.626385,52.0,3.626384735107422
Aniket Jadhav,dribbling,56.623585,53.0,3.623584747314453
Diego Coppola,dribbling,46.37889,50.0,3.6211090087890625
Gabriel David,dribbling,56.620667,53.0,3.62066650390625
Søren Tengstedt,dribbling,62.38996,66.0,3.6100387573242188
Kilian Fischer,dribbling,64.39197,68.0,3.6080322265625
Ahmed Bahusayn,dribbling,57.60454,54.0,3.604541778564453
Kyle McAllister,dribbling,66.6039,63.0,3.6038970947265625
Jonatas Santos,dribbling,63.396484,67.0,3.603515625
Kyle Knoyle,dribbling,63.600807,60.0,3.6008071899414062
Oliver Fobassam,dribbling,43.597057,40.0,3.597057342529297
Promise Omochere,dribbling,58.410934,62.0,3.5890655517578125
James Penrice,dribbling,62.588573,59.0,3.588573455810547
Lucas Hey,dribbling,54.41205,58.0,3.58795166015625
Taylor Gardner-Hickman,dribbling,65.42187,69.0,3.5781326293945312
Tope Fadahunsi,dribbling,58.42324,62.0,3.5767593383789062
Jean-Victor Makengo,dribbling,70.42846,74.0,3.5715408325195312
Maximilian Bauer,dribbling,42.42853,46.0,3.5714683532714844
Mamady Diambou,dribbling,66.56991,63.0,3.5699081420898438
Gastón González,dribbling,69.43117,73.0,3.5688323974609375
Charlie Finney,dribbling,54.562576,51.0,3.5625762939453125
Waniss Taïbi,dribbling,66.43749,70.0,3.5625076293945312
Ethan Bartlow,dribbling,37.561703,34.0,3.5617027282714844
Abhishek Suryavanshi,dribbling,52.558235,49.0,3.5582351684570312
Harry Leonard,dribbling,57.557514,54.0,3.557514190673828
Florian Wustinger,dribbling,61.555077,58.0,3.5550765991210938
Jack Lynn,dribbling,47.552418,44.0,3.552417755126953
Aaron Ramsey,dribbling,68.4497,72.0,3.5503005981445312
Niclas Stierlin,dribbling,58.54111,55.0,3.5411109924316406
Kylian Kouassi,dribbling,52.537895,49.0,3.5378952026367188
Kostandinos Grozos,dribbling,58.464703,62.0,3.535297393798828
Tim Skarke,dribbling,69.46875,73.0,3.53125
Abdoullah Ba,dribbling,66.47016,70.0,3.5298385620117188
Saurav Mandal,dribbling,53.52925,50.0,3.5292510986328125
Kyan Vaesen,dribbling,65.524956,62.0,3.5249557495117188
Samuel Shashoua,dribbling,73.52288,70.0,3.5228805541992188
Amadou Bakayoko,dribbling,58.485023,62.0,3.5149765014648438
Lewis Miller,dribbling,58.48557,62.0,3.5144309997558594
Enis Destan,dribbling,62.51142,59.0,3.5114212036132812
Cas Odenthal,dribbling,57.51069,54.0,3.5106887817382812
Oliver Batista Meier,dribbling,72.51051,69.0,3.5105133056640625
Yukhym Konoplia,dribbling,59.50999,56.0,3.509990692138672
Lucas Rocrou,dribbling,58.49108,62.0,3.5089187622070312
Alessandro Di Pardo,dribbling,66.49126,70.0,3.5087432861328125
Jay Henderson,dribbling,60.507523,57.0,3.5075225830078125
Fraser Hornby,dribbling,59.505665,63.0,3.494335174560547
Ayman Aiki,dribbling,63.508045,67.0,3.491954803466797
Conor Bradley,dribbling,62.50811,66.0,3.4918899536132812
Lazar Samardžić,dribbling,72.50922,76.0,3.49078369140625
Kian Fitz-Jim,dribbling,68.510956,72.0,3.489044189453125
Alex Scott,dribbling,71.51616,75.0,3.4838409423828125
Philip Otele,dribbling,67.516525,71.0,3.4834747314453125
Yvandro Borges Sanches,dribbling,60.517124,64.0,3.4828758239746094
Tim Sechelmann,dribbling,55.48143,52.0,3.4814300537109375
Marco Kana,dribbling,67.47976,64.0,3.4797592163085938
Marco John,dribbling,70.522675,74.0,3.477325439453125
Federico Giraudo,dribbling,46.52513,50.0,3.4748687744140625
Nayel Mehssatou,dribbling,69.47271,66.0,3.4727096557617188
Jacob Muir,dribbling,45.467278,42.0,3.4672775268554688
Franz Roggow,dribbling,56.465565,53.0,3.465564727783203
Ervin Omić,dribbling,58.54214,62.0,3.4578590393066406
Ousoumane Camara,dribbling,60.45748,57.0,3.4574813842773438
Oliver Larraz,dribbling,58.455654,55.0,3.4556541442871094
Abdoulaye Bakayoko,dribbling,54.45447,51.0,3.4544715881347656
Teden Mengi,dribbling,58.452812,55.0,3.4528121948242188
Armindo Sieb,dribbling,69.54902,73.0,3.4509811401367188
Daniel Oyegoke,dribbling,58.554718,62.0,3.445281982421875
Jannis Heuer,dribbling,55.44518,52.0,3.445178985595703
Jack Maher,dribbling,50.44158,47.0,3.4415817260742188
Mark Natta,dribbling,58.437843,55.0,3.4378433227539062
Tate Russell,dribbling,60.435364,57.0,3.43536376953125
Tim Civeja,dribbling,62.571632,66.0,3.4283676147460938
Hayden Carter,dribbling,59.424885,56.0,3.424884796142578
Vittorio Parigini,dribbling,72.423325,69.0,3.4233245849609375
Rodney Elongo-Yombo,dribbling,61.579544,65.0,3.4204559326171875
Engson Singh,dribbling,54.418934,51.0,3.418933868408203
Patrick Osterhage,dribbling,70.583466,74.0,3.416534423828125
Kyle Hurst,dribbling,60.583496,64.0,3.41650390625
Bryan Lasme,dribbling,65.58896,69.0,3.411041259765625
Louis Breunig,dribbling,49.409332,46.0,3.409332275390625
Ludvig Carlius,dribbling,55.405212,52.0,3.40521240234375
Loris Mouyokolo,dribbling,46.402527,43.0,3.40252685546875
Łukasz Łakomy,dribbling,59.598137,63.0,3.4018630981445312
Anton Krivotsyuk,dribbling,56.40179,53.0,3.4017906188964844
Pablo Pagis,dribbling,56.599392,60.0,3.4006080627441406
Elijah Krahn,dribbling,58.600433,62.0,3.399566650390625
Tim Lemperle,dribbling,69.60579,73.0,3.3942108154296875
Morten Ågnes Konradsen,dribbling,67.39247,64.0,3.3924713134765625
John Martin,dribbling,58.391617,55.0,3.3916168212890625
Amarjit Singh Kiyam,dribbling,59.388634,56.0,3.3886337280273438
Yadaly Diaby,dribbling,65.61763,69.0,3.3823699951171875
Franklin Nyenetue,dribbling,63.379047,60.0,3.379047393798828
Aaron Drewe,dribbling,48.621944,52.0,3.3780555725097656
Matthew Bondswell,dribbling,55.375008,52.0,3.3750076293945312
Francisco Perruzzi,dribbling,54.630596,58.0,3.369403839111328
Nathan Moriah-Welsh,dribbling,57.632343,61.0,3.367656707763672
Nathaniel Adjei,dribbling,47.367424,44.0,3.3674240112304688
Santiago Herrera,dribbling,67.36366,64.0,3.3636627197265625
Mikael Egill Ellertsson,dribbling,68.636925,72.0,3.3630752563476562
José Bolívar,dribbling,63.36294,60.0,3.3629417419433594
Abdullah Al Enazi,dribbling,54.362675,51.0,3.3626747131347656
Zac Sapsford,dribbling,55.360855,52.0,3.3608551025390625
Tahith Chong,dribbling,69.64515,73.0,3.3548507690429688
Marouan Azarkan,dribbling,72.64552,76.0,3.3544769287109375
Calem Nieuwenhof,dribbling,61.64826,65.0,3.3517417907714844
Rashaan Fernandes,dribbling,68.350075,65.0,3.3500747680664062
Jakub Lutostański,dribbling,49.34852,46.0,3.3485183715820312
Tom Zimmerschied,dribbling,65.651825,69.0,3.348175048828125
Dennis Dressel,dribbling,64.34455,61.0,3.3445510864257812
Allan Linguet,dribbling,63.66349,67.0,3.3365097045898438
Ollie Tanner,dribbling,64.33629,61.0,3.3362884521484375
Juan José Heinze,dribbling,66.66493,70.0,3.3350677490234375
Michał Skóraś,dribbling,67.66712,71.0,3.3328781127929688
Marko Bulat,dribbling,70.3275,67.0,3.3274993896484375
Ismaël Koné,dribbling,66.679436,70.0,3.3205642700195312
Abiel Osorio,dribbling,58.68294,62.0,3.317058563232422
Mohammed Diomande,dribbling,69.68406,73.0,3.3159408569335938
Giuseppe Caso,dribbling,71.68917,75.0,3.3108291625976562
Kimberly Ezekwem,dribbling,60.689552,64.0,3.3104476928710938
Thoiba Singh Moirangthem,dribbling,51.30967,48.0,3.3096694946289062
Jonny Yull,dribbling,57.307426,54.0,3.3074264526367188
Tom Lacoux,dribbling,67.304436,64.0,3.3044357299804688
Yunus Bahadır,dribbling,57.29552,54.0,3.295520782470703
Carlton Morris,dribbling,63.70643,67.0,3.2935714721679688
Felix Afena-Gyan,dribbling,68.717186,72.0,3.2828140258789062
Joe Riley,dribbling,60.282738,57.0,3.2827377319335938
Jacob Bedeau,dribbling,54.27602,51.0,3.276020050048828
Dujon Sterling,dribbling,63.724586,67.0,3.2754135131835938
Ramiro Ruiz Rodríguez,dribbling,68.727196,72.0,3.2728042602539062
Conor McGrandles,dribbling,64.271935,61.0,3.2719345092773438
Ricky Shabong,dribbling,47.271084,44.0,3.2710838317871094
Alfie Bendle,dribbling,53.73054,57.0,3.269458770751953
Gaetano Oristanio,dribbling,67.734924,71.0,3.26507568359375
Reo Griffiths,dribbling,55.264233,52.0,3.264232635498047
Oliver Cooper,dribbling,66.736595,70.0,3.2634048461914062
Ryan O'Kane,dribbling,59.743454,63.0,3.2565460205078125
Jay Matete,dribbling,66.75274,70.0,3.2472610473632812
Darragh Burns,dribbling,65.24585,62.0,3.245849609375
Paxten Aaronson,dribbling,65.758835,69.0,3.2411651611328125
Freddie Potts,dribbling,53.23939,50.0,3.239391326904297
Hassan Al Mohammed,dribbling,54.238796,51.0,3.2387962341308594
Chris Sze,dribbling,53.23842,50.0,3.2384185791015625
Bledian Krasniqi,dribbling,65.76675,69.0,3.2332534790039062
Kyle Taylor,dribbling,63.232704,60.0,3.2327041625976562
Kristoffer Lund Hansen,dribbling,58.770023,62.0,3.2299766540527344
Jón Dagur Þorsteinsson,dribbling,70.777916,74.0,3.2220840454101562
Luke Le Roux,dribbling,66.22071,63.0,3.2207107543945312
Jean Lambert Evan's,dribbling,63.78471,67.0,3.215290069580078
Andrea Pinamonti,dribbling,66.79385,70.0,3.206146240234375
Lewis Billington,dribbling,42.204105,39.0,3.2041053771972656
Dylan Pierias,dribbling,67.19763,64.0,3.1976318359375
Franco Orozco,dribbling,69.80264,73.0,3.197357177734375
Amar Dedić,dribbling,68.80533,72.0,3.194671630859375
Ryan Graydon,dribbling,55.809864,59.0,3.190135955810547
Jay Barnett,dribbling,61.181282,58.0,3.1812820434570312
Jonas Michelbrink,dribbling,64.82477,68.0,3.17523193359375
Thomas Williams,dribbling,45.17463,42.0,3.1746292114257812
Leon Augustine,dribbling,52.17316,49.0,3.1731605529785156
Łukasz Bejger,dribbling,52.83053,56.0,3.1694717407226562
Malik Batmaz,dribbling,68.8354,72.0,3.1645965576171875
Connor Malley,dribbling,56.83617,60.0,3.163829803466797
Tim Oermann,dribbling,51.160927,48.0,3.1609268188476562
Richard Chin,dribbling,55.153774,52.0,3.1537742614746094
Christian Dahle Borchgrevink,dribbling,60.15285,57.0,3.152851104736328
Brian Mansilla,dribbling,65.84988,69.0,3.1501235961914062
Jeremy Sarmiento,dribbling,66.85096,70.0,3.1490402221679688
Eros Mancuso,dribbling,64.86016,68.0,3.1398391723632812
Joaquín Lavega,dribbling,62.868904,66.0,3.1310958862304688
Muhammed Uvais,dribbling,47.87552,51.0,3.124481201171875
Henrik Skogvold,dribbling,56.876366,60.0,3.1236343383789062
Amin Sarr,dribbling,67.87829,71.0,3.1217117309570312
Ransford-Yeboah Königsdörffer,dribbling,68.88185,72.0,3.1181488037109375
Andrea Danzi,dribbling,67.118065,64.0,3.1180648803710938
Anders Dahl,dribbling,58.117134,55.0,3.1171340942382812
Conor Noß,dribbling,70.88429,74.0,3.1157073974609375
Aleksandar Jukic,dribbling,66.88663,70.0,3.113372802734375
Isaak Davies,dribbling,67.11204,64.0,3.1120376586914062
Luca Kerber,dribbling,67.10922,64.0,3.109222412109375
Sævar Atli Magnússon,dribbling,64.891174,68.0,3.10882568359375
Emirhan İlkhan,dribbling,69.896164,73.0,3.1038360595703125
Reece Brown,dribbling,68.103485,65.0,3.103485107421875
Darragh Markey,dribbling,63.909355,67.0,3.0906448364257812
Sahil Panwar,dribbling,46.090508,43.0,3.0905075073242188
Alou Kuol,dribbling,56.088524,53.0,3.0885238647460938
Jarrad Branthwaite,dribbling,52.088123,49.0,3.088123321533203
Jack Armer,dribbling,55.91775,59.0,3.0822486877441406
Franco Zapiola,dribbling,65.08177,62.0,3.0817718505859375
Santeri Väänänen,dribbling,64.07921,61.0,3.0792083740234375
Jack Moylan,dribbling,60.92794,64.0,3.0720596313476562
Andrew Quinn,dribbling,43.07148,40.0,3.0714797973632812
Jacob Shaffelburg,dribbling,61.929142,65.0,3.0708580017089844
Hady Camara,dribbling,48.068142,45.0,3.0681419372558594
Adrián Sánchez,dribbling,66.93738,70.0,3.0626220703125
Krystian Bielik,dribbling,65.942696,69.0,3.0573043823242188
Antonio Raimondo,dribbling,67.94467,71.0,3.055328369140625
Marley Marshall Miranda,dribbling,59.054813,56.0,3.0548133850097656
Anthony Markanich,dribbling,55.053677,52.0,3.0536766052246094
Kevin Schade,dribbling,70.95426,74.0,3.0457382202148438
Matte Smets,dribbling,52.95487,56.0,3.0451316833496094
Jannik Rochelt,dribbling,64.95786,68.0,3.0421371459960938
Johan Kenneryd,dribbling,43.03429,40.0,3.034290313720703
Alassana Jatta,dribbling,58.966213,62.0,3.0337867736816406
Simone Davi,dribbling,52.03272,49.0,3.0327186584472656
Haissem Hassan,dribbling,69.97237,73.0,3.0276336669921875
Zac Ashworth,dribbling,53.97324,57.0,3.0267601013183594
Elidon Qenaj,dribbling,55.02601,52.0,3.0260086059570312
Bećir Omeragić,dribbling,62.024525,59.0,3.024524688720703
Marcus Forss,dribbling,62.976276,66.0,3.023723602294922
Jason Sraha,dribbling,40.01521,37.0,3.015209197998047
Max Ejdum,dribbling,56.985268,60.0,3.0147323608398438
Noel Buck,dribbling,57.986893,61.0,3.0131072998046875
Vedad Radonja,dribbling,55.987816,59.0,3.0121841430664062
Naatan Skyttä,dribbling,68.98846,72.0,3.0115432739257812
Nicholas Bonfanti,dribbling,63.989254,67.0,3.0107460021972656
Ion Gheorghe,dribbling,69.01015,66.0,3.0101470947265625
Rahim Ali,dribbling,57.00646,54.0,3.006458282470703
Kastriot Imeri,dribbling,72.99537,76.0,3.0046310424804688
Fabio Torsiello,dribbling,57.00362,60.0,2.996379852294922
Jacob Greaves,dribbling,57.00447,60.0,2.9955291748046875
Ebrima Colley,dribbling,69.00465,72.0,2.9953536987304688
Jonas Sterner,dribbling,66.9944,64.0,2.9944000244140625
Ryan Stirk,dribbling,60.984344,58.0,2.984344482421875
Zech Obiero,dribbling,59.980293,57.0,2.9802932739257812
Patrick Vroegh,dribbling,63.97321,61.0,2.9732093811035156
Riccardo Ciervo,dribbling,64.028465,67.0,2.9715347290039062
George Thomas,dribbling,65.971245,63.0,2.9712448120117188
Timothy Tillman,dribbling,72.02893,75.0,2.9710693359375
Tashreeq Matthews,dribbling,69.969894,67.0,2.9698944091796875
Ben McCormack,dribbling,59.9672,57.0,2.9672012329101562
Owen Beck,dribbling,57.9654,55.0,2.9654006958007812
Kieron Bowie,dribbling,59.036514,62.0,2.9634857177734375
Tommy Conway,dribbling,62.036743,65.0,2.9632568359375
Mark Doyle,dribbling,59.96138,57.0,2.9613800048828125
Oskar Ågren,dribbling,44.960903,42.0,2.9609031677246094
Ruben Providence,dribbling,75.03943,78.0,2.9605712890625
Mads Søndergaard,dribbling,60.039497,63.0,2.9605026245117188
Maximilian Breunig,dribbling,61.039917,64.0,2.9600830078125
Marco Brescianini,dribbling,59.0445,62.0,2.9555015563964844
Jake Cain,dribbling,62.95448,60.0,2.954479217529297
Sunusi Ibrahim,dribbling,61.04688,64.0,2.9531211853027344
Erik Majetschak,dribbling,59.94676,57.0,2.946758270263672
Jakob Lewald,dribbling,49.946068,47.0,2.9460678100585938
Nassim Innocenti,dribbling,51.941822,49.0,2.941822052001953
Nicholas Gioacchini,dribbling,66.06138,69.0,2.9386215209960938
Linus Rosenlöcher,dribbling,58.06225,61.0,2.9377517700195312
Yari Otto,dribbling,64.93298,62.0,2.9329833984375
Casper Terho,dribbling,62.071407,65.0,2.9285926818847656
Matías Galarza,dribbling,70.924736,68.0,2.9247360229492188
Bendegúz Bolla,dribbling,65.075424,68.0,2.9245758056640625
Dion Krasniqi,dribbling,53.92451,51.0,2.924510955810547
Kylian Kaïboué,dribbling,60.079136,63.0,2.9208641052246094
Anthony Oyono,dribbling,50.079388,53.0,2.920612335205078
Matti Peltola,dribbling,54.91869,52.0,2.918689727783203
Mateo Sanabria,dribbling,67.08365,70.0,2.916351318359375
Duplexe Tchamba,dribbling,53.915276,51.0,2.9152755737304688
Noureddine El Bahhar,dribbling,55.90829,53.0,2.9082908630371094
Anis Mehmeti,dribbling,70.09318,73.0,2.9068222045898438
Jacob Ondrejka,dribbling,67.09345,70.0,2.9065475463867188
Kusini Yengi,dribbling,62.09708,65.0,2.9029197692871094
Oğuz Aydın,dribbling,64.099106,67.0,2.9008941650390625
Keegan Jelacic,dribbling,57.10051,60.0,2.8994903564453125
Ignace Van der Brempt,dribbling,69.10577,72.0,2.8942337036132812
Yayah Kallon,dribbling,72.110016,75.0,2.889984130859375
Giorgio Scalvini,dribbling,50.889294,48.0,2.889293670654297
Krystian Okoniewski,dribbling,50.117252,53.0,2.8827476501464844
Alexis Tibidi,dribbling,67.11802,70.0,2.8819808959960938
Naorem Mahesh Singh,dribbling,56.881508,54.0,2.8815078735351562
Joseph Hungbo,dribbling,66.12309,69.0,2.8769073486328125
Justin Ferizaj,dribbling,55.12747,58.0,2.8725318908691406
Lasse Berg Johnsen,dribbling,66.87133,64.0,2.8713302612304688
Tobias Bech,dribbling,67.12913,70.0,2.8708724975585938
Bryce Duke,dribbling,67.12934,70.0,2.8706588745117188
Carl Björk,dribbling,60.870552,58.0,2.8705520629882812
Tobias Storm,dribbling,55.870483,53.0,2.8704833984375
Samuele Mulattieri,dribbling,66.13143,69.0,2.8685684204101562
Caolán Boyd-Munce,dribbling,54.86701,52.0,2.8670082092285156
Marcel Benger,dribbling,59.86399,57.0,2.8639907836914062
Oualid Mhamdi,dribbling,47.13717,50.0,2.8628311157226562
Samson Tovide,dribbling,58.137962,61.0,2.8620376586914062
Daniel Pik,dribbling,60.138332,63.0,2.8616676330566406
Calvin Twigt,dribbling,62.153793,65.0,2.8462066650390625
Nikolas Veratschnig,dribbling,62.154243,65.0,2.8457565307617188
Ibrahima Kébé,dribbling,64.15565,67.0,2.8443527221679688
Hassan Al Slais,dribbling,49.84412,47.0,2.8441200256347656
Lorenzo Colombo,dribbling,65.15905,68.0,2.8409500122070312
Reece Oxford,dribbling,56.16559,59.0,2.83441162109375
Sebastian Berhalter,dribbling,62.8344,60.0,2.834400177001953
Nawaf Al Qumairi,dribbling,51.828625,49.0,2.828624725341797
Million Manhoef,dribbling,69.17167,72.0,2.8283309936523438
Kostyantyn Vivcharenko,dribbling,58.82739,56.0,2.8273887634277344
Caleb Zady Sery,dribbling,69.17621,72.0,2.82379150390625
Samuel Stückler,dribbling,60.177586,63.0,2.8224143981933594
Anass Salah-Eddine,dribbling,64.17822,67.0,2.82177734375
Freddie Draper,dribbling,51.178722,54.0,2.821277618408203
Eirik Blikstad,dribbling,50.820118,48.0,2.820117950439453
Matteo Gabbia,dribbling,55.809704,53.0,2.809703826904297
Andy Smith,dribbling,45.809143,43.0,2.80914306640625
Mathieu Choinière,dribbling,67.19162,70.0,2.808380126953125
Bjarki Steinn Bjarkason,dribbling,63.193043,66.0,2.806957244873047
Luke Bolton,dribbling,62.193623,65.0,2.806377410888672
Michael Mieles,dribbling,63.805626,61.0,2.8056259155273438
Sonny Perkins,dribbling,58.194885,61.0,2.80511474609375
Lennon Gill,dribbling,51.80262,49.0,2.8026199340820312
Victor Eriksson,dribbling,39.19834,42.0,2.8016586303710938
Jordan Brown,dribbling,55.200497,58.0,2.7995033264160156
Max Caputo,dribbling,49.798473,47.0,2.798473358154297
Tom Bayliss,dribbling,64.203384,67.0,2.7966156005859375
Collin Smith,dribbling,51.787174,49.0,2.7871742248535156
Nicolás Valentini,dribbling,57.217632,60.0,2.782367706298828
Florian Hoxha,dribbling,59.21804,62.0,2.7819595336914062
Nicholas Pennington,dribbling,58.776497,56.0,2.7764968872070312
Abdullah Matuq,dribbling,57.223946,60.0,2.7760543823242188
Theocharis Tsingaras,dribbling,66.77397,64.0,2.7739715576171875
Efe-Kaan Sihlaroglu,dribbling,59.769413,57.0,2.7694129943847656
Noé Sow,dribbling,54.768593,52.0,2.7685928344726562
Ethan Laird,dribbling,71.23287,74.0,2.7671279907226562
Lion Schuster,dribbling,61.75946,59.0,2.75946044921875
Kacper Jodłowski,dribbling,51.756683,49.0,2.756683349609375
Keke Topp,dribbling,55.251736,58.0,2.7482643127441406
Kolbeinn Birgir Finnsson,dribbling,58.745377,56.0,2.7453765869140625
Turki Al Mutairi,dribbling,53.741867,51.0,2.7418670654296875
Agustín Martegani,dribbling,71.26184,74.0,2.7381591796875
Viktor Widell,dribbling,52.737846,50.0,2.7378463745117188
Stefan Parkes,dribbling,53.73672,51.0,2.7367210388183594
Patricio Pizarro,dribbling,43.734173,41.0,2.734172821044922
Keanan Bennetts,dribbling,68.26787,71.0,2.7321319580078125
Ari Leifsson,dribbling,50.726746,48.0,2.72674560546875
Festy Ebosele,dribbling,70.27773,73.0,2.7222671508789062
Deepak Tangri,dribbling,52.721054,50.0,2.7210540771484375
Janis Antiste,dribbling,68.7209,66.0,2.7209014892578125
Hassan Ndam,dribbling,47.720383,45.0,2.7203826904296875
Yohan Cassubie,dribbling,63.280224,66.0,2.719776153564453
Kyle Edwards,dribbling,71.719406,69.0,2.7194061279296875
John Tolkin,dribbling,60.28368,63.0,2.716320037841797
Marlon Fossey,dribbling,66.29035,69.0,2.7096481323242188
Facundo Colidio,dribbling,71.29111,74.0,2.708892822265625
Shaqai Forde,dribbling,56.706577,54.0,2.7065773010253906
Abdul Rabeeh,dribbling,53.705826,51.0,2.7058258056640625
Ernest Terpiłowski,dribbling,62.70146,60.0,2.7014617919921875
Ellis Simms,dribbling,64.3004,67.0,2.6996002197265625
Ramy Najjarine,dribbling,69.30354,72.0,2.6964569091796875
Oisin Gallagher,dribbling,53.69309,51.0,2.6930885314941406
Lewis Macari,dribbling,49.309433,52.0,2.6905670166015625
Jack McGlynn,dribbling,63.31321,66.0,2.6867904663085938
Noah Söderberg,dribbling,58.316395,61.0,2.683605194091797
Rayyan Baniya,dribbling,43.31853,46.0,2.681468963623047
Charles Boli,dribbling,69.6792,67.0,2.67919921875
Can Keleş,dribbling,65.32198,68.0,2.6780166625976562
Kosi Thompson,dribbling,61.323826,64.0,2.6761741638183594
Fisnik Asllani,dribbling,60.327988,63.0,2.6720123291015625
Daniel Butterworth,dribbling,64.66602,62.0,2.6660232543945312
Juan Cruz Giacone,dribbling,54.665497,52.0,2.665496826171875
Fabio Ponsi,dribbling,60.33728,63.0,2.6627197265625
Nicholas Pierini,dribbling,65.34322,68.0,2.6567764282226562
Timur Gayret,dribbling,62.343338,65.0,2.6566619873046875
Maxime Bastian,dribbling,59.343407,62.0,2.6565933227539062
Daylam Meddah,dribbling,62.345917,65.0,2.654083251953125
Adrian Gantenbein,dribbling,55.34597,58.0,2.6540298461914062
Ángel Vaca,dribbling,57.64965,55.0,2.6496505737304688
Michael Gallagher,dribbling,50.64486,48.0,2.6448593139648438
Alper Demirol,dribbling,59.355476,62.0,2.6445236206054688
Tommaso Cassandro,dribbling,55.356365,58.0,2.643634796142578
Deian Verón,dribbling,61.642803,59.0,2.642803192138672
Ellis Taylor,dribbling,54.639324,52.0,2.639324188232422
Matteo Ruggeri,dribbling,65.36529,68.0,2.6347122192382812
Eyram Viegbe,dribbling,54.63281,52.0,2.6328086853027344
Davino Knappe,dribbling,59.370087,62.0,2.629913330078125
Hjalmar Ekdal,dribbling,56.371243,59.0,2.6287574768066406
Julian Rieckmann,dribbling,55.62693,53.0,2.6269302368164062
Oliver Alfonsi,dribbling,61.626568,59.0,2.626567840576172
Arianit Ferati,dribbling,71.62113,69.0,2.6211318969726562
Willem Geubbels,dribbling,68.37912,71.0,2.620880126953125
Noah Bischof,dribbling,62.38684,65.0,2.6131591796875
Jan Schöppner,dribbling,61.609383,59.0,2.6093826293945312
James Maxwell,dribbling,52.39229,55.0,2.6077117919921875
Halid Šabanović,dribbling,61.39229,64.0,2.6077117919921875
Rhys Bozinovski,dribbling,58.60385,56.0,2.603851318359375
Nikita Iosifov,dribbling,67.39966,70.0,2.600341796875
Ayush Adhikari,dribbling,57.59978,55.0,2.599781036376953
Sydney van Hooijdonk,dribbling,63.40191,66.0,2.5980911254882812
Ebrima Darboe,dribbling,64.59803,62.0,2.5980300903320312
Emil Kischka,dribbling,57.596657,55.0,2.5966567993164062
Abdullah Al Shanqeeti,dribbling,48.59466,46.0,2.5946617126464844
Manfred Ugalde,dribbling,67.40788,70.0,2.5921173095703125
Jérémy Blasco,dribbling,54.59173,52.0,2.5917282104492188
Christoph Lang,dribbling,62.408924,65.0,2.591075897216797
Mario Bratu,dribbling,62.585648,60.0,2.5856475830078125
Deandre Kerr,dribbling,60.414703,63.0,2.585296630859375
Enzo Luna,dribbling,65.41557,68.0,2.5844268798828125
Tyler Walker,dribbling,67.58099,65.0,2.58099365234375
Kobe Hernández-Foster,dribbling,62.579597,60.0,2.5795974731445312
Darren Robinson,dribbling,55.421394,58.0,2.5786056518554688
Kacper Kozłowski,dribbling,72.42199,75.0,2.5780105590820312
Lex-Tyger Lobinger,dribbling,52.577152,50.0,2.5771522521972656
Ben Jackson,dribbling,59.42751,62.0,2.572490692138672
Brian McManus,dribbling,58.567997,56.0,2.5679969787597656
Derek Mazou-Sacko,dribbling,59.435974,62.0,2.56402587890625
Iván Tapia,dribbling,69.56129,67.0,2.5612869262695312
Matthew Dennis,dribbling,61.560684,59.0,2.5606842041015625
Lassi Lappalainen,dribbling,65.440735,68.0,2.55926513671875
Emil Bohinen,dribbling,69.44262,72.0,2.5573806762695312
Nik Prelec,dribbling,61.442703,64.0,2.5572967529296875
Ian Murphy,dribbling,53.44807,56.0,2.551929473876953
Maurits Kjaergaard,dribbling,67.44874,70.0,2.5512619018554688
David Savic,dribbling,56.54616,54.0,2.546161651611328
Florent Muslija,dribbling,74.45447,77.0,2.5455322265625
Oscar Solnørdal,dribbling,56.542633,54.0,2.542633056640625
Phillip Tietz,dribbling,62.4581,65.0,2.541900634765625
Samba Lélé Diba,dribbling,54.540146,52.0,2.5401458740234375
Adam Long,dribbling,47.536217,45.0,2.5362167358398438
Ben Wilmot,dribbling,59.46419,62.0,2.535808563232422
Jacob Farrell,dribbling,50.466064,53.0,2.533935546875
Andreas Müller,dribbling,68.533875,66.0,2.53387451171875
Mateo Tanlongo,dribbling,65.46827,68.0,2.5317306518554688
Gabrijel Rukavina,dribbling,69.46829,72.0,2.531707763671875
Gonzalo Luján,dribbling,54.46906,57.0,2.5309410095214844
Lennart Czyborra,dribbling,69.530876,67.0,2.5308761596679688
Fabrizio Caligara,dribbling,68.52953,66.0,2.5295333862304688
Federico Paradela,dribbling,68.527435,66.0,2.527435302734375
Jelle Bataille,dribbling,69.476135,72.0,2.52386474609375
Justin Njinmah,dribbling,66.47833,69.0,2.52166748046875
Gavin Kilkenny,dribbling,65.51808,63.0,2.5180816650390625
Niklas Vesterlund,dribbling,61.512516,59.0,2.5125160217285156
Maciej Żurawski,dribbling,63.511425,61.0,2.511425018310547
Tomás González,dribbling,65.4914,68.0,2.5085983276367188
Samson Okikiola Tijani,dribbling,63.50809,61.0,2.5080909729003906
Dylan Teves,dribbling,56.508026,54.0,2.508026123046875
Antoine Semenyo,dribbling,69.492714,72.0,2.5072860717773438
Josh Campbell,dribbling,62.503265,65.0,2.496734619140625
Max Thompson,dribbling,58.49258,56.0,2.4925804138183594
Edward Chilufya,dribbling,71.489395,69.0,2.4893951416015625
Jakub Kadak,dribbling,69.48913,67.0,2.4891281127929688
Allahyar Sayyadmanesh,dribbling,68.512436,71.0,2.4875640869140625
Abdul Fatawu Issahaku,dribbling,71.51451,74.0,2.4854888916015625
Nadir Zortea,dribbling,65.51671,68.0,2.4832916259765625
Akor Jerome Adams,dribbling,61.52575,64.0,2.4742507934570312
Ethan Bristow,dribbling,57.52755,60.0,2.4724502563476562
Tom Grivosti,dribbling,44.471573,42.0,2.4715728759765625
Andre Dozzell,dribbling,68.47119,66.0,2.47119140625
Erik Botheim,dribbling,65.46751,63.0,2.4675064086914062
Runar Norheim,dribbling,58.533493,61.0,2.4665069580078125
Gabriele Piccinini,dribbling,55.466175,53.0,2.466175079345703
Lasse Sørensen,dribbling,61.461765,59.0,2.4617652893066406
Joel Mvuka,dribbling,70.54124,73.0,2.4587631225585938
Lucas Noubi,dribbling,57.54214,60.0,2.4578590393066406
Jasper Pattenden,dribbling,59.455105,57.0,2.4551048278808594
Thibo Somers,dribbling,69.54829,72.0,2.4517135620117188
Tolaji Bola,dribbling,55.45146,53.0,2.4514617919921875
Bobby Thomas,dribbling,46.55013,49.0,2.449871063232422
Andy Breuer,dribbling,58.448425,56.0,2.44842529296875
Arkadiusz Pyrka,dribbling,65.44565,63.0,2.445648193359375
Osvaldo Cisneros,dribbling,51.443493,49.0,2.443492889404297
Oliver Sørensen,dribbling,61.556786,64.0,2.4432144165039062
Makan Winkle Chothe,dribbling,55.442024,53.0,2.4420242309570312
Philippe Paulin Keny,dribbling,62.56257,65.0,2.4374313354492188
Aldo Florenzi,dribbling,68.43688,66.0,2.4368820190429688
Sekou Sidibe,dribbling,66.43653,64.0,2.4365310668945312
Claudiu Negoescu,dribbling,55.56415,58.0,2.4358482360839844
Tayo Adaramola,dribbling,57.428158,55.0,2.4281578063964844
Luca D'Andrea,dribbling,71.57322,74.0,2.4267807006835938
Givson Singh,dribbling,55.426506,53.0,2.4265060424804688
Sebastián Quintana,dribbling,60.577736,63.0,2.4222640991210938
Isak Vanlalruatfela,dribbling,53.580578,56.0,2.419422149658203
Máximo Perrone,dribbling,71.58154,74.0,2.41845703125
Bryan Reynolds,dribbling,59.585472,62.0,2.4145278930664062
Tyreke Wilson,dribbling,59.414238,57.0,2.4142379760742188
Alexandru Blidar,dribbling,57.407856,55.0,2.407855987548828
Tom Bloxham,dribbling,60.59381,63.0,2.40618896484375
Ben Bobzien,dribbling,67.59386,70.0,2.4061431884765625
Magnus Retsius Grødem,dribbling,65.5952,68.0,2.4048004150390625
Facundo Bruera,dribbling,59.59773,62.0,2.402271270751953
Hákon Arnar Haraldsson,dribbling,69.59839,72.0,2.401611328125
Clemens Riedel,dribbling,45.600204,48.0,2.3997955322265625
Archie Goodwin,dribbling,58.39967,56.0,2.399669647216797
Callum Timmins,dribbling,59.396996,57.0,2.3969955444335938
Augusto Schott,dribbling,67.39682,65.0,2.396820068359375
Sweden Fernandes,dribbling,49.394135,47.0,2.394134521484375
Brian Gutiérrez,dribbling,62.606815,65.0,2.3931846618652344
Rijad Smajić,dribbling,50.39185,48.0,2.3918495178222656
Adam Murphy,dribbling,55.61625,58.0,2.3837509155273438
Dženis Burnić,dribbling,69.38258,67.0,2.3825836181640625
Mohammed Al Abdullah,dribbling,52.382137,50.0,2.3821372985839844
Sumit Rathi,dribbling,47.38207,45.0,2.382068634033203
Tega Ikoba,dribbling,44.38127,42.0,2.3812713623046875
Ismet Lushaku,dribbling,62.37701,60.0,2.3770103454589844
Jiteshwor Singh,dribbling,56.370125,54.0,2.3701248168945312
Adam Petersson,dribbling,59.36705,57.0,2.3670501708984375
Mamadou Sangare,dribbling,69.633575,72.0,2.366424560546875
Juninho Bacuna,dribbling,71.63384,74.0,2.3661575317382812
Emanuele Valeri,dribbling,66.63675,69.0,2.363250732421875
Ricky-Jade Jones,dribbling,61.640553,64.0,2.359447479248047
Manoj Mohammad,dribbling,50.359226,48.0,2.3592262268066406
Ísak Bergmann Jóhannesson,dribbling,68.35828,66.0,2.3582763671875
Liam Thompson,dribbling,64.35712,62.0,2.35711669921875
Sofiane Alakouch,dribbling,64.356445,62.0,2.3564453125
Kegs Chauke,dribbling,60.644722,63.0,2.3552780151367188
Kas de Wit,dribbling,61.64584,64.0,2.3541603088378906
Nachon Nsingi,dribbling,64.654335,67.0,2.3456649780273438
Kenzo Goudmijn,dribbling,69.65725,72.0,2.3427505493164062
Charlie Lakin,dribbling,64.33885,62.0,2.3388519287109375
Hrvoje Smolčić,dribbling,57.338387,55.0,2.3383865356445312
Martin Wasinski,dribbling,57.334003,55.0,2.334003448486328
Ibrahim Said,dribbling,67.66641,70.0,2.333587646484375
Ernest Poku,dribbling,66.667694,69.0,2.332305908203125
Noah Naujoks,dribbling,59.331783,57.0,2.3317832946777344
Richard Neudecker,dribbling,71.3317,69.0,2.3317031860351562
Lewis Simper,dribbling,57.331177,55.0,2.3311767578125
Paxton Pomykal,dribbling,70.67386,73.0,2.326141357421875
Ardon Jashari,dribbling,65.67467,68.0,2.3253326416015625
David Ajiboye,dribbling,67.32518,65.0,2.3251800537109375
Nicolás Romero,dribbling,55.67585,58.0,2.3241500854492188
Nico Ochojski,dribbling,58.321938,56.0,2.3219375610351562
Missael Rodríguez,dribbling,51.320812,49.0,2.320812225341797
Aidomo Emakhu,dribbling,51.680244,54.0,2.3197555541992188
Michael Svoboda,dribbling,57.682255,60.0,2.3177452087402344
Serano Seymor,dribbling,40.317646,38.0,2.317646026611328
Mehmet Ibrahimi,dribbling,66.68783,69.0,2.3121719360351562
Felipe Peña,dribbling,60.31188,58.0,2.311878204345703
Tyrese Campbell,dribbling,68.68836,71.0,2.3116378784179688
Mirnes Pepić,dribbling,68.69178,71.0,2.3082199096679688
Mateusz Żyro,dribbling,55.307404,53.0,2.307403564453125
James Furlong,dribbling,54.696358,57.0,2.3036422729492188
Pape Ndiaga Yade,dribbling,68.69918,71.0,2.3008193969726562
Tommy Leigh,dribbling,61.70002,64.0,2.2999801635742188
Matthias Bader,dribbling,66.70053,69.0,2.299468994140625
Eldin Dzogovic,dribbling,57.29809,55.0,2.2980918884277344
Yan Valery,dribbling,67.7043,70.0,2.2957000732421875
Leonardo Benedetti,dribbling,66.70446,69.0,2.2955398559570312
Gianluca Frabotta,dribbling,67.29346,65.0,2.29345703125
Couhaib Driouech,dribbling,69.708755,72.0,2.2912445068359375
Slobodan Tedić,dribbling,61.285797,59.0,2.285797119140625
Justo Giani,dribbling,61.719234,64.0,2.2807655334472656
Dylan Nealis,dribbling,56.271984,54.0,2.271984100341797
Jake Davis,dribbling,58.268303,56.0,2.2683029174804688
Andri Lucas Guðjohnsen,dribbling,61.733673,64.0,2.266326904296875
Anass Zaroury,dribbling,73.736084,76.0,2.263916015625
Benjamin Kanuric,dribbling,60.73769,63.0,2.262310028076172
Preston Judd,dribbling,52.2571,50.0,2.257099151611328
Aleksa Pejić,dribbling,59.74401,62.0,2.2559890747070312
Habib Sylla,dribbling,63.746666,66.0,2.2533340454101562
Anthony Roncaglia,dribbling,58.752686,61.0,2.247314453125
Matthéo Xantippe,dribbling,63.24636,61.0,2.2463607788085938
Stefano Russo,dribbling,61.24636,59.0,2.2463607788085938
Jamie Lawrence,dribbling,41.24574,39.0,2.245738983154297
Augustine Boakye,dribbling,64.759026,67.0,2.2409744262695312
Patrick Wood,dribbling,57.240685,55.0,2.2406845092773438
Josh Austerfield,dribbling,55.239815,53.0,2.2398147583007812
Tyrese Shade,dribbling,63.238667,61.0,2.238666534423828
Zymer Bytyqi,dribbling,69.7615,72.0,2.2385025024414062
Conor Coventry,dribbling,67.23822,65.0,2.23822021484375
Louis Mouton,dribbling,57.237152,55.0,2.237152099609375
Cosmin Bucuroiu,dribbling,58.233772,56.0,2.2337722778320312
Kenneth Schmidt,dribbling,46.232983,44.0,2.232982635498047
Cian Hayes,dribbling,65.232475,63.0,2.2324752807617188
Thibault Klidje,dribbling,65.76782,68.0,2.232177734375
Meritan Shabani,dribbling,65.23071,63.0,2.230712890625
Finn Ole Becker,dribbling,72.76943,75.0,2.2305679321289062
Dylan Portilla,dribbling,64.769966,67.0,2.2300338745117188
Batista Mendy,dribbling,59.77072,62.0,2.229278564453125
Marko Lazetić,dribbling,65.22926,63.0,2.2292633056640625
Victor Larsson,dribbling,50.226826,48.0,2.226825714111328
Jibril Ibrahimi,dribbling,59.77441,62.0,2.2255897521972656
Bryce Hosannah,dribbling,58.213474,56.0,2.2134742736816406
Joe Rankin-Costello,dribbling,66.78759,69.0,2.2124099731445312
Aventis Aventisian,dribbling,55.789413,58.0,2.2105865478515625
Kevin Felida,dribbling,58.210407,56.0,2.210407257080078
Max Rosenfelder,dribbling,41.79075,44.0,2.2092514038085938
Nathan Tjoe-A-On,dribbling,56.7913,59.0,2.208698272705078
Andy Pembélé,dribbling,64.79798,67.0,2.2020187377929688
Alessio Besio,dribbling,56.197563,54.0,2.1975631713867188
Alessandro Buongiorno,dribbling,57.80663,60.0,2.193370819091797
Yassin Oukili,dribbling,63.81427,66.0,2.18572998046875
Bradley Fink,dribbling,59.184834,57.0,2.184833526611328
Yusuf Barası,dribbling,65.819626,68.0,2.1803741455078125
Jack Vale,dribbling,62.17838,60.0,2.1783790588378906
Patryk Dziczek,dribbling,65.17837,63.0,2.1783676147460938
Bruno Amione,dribbling,46.176582,44.0,2.1765823364257812
Joel Senior,dribbling,55.17559,53.0,2.1755905151367188
Greg Kiltie,dribbling,67.17451,65.0,2.1745071411132812
Hannibal Mejbri,dribbling,66.82813,69.0,2.1718673706054688
Mads Pedersen,dribbling,70.83629,73.0,2.1637115478515625
Hakim Guenouche,dribbling,65.836464,68.0,2.1635360717773438
Sebastian Saftig,dribbling,47.16328,45.0,2.163280487060547
Boris Singh,dribbling,57.162685,55.0,2.1626853942871094
Nicolas Milanovic,dribbling,61.162323,59.0,2.162322998046875
Harald Nilsen Tangen,dribbling,69.83793,72.0,2.1620712280273438
Fabian Greilinger,dribbling,68.15871,66.0,2.1587066650390625
Oliver Valaker Edvardsen,dribbling,68.15796,66.0,2.157958984375
Tjay De Barr,dribbling,60.157772,58.0,2.1577720642089844
Nasser Al Bishi,dribbling,55.15764,53.0,2.1576385498046875
Maximilien Balard,dribbling,56.842945,59.0,2.157054901123047
Adrian Durrer,dribbling,49.15589,47.0,2.1558914184570312
Anthony Olusanya,dribbling,59.8449,62.0,2.155101776123047
Nicolae Păun,dribbling,60.150017,58.0,2.1500167846679688
Joshua Cavallo,dribbling,62.148476,60.0,2.1484756469726562
Alfie Devine,dribbling,59.85437,62.0,2.1456298828125
Denis Genreau,dribbling,65.854645,68.0,2.145355224609375
Timothy Noor Ouma,dribbling,57.14399,55.0,2.1439895629882812
Moritz Jenz,dribbling,48.856785,51.0,2.1432151794433594
Lucas Mauragis,dribbling,59.141914,57.0,2.1419143676757812
Yannik Engelhardt,dribbling,59.858807,62.0,2.141193389892578
Mika Baur,dribbling,65.85978,68.0,2.1402206420898438
Alexandru Jipa,dribbling,54.139816,52.0,2.1398162841796875
Scott Smith,dribbling,55.137268,53.0,2.13726806640625
Samuel Rogers,dribbling,56.134457,54.0,2.1344566345214844
Isaac Olaofe,dribbling,65.12933,63.0,2.12933349609375
Jesper Ceesay,dribbling,56.870842,59.0,2.1291580200195312
Fredrik Oppegård,dribbling,61.871746,64.0,2.128253936767578
Sidney Raebiger,dribbling,66.12801,64.0,2.1280136108398438
Igoh Ogbu,dribbling,57.119255,55.0,2.1192550659179688
Lino Tempelmann,dribbling,71.88486,74.0,2.115142822265625
Görkem Sağlam,dribbling,67.115,65.0,2.1149978637695312
Adam Devine,dribbling,55.887127,58.0,2.112873077392578
Kevin Ortiz,dribbling,58.889023,61.0,2.1109771728515625
Patricio Ostachuk,dribbling,59.10749,57.0,2.1074905395507812
Mallik Wilks,dribbling,69.89325,72.0,2.10675048828125
John Kitolano,dribbling,64.10326,62.0,2.1032562255859375
Magnus Warming,dribbling,68.9007,71.0,2.0992965698242188
Marco Sala,dribbling,65.904305,68.0,2.0956954956054688
Patrick Yazbek,dribbling,59.09438,57.0,2.094379425048828
Tyrhys Dolan,dribbling,72.90635,75.0,2.0936508178710938
Francis Momoh,dribbling,56.908436,59.0,2.091564178466797
Tobias Berger,dribbling,60.090515,58.0,2.09051513671875
Owen Gene,dribbling,60.910194,63.0,2.0898056030273438
Paul Nebel,dribbling,72.91496,75.0,2.0850372314453125
Jacob Davenport,dribbling,59.0846,57.0,2.0845985412597656
Agustín Baldi,dribbling,62.07724,60.0,2.077239990234375
Samuel Abifade,dribbling,64.92398,67.0,2.076019287109375
Thomas Santos,dribbling,60.92576,63.0,2.0742416381835938
Gabriele Ferrarini,dribbling,66.926186,69.0,2.0738143920898438
Vetle Skjærvik,dribbling,48.073814,46.0,2.0738143920898438
Cameron McJannet,dribbling,56.926884,59.0,2.0731163024902344
Vladislav Molchan,dribbling,37.072132,35.0,2.072132110595703
Vincy Barretto,dribbling,57.07044,55.0,2.0704383850097656
Enea Mihaj,dribbling,49.06807,47.0,2.0680694580078125
Matías Silva,dribbling,56.9328,59.0,2.06719970703125
Madou Touré,dribbling,54.064426,52.0,2.0644264221191406
Oskar Leśniak,dribbling,57.935635,60.0,2.0643653869628906
Mor Ndiaye,dribbling,57.93637,60.0,2.063629150390625
Callum Styles,dribbling,70.062096,68.0,2.0620956420898438
Jeakson Singh,dribbling,57.059273,55.0,2.0592727661132812
Antonio Jonjić,dribbling,68.95024,71.0,2.0497589111328125
Niklas Jessen,dribbling,60.0497,58.0,2.049701690673828
Pietro Pellegri,dribbling,67.95062,70.0,2.04937744140625
Nathan Harriel,dribbling,56.048775,54.0,2.0487747192382812
Mamadou Coulibaly,dribbling,67.04874,65.0,2.048736572265625
Adam Wharton,dribbling,61.95271,64.0,2.047290802001953
Florian Kleinhansl,dribbling,70.042885,68.0,2.0428848266601562
Jonathan Afolabi,dribbling,55.042126,53.0,2.042125701904297
El Bilal Touré,dribbling,67.95964,70.0,2.0403594970703125
Manuel García,dribbling,59.03956,57.0,2.0395584106445312
Mohamed Kaba,dribbling,61.96325,64.0,2.0367507934570312
Maxim De Cuyper,dribbling,66.96435,69.0,2.0356521606445312
Georgios Vagiannidis,dribbling,51.964966,54.0,2.0350341796875
Xander Martlé,dribbling,65.0349,63.0,2.0348968505859375
Dickson Abiama,dribbling,66.96751,69.0,2.0324935913085938
Leo Walta,dribbling,62.029346,60.0,2.029346466064453
Neil Farrugia,dribbling,61.97072,64.0,2.0292816162109375
Derry John Murkin,dribbling,57.02884,55.0,2.028839111328125
Shayne Pattynama,dribbling,59.02723,57.0,2.0272293090820312
Mads Bech Sørensen,dribbling,57.026905,55.0,2.026905059814453
Can Bozdoğan,dribbling,72.97374,75.0,2.0262603759765625
Charlie Savage,dribbling,58.975304,61.0,2.0246963500976562
Frankie Amaya,dribbling,69.02457,67.0,2.024566650390625
Louis Patris,dribbling,54.976,57.0,2.023998260498047
CJ Egan-Riley,dribbling,56.984077,59.0,2.0159225463867188
Connor O'Toole,dribbling,63.013866,61.0,2.013866424560547
Sander Svendsen,dribbling,69.013275,67.0,2.013275146484375
Ask Tjærandsen-Skau,dribbling,61.012638,59.0,2.0126380920410156
Niall Huggins,dribbling,57.989502,60.0,2.010498046875
Johan Bakke,dribbling,57.00954,55.0,2.009540557861328
Ogechika Heil,dribbling,68.0089,66.0,2.0089035034179688
Mads Frøkjær-Jensen,dribbling,66.99123,69.0,2.0087738037109375
Noel Niemann,dribbling,67.992386,70.0,2.0076141357421875
Adrian Gryszkiewicz,dribbling,60.00596,58.0,2.0059585571289062
Ronan Boyce,dribbling,55.003376,53.0,2.003376007080078
Joe Tomlinson,dribbling,60.002193,58.0,2.0021934509277344
Logan Delaurier-Chaubet,dribbling,67.99948,70.0,2.000518798828125
Michael Ameyaw,dribbling,61.999493,60.0,1.9994926452636719
Hubert Szulc,dribbling,56.99262,55.0,1.9926185607910156
Etienne Camara,dribbling,58.007908,60.0,1.9920921325683594
Philipp Schulz,dribbling,52.99208,51.0,1.9920806884765625
Dawid Kurminowski,dribbling,61.989742,60.0,1.9897422790527344
Kaan Caliskaner,dribbling,67.0118,69.0,1.9881973266601562
Gyan de Regt,dribbling,60.011944,62.0,1.9880561828613281
Kevin Wiethaup,dribbling,60.01306,62.0,1.9869384765625
Mattia Zanotti,dribbling,68.01339,70.0,1.9866104125976562
Denso Kasius,dribbling,62.02256,64.0,1.9774398803710938
Lachlan Rose,dribbling,58.97744,57.0,1.9774398803710938
José Alfredo Flores,dribbling,59.0241,61.0,1.9758987426757812
Halil İbrahim Dervişoğlu,dribbling,72.02438,74.0,1.975616455078125
Erlend Dahl Reitan,dribbling,60.02785,62.0,1.9721488952636719
Nilson Angulo,dribbling,68.030174,70.0,1.9698257446289062
Lucas Kåhed,dribbling,60.037315,62.0,1.9626846313476562
Alexander Freeman,dribbling,46.039722,48.0,1.9602775573730469
Maximilian Wittek,dribbling,69.04304,71.0,1.9569625854492188
Guillermo Balzi,dribbling,63.953667,62.0,1.9536666870117188
Constantin Grameni,dribbling,63.046997,65.0,1.9530029296875
Daniel Eduardo Juárez,dribbling,67.952415,66.0,1.9524154663085938
Giordano Colli,dribbling,58.95215,57.0,1.9521484375
Ben Chrisene,dribbling,65.950264,64.0,1.9502639770507812
Frederik Recktenwald,dribbling,59.948135,58.0,1.9481353759765625
Akash Mishra,dribbling,56.946487,55.0,1.9464874267578125
Aleksander D. Nilsson,dribbling,61.946392,60.0,1.9463920593261719
Olivier Deman,dribbling,69.94553,68.0,1.9455337524414062
Mads Hansen,dribbling,64.06879,66.0,1.93121337890625
Rafik Zekhnini,dribbling,67.930824,66.0,1.9308242797851562
Michał Feliks,dribbling,59.930702,58.0,1.9307022094726562
Kevin Martin Krygård,dribbling,62.923515,61.0,1.9235153198242188
Noel Eichinger,dribbling,55.07682,57.0,1.9231796264648438
Harvey Macadam,dribbling,57.082962,59.0,1.9170379638671875
Henning Matriciani,dribbling,53.91697,52.0,1.9169692993164062
Martin Šviderský,dribbling,61.91103,60.0,1.9110298156738281
Laurenz Dehl,dribbling,64.91016,63.0,1.91015625
Luka Romero,dribbling,71.09553,73.0,1.9044723510742188
Marcelo Esponda,dribbling,60.096046,62.0,1.9039535522460938
Dilane Bakwa,dribbling,70.09806,72.0,1.9019393920898438
Burak Kapacak,dribbling,69.1012,71.0,1.8988037109375
Jurgen Çelhaka,dribbling,57.89479,56.0,1.8947906494140625
Bryce Miranda,dribbling,56.892994,55.0,1.8929939270019531
Jan Sobociński,dribbling,38.891193,37.0,1.8911933898925781
Lucas Halangk,dribbling,56.889748,55.0,1.8897476196289062
Dennis Borkowski,dribbling,66.11351,68.0,1.8864898681640625
Pascal Müller,dribbling,57.88124,56.0,1.8812408447265625
Reyes Cleary,dribbling,58.87961,57.0,1.879608154296875
Dan Nlundulu,dribbling,57.12373,59.0,1.8762702941894531
Anthony Schmid,dribbling,65.12616,67.0,1.87384033203125
Oliver Hammond,dribbling,59.126373,61.0,1.873626708984375
Fabricio Vidal,dribbling,50.871742,49.0,1.8717422485351562
Brian Plat,dribbling,40.12994,42.0,1.8700599670410156
Josh Flint,dribbling,56.869186,55.0,1.8691864013671875
Drissa Camara,dribbling,59.136253,61.0,1.8637466430664062
Noa Savignac,dribbling,58.1391,60.0,1.86090087890625
Damian Rivera,dribbling,68.13978,70.0,1.8602218627929688
James Balagizi,dribbling,63.140358,65.0,1.8596420288085938
Lorenz Assignon,dribbling,69.14252,71.0,1.85748291015625
Julius Ertlthaler,dribbling,65.85481,64.0,1.8548126220703125
Mariusz Fornalczyk,dribbling,70.14574,72.0,1.8542633056640625
Iron Gomis,dribbling,67.150696,69.0,1.84930419921875
Sékou Mara,dribbling,67.15097,69.0,1.849029541015625
Maël de Gevigney,dribbling,50.84839,49.0,1.848388671875
Dion De Neve,dribbling,66.84768,65.0,1.8476791381835938
Christoph Klarer,dribbling,49.846252,48.0,1.84625244140625
Anton Sorenson,dribbling,50.846138,49.0,1.8461380004882812
Tymoteusz Puchacz,dribbling,68.15424,70.0,1.8457565307617188
Maciej Śliwa,dribbling,66.84335,65.0,1.843353271484375
Kai Corbett,dribbling,53.15794,55.0,1.8420600891113281
Elias Hoff Melkersen,dribbling,59.841198,58.0,1.8411979675292969
Vegard Kongsro,dribbling,57.839256,56.0,1.8392562866210938
Othman Al Othman,dribbling,53.83855,52.0,1.8385505676269531
Mehdi Dorval,dribbling,62.162132,64.0,1.8378677368164062
Oussama El Azzouzi,dribbling,65.16251,67.0,1.8374862670898438
Ethon Varian,dribbling,55.8371,54.0,1.8371009826660156
Robin Hack,dribbling,72.16838,74.0,1.8316192626953125
Raphaël Eyongo,dribbling,60.1687,62.0,1.831298828125
Andrei Dragu,dribbling,62.17425,64.0,1.8257484436035156
Sebastian Nanasi,dribbling,71.17442,73.0,1.8255767822265625
Cheick Keita,dribbling,47.178493,49.0,1.8215065002441406
Callum Wright,dribbling,66.81641,65.0,1.81640625
Jakub Niemczyk,dribbling,54.81554,53.0,1.8155403137207031
Adrián Alcaraz,dribbling,62.18658,64.0,1.8134193420410156
Oisín McEntee,dribbling,46.187122,48.0,1.8128776550292969
Solomon Bonnah,dribbling,60.190163,62.0,1.8098373413085938
Kelvin Abrefa,dribbling,54.194733,56.0,1.805267333984375
Teddy Alloh,dribbling,66.80156,65.0,1.8015594482421875
George Miller,dribbling,60.800472,59.0,1.8004722595214844
Luca Hoole,dribbling,58.201622,60.0,1.7983779907226562
Michael Obafemi,dribbling,69.795845,68.0,1.7958450317382812
Allan Campbell,dribbling,67.7944,66.0,1.794403076171875
Daniel Maldini,dribbling,66.20669,68.0,1.7933120727539062
Julius Kade,dribbling,68.79233,67.0,1.792327880859375
Edward Caspers,dribbling,51.790302,50.0,1.7903022766113281
Francesco Lo Celso,dribbling,65.788734,64.0,1.7887344360351562
Marco Rus,dribbling,60.21458,62.0,1.7854194641113281
Ismael Cortez,dribbling,58.21748,60.0,1.7825202941894531
Kai Klefisch,dribbling,63.781605,62.0,1.7816047668457031
Owen Dale,dribbling,66.779686,65.0,1.7796859741210938
Charlie McCann,dribbling,63.77897,62.0,1.7789688110351562
Nico Hug,dribbling,62.22166,64.0,1.7783393859863281
Jordi Osei-Tutu,dribbling,68.222725,70.0,1.7772750854492188
Luke Mbete,dribbling,57.776566,56.0,1.7765655517578125
Jason Ceka,dribbling,73.22423,75.0,1.7757720947265625
Ryan Wintle,dribbling,63.774128,62.0,1.7741279602050781
Harrison Burrows,dribbling,66.77326,65.0,1.7732620239257812
Jack Robinson,dribbling,49.227077,51.0,1.7729225158691406
Matías Alfonso,dribbling,58.77291,57.0,1.7729110717773438
Melle Meulensteen,dribbling,63.769783,62.0,1.7697830200195312
Tomás Galván,dribbling,70.23239,72.0,1.767608642578125
Jerome Opoku,dribbling,56.76595,55.0,1.7659492492675781
Djenahro Nunumete,dribbling,64.76364,63.0,1.763641357421875
Jordan Lawrence-Gabriel,dribbling,64.23665,66.0,1.7633514404296875
Elies Mahmoud,dribbling,67.23702,69.0,1.7629776000976562
Konstantinos Koulierakis,dribbling,58.243633,60.0,1.7563667297363281
Eduard Radaslavescu,dribbling,62.75621,61.0,1.7562103271484375
Bruno Gutiérrez,dribbling,60.245514,62.0,1.754486083984375
Salem Al Toiawy,dribbling,52.753517,51.0,1.7535171508789062
Fotis Ioannidis,dribbling,68.24682,70.0,1.7531814575195312
Ernest Muçi,dribbling,67.24946,69.0,1.7505416870117188
Ravil Tagir,dribbling,60.74945,59.0,1.74945068359375
Vontae Daley-Campbell,dribbling,55.74942,54.0,1.749420166015625
Luc Ihorst,dribbling,59.252594,61.0,1.747406005859375
Ignacio Agustín Rodríguez,dribbling,62.253548,64.0,1.7464523315429688
Benjamin Böckle,dribbling,56.74622,55.0,1.7462196350097656
Jaylin Lindsey,dribbling,61.74507,60.0,1.7450714111328125
Tom Rothe,dribbling,58.738148,57.0,1.7381477355957031
Ismaël Boura,dribbling,70.266975,72.0,1.7330245971679688
Kian Harratt,dribbling,57.73147,56.0,1.7314682006835938
Seok-ju Hong,dribbling,64.26997,66.0,1.7300262451171875
Juan José Cáceres,dribbling,63.726067,62.0,1.7260665893554688
Daniel Wilmering,dribbling,57.724106,56.0,1.7241058349609375
Babajide Adeeko,dribbling,57.72392,56.0,1.7239189147949219
Louis Torres,dribbling,61.723755,60.0,1.7237548828125
Josh Reid,dribbling,57.72262,56.0,1.7226181030273438
Jonathan Leko,dribbling,66.72179,65.0,1.7217864990234375
Kelvin Arase,dribbling,71.718506,70.0,1.718505859375
Albion Ademi,dribbling,68.28276,70.0,1.7172393798828125
Dylan Mbayo,dribbling,71.28297,73.0,1.7170333862304688
Yentl Van Genechten,dribbling,57.285583,59.0,1.71441650390625
Uran Bislimi,dribbling,65.28726,67.0,1.712738037109375
Amadou Mbengue,dribbling,49.28852,51.0,1.7114791870117188
Filip Marchwiński,dribbling,65.29061,67.0,1.7093887329101562
Connor Mahoney,dribbling,71.29319,73.0,1.7068099975585938
Franco Díaz,dribbling,66.29561,68.0,1.7043914794921875
Carlos Mendes Gomes,dribbling,67.70149,66.0,1.7014923095703125
Taylor Luvambo,dribbling,63.699703,62.0,1.6997032165527344
Vahan Bichakhchyan,dribbling,67.698364,66.0,1.6983642578125
Žan Celar,dribbling,67.302055,69.0,1.6979446411132812
Dijon Kameri,dribbling,70.30398,72.0,1.6960220336914062
Sanjeev Stalin,dribbling,50.69345,49.0,1.693450927734375
Gautier Lloris,dribbling,50.691483,49.0,1.6914825439453125
Liam Scales,dribbling,59.30855,61.0,1.6914482116699219
Dawid Drachal,dribbling,55.310295,57.0,1.6897048950195312
Thomas Aquilina,dribbling,61.686234,60.0,1.6862335205078125
Jani Atanasov,dribbling,64.31835,66.0,1.6816482543945312
Adis Jasic,dribbling,65.31967,67.0,1.680328369140625
Antwoine Hackford,dribbling,59.680206,58.0,1.680206298828125
Tanguy Zoukrou,dribbling,36.679546,35.0,1.6795463562011719
Yahya Al Najai,dribbling,57.677155,56.0,1.677154541015625
Vetle Walle Egeli,dribbling,58.676414,57.0,1.6764144897460938
Hugo Vogel,dribbling,55.67409,54.0,1.6740913391113281
Lewis Gordon,dribbling,56.32959,58.0,1.67041015625
Dominik Kother,dribbling,70.67028,69.0,1.6702804565429688
Sami Lahssaini,dribbling,66.33269,68.0,1.6673126220703125
Odin Luraas Bjørtuft,dribbling,50.666473,49.0,1.666473388671875
Bent Andresen,dribbling,59.3366,61.0,1.6633987426757812
Jeremy Ngakia,dribbling,66.33666,68.0,1.6633377075195312
Dion Sanderson,dribbling,57.661407,56.0,1.661407470703125
Edwin Cerrillo,dribbling,57.660828,56.0,1.66082763671875
Mohamed Amoura,dribbling,69.65989,68.0,1.6598892211914062
Sambou Soumano,dribbling,68.34358,70.0,1.6564178466796875
Alan Nuñez,dribbling,53.655922,52.0,1.6559219360351562
Nohan Kenneh,dribbling,58.655647,57.0,1.6556472778320312
Sakarias Opsahl,dribbling,64.65102,63.0,1.6510162353515625
Formose Mendy,dribbling,56.6505,55.0,1.6505012512207031
Zack Farnsworth,dribbling,53.642426,52.0,1.642425537109375
Jake Morris,dribbling,49.36442,51.0,1.6355781555175781
Kortney Hause,dribbling,55.62819,54.0,1.6281890869140625
Isaac Ogundere,dribbling,55.37353,57.0,1.6264686584472656
Mai Traore,dribbling,58.62635,57.0,1.6263504028320312
Ezequiel Alfonso,dribbling,68.3751,70.0,1.6249008178710938
Carlos Esparragoza,dribbling,67.62464,66.0,1.6246414184570312
Jake Bickerstaff,dribbling,55.619366,54.0,1.6193656921386719
Anders Klynge,dribbling,66.615944,65.0,1.6159439086914062
Mounaïm El Idrissy,dribbling,68.38427,70.0,1.6157302856445312
Cemali Sertel,dribbling,63.386215,65.0,1.6137847900390625
Herbie Kane,dribbling,65.61212,64.0,1.61212158203125
Matúš Holíček,dribbling,56.610325,55.0,1.6103248596191406
Oscar Luigi Fraulo,dribbling,62.609573,61.0,1.6095733642578125
Ben Paton,dribbling,57.608047,56.0,1.6080474853515625
Mohammed Sangare,dribbling,58.39197,60.0,1.6080284118652344
Mason Bennett,dribbling,68.60741,67.0,1.6074066162109375
Mauro Méndez,dribbling,63.392784,65.0,1.6072158813476562
Innes Cameron,dribbling,57.60715,56.0,1.6071510314941406
Erencan Yardımcı,dribbling,60.398,62.0,1.6020011901855469
Mattéo Tramoni,dribbling,70.399445,72.0,1.600555419921875
Alfie Lewis,dribbling,63.594074,62.0,1.5940742492675781
Ryan Ledson,dribbling,63.591515,62.0,1.5915145874023438
Mateusz Wdowiak,dribbling,67.59131,66.0,1.59130859375
Paul Omo Mukairu,dribbling,69.59039,68.0,1.59039306640625
Jojea Kwizera,dribbling,61.41674,63.0,1.5832595825195312
Lennard Maloney,dribbling,57.41817,59.0,1.5818290710449219
Lukas Pinckert,dribbling,58.419544,60.0,1.5804557800292969
Eric Uhlmann,dribbling,59.573696,58.0,1.5736961364746094
Yanis Cimignani,dribbling,71.43293,73.0,1.5670700073242188
Oliver Sonne,dribbling,63.433983,65.0,1.5660171508789062
Merlin Röhl,dribbling,67.43537,69.0,1.5646286010742188
Mehdi Loune,dribbling,65.43817,67.0,1.56182861328125
Nene Dorgeles,dribbling,69.439384,71.0,1.5606155395507812
Isak Jansson,dribbling,69.56047,68.0,1.5604705810546875
Aidan Keena,dribbling,62.441143,64.0,1.5588569641113281
Harrison Ashby,dribbling,57.55797,56.0,1.5579681396484375
Logan Ndenbe,dribbling,66.55621,65.0,1.55621337890625
Julian Hettwer,dribbling,62.444405,64.0,1.5555953979492188
Daniel Karlsbakk,dribbling,59.450134,61.0,1.54986572265625
Agustín Chopitea,dribbling,52.54701,51.0,1.5470085144042969
Cyrill Akono,dribbling,60.453064,62.0,1.54693603515625
Vlad Pop,dribbling,59.546745,58.0,1.5467453002929688
Wiktor Długosz,dribbling,62.45806,64.0,1.5419387817382812
Betim Fazliji,dribbling,56.5407,55.0,1.5406990051269531
Vebjørn Hoff,dribbling,67.54051,66.0,1.5405120849609375
Ayman Azhil,dribbling,65.53173,64.0,1.5317306518554688
Osaze Urhoghide,dribbling,59.53116,58.0,1.531158447265625
Josh Coburn,dribbling,57.46894,59.0,1.5310592651367188
Thomas Sabitzer,dribbling,68.46911,70.0,1.5308914184570312
Japhet Sery Larsen,dribbling,58.528633,57.0,1.5286331176757812
Tim Köther,dribbling,59.52735,58.0,1.5273513793945312
Amir Abdijanovic,dribbling,58.475227,60.0,1.5247726440429688
Alfie Jones,dribbling,58.522335,57.0,1.5223350524902344
Jekob Abiezer Jeno,dribbling,54.518364,53.0,1.5183639526367188
Aaron Pressley,dribbling,57.51778,56.0,1.5177803039550781
Dean Williams,dribbling,58.51773,57.0,1.517730712890625
Matthew Nocita,dribbling,39.513607,38.0,1.5136070251464844
Andrea Carboni,dribbling,60.51172,59.0,1.51171875
John Mahon,dribbling,51.509663,50.0,1.5096626281738281
Guillaume Furrer,dribbling,61.490906,63.0,1.50909423828125
Jay Stansfield,dribbling,63.508965,62.0,1.5089645385742188
Mathias Løvik,dribbling,58.49162,60.0,1.5083808898925781
Tyler Morton,dribbling,66.50636,65.0,1.5063629150390625
Ilija Vukotić,dribbling,65.49422,67.0,1.5057830810546875
Michel Stöcker,dribbling,46.500526,45.0,1.5005264282226562
Gabriel Osho,dribbling,58.499474,60.0,1.5005264282226562
Kevin Doukoure,dribbling,61.508255,63.0,1.4917449951171875
Niklas Kölle,dribbling,60.49138,59.0,1.4913787841796875
Noah Fadiga,dribbling,65.50947,67.0,1.4905319213867188
Musa Juwara,dribbling,71.489334,70.0,1.4893341064453125
Jayden Nelson,dribbling,70.51128,72.0,1.4887237548828125
Isaiah Parente,dribbling,58.515373,60.0,1.4846267700195312
Lukas Schleimer,dribbling,69.52679,71.0,1.4732131958007812
Bryan Nokoue,dribbling,57.473045,56.0,1.4730453491210938
Nils Rossen,dribbling,60.527966,62.0,1.4720344543457031
Cameron Peupion,dribbling,57.527992,59.0,1.4720077514648438
Gavin Hodgins,dribbling,56.469124,55.0,1.4691238403320312
Ishaq Abdulrazak,dribbling,69.46449,68.0,1.4644927978515625
Rory Jordan,dribbling,57.4601,56.0,1.4600982666015625
Lewin Blum,dribbling,56.459614,55.0,1.4596138000488281
Lenn Jastremski,dribbling,56.459053,55.0,1.4590530395507812
Mark Dignam,dribbling,55.457397,54.0,1.4573974609375
Brandan Craig,dribbling,55.454903,54.0,1.4549026489257812
Mohamed El Arouch,dribbling,71.54709,73.0,1.452911376953125
Nishan Velupillay,dribbling,61.547905,63.0,1.4520950317382812
Kamil Pestka,dribbling,62.451305,61.0,1.4513053894042969
Kelland Watts,dribbling,57.45072,56.0,1.4507217407226562
Rassoul Ndiaye,dribbling,63.54941,65.0,1.4505882263183594
George Thomason,dribbling,62.449852,61.0,1.4498519897460938
Jack Sparkes,dribbling,60.552513,62.0,1.4474868774414062
Mathis Lachuer,dribbling,71.55414,73.0,1.44586181640625
Tom Fellows,dribbling,60.442413,59.0,1.442413330078125
Frederik Lauenborg,dribbling,62.55922,64.0,1.4407806396484375
Cole Palmer,dribbling,69.562416,71.0,1.4375839233398438
Gabriel Charpentier,dribbling,61.563927,63.0,1.4360733032226562
Nicholas Mickelson,dribbling,60.434975,59.0,1.4349746704101562
Leonhard Münst,dribbling,60.566864,62.0,1.433135986328125
Vesel Demaku,dribbling,64.57375,66.0,1.4262466430664062
Salim Diakité,dribbling,46.57421,48.0,1.4257888793945312
Liam Lindsay,dribbling,47.57622,49.0,1.4237785339355469
Ryan Flamingo,dribbling,62.42188,61.0,1.4218788146972656
Bertram Kvist,dribbling,59.417248,58.0,1.4172477722167969
Kamil Dankowski,dribbling,63.412807,62.0,1.4128074645996094
Valentino Müller,dribbling,65.41143,64.0,1.4114303588867188
Robert Wagner,dribbling,63.590088,65.0,1.409912109375
Maksim Stjopin,dribbling,58.5921,60.0,1.4079017639160156
Romeo Giovannini,dribbling,59.592976,61.0,1.4070243835449219
Barış Alper Yılmaz,dribbling,67.595985,69.0,1.4040145874023438
Oleg Ocheretko,dribbling,63.596176,65.0,1.4038238525390625
Fin Back,dribbling,54.399902,53.0,1.39990234375
Johan Arath Gómez,dribbling,69.60229,71.0,1.3977127075195312
Thibaut Vargas,dribbling,62.39629,61.0,1.3962898254394531
Igor Matanović,dribbling,63.604767,65.0,1.395233154296875
Marvin Mehlem,dribbling,73.60556,75.0,1.394439697265625
Jez Lofthouse,dribbling,61.394054,60.0,1.3940544128417969
Zidane Iqbal,dribbling,66.60827,68.0,1.3917312622070312
Jodi Jones,dribbling,68.39139,67.0,1.391387939453125
Andreas Bruus,dribbling,65.38849,64.0,1.38848876953125
Daniel Chesters,dribbling,63.388203,62.0,1.3882026672363281
Namgyal Bhutia,dribbling,51.38415,50.0,1.3841514587402344
Joseph Gbode,dribbling,49.616505,51.0,1.3834953308105469
Zinédine Ould Khaled,dribbling,62.62278,64.0,1.3772201538085938
Juan José Giménez,dribbling,61.375004,60.0,1.3750038146972656
Stefan Colakovski,dribbling,58.37409,57.0,1.3740882873535156
Josh Andrews,dribbling,54.37324,53.0,1.3732414245605469
Anton Tsarenko,dribbling,66.371414,65.0,1.3714141845703125
Chem Campbell,dribbling,65.63022,67.0,1.369781494140625
Michał Rakoczy,dribbling,65.63108,67.0,1.3689193725585938
Medon Berisha,dribbling,58.367077,57.0,1.3670768737792969
Youssef Amyn,dribbling,70.36611,69.0,1.3661117553710938
Jordan Williams,dribbling,63.634285,65.0,1.3657150268554688
Sergio Oregel,dribbling,55.364754,54.0,1.3647537231445312
Yusuf Sarı,dribbling,73.635345,75.0,1.364654541015625
Julian Gaines,dribbling,52.360023,51.0,1.3600234985351562
Thomas Rekdal,dribbling,59.358856,58.0,1.358856201171875
Josh Benson,dribbling,65.356804,64.0,1.3568038940429688
Alan Rodríguez,dribbling,74.64601,76.0,1.3539886474609375
Lamare Bogarde,dribbling,58.64625,60.0,1.3537483215332031
Valentín Sánchez,dribbling,65.64706,67.0,1.3529434204101562
Marko Divković,dribbling,64.35046,63.0,1.3504562377929688
Justin Butler,dribbling,59.342632,58.0,1.3426322937011719
Žan Rogelj,dribbling,67.341736,66.0,1.34173583984375
Josh Earl,dribbling,64.34138,63.0,1.3413772583007812
Dominic Thompson,dribbling,58.340218,57.0,1.3402175903320312
Jamil Siebert,dribbling,46.338703,45.0,1.3387031555175781
Anouar Ait El Hadj,dribbling,74.33838,73.0,1.33837890625
Greg Docherty,dribbling,67.66202,69.0,1.337982177734375
Andres Jasson,dribbling,63.664024,65.0,1.3359756469726562
Scott Robertson,dribbling,65.32832,64.0,1.3283233642578125
Gonzalo Piñeiro,dribbling,59.673267,61.0,1.3267326354980469
Edvin Kurtulus,dribbling,62.67331,64.0,1.326690673828125
Zak Vyner,dribbling,58.67973,60.0,1.3202705383300781
Ayrton Paz,dribbling,54.68168,56.0,1.3183212280273438
Dylan Williams,dribbling,59.317924,58.0,1.3179244995117188
Abdullah Al Hamdan,dribbling,60.316116,59.0,1.3161163330078125
Yannik Keitel,dribbling,63.31416,62.0,1.3141593933105469
Xavier Simons,dribbling,61.68723,63.0,1.3127708435058594
Aljaž Casar,dribbling,61.68808,63.0,1.311920166015625
Alessandro Lopane,dribbling,61.310257,60.0,1.3102569580078125
Moussa Sylla,dribbling,70.30773,69.0,1.3077316284179688
Hampus Finndell,dribbling,68.30737,67.0,1.307373046875
André Boman,dribbling,60.693245,62.0,1.3067550659179688
Danny McNamara,dribbling,66.3066,65.0,1.3066024780273438
Lisandru Tramoni,dribbling,66.69742,68.0,1.302581787109375
Steffen Tigges,dribbling,55.69783,57.0,1.3021697998046875
Juan Boselli,dribbling,69.6983,71.0,1.30169677734375
Raphael Borges Rodrigues,dribbling,56.703354,58.0,1.2966461181640625
Charlie Patino,dribbling,65.703964,67.0,1.2960357666015625
Evann Guessand,dribbling,67.705414,69.0,1.294586181640625
Saikou Janneh,dribbling,58.29328,57.0,1.2932815551757812
Jerry Skotadis,dribbling,58.292305,57.0,1.2923049926757812
Louis Zabala,dribbling,59.29057,58.0,1.2905693054199219
Leandro Lozano,dribbling,65.28836,64.0,1.288360595703125
Théo Magnin,dribbling,58.288315,57.0,1.2883148193359375
Zac Williams,dribbling,50.285046,49.0,1.2850456237792969
Jacky Donkor,dribbling,67.7156,69.0,1.2844009399414062
Taylor Moore,dribbling,57.716045,59.0,1.2839546203613281
Semih Sahin,dribbling,59.721268,61.0,1.2787322998046875
Sonny Cox,dribbling,56.725037,58.0,1.27496337890625
Mads Bidstrup,dribbling,68.27407,67.0,1.2740707397460938
Conor McCarthy,dribbling,51.27384,50.0,1.2738418579101562
Marcin Listkowski,dribbling,70.27343,69.0,1.2734298706054688
Sebastian Aigner,dribbling,61.262478,60.0,1.2624778747558594
Ole Enersen,dribbling,63.262287,62.0,1.2622871398925781
Matteo Meisl,dribbling,47.2588,46.0,1.2588005065917969
Anwar Ali,dribbling,51.25727,50.0,1.2572708129882812
Bali Mumba,dribbling,69.74363,71.0,1.2563705444335938
Jack Rudoni,dribbling,65.745026,67.0,1.254974365234375
Roshan Singh,dribbling,59.246506,58.0,1.2465057373046875
Dominik Stumberger,dribbling,46.24604,45.0,1.2460403442382812
Cody Johnson,dribbling,56.245808,55.0,1.2458076477050781
Allan Arigoni,dribbling,60.24477,59.0,1.2447700500488281
Abdelwahed Wahib,dribbling,60.24267,59.0,1.2426681518554688
Julian Baas,dribbling,62.760956,64.0,1.239044189453125
Ciarán Kelly,dribbling,50.761276,52.0,1.2387237548828125
Jann-Fiete Arp,dribbling,66.76979,68.0,1.2302093505859375
Giannis Satsias,dribbling,62.228783,61.0,1.2287826538085938
Daniel Eid,dribbling,59.227623,58.0,1.2276229858398438
Jakob Breum,dribbling,63.22476,62.0,1.2247581481933594
Muharem Huskovic,dribbling,67.77659,69.0,1.2234115600585938
Rune Paeshuyse,dribbling,53.219204,52.0,1.2192039489746094
Leon Dajaku,dribbling,65.217026,64.0,1.2170257568359375
Jay Rich-Baghuelou,dribbling,53.214497,52.0,1.2144966125488281
Eli King,dribbling,58.211105,57.0,1.2111053466796875
John Nelson,dribbling,58.201916,57.0,1.2019157409667969
Sascha Horvath,dribbling,70.7981,72.0,1.2018966674804688
Santiago Castro,dribbling,61.798294,63.0,1.2017059326171875
Grégory Coelho,dribbling,60.798767,62.0,1.20123291015625
Tobias Raschl,dribbling,70.20063,69.0,1.2006301879882812
Mads Enggård,dribbling,62.80018,64.0,1.1998214721679688
Thijs Timmermans,dribbling,56.19792,55.0,1.1979217529296875
Jovan Marković,dribbling,69.80422,71.0,1.1957778930664062
John Ross Wilson,dribbling,54.194145,53.0,1.1941452026367188
Ian Fray,dribbling,50.1906,49.0,1.1906013488769531
Kyle Robinson,dribbling,53.810898,55.0,1.1891021728515625
Federico Versaci,dribbling,66.1884,65.0,1.1884002685546875
Tomás Jacob,dribbling,59.814373,61.0,1.1856269836425781
Lewis Fiorini,dribbling,66.817024,68.0,1.1829757690429688
Edvard Sandvik Tagseth,dribbling,68.18198,67.0,1.181976318359375
Jordan Meyer,dribbling,59.180637,58.0,1.1806373596191406
Princeton Rebello,dribbling,59.17946,58.0,1.1794586181640625
Sajal Bag,dribbling,50.821,52.0,1.1790008544921875
Jubril Okedina,dribbling,55.178745,54.0,1.1787452697753906
Johan Karlsson,dribbling,59.178596,58.0,1.1785964965820312
José David Romero,dribbling,60.821743,62.0,1.1782569885253906
Harry Van der Saag,dribbling,54.825203,56.0,1.1747970581054688
Patrick Sontheimer,dribbling,69.17307,68.0,1.1730728149414062
George Tanner,dribbling,63.17257,62.0,1.1725692749023438
Marius Ștefănescu,dribbling,67.1725,66.0,1.1725006103515625
Enzo Leopold,dribbling,63.83094,65.0,1.1690597534179688
Isak Hien,dribbling,55.16903,54.0,1.1690292358398438
Tyler Burey,dribbling,65.83158,67.0,1.1684188842773438
Danylo Sikan,dribbling,64.83374,66.0,1.166259765625
Patrick Nwadike,dribbling,53.834335,55.0,1.1656646728515625
Max Bird,dribbling,67.165344,66.0,1.16534423828125
Lee Buchanan,dribbling,65.836784,67.0,1.1632156372070312
Emeka Oduah,dribbling,61.83757,63.0,1.1624298095703125
Tobias Kraulich,dribbling,50.161823,49.0,1.1618232727050781
Rico Henry,dribbling,69.84311,71.0,1.156890869140625
Bilal Boutobba,dribbling,74.844376,76.0,1.1556243896484375
Ethan Erhahon,dribbling,65.84459,67.0,1.1554107666015625
Oliver Zandén,dribbling,55.154804,54.0,1.1548042297363281
Jordan James,dribbling,66.1543,65.0,1.154296875
Matisse Samoise,dribbling,67.84789,69.0,1.1521072387695312
Mohamed Achi,dribbling,65.848,67.0,1.1520004272460938
Leonardo Díaz,dribbling,41.15051,40.0,1.1505088806152344
Luca Oyen,dribbling,71.85043,73.0,1.149566650390625
Jakov Medić,dribbling,58.149483,57.0,1.1494827270507812
Oscar Schönfelder,dribbling,66.14802,65.0,1.1480178833007812
Milan Robberechts,dribbling,61.14477,60.0,1.1447715759277344
Ali Youssef,dribbling,63.85736,65.0,1.14263916015625
Dennis Gjengaar,dribbling,56.85911,58.0,1.1408882141113281
Juan Pablo Pignani,dribbling,61.861332,63.0,1.1386680603027344
Amin Farouk,dribbling,64.13565,63.0,1.135650634765625
Dawson Devoy,dribbling,66.13376,65.0,1.133758544921875
Sammie Szmodics,dribbling,67.87096,69.0,1.1290435791015625
James Olayinka,dribbling,63.872498,65.0,1.12750244140625
Peter Abimbola,dribbling,56.12044,55.0,1.1204414367675781
Pathé Mboup,dribbling,67.116394,66.0,1.11639404296875
James Clarke,dribbling,58.114986,57.0,1.1149864196777344
Patrick Sutter,dribbling,57.885746,59.0,1.1142539978027344
Hayden Muller,dribbling,50.11407,49.0,1.1140708923339844
Nathan Young-Coombes,dribbling,58.885956,60.0,1.114044189453125
Riccardo Calafiori,dribbling,67.1138,66.0,1.113800048828125
Marvin Pieringer,dribbling,66.11366,65.0,1.1136627197265625
Yassin Belkhdim,dribbling,59.11219,58.0,1.1121902465820312
Ryan Raposo,dribbling,67.11029,66.0,1.11029052734375
Kendall Burks,dribbling,40.106194,39.0,1.1061935424804688
Mohamed Belhadj Mahmoud,dribbling,60.10582,59.0,1.1058197021484375
Alex Mitchell,dribbling,45.10467,44.0,1.1046714782714844
Kenneth Paal,dribbling,70.89948,72.0,1.1005172729492188
Adam Carlén,dribbling,67.09984,66.0,1.0998382568359375
Sikou Niakaté,dribbling,60.900925,62.0,1.0990753173828125
Doru Andrei,dribbling,59.90193,61.0,1.0980682373046875
Brandon Baiye,dribbling,58.903038,60.0,1.0969619750976562
Roberto Piccoli,dribbling,62.093685,61.0,1.0936851501464844
Nathan Ferguson,dribbling,62.9095,64.0,1.0904998779296875
Youri Regeer,dribbling,65.91011,67.0,1.0898895263671875
Jay Idzes,dribbling,56.087414,55.0,1.0874137878417969
Jean Hugonet,dribbling,43.914307,45.0,1.085693359375
Devin Sür,dribbling,60.08048,59.0,1.0804786682128906
Niclas Holm Pedersen,dribbling,57.080406,56.0,1.0804061889648438
Bastien Toma,dribbling,70.92018,72.0,1.0798187255859375
Giacomo Quagliata,dribbling,64.07947,63.0,1.0794677734375
Alec Van Hoorenbeeck,dribbling,54.92393,56.0,1.0760688781738281
Nawaf Al Rashoudi,dribbling,59.07432,58.0,1.0743217468261719
Nick Bätzner,dribbling,71.92979,73.0,1.0702133178710938
Jack Cooper-Love,dribbling,59.065815,58.0,1.0658149719238281
Valentin Ticu,dribbling,59.064167,58.0,1.0641670227050781
Isaac Nuhu,dribbling,71.936356,73.0,1.0636444091796875
John Iredale,dribbling,58.9374,60.0,1.0625991821289062
Mohammed Al Qunayan,dribbling,60.061028,59.0,1.0610275268554688
Joseph Rosales,dribbling,63.940117,65.0,1.0598831176757812
Phillip König,dribbling,63.057865,62.0,1.0578651428222656
Tawanda Maswanhise,dribbling,61.947243,63.0,1.0527572631835938
Issa Fomba,dribbling,67.049904,66.0,1.0499038696289062
Christopher Negele,dribbling,63.048058,62.0,1.0480575561523438
Kyle Magennis,dribbling,65.04805,64.0,1.0480499267578125
Gonzalo Flores,dribbling,61.04735,60.0,1.0473518371582031
Michał Helik,dribbling,48.95602,50.0,1.0439796447753906
Sadou Diallo,dribbling,60.037975,59.0,1.0379753112792969
Harvey Lintott,dribbling,51.96216,53.0,1.037841796875
Paddy Lane,dribbling,69.03722,68.0,1.0372161865234375
Dexter Lembikisa,dribbling,55.963806,57.0,1.03619384765625
David Čolina,dribbling,62.035557,61.0,1.0355567932128906
Jacques Ekomié,dribbling,57.964455,59.0,1.0355453491210938
Abdulaziz Noor,dribbling,57.964844,59.0,1.03515625
Aymen Boutoutaou,dribbling,72.96631,74.0,1.03369140625
Finlay Pollock,dribbling,62.033672,61.0,1.0336723327636719
Reece Hutchinson,dribbling,59.03106,58.0,1.0310592651367188
Luis Carlos Rodríguez,dribbling,56.970463,58.0,1.0295372009277344
David Jaunegg,dribbling,56.02864,55.0,1.0286407470703125
Kevin Jensen,dribbling,68.02663,67.0,1.0266265869140625
Maximiliano González,dribbling,60.02319,59.0,1.0231895446777344
Miguel Chaiwa,dribbling,54.981552,56.0,1.0184478759765625
Nathan Ngoy,dribbling,48.017735,47.0,1.0177345275878906
Dominik Fitz,dribbling,69.01764,68.0,1.01763916015625
Mathias Delorge,dribbling,61.015743,60.0,1.0157432556152344
Jack Nolan,dribbling,58.01127,57.0,1.0112686157226562
Caleb Taylor,dribbling,41.00995,40.0,1.00994873046875
Paweł Olszewski,dribbling,58.008472,57.0,1.0084724426269531
Ben Lederman,dribbling,69.008415,68.0,1.0084152221679688
Mohammed Al Dawsari,dribbling,58.99591,60.0,1.00408935546875
Matías Pellegrini,dribbling,69.99821,71.0,1.0017929077148438
Stefan Škrbo,dribbling,63.000725,64.0,0.9992752075195312
Oskar Zawada,dribbling,59.007404,60.0,0.9925956726074219
Tommaso Milanese,dribbling,69.00844,70.0,0.9915618896484375
Julián Malatini,dribbling,67.01139,68.0,0.9886093139648438
Reece Devine,dribbling,59.011967,60.0,0.9880332946777344
Alexander Oroz,dribbling,66.012695,67.0,0.9873046875
Julius Eskesen,dribbling,65.98719,65.0,0.9871902465820312
Jewison Bennette,dribbling,70.017784,71.0,0.9822158813476562
Anssi Suhonen,dribbling,71.01804,72.0,0.9819564819335938
Jannes Van Hecke,dribbling,68.98053,68.0,0.98052978515625
Nikolas Agrafiotis,dribbling,58.976875,58.0,0.9768753051757812
Isaac Hutchinson,dribbling,62.9761,62.0,0.9761009216308594
Oscar Uddenäs,dribbling,66.02391,67.0,0.9760894775390625
Justin Rasmussen,dribbling,56.973083,56.0,0.97308349609375
Billy Mitchell,dribbling,66.96774,66.0,0.967742919921875
Djevencio van der Kust,dribbling,64.96653,64.0,0.9665298461914062
Victor Bezerra,dribbling,52.964664,52.0,0.9646644592285156
Max Woltman,dribbling,59.03708,60.0,0.962921142578125
Boubacar Fofana,dribbling,69.037544,70.0,0.9624557495117188
Laorent Shabani,dribbling,64.956535,64.0,0.9565353393554688
Issouf Sissokho,dribbling,64.953766,64.0,0.953765869140625
Bas Van Den Eynden,dribbling,56.953133,56.0,0.9531326293945312
Kayne Ramsay,dribbling,59.047543,60.0,0.9524574279785156
Jonathan Meier,dribbling,62.952377,62.0,0.9523773193359375
Matthis Abline,dribbling,71.05327,72.0,0.9467315673828125
Yoan Koré,dribbling,52.946217,52.0,0.9462165832519531
Harvey Vale,dribbling,65.05499,66.0,0.94500732421875
Rocco Reitz,dribbling,70.05503,71.0,0.9449691772460938
Joshua Schwirten,dribbling,60.055794,61.0,0.9442062377929688
Bruno Portugal,dribbling,57.05661,58.0,0.943389892578125
Adam Montgomery,dribbling,66.94336,66.0,0.943359375
Sacha Delaye,dribbling,69.05713,70.0,0.94287109375
Tyrell Warren,dribbling,56.057354,57.0,0.9426460266113281
Kayden Pierre,dribbling,51.941753,51.0,0.9417533874511719
Jonathan Panzo,dribbling,62.059914,63.0,0.9400863647460938
Mason Toye,dribbling,61.937485,61.0,0.9374847412109375
Kreshnik Krasniqi,dribbling,60.062645,61.0,0.9373550415039062
Khalil Al Absi,dribbling,55.93417,55.0,0.9341697692871094
Cole Bassett,dribbling,68.93202,68.0,0.9320220947265625
Giannis Papanikolaou,dribbling,67.93014,67.0,0.9301376342773438
George Johnston,dribbling,59.077736,60.0,0.9222640991210938
Manuel De Luca,dribbling,61.92117,61.0,0.9211692810058594
Ibrahima Koné,dribbling,65.082245,66.0,0.917755126953125
Godson Kyeremeh,dribbling,68.08261,69.0,0.917388916015625
Ousmane Camara,dribbling,56.917194,56.0,0.9171943664550781
Max Bruns,dribbling,57.08676,58.0,0.913238525390625
Divin Mubama,dribbling,56.91134,56.0,0.9113388061523438
Rocco Ascone,dribbling,66.09085,67.0,0.909149169921875
Bünyamin Balcı,dribbling,66.09338,67.0,0.9066162109375
Mirko Antonucci,dribbling,69.09381,70.0,0.90618896484375
Doğucan Haspolat,dribbling,67.904755,67.0,0.904754638671875
Tani Oluwaseyi,dribbling,52.904137,52.0,0.9041366577148438
Marcel Wędrychowski,dribbling,68.90405,68.0,0.904052734375
Loum Tchaouna,dribbling,68.89979,68.0,0.8997879028320312
Mateusz Praszelik,dribbling,70.89673,70.0,0.896728515625
Richard Ledezma,dribbling,71.10455,72.0,0.89544677734375
Sulaiman Asiri,dribbling,52.106144,53.0,0.8938560485839844
Alessandro Fontanarosa,dribbling,63.893745,63.0,0.8937454223632812
Ayman Benarous,dribbling,68.10699,69.0,0.8930130004882812
Ryan Porteous,dribbling,59.107105,60.0,0.8928947448730469
Ștefan Pănoiu,dribbling,63.892822,63.0,0.892822265625
Cian Kavanagh,dribbling,53.89141,53.0,0.8914108276367188
Emir Tintiş,dribbling,60.109856,61.0,0.8901443481445312
Nawaf Boushal,dribbling,61.11069,62.0,0.8893089294433594
Jan Mlakar,dribbling,64.11099,65.0,0.889007568359375
Brandon Kavanagh,dribbling,59.111923,60.0,0.8880767822265625
Franco Carboni,dribbling,56.112804,57.0,0.8871955871582031
Felix Strauss,dribbling,58.883804,58.0,0.8838043212890625
Flynn Downes,dribbling,67.8808,67.0,0.88079833984375
Milutin Osmajić,dribbling,62.880726,62.0,0.8807258605957031
Nelson Palacio,dribbling,62.119762,63.0,0.8802375793457031
Marcel Hoffmeier,dribbling,62.88006,62.0,0.8800582885742188
Jacob Eng,dribbling,62.12358,63.0,0.8764190673828125
Eniss Shabani,dribbling,60.124416,61.0,0.8755836486816406
Maren Haile-Selassie,dribbling,66.87532,66.0,0.8753204345703125
Sam Greenwood,dribbling,67.1288,68.0,0.8712005615234375
Bryan Okoh,dribbling,60.869194,60.0,0.8691940307617188
Xavier Mbuyamba,dribbling,41.13279,42.0,0.8672103881835938
Arvin Appiah,dribbling,70.86604,70.0,0.8660430908203125
Marco Farfan,dribbling,65.13716,66.0,0.8628387451171875
Jakub Myszor,dribbling,63.139233,64.0,0.8607673645019531
Callum Talbot,dribbling,59.13944,60.0,0.8605613708496094
Lars Mogstad Ranger,dribbling,60.140118,61.0,0.8598823547363281
Noah Allen,dribbling,58.14186,59.0,0.8581390380859375
Gonçalo Esteves,dribbling,68.145485,69.0,0.8545150756835938
Besfort Zeneli,dribbling,61.854218,61.0,0.854217529296875
Jordan Holsgrove,dribbling,66.85241,66.0,0.8524093627929688
Louie Watson,dribbling,66.84897,66.0,0.848968505859375
Calvin Brackelmann,dribbling,48.847187,48.0,0.8471870422363281
Gavin Molloy,dribbling,55.155865,56.0,0.8441352844238281
Daniel Edelman,dribbling,50.841846,50.0,0.8418464660644531
Florian Flick,dribbling,62.16044,63.0,0.8395614624023438
Mohammed Abbas,dribbling,63.837883,63.0,0.8378829956054688
Florian Dietz,dribbling,56.836376,56.0,0.8363761901855469
Kristoffer Askildsen,dribbling,67.832954,67.0,0.8329544067382812
Filipe Sissé,dribbling,60.83217,60.0,0.8321685791015625
Nicolás Garayalde,dribbling,68.17302,69.0,0.8269805908203125
Josh Eccles,dribbling,63.820347,63.0,0.8203468322753906
Kyle Hudlin,dribbling,53.182636,54.0,0.8173637390136719
Moritz Römling,dribbling,62.18283,63.0,0.817169189453125
Bonke Innocent,dribbling,64.18474,65.0,0.8152618408203125
Conrad Wallem,dribbling,65.81047,65.0,0.8104705810546875
Maxim Dekker,dribbling,45.80526,45.0,0.8052597045898438
Victor Lind,dribbling,64.80264,64.0,0.802642822265625
Asish Rai,dribbling,56.801952,56.0,0.8019523620605469
Nicolas Popescu,dribbling,58.80086,58.0,0.8008613586425781
Darko Churlinov,dribbling,71.79719,71.0,0.7971878051757812
Samed Onur,dribbling,65.20351,66.0,0.7964935302734375
András Németh,dribbling,64.20441,65.0,0.79559326171875
Marcel Wenig,dribbling,61.79023,61.0,0.7902297973632812
Demeaco Duhaney,dribbling,62.790047,62.0,0.7900466918945312
Omar El Hilali,dribbling,63.78999,63.0,0.7899894714355469
Clément Vidal,dribbling,56.7892,56.0,0.7891998291015625
Sam Taylor,dribbling,47.7891,47.0,0.7891006469726562
James Abankwah,dribbling,53.78741,53.0,0.7874107360839844
Calvin Harris,dribbling,58.213253,59.0,0.7867469787597656
Peter Kioso,dribbling,62.21332,63.0,0.7866783142089844
Jarrod Carluccio,dribbling,56.785965,56.0,0.7859649658203125
Ethan Ingram,dribbling,55.781784,55.0,0.7817840576171875
Nicola Rauti,dribbling,64.77962,64.0,0.7796173095703125
Nathanael Ogbeta,dribbling,65.22067,66.0,0.779327392578125
Hugo Vetlesen,dribbling,71.77788,71.0,0.7778778076171875
Denilho Cleonise,dribbling,68.22373,69.0,0.7762680053710938
Aiden O'Neill,dribbling,66.77602,66.0,0.7760162353515625
Rarmani Edmonds-Green,dribbling,60.225067,61.0,0.774932861328125
Bautista Kociubinski,dribbling,58.225723,59.0,0.7742767333984375
Magnus Christensen,dribbling,57.77211,57.0,0.7721099853515625
Olivier Dumont,dribbling,60.771973,60.0,0.77197265625
Gustaf Lagerbielke,dribbling,57.23039,58.0,0.7696113586425781
Andri Fannar Baldursson,dribbling,62.231598,63.0,0.768402099609375
Serkan Asan,dribbling,65.23425,66.0,0.7657470703125
Eskil Edh,dribbling,60.764565,60.0,0.7645645141601562
Aaron Zehnter,dribbling,59.23633,60.0,0.763671875
Liam Cullen,dribbling,66.23955,67.0,0.7604522705078125
Umut Güneş,dribbling,64.240204,65.0,0.759796142578125
Lewis Richardson,dribbling,62.75921,62.0,0.7592086791992188
İsmail Yüksek,dribbling,68.24177,69.0,0.7582321166992188
Toni Domgjoni,dribbling,67.757866,67.0,0.7578659057617188
Myles Peart-Harris,dribbling,62.2461,63.0,0.7538986206054688
El Chadaille Bitshiabu,dribbling,51.753536,51.0,0.7535362243652344
Bartłomiej Wdowik,dribbling,58.750954,58.0,0.7509536743164062
Simen Bolkan Nordli,dribbling,66.74637,66.0,0.746368408203125
Simon Olsson,dribbling,69.255554,70.0,0.74444580078125
Fatih Kaya,dribbling,66.741844,66.0,0.7418441772460938
Adam Gnezda Čerin,dribbling,68.26287,69.0,0.7371292114257812
Daniel Kanu,dribbling,51.263275,52.0,0.736724853515625
Göktan Gürpüz,dribbling,67.73615,67.0,0.7361526489257812
Roko Šimić,dribbling,62.264366,63.0,0.7356338500976562
Rafał Adamski,dribbling,56.266605,57.0,0.7333946228027344
Fabian Holst-Larsen,dribbling,53.73263,53.0,0.7326316833496094
Zachary Brault-Guillard,dribbling,63.732628,63.0,0.7326278686523438
Odin Thiago Holm,dribbling,66.73192,66.0,0.7319183349609375
Max Christiansen,dribbling,63.269165,64.0,0.7308349609375
Koba Leïn Koindredi,dribbling,70.27235,71.0,0.7276535034179688
Achraf Douiri,dribbling,64.2725,65.0,0.7275009155273438
Sarpreet Singh,dribbling,70.727135,70.0,0.7271347045898438
David Toure,dribbling,52.72613,52.0,0.7261314392089844
Jairo Concha,dribbling,68.72584,68.0,0.7258377075195312
Lasse Günther,dribbling,65.27487,66.0,0.725128173828125
Abdurrahim Dursun,dribbling,63.724277,63.0,0.7242774963378906
Kevin Rüegg,dribbling,69.72277,69.0,0.7227706909179688
Matthias Braunöder,dribbling,70.28104,71.0,0.718963623046875
Soyal Joshy,dribbling,45.282135,46.0,0.717864990234375
Souffian El Karouani,dribbling,65.282684,66.0,0.717315673828125
Csaba Bukta,dribbling,65.71525,65.0,0.7152481079101562
Samuel Folarin,dribbling,58.713917,58.0,0.7139167785644531
Adrien Lebeau,dribbling,69.7128,69.0,0.712799072265625
Josh Hawkes,dribbling,62.712257,62.0,0.7122573852539062
Filip Olsson,dribbling,57.711018,57.0,0.7110176086425781
Frank Ronstadt,dribbling,64.28907,65.0,0.7109298706054688
Serge Ngoma,dribbling,62.28945,63.0,0.7105484008789062
Giulian Biancone,dribbling,65.29109,66.0,0.7089080810546875
Seedy Jatta,dribbling,62.70433,62.0,0.7043304443359375
Thomas Buitink,dribbling,67.70335,67.0,0.7033462524414062
Anton Kade,dribbling,64.701965,64.0,0.70196533203125
Alex Robertson,dribbling,61.70155,61.0,0.7015495300292969
Lenny Vallier,dribbling,64.29854,65.0,0.7014617919921875
Dragoș Albu,dribbling,63.701317,63.0,0.7013168334960938
Guillermo Rendón,dribbling,58.698036,58.0,0.6980361938476562
Killian Corredor,dribbling,62.30266,63.0,0.6973381042480469
Peer Koopmeiners,dribbling,58.69169,58.0,0.6916885375976562
Yoni Gomis,dribbling,35.30944,36.0,0.6905593872070312
Julian Eitschberger,dribbling,60.310383,61.0,0.6896171569824219
Marco Curto,dribbling,44.688293,44.0,0.68829345703125
Michael Venturi,dribbling,60.31273,61.0,0.6872711181640625
Domingos Quina,dribbling,71.68377,71.0,0.6837692260742188
Felix Passlack,dribbling,70.67827,70.0,0.6782684326171875
Amadou Dante,dribbling,67.32609,68.0,0.6739120483398438
Martin Agnarsson,dribbling,58.67199,58.0,0.6719894409179688
Douglas James-Taylor,dribbling,56.67094,56.0,0.6709403991699219
Romoney Crichlow,dribbling,55.330692,56.0,0.6693077087402344
Gabriele Corbo,dribbling,49.66613,49.0,0.6661300659179688
Muhammed Gümüşkaya,dribbling,68.66388,68.0,0.66387939453125
Yan Dhanda,dribbling,70.33651,71.0,0.6634902954101562
Orest Lebedenko,dribbling,57.336624,58.0,0.6633758544921875
Petko Hristov,dribbling,39.66309,39.0,0.6630897521972656
Noah Persson,dribbling,59.34154,60.0,0.6584587097167969
Carlo Armiento,dribbling,60.343655,61.0,0.6563453674316406
Adam Armstrong,dribbling,70.344376,71.0,0.6556243896484375
Bojan Miovski,dribbling,62.34572,63.0,0.6542816162109375
Selmin Hodza,dribbling,50.65424,50.0,0.6542396545410156
Miloš Ćoćić,dribbling,58.651115,58.0,0.6511154174804688
Ben Folami,dribbling,69.349915,70.0,0.65008544921875
Ben Purrington,dribbling,62.350307,63.0,0.6496925354003906
Stefán Teitur Thórdarson,dribbling,63.354347,64.0,0.6456527709960938
David Otto,dribbling,66.35586,67.0,0.6441421508789062
Bartuğ Elmaz,dribbling,65.36032,66.0,0.639678955078125
Anthony Fontana,dribbling,68.63849,68.0,0.63848876953125
Mert Yusuf Torlak,dribbling,62.63753,62.0,0.6375312805175781
Kacper Smoliński,dribbling,63.633278,63.0,0.6332778930664062
Giacomo Vrioni,dribbling,67.63136,67.0,0.6313629150390625
Pontus Almqvist,dribbling,70.63101,70.0,0.631011962890625
Virgiliu Postolachi,dribbling,59.369957,60.0,0.6300430297851562
Ștefan Baiaram,dribbling,66.37367,67.0,0.6263275146484375
Lewis Bate,dribbling,66.62516,66.0,0.6251602172851562
Marco Pompetti,dribbling,62.37768,63.0,0.6223182678222656
Corey Hollman,dribbling,54.622097,54.0,0.6220970153808594
Brayann Pereira,dribbling,64.37993,65.0,0.6200714111328125
Oday Dabbagh,dribbling,65.38269,66.0,0.6173095703125
Maxime Busi,dribbling,67.38342,68.0,0.6165771484375
Kelvin Ehibhatiomhan,dribbling,53.385704,54.0,0.6142959594726562
Arnaud Lusamba,dribbling,73.61326,73.0,0.6132583618164062
Alan Virginius,dribbling,70.612854,70.0,0.61285400390625
Noah Smith,dribbling,54.61188,54.0,0.6118812561035156
Will Ferry,dribbling,65.61134,65.0,0.6113433837890625
Lion Semić,dribbling,63.610847,63.0,0.6108474731445312
Jonatan Braut-Brunes,dribbling,62.390408,63.0,0.6095924377441406
Enzo Ebosse,dribbling,64.397064,65.0,0.602935791015625
Nathan Bitumazala,dribbling,62.601418,62.0,0.6014175415039062
Matthis Riou,dribbling,56.59841,56.0,0.5984115600585938
Jack Wells-Morrison,dribbling,58.597008,58.0,0.5970077514648438
Tom Baack,dribbling,60.596573,60.0,0.5965728759765625
Jad Hakiki,dribbling,61.59649,61.0,0.5964889526367188
Rohit Danu,dribbling,54.594425,54.0,0.5944252014160156
Florian Engelhardt,dribbling,52.406227,53.0,0.5937728881835938
Benjamin Goller,dribbling,71.40851,72.0,0.59149169921875
Mohammed Al Oufi,dribbling,47.58963,47.0,0.589630126953125
Valentin Gendrey,dribbling,64.41236,65.0,0.5876388549804688
Lenny Joseph,dribbling,61.585945,61.0,0.5859451293945312
Jordi Vanlerberghe,dribbling,64.58564,64.0,0.5856399536132812
Aljoscha Kemlein,dribbling,57.41604,58.0,0.5839614868164062
Vegard Solheim,dribbling,53.416985,54.0,0.5830154418945312
Soumaila Coulibaly,dribbling,58.58276,58.0,0.5827598571777344
Josh Tymon,dribbling,65.41917,66.0,0.5808334350585938
Shady Oukhadda,dribbling,54.578598,54.0,0.5785980224609375
Victor Bobsin,dribbling,62.42509,63.0,0.5749092102050781
Filip Stevanović,dribbling,66.57486,66.0,0.574859619140625
Zico Buurmeester,dribbling,62.428635,63.0,0.5713653564453125
Donal Higgins,dribbling,57.567112,57.0,0.5671119689941406
Tyreeq Bakinson,dribbling,64.43477,65.0,0.5652313232421875
Tony Springett,dribbling,64.44093,65.0,0.5590667724609375
Rico Richards,dribbling,59.44704,60.0,0.5529594421386719
Enzo Larrosa,dribbling,62.453537,63.0,0.5464630126953125
Sander Risan Mørk,dribbling,61.546272,61.0,0.5462722778320312
Eli Adams,dribbling,67.4542,68.0,0.5457992553710938
Matías Godoy,dribbling,65.456314,66.0,0.5436859130859375
Magnus Riisnæs,dribbling,58.540417,58.0,0.5404167175292969
Þórir Jóhann Helgason,dribbling,64.53835,64.0,0.5383529663085938
Alec Georgen,dribbling,64.53726,64.0,0.537261962890625
Jamie Roche,dribbling,57.53692,57.0,0.5369186401367188
Ezequiel Herrera,dribbling,55.534695,55.0,0.5346946716308594
Tanner Tessmann,dribbling,66.53457,66.0,0.5345687866210938
Ronnie Edwards,dribbling,58.470215,59.0,0.52978515625
Othmane Boussaid,dribbling,72.4717,73.0,0.5282974243164062
Woyo Coulibaly,dribbling,58.528076,58.0,0.528076171875
Joe White,dribbling,58.475098,59.0,0.52490234375
Mateo Pellegrino,dribbling,55.475285,56.0,0.5247154235839844
Tayvon Gray,dribbling,63.477295,64.0,0.522705078125
Oisin Smyth,dribbling,59.52224,59.0,0.5222396850585938
Lasso Coulibaly,dribbling,68.48154,69.0,0.518463134765625
Salem Al Najdi,dribbling,45.517273,45.0,0.51727294921875
Bartosz Białek,dribbling,63.48307,64.0,0.5169296264648438
Wojciech Łaski,dribbling,58.484676,59.0,0.5153236389160156
Vincent Marchetti,dribbling,68.48652,69.0,0.5134811401367188
Connor Barron,dribbling,58.490124,59.0,0.5098762512207031
Oliver Wähling,dribbling,63.508686,63.0,0.5086860656738281
Johann Lepenant,dribbling,67.50815,67.0,0.508148193359375
Mohamed Sankoh,dribbling,63.49297,64.0,0.5070304870605469
Jusuf Gazibegović,dribbling,67.50582,67.0,0.5058212280273438
Edgaras Utkus,dribbling,56.50507,56.0,0.5050697326660156
Josef Brian Baccay,dribbling,60.503082,60.0,0.503082275390625
Karol Knap,dribbling,58.49998,59.0,0.5000190734863281
Josh Koroma,dribbling,69.49687,69.0,0.4968719482421875
Antoine Hainaut,dribbling,55.505505,56.0,0.4944953918457031
Tim Breithaupt,dribbling,57.49443,57.0,0.4944305419921875
Justin Salmon,dribbling,58.50574,59.0,0.4942588806152344
Xander Blomme,dribbling,55.49366,55.0,0.49365997314453125
Brandon Fleming,dribbling,63.493103,63.0,0.49310302734375
Florian Miguel,dribbling,66.49137,66.0,0.49137115478515625
Kazımcan Karataş,dribbling,65.51266,66.0,0.48734283447265625
Rareș Ispas,dribbling,53.4847,53.0,0.4846992492675781
Max Melbourne,dribbling,55.51793,56.0,0.4820709228515625
Fardin Ali Molla,dribbling,50.521847,51.0,0.4781532287597656
Karlo Butić,dribbling,60.47307,60.0,0.4730682373046875
Frank Junior Adjei,dribbling,55.471283,55.0,0.471282958984375
Simon Straudi,dribbling,63.52893,64.0,0.4710693359375
Dean Cornelius,dribbling,60.530586,61.0,0.46941375732421875
Mert Yılmaz,dribbling,66.53307,67.0,0.46692657470703125
Kasey Palmer,dribbling,72.46595,72.0,0.46595001220703125
Marius Ros,dribbling,53.535538,54.0,0.4644622802734375
Sanders Ngabo,dribbling,63.535763,64.0,0.4642372131347656
Andy Cannon,dribbling,65.462616,65.0,0.462615966796875
Antonino Gallo,dribbling,65.54046,66.0,0.45954132080078125
Patryk Makuch,dribbling,59.458508,59.0,0.4585075378417969
Obed Vargas,dribbling,69.543846,70.0,0.45615386962890625
Róbert Boženík,dribbling,66.45512,66.0,0.45511627197265625
Liam Coyle,dribbling,59.454113,59.0,0.4541130065917969
Max Mata,dribbling,57.548447,58.0,0.4515533447265625
Daniel Bunk,dribbling,58.449654,58.0,0.44965362548828125
David Zalazar,dribbling,67.550385,68.0,0.449615478515625
Julian Guttau,dribbling,67.55124,68.0,0.448760986328125
Cristhian García,dribbling,60.4448,60.0,0.44480133056640625
Abdoulie Sanyang,dribbling,71.559525,72.0,0.4404754638671875
Omar Faraj,dribbling,60.4374,60.0,0.43740081787109375
Connor McLennan,dribbling,62.56599,63.0,0.4340095520019531
Sadik Fofana,dribbling,57.566586,58.0,0.4334144592285156
Rhys Hughes,dribbling,57.432632,57.0,0.4326324462890625
Danny Amos,dribbling,57.432404,57.0,0.432403564453125
Thomas Kastanaras,dribbling,58.57154,59.0,0.42845916748046875
Brodie Spencer,dribbling,58.575188,59.0,0.42481231689453125
Yahya Kalley,dribbling,57.57606,58.0,0.4239387512207031
Michael Ruhs,dribbling,57.42282,57.0,0.422821044921875
Allan Tchaptchet,dribbling,38.421314,38.0,0.4213142395019531
Zidan Sertdemir,dribbling,68.58145,69.0,0.418548583984375
Dragoș Iancu,dribbling,57.58174,58.0,0.4182586669921875
Kalidou Sidibé,dribbling,57.41596,57.0,0.4159584045410156
Kacper Chodyna,dribbling,64.41577,64.0,0.415771484375
Marcus Browne,dribbling,68.41565,68.0,0.4156494140625
Killian Sardella,dribbling,70.41404,70.0,0.41403961181640625
Kaide Gordon,dribbling,64.41376,64.0,0.41375732421875
Davide Bettella,dribbling,47.588684,48.0,0.41131591796875
Marcin Cebula,dribbling,66.40157,66.0,0.40157318115234375
Jordon Garrick,dribbling,66.396866,66.0,0.3968658447265625
Simon Asta,dribbling,65.396416,65.0,0.39641571044921875
Nicklas Shipnoski,dribbling,69.3961,69.0,0.3961029052734375
Owen Dodgson,dribbling,58.605392,59.0,0.3946075439453125
Oskar van Hattum,dribbling,57.605824,58.0,0.3941764831542969
Deroy Duarte,dribbling,68.39233,68.0,0.39232635498046875
Bernhard Zimmermann,dribbling,64.60833,65.0,0.39167022705078125
Noah Shamoun,dribbling,68.38973,68.0,0.38973236083984375
Daan Heymans,dribbling,65.610435,66.0,0.38956451416015625
Olaus Jair Skarsem,dribbling,70.38898,70.0,0.38897705078125
Oliver Antman,dribbling,67.61218,68.0,0.3878173828125
Reed Baker-Whiting,dribbling,54.387733,54.0,0.38773345947265625
Dylan Kadji,dribbling,55.61344,56.0,0.38655853271484375
Abdoul Fessal Tapsoba,dribbling,70.385414,70.0,0.38541412353515625
Alex Murphy,dribbling,51.62179,52.0,0.3782081604003906
Amadou Keita,dribbling,68.37754,68.0,0.37754058837890625
Omari Hutchinson,dribbling,68.37535,68.0,0.3753509521484375
Dru Yearwood,dribbling,69.37446,69.0,0.37445831298828125
Agustín Sández,dribbling,62.37368,62.0,0.37368011474609375
Aimen Moueffek,dribbling,69.62681,70.0,0.37319183349609375
Thomas Van Den Keybus,dribbling,69.371185,69.0,0.371185302734375
Darius Lipsiuc,dribbling,54.369106,54.0,0.3691062927246094
Baïla Diallo,dribbling,56.6315,57.0,0.368499755859375
Gonzalo Maroni,dribbling,73.36842,73.0,0.3684234619140625
Adrian Benedyczak,dribbling,61.365093,61.0,0.3650932312011719
Sherel Floranus,dribbling,67.36126,67.0,0.36125946044921875
Marius Cioiu,dribbling,61.644817,62.0,0.3551826477050781
Nikolas Sattlberger,dribbling,57.354523,57.0,0.354522705078125
Alexandre Phliponeau,dribbling,58.3519,58.0,0.351898193359375
Markus Solbakken,dribbling,64.64882,65.0,0.3511810302734375
Kian Leavy,dribbling,58.651352,59.0,0.3486480712890625
Jake Garrett,dribbling,59.347977,59.0,0.3479766845703125
Noah Katterbach,dribbling,71.65403,72.0,0.34597015380859375
Eman Marković,dribbling,65.34589,65.0,0.34588623046875
Jong-min Seo,dribbling,65.34262,65.0,0.342620849609375
Kacper Urbański,dribbling,67.34232,67.0,0.34232330322265625
Arouna Sangante,dribbling,52.342197,52.0,0.3421974182128906
Gurkirat Singh,dribbling,52.341263,52.0,0.3412628173828125
Ibrahima Camará,dribbling,62.65946,63.0,0.3405418395996094
Rory Feely,dribbling,54.33776,54.0,0.33776092529296875
Lucas Brumme,dribbling,62.664677,63.0,0.3353233337402344
Chinedu Ekene,dribbling,58.331024,58.0,0.331024169921875
Sebastian Pasquali,dribbling,62.329174,62.0,0.3291740417480469
Thierry Lutonda,dribbling,64.671814,65.0,0.32818603515625
William Mikelbrencis,dribbling,62.32768,62.0,0.3276786804199219
Tommy Lonergan,dribbling,56.32187,56.0,0.321868896484375
Facundo Mansilla,dribbling,51.320595,51.0,0.32059478759765625
Abdoulaye Kamara,dribbling,66.68289,67.0,0.317108154296875
Žan Kolmanič,dribbling,62.314503,62.0,0.3145027160644531
Chris Hegardt,dribbling,58.31257,58.0,0.31256866455078125
Amario Cozier-Duberry,dribbling,60.30939,60.0,0.3093910217285156
Prince Aning,dribbling,69.69591,70.0,0.3040924072265625
John-Patrick Strauß,dribbling,64.3026,64.0,0.3025970458984375
Johaneko Louis-Jean,dribbling,56.70036,57.0,0.2996406555175781
Andréas Hountondji,dribbling,63.298454,63.0,0.29845428466796875
Joseph Forde,dribbling,55.701595,56.0,0.2984046936035156
Bart van Rooij,dribbling,64.29748,64.0,0.29747772216796875
Silas Nwankwo,dribbling,58.704166,59.0,0.2958335876464844
Samuel Loric,dribbling,61.71012,62.0,0.28987884521484375
August Mikkelsen,dribbling,73.28883,73.0,0.2888336181640625
Charlie Kelman,dribbling,62.288185,62.0,0.28818511962890625
Callum Brittain,dribbling,67.715096,68.0,0.28490447998046875
Jamie Shackleton,dribbling,70.7159,71.0,0.2841033935546875
Romeo Vucic,dribbling,60.28408,60.0,0.28408050537109375
Tariq Uwakwe,dribbling,57.284008,57.0,0.2840080261230469
Dan Martin,dribbling,54.283928,54.0,0.28392791748046875
Koni De Winter,dribbling,59.716393,60.0,0.28360748291015625
Hussain Sibyani,dribbling,55.282192,55.0,0.2821922302246094
Andrea Oliveri,dribbling,62.280304,62.0,0.280303955078125
Ola Brynhildsen,dribbling,70.72041,71.0,0.2795867919921875
Antoine Valério,dribbling,66.720505,67.0,0.2794952392578125
Kik Pierie,dribbling,64.278725,64.0,0.27872467041015625
Jack Milne,dribbling,50.726364,51.0,0.2736358642578125
Lalrinliana Hnamte,dribbling,54.27228,54.0,0.2722816467285156
Jordan McEneff,dribbling,58.728844,59.0,0.27115631103515625
Evan Caffrey,dribbling,57.73005,58.0,0.26995086669921875
Tony Gallacher,dribbling,59.26619,59.0,0.2661895751953125
Darragh Nugent,dribbling,56.265606,56.0,0.2656059265136719
Joel Cotterill,dribbling,53.261673,53.0,0.2616729736328125
Felix Vrede Winther,dribbling,62.261234,62.0,0.2612342834472656
Brian Jepthe Bayeye,dribbling,60.26047,60.0,0.2604713439941406
Dave Gnaase,dribbling,65.74005,66.0,0.25994873046875
Luke Harris,dribbling,65.74071,66.0,0.2592926025390625
Di'Shon Bernard,dribbling,57.257042,57.0,0.25704193115234375
Bartosz Slisz,dribbling,65.74297,66.0,0.25702667236328125
Bruce Anderson,dribbling,63.74353,64.0,0.2564697265625
Nassim Boujellab,dribbling,71.74632,72.0,0.2536773681640625
Sivert Heggheim Mannsverk,dribbling,66.74678,67.0,0.2532196044921875
Gustav Mortensen,dribbling,54.251503,54.0,0.25150299072265625
Adrian Nilsen Pereira,dribbling,66.24965,66.0,0.2496490478515625
Cisse Sandra,dribbling,68.246185,68.0,0.246185302734375
Yordi López,dribbling,59.244766,59.0,0.2447662353515625
Julián Fernández,dribbling,63.75667,64.0,0.24332809448242188
Alex Gilbert,dribbling,61.24165,61.0,0.24164962768554688
Jalen Hawkins,dribbling,65.76058,66.0,0.23941802978515625
Henry Rorig,dribbling,61.76188,62.0,0.23812103271484375
Ante Palaversa,dribbling,68.23679,68.0,0.23679351806640625
Ethan Hamilton,dribbling,64.76376,65.0,0.236236572265625
Élysée Logbo,dribbling,58.766644,59.0,0.23335647583007812
Femi Azeez,dribbling,64.23162,64.0,0.23162078857421875
Kiyan Nassiri,dribbling,57.22988,57.0,0.22988128662109375
Jahkeele Marshall-Rutty,dribbling,68.226074,68.0,0.22607421875
Jens Castrop,dribbling,67.77594,68.0,0.22406005859375
Rhys Williams,dribbling,55.77794,56.0,0.2220611572265625
Sam McCallum,dribbling,66.778824,67.0,0.2211761474609375
Alessandro Vogliacco,dribbling,53.219006,53.0,0.21900558471679688
Ilyes Hamache,dribbling,66.78379,67.0,0.21620941162109375
Nicolai Rapp,dribbling,53.785553,54.0,0.214447021484375
Matthew Hoppe,dribbling,66.21218,66.0,0.21218109130859375
Ben Knight,dribbling,68.21084,68.0,0.21083831787109375
Jose Herrera,dribbling,62.209023,62.0,0.20902252197265625
Fabian Nürnberger,dribbling,71.7923,72.0,0.20770263671875
Bruno Leyes,dribbling,67.796196,68.0,0.20380401611328125
Brandon Soppy,dribbling,68.20191,68.0,0.20191192626953125
Aramide Oteh,dribbling,58.79846,59.0,0.20154190063476562
Emiliano Viveros,dribbling,58.200935,58.0,0.20093536376953125
Taylor Perry,dribbling,64.19752,64.0,0.19751739501953125
Arnór Sigurðsson,dribbling,71.80303,72.0,0.19696807861328125
Meiko Sponsel,dribbling,57.19505,57.0,0.19504928588867188
Nikola Soldo,dribbling,55.19402,55.0,0.19401931762695312
Sinan Karweina,dribbling,66.19078,66.0,0.1907806396484375
Sam Long,dribbling,58.810013,59.0,0.1899871826171875
Kader Keïta,dribbling,57.810486,58.0,0.18951416015625
Luca Jaquez,dribbling,41.81153,42.0,0.18846893310546875
Edgar Babayan,dribbling,67.18837,67.0,0.1883697509765625
Hugo Siquet,dribbling,67.81273,68.0,0.1872711181640625
Charlie Webster,dribbling,64.812874,65.0,0.18712615966796875
Lewis Brunt,dribbling,55.184868,55.0,0.18486785888671875
Louis Munteanu,dribbling,64.18478,64.0,0.18477630615234375
Paul Will,dribbling,62.81986,63.0,0.18014144897460938
Maciej Rosołek,dribbling,64.17986,64.0,0.17986297607421875
Sebastiano Esposito,dribbling,72.82175,73.0,0.178253173828125
Ryan Longman,dribbling,68.82256,69.0,0.17743682861328125
Justin Forst,dribbling,55.17719,55.0,0.17718887329101562
Ian Smeulers,dribbling,63.176857,63.0,0.17685699462890625
Gary Magnée,dribbling,66.17675,66.0,0.17675018310546875
Daniel Samek,dribbling,66.823654,67.0,0.1763458251953125
Rami Al Hajj,dribbling,65.82469,66.0,0.1753082275390625
Torben Müsel,dribbling,65.82706,66.0,0.172943115234375
Mika Biereth,dribbling,59.170708,59.0,0.17070770263671875
Daniel Aguirre,dribbling,58.17037,58.0,0.17036819458007812
Théo Sainte-Luce,dribbling,67.8318,68.0,0.1681976318359375
Stephan Negru,dribbling,42.835793,43.0,0.16420745849609375
Boubacar Traoré,dribbling,67.16387,67.0,0.16387176513671875
Amadou Sagna,dribbling,67.83618,68.0,0.163818359375
Harry Pickering,dribbling,64.8378,65.0,0.162200927734375
Alex Greive,dribbling,62.16218,62.0,0.16218185424804688
Niklas May,dribbling,61.840027,62.0,0.15997314453125
Emeric Depussay,dribbling,61.841534,62.0,0.15846633911132812
Edvin Becirovic,dribbling,61.841724,62.0,0.15827560424804688
Filip Trpcevski,dribbling,59.15739,59.0,0.15739059448242188
Abu Francis,dribbling,66.84429,67.0,0.15570831298828125
Moritz Oswald,dribbling,65.152,65.0,0.15200042724609375
Jean-Manuel Mbom,dribbling,67.84844,68.0,0.15155792236328125
Conor Masterson,dribbling,50.849346,51.0,0.15065383911132812
Charles Vanhoutte,dribbling,67.14891,67.0,0.1489105224609375
Dean James,dribbling,56.148796,56.0,0.14879608154296875
Joscha Wosz,dribbling,68.85166,69.0,0.14833831787109375
Richmond Tachie,dribbling,67.14805,67.0,0.14804840087890625
Dara Keane,dribbling,56.853924,57.0,0.14607620239257812
Liam Burt,dribbling,66.854,67.0,0.14600372314453125
Malek Al Darwish,dribbling,54.142193,54.0,0.14219284057617188
Matty Daly,dribbling,61.862263,62.0,0.13773727416992188
Gabriel Aranda,dribbling,50.137417,50.0,0.13741683959960938
Patryk Zaucha,dribbling,60.137356,60.0,0.13735580444335938
Gonzalo Álvez,dribbling,65.86311,66.0,0.1368865966796875
Luca Petrasso,dribbling,63.134872,63.0,0.1348724365234375
Louie Sibley,dribbling,68.134735,68.0,0.134735107421875
Christian Viet,dribbling,66.13352,66.0,0.13352203369140625
Tijjani Noslin,dribbling,67.86776,68.0,0.13224029541015625
El Hadji Dieye,dribbling,63.869907,64.0,0.13009262084960938
Filip Bilbija,dribbling,68.12979,68.0,0.129791259765625
Henrik Molvær Melland,dribbling,57.12528,57.0,0.12527847290039062
Colm Whelan,dribbling,56.874863,57.0,0.1251373291015625
Daniel Stynes,dribbling,61.875427,62.0,0.12457275390625
Tobias Anselm,dribbling,64.11945,64.0,0.11945343017578125
Fynn Lakenmacher,dribbling,60.88507,61.0,0.11492919921875
Sivasakthi Narayanan,dribbling,53.11353,53.0,0.11352920532226562
Georg Strauch,dribbling,65.11223,65.0,0.1122283935546875
Sorba Thomas,dribbling,70.111664,70.0,0.111663818359375
Taras Gomulka,dribbling,56.111317,56.0,0.11131668090820312
Liston Colaco,dribbling,63.10935,63.0,0.10934829711914062
Jack Stretton,dribbling,55.893482,56.0,0.10651779174804688
Casper Tengstedt,dribbling,66.106476,66.0,0.106475830078125
César Araújo,dribbling,62.105644,62.0,0.10564422607421875
Marcel Zylla,dribbling,64.89455,65.0,0.1054534912109375
Hayden Coulson,dribbling,66.10543,66.0,0.10543060302734375
Adam Wikman,dribbling,57.896446,58.0,0.10355377197265625
Al-Amin Kazeem,dribbling,53.102074,53.0,0.10207366943359375
Cătălin Cîrjan,dribbling,66.89952,67.0,0.1004791259765625
Marin Šverko,dribbling,57.900017,58.0,0.09998321533203125
Anosike Ementa,dribbling,58.099014,58.0,0.0990142822265625
Martin Samuelsen,dribbling,69.90269,70.0,0.09731292724609375
Cameron Duke,dribbling,63.096386,63.0,0.09638595581054688
Dženan Pejčinović,dribbling,60.904392,61.0,0.09560775756835938
Karim Zedadka,dribbling,64.095276,64.0,0.09527587890625
Mohammed Al Yami,dribbling,50.90693,51.0,0.09307098388671875
Josh Coley,dribbling,59.90817,60.0,0.09183120727539062
Albert Hofman,dribbling,64.09157,64.0,0.0915679931640625
Ibrahim El Kadiri,dribbling,67.09092,67.0,0.09091949462890625
Ernest Boahene,dribbling,59.09029,59.0,0.09029006958007812
Jack MacKenzie,dribbling,58.09023,58.0,0.09022903442382812
Johannes Naschberger,dribbling,66.90981,67.0,0.09018707275390625
Robert Street,dribbling,57.911274,58.0,0.08872604370117188
Giuseppe Cuomo,dribbling,36.087063,36.0,0.08706283569335938
Niall Morahan,dribbling,58.91719,59.0,0.0828094482421875
Niklas Tauer,dribbling,66.07958,66.0,0.07958221435546875
Reece McAlear,dribbling,57.9208,58.0,0.07920074462890625
Ibrahim Sadiq,dribbling,68.92119,69.0,0.0788116455078125
Tiago José Geralnik,dribbling,63.07789,63.0,0.07788848876953125
Martin Luciano,dribbling,54.922916,55.0,0.07708358764648438
Juan Alexander Franco,dribbling,46.076363,46.0,0.07636260986328125
Maximilian Beier,dribbling,70.07403,70.0,0.07402801513671875
Saïdou Sow,dribbling,59.06873,59.0,0.06872940063476562
Marley Aké,dribbling,74.0679,74.0,0.067901611328125
Szymon Czyż,dribbling,68.06514,68.0,0.0651397705078125
Jonathan Rowe,dribbling,68.93487,69.0,0.06513214111328125
Fabio Chiarodia,dribbling,54.935703,55.0,0.06429672241210938
Úmaro Embaló,dribbling,72.0634,72.0,0.0634002685546875
Daan Rots,dribbling,69.062126,69.0,0.06212615966796875
Wouter Burger,dribbling,67.0601,67.0,0.06009674072265625
Luca Kronberger,dribbling,62.93992,63.0,0.06008148193359375
Lewis Warrington,dribbling,61.941174,62.0,0.058826446533203125
Valentin Antov,dribbling,47.056732,47.0,0.056732177734375
Milan Corryn,dribbling,62.946396,63.0,0.0536041259765625
Shayden Morris,dribbling,61.949993,62.0,0.050006866455078125
Vincenzo Millico,dribbling,69.04932,69.0,0.04931640625
Fabio Markelic,dribbling,62.047913,62.0,0.04791259765625
Alidu Seidu,dribbling,65.0477,65.0,0.047698974609375
Danny Norris,dribbling,55.038277,55.0,0.03827667236328125
Idris El Mizouni,dribbling,61.03618,61.0,0.0361785888671875
Lautaro Ovando,dribbling,63.030453,63.0,0.030452728271484375
David Datro Fofana,dribbling,68.971664,69.0,0.0283355712890625
Jeanuël Belocian,dribbling,58.027603,58.0,0.0276031494140625
Clarke Oduor,dribbling,63.97277,64.0,0.02722930908203125
Luca Ranieri,dribbling,65.97286,66.0,0.02713775634765625
Donat Rrudhani,dribbling,68.0265,68.0,0.02649688720703125
Hugo Vandermersch,dribbling,62.026314,62.0,0.02631378173828125
Naci Ünüvar,dribbling,70.973854,71.0,0.02614593505859375
Callum Slattery,dribbling,64.02579,64.0,0.025787353515625
Ethan Chislett,dribbling,63.023846,63.0,0.023845672607421875
Filippo Melegoni,dribbling,66.97948,67.0,0.0205230712890625
Mohammed Tolba,dribbling,58.980103,59.0,0.0198974609375
Mateusz Żukowski,dribbling,57.98231,58.0,0.017688751220703125
Angus Thurgate,dribbling,65.01715,65.0,0.01715087890625
Antonio Foti,dribbling,65.016975,65.0,0.01697540283203125
Balthazar Pierret,dribbling,60.015907,60.0,0.01590728759765625
Luca Valzania,dribbling,67.98413,68.0,0.015869140625
Warren Bondo,dribbling,71.01427,71.0,0.0142669677734375
Afimico Pululu,dribbling,70.98592,71.0,0.01407623291015625
Lloyd Kelly,dribbling,66.98928,67.0,0.01071929931640625
Kerim Çalhanoğlu,dribbling,66.99007,67.0,0.0099334716796875
Alexandru Ișfan,dribbling,67.009315,67.0,0.00931549072265625
Nassim Elouarti,dribbling,51.007904,51.0,0.007904052734375
Josh Williams,dribbling,57.992702,58.0,0.007297515869140625
Marco Tilio,dribbling,68.00722,68.0,0.0072174072265625
Beni Baningime,dribbling,69.004906,69.0,0.00490570068359375
Aleksander Buksa,dribbling,58.99951,59.0,0.00048828125
Laurin Ulrich,dribbling,67.00046,67.0,0.000457763671875
Alex Mighten,dribbling,72.00036,72.0,0.00035858154296875
Aaron Anthony Connolly,dribbling,69.90239,,
Aaron Braithwaite,dribbling,46.9777,,
Aaron Davis,dribbling,58.78479,,
Aaron Doran,dribbling,51.25403,,
Aaron Facundo Quiroz,dribbling,50.942257,,
Aaron Graham John Collins,dribbling,60.08095,,
Aaron Joseph McGowan,dribbling,63.43432,,
Aaron Leya Iseka,dribbling,69.075195,,
Aaron Maurice O'Driscoll,dribbling,53.52413,,
Aaron Nassur Kamardin,dribbling,44.112762,,
Aaron Opoku-Tiawiah,dribbling,70.37981,,
Aaron Paul Morley,dribbling,62.82666,,
Aaron Sebastián Astudillo Quiñones,dribbling,56.707302,,
Aarón Rodrigues,dribbling,58.395412,,
Ababacar Moustapha Lô,dribbling,36.762722,,
Abakar Loubadhe Sylla,dribbling,54.729977,,
Abasa Aremeyaw,dribbling,41.29564,,
Abbas Sadiq Al Hassan,dribbling,50.83645,,
Abd-Al-Ali Morakinyo Olaposi Koiki,dribbling,60.638206,,
Abdallah Basit,dribbling,48.491047,,
Abdallahi Mohamed Mahmoud,dribbling,59.936497,,
Abdel Zagré,dribbling,44.594627,,
Abdelkahar Kadri,dribbling,71.75697,,
Abdelrahman Saidi,dribbling,67.06592,,
Abdoulaye Niakhate Ndiaye,dribbling,45.591488,,
Abdoulaye Sissako,dribbling,68.15874,,
Abdoulaye Sylla,dribbling,44.064724,,
Abdoulie Jallow,dribbling,70.955444,,
Abdul Malik Abubakari,dribbling,59.41751,,
Abdulaziz Al Yousef,dribbling,51.638226,,
Abdulkadir Taşdan,dribbling,58.781082,,
Abdulkareem Al Muzayil,dribbling,54.53934,,
Abdullah Dijlan Aydın,dribbling,59.780285,,
Abdullah Hadi Radif,dribbling,44.601597,,
Abdullah Nahar Al Shammari,dribbling,52.498848,,
Abdullah Yiğiter,dribbling,58.78358,,
Abdulmohsen Al Qahtani,dribbling,56.867382,,
Abdulrahman Mutlaq Al-Dawsari,dribbling,58.032845,,
Abdulrahman Saad,dribbling,50.92785,,
Abel Alejandro Bustos,dribbling,63.12371,,
Abel Bretones Cruz,dribbling,62.369728,,
Abel Eric Moreno Vargas,dribbling,54.979748,,
Abel William Stensrud,dribbling,57.767002,,
Abou-Malal Ba,dribbling,61.789513,,
Aboubacar Dit Boubou Konté,dribbling,65.955765,,
Aboubacar Kobele Keita,dribbling,51.06581,,
Aboubakary Yeli Koita,dribbling,70.73674,,
Abraham Del Moral Rando,dribbling,44.22471,,
Abraham Ifoghale Odoh,dribbling,65.991325,,
Abu-Bekir Ömer El-Zein,dribbling,62.115417,,
Abzi Diyaeddine,dribbling,53.213486,,
Achraf Madi,dribbling,64.21268,,
Adalberto Eliécer Carrasquilla Alcázar,dribbling,72.72592,,
Adam Armour,dribbling,49.07064,,
Adam Daghim,dribbling,60.60268,,
Adam Esparza Saldaña,dribbling,59.47105,,
Adam Fletcher Randell,dribbling,62.972748,,
Adam Griger,dribbling,56.396885,,
Adam Jan Chrzanowski,dribbling,47.59494,,
Adam Jeremy Pavlesic,dribbling,58.785824,,
Adam John May,dribbling,60.710217,,
Adam Jozef Przybek,dribbling,58.81664,,
Adam Kieran O'Reilly,dribbling,60.52086,,
Adam Lovatt,dribbling,56.406246,,
Adam McCaffrey,dribbling,50.100147,,
Adam Porter,dribbling,49.22226,,
Adam Ratajczyk,dribbling,62.875725,,
Adam Uche Idah,dribbling,62.74295,,
Adama Fofana,dribbling,64.55474,,
Adan George,dribbling,52.018887,,
Aday Ercan,dribbling,57.197113,,
Ade Oguns,dribbling,61.084736,,
Ademipo Ibrahim Odubeko,dribbling,57.136322,,
Adisu Bayew,dribbling,63.16254,,
Admiral Dalindlela Muskwe,dribbling,60.81262,,
Adnan Ugur,dribbling,68.240486,,
Adnane Abid,dribbling,66.024445,,
Adrian Bukowski,dribbling,56.000103,,
Adrian Costi Marian Moescu,dribbling,37.985844,,
Adrian Gheorghe Șut,dribbling,62.96492,,
Adrian Mihai Gîdea,dribbling,59.041603,,
Adrian Mihai Ioniță,dribbling,57.69908,,
Adrian Sandach,dribbling,58.785355,,
Adrian Segecic,dribbling,61.801964,,
Adrian Soboń,dribbling,61.83935,,
Adrian Szczutowski,dribbling,55.607662,,
Adrian Sæther,dribbling,58.784344,,
Adrian Łyszczarz,dribbling,63.060474,,
Adriano Firmino da Silva,dribbling,58.04741,,
Adrien Delphis,dribbling,56.04175,,
Adrià Altimira Reynaldos,dribbling,50.01804,,
Adrián Bernabé García,dribbling,73.86022,,
Adrián Butzke Benavides,dribbling,59.12603,,
Adrián González Moyano,dribbling,58.788742,,
Adrián López Garrote,dribbling,58.781868,,
Adrián Rodríguez Giménez,dribbling,58.783215,,
Adrián de la Fuente Barquilla,dribbling,55.81115,,
Aeron Zinga,dribbling,58.01529,,
Afeez Aremu Olalekan,dribbling,66.34317,,
Afonso Gamelas De Pinho Sousa,dribbling,73.08349,,
Afonso Manuel Abreu Freitas,dribbling,58.77372,,
Agon Muçolli,dribbling,67.723816,,
Agustín Barcellos,dribbling,50.904324,,
Agustín Da Silveira Muñoa,dribbling,40.638367,,
Agustín Hausch,dribbling,65.077515,,
Agustín Lastra,dribbling,58.789257,,
Agustín Nicolás Mulet,dribbling,68.867676,,
Agustín Santurio,dribbling,61.639423,,
Agustín Univaso,dribbling,44.78656,,
Agustín Álvarez Wallace,dribbling,58.196163,,
Ahmad Toure Ngouyamsa Nounchil,dribbling,65.72801,,
Ahmed El Messaoudi,dribbling,66.829285,,
Ahmed Kutucu,dribbling,68.20615,,
Ahmet Ege Gürleyen,dribbling,41.83974,,
Ahmet Gülay,dribbling,60.535553,,
Ahmet Karademir,dribbling,66.972,,
Ahoueke Steeve Kévin Denkey,dribbling,65.40797,,
Aidan Thomas Stone,dribbling,58.794273,,
Aidan Will Barlow,dribbling,62.872753,,
Aiden Connor O'Neill,dribbling,66.02027,,
Aiden McFadden,dribbling,61.422905,,
Ail Fuad Mohammed Hassan,dribbling,46.12944,,
Aimar Oroz Huarte,dribbling,63.832405,,
Aimar Sher,dribbling,67.241005,,
Aitor Paredes Casamichana,dribbling,47.588905,,
Akinkunmi Ayobami Amoo,dribbling,72.9267,,
Akinlolu Richard Olamide Famewo,dribbling,51.639366,,
Akinwale Joseph Odimayo,dribbling,58.34545,,
Akshunna Tyagi,dribbling,46.353832,,
Al Hassan Toure,dribbling,61.782948,,
Alaa Hamad Bakir,dribbling,68.99133,,
Alai Hussain Ghasem,dribbling,46.179047,,
Alan Francisco Rodríguez Armoa,dribbling,64.94758,,
Alan Godoy Domínguez,dribbling,67.44925,,
Alan Jonathan Patrício Botelho,dribbling,61.572147,,
Alan Madaliński,dribbling,58.77779,,
Alan Nicolás Marinelli,dribbling,67.23455,,
Alan Paredes,dribbling,57.22949,,
Alan Steve Minda García,dribbling,65.11631,,
Alan Steven Franco Palma,dribbling,68.332436,,
Alassane Sidibe,dribbling,62.13207,,
Albert Grønbæk Erlykke,dribbling,69.667915,,
Albert Palmberg Thorsen,dribbling,50.05374,,
Albert Tivadar Stahl,dribbling,62.587444,,
Albert-Nicolas Lottin,dribbling,61.69458,,
Alberto Hórreo Taveras,dribbling,58.787045,,
Alberto Martín Díaz,dribbling,58.95113,,
Alberto Moreno Rebanal,dribbling,67.84739,,
Alberto del Moral Saelices,dribbling,57.290585,,
Albie Robert Morgan,dribbling,64.055595,,
Albin Mörfelt,dribbling,65.30965,,
Albin Zackarias Lohikangas,dribbling,56.793255,,
Aldair Ccorahua,dribbling,58.7788,,
Aldair Edgardo Peña Torres,dribbling,58.782013,,
Aldair Neves Paulo Faustino,dribbling,58.1559,,
Aldreyby Parra,dribbling,52.08154,,
Alec Hugo Deneumostier Ortmann,dribbling,47.35065,,
Alejandro Alvarado,dribbling,62.54688,,
Alejandro Asensio Crespillo,dribbling,59.578827,,
Alejandro Balboa Bandeira,dribbling,60.07859,,
Alejandro Barbudo Lorenzo,dribbling,42.14951,,
Alejandro Blanco Sánchez,dribbling,70.74861,,
Alejandro Cantero Sánchez,dribbling,71.379745,,
Alejandro Carbonell Vallés,dribbling,68.78662,,
Alejandro Domingo Gómez,dribbling,66.88534,,
Alejandro Domínguez Romero,dribbling,58.78869,,
Alejandro Garnacho Ferreyra,dribbling,64.56259,,
Alejandro Iturbe Encabo,dribbling,58.794827,,
Alejandro José Marqués Méndez,dribbling,64.05063,,
Alejandro Millán Iranzo,dribbling,64.42605,,
Alejandro Orellana Gómez,dribbling,59.59738,,
Alejandro Pachón Párraga,dribbling,57.51782,,
Alejandro Padilla Pérez,dribbling,58.778988,,
Alejandro Primo Hernández,dribbling,58.787262,,
Alejandro Pérez Castroviejo,dribbling,65.21326,,
Alejandro Pérez Cea,dribbling,55.802685,,
Alejandro Ramos Rodríguez,dribbling,58.08814,,
Alejandro Revuelta Montero,dribbling,41.7746,,
Alejandro Rodríguez Lorite,dribbling,49.390232,,
Alejandro Sola López-Ocaña,dribbling,69.15632,,
Alejandro Suárez Cardero,dribbling,69.63052,,
Alejandro Zendejas Saavedra,dribbling,70.28369,,
Alejo Antilef,dribbling,72.647,,
Aleksandar Boljević,dribbling,71.06914,,
Aleksander Biermann Stenseth,dribbling,55.03392,,
Aleksander Gajgier,dribbling,38.176266,,
Aleksander Pawlak,dribbling,53.439587,,
Alessandro Albanese,dribbling,71.20561,,
Alessandro Cortinovis,dribbling,67.12925,,
Alessandro Fiordaliso,dribbling,59.923046,,
Alessandro Lombardi,dribbling,66.07198,,
Alessandro Mallamo,dribbling,66.66946,,
Alessandro Russo,dribbling,58.782364,,
Alessandro Tripaldelli,dribbling,62.906555,,
Alex Aguilar,dribbling,49.34299,,
Alex Arthur Rufer,dribbling,63.220497,,
Alex Bangura,dribbling,64.24533,,
Alex Byrne,dribbling,53.971344,,
Alex Duncan Hartridge,dribbling,53.606743,,
Alex Emilio Timossi Andersson,dribbling,68.379776,,
Alex Forés Mendoza,dribbling,55.211617,,
Alex Juárez,dribbling,62.84744,,
Alex Matías Ibacache Mora,dribbling,62.60483,,
Alex Vigo Gamaliel,dribbling,73.38169,,
Alexandar Borković,dribbling,51.421833,,
Alexander Ballegaard Ammitzbøll,dribbling,60.74913,,
Alexander Díaz,dribbling,66.9777,,
Alexander Ernesto Aravena Guzmán,dribbling,65.29389,,
Alexander García,dribbling,57.32337,,
Alexander John Hunt,dribbling,63.285072,,
Alexander Joseph Gersbach,dribbling,61.43075,,
Alexander Larsson,dribbling,55.28976,,
Alexander Michael Bass,dribbling,58.84012,,
Alexander Munksgaard Nielsen,dribbling,66.02056,,
Alexander Parsons,dribbling,63.65511,,
Alexander Prokopenko,dribbling,57.66707,,
Alexander Sosa,dribbling,59.556965,,
Alexander William Cochrane,dribbling,66.495316,,
Alexandre Penetra Correia,dribbling,45.20177,,
Alexandro Ezequiel Bernabei,dribbling,72.810005,,
Alexandros Safarikas,dribbling,58.791557,,
Alexandru Constantin Chilili,dribbling,43.89354,,
Alexandru Crivac,dribbling,49.678055,,
Alexandru Despa,dribbling,58.510403,,
Alexandru Florescu,dribbling,52.797535,,
Alexandru Grigoraș Pantea,dribbling,57.21444,,
Alexandru Irinel Mățan,dribbling,69.63439,,
Alexandru Laurențiu Oroian,dribbling,64.13002,,
Alexandru Mihai Ilie,dribbling,63.6501,,
Alexandru Petre,dribbling,49.91344,,
Alexandru Pătlăgică,dribbling,51.816036,,
Alexi Paul Pitu,dribbling,69.41092,,
Alexis Adelin Beka Beka,dribbling,70.12069,,
Alexis Amadeo Sabella,dribbling,66.331894,,
Alexis Antunes Gomez,dribbling,65.64322,,
Alexis David Duarte Pereira,dribbling,53.740173,,
Alexis Francisco Flores,dribbling,60.021133,,
Alexis Steimbach,dribbling,57.287727,,
Alexis Trouillet,dribbling,71.9101,,
Alexsandro de Souza Ribeiro,dribbling,51.027874,,
Alfie Bridgman,dribbling,54.65472,,
Alfie Burnett,dribbling,58.790447,,
Alfie Malik Whiteman,dribbling,58.77761,,
Alfons Amade,dribbling,67.59011,,
Alfons Nygaard,dribbling,51.487118,,
Alfonso González Martínez,dribbling,69.70564,,
Alfonso Ocampo-Chávez,dribbling,57.217384,,
Alfonso Simarra,dribbling,43.96941,,
Alfonso Trezza Hernández,dribbling,65.265526,,
Alfred Lalroutsang,dribbling,50.06442,,
Alhagi Marie Touray Sisay,dribbling,57.424347,,
Alhassan Yusuf Abdullahi,dribbling,71.5676,,
Ali Al Salem,dribbling,53.151226,,
Ali Demirel,dribbling,68.901764,,
Ali Ibrahim Karim Ali Al-Hamadi,dribbling,55.105255,,
Aliou Badara Traore,dribbling,60.585415,,
Alistair Edward McCann,dribbling,67.8756,,
Alistair Oluwashaun Smith,dribbling,63.753796,,
Almoatasim Siddiq,dribbling,58.280205,,
Alois Dominik Oroz,dribbling,50.051018,,
Aloyayari Abdulmalik,dribbling,58.64789,,
Aloïs Penin,dribbling,45.824745,,
Amad Diallo Traoré,dribbling,73.01501,,
Amadou Dia Ndiaye,dribbling,60.50934,,
Amadou Doumbouya,dribbling,63.502052,,
Amankwaa Akurugu,dribbling,56.501617,,
Amar Ahmed Fatah,dribbling,61.640198,,
Amar Gerxhaliu,dribbling,38.806095,,
Amay Caprice,dribbling,53.500847,,
Ameen Al-Dakhil,dribbling,55.437912,,
Amel Mujanić,dribbling,60.487404,,
Amin Al-Hamawi,dribbling,56.926517,,
Amir Ismaïl,dribbling,58.622528,,
Amirhossein Hosseinzadeh,dribbling,69.21137,,
Amjhad Nazih,dribbling,58.780914,,
Anargyros Kampetsis,dribbling,66.01511,,
Anas Bakhat,dribbling,62.764446,,
Ander Iruarrizaga Díez,dribbling,58.778297,,
Ander Martín Odriozola,dribbling,67.64638,,
Anders Bloch Bærtelsen,dribbling,47.176636,,
Anders Hartveit Ryste,dribbling,53.070454,,
Anderson Arroyo Córdoba,dribbling,59.64434,,
Anderson Cordeiro Costa,dribbling,69.85161,,
Anderson de Oliveira da Silva,dribbling,72.44595,,
Andi Avdi Zeqiri,dribbling,70.01885,,
Andre Reynolds II,dribbling,59.46426,,
Andrea Papetti,dribbling,56.340897,,
Andrea Sorrentino,dribbling,58.77752,,
Andreas Klausen Helmersen,dribbling,57.229042,,
Andreas Mircea Mihaiu,dribbling,62.247925,,
Andreas Poulsen,dribbling,64.246895,,
Andreas Rædergård Schjelderup,dribbling,69.84536,,
Andreas Schjølberg Hanche-Olsen,dribbling,57.559875,,
Andreas Skjold,dribbling,59.346577,,
Andrei Chindriș,dribbling,46.702362,,
Andrei Daniel Vlad,dribbling,58.82624,,
Andrei Dragoș Șerban,dribbling,64.18355,,
Andrei Gabriel Ureche,dribbling,58.82615,,
Andrei Ioan Cordea,dribbling,69.773224,,
Andrei Jercălău,dribbling,58.78013,,
Andrei Motoc,dribbling,41.030834,,
Andres Mihai Dumitrescu,dribbling,51.875103,,
Andres Moreno,dribbling,35.939903,,
Andrew Abiola Omobamidele,dribbling,57.18791,,
Andrew Christopher Teuten Ponzoni,dribbling,71.23815,,
Andrew Draper,dribbling,65.21812,,
Andrew Irving,dribbling,62.1289,,
Andrew Lyons,dribbling,58.56056,,
Andrew Thomas,dribbling,58.77765,,
Andriy Kulakov,dribbling,59.53822,,
André Barbosa da Silva,dribbling,57.35676,,
André Filipe Rio Liberal,dribbling,61.462925,,
André Fonseca Amaro,dribbling,60.893154,,
André Leipold,dribbling,63.860287,,
André Miguel Lapa Ricardo,dribbling,62.40819,,
Andrés Alberto Andrade Cedeño,dribbling,63.388966,,
Andrés Carlos Caro Serrano,dribbling,45.276775,,
Andrés Enrique Ferro Peña,dribbling,59.983643,,
Andrés Felipe Balanta Cifuentes,dribbling,57.88057,,
Andrés Felipe Perea Castañeda,dribbling,63.923725,,
Andrés Felipe Reyes Ambuila,dribbling,46.44534,,
Andrés López Gallo,dribbling,41.471573,,
Andrés Martín García,dribbling,69.709114,,
Andrés Souper De La Cruz,dribbling,69.71353,,
Andy Musayev,dribbling,62.294434,,
Ange Chibozo,dribbling,65.44364,,
Ange-Yoan Bonny,dribbling,58.515297,,
Angelo Bačić,dribbling,60.520065,,
Anis Ben Slimane,dribbling,69.47527,,
Anselmo Túlio Marques Barni,dribbling,60.908527,,
Antal Bencze,dribbling,58.779507,,
Antef Tsoungui,dribbling,39.68992,,
Anthony Aires,dribbling,60.96168,,
Anthony Chigaemezu Uzodimma,dribbling,63.93788,,
Anthony Driscoll-Glennon,dribbling,61.251274,,
Anthony Hartigan,dribbling,62.570244,,
Anthony Kenneth Evans,dribbling,66.73044,,
Anthony Kevin Descotte,dribbling,66.64373,,
Anthony Lenin Valencia Bajaña,dribbling,70.648766,,
Anthony Maisonnial,dribbling,58.871613,,
Anthony Richard Scully,dribbling,68.72799,,
Anthony Tite Musaba,dribbling,68.635994,,
Antoine Benjamin Colassin,dribbling,65.937485,,
Antoine Joseph Emmanuel Bernède,dribbling,70.98721,,
Anton Mlinaric,dribbling,41.477505,,
Anton Skipper Hendriksen,dribbling,46.720856,,
Anton Vladimirovich Mitryushkin,dribbling,58.809963,,
Anton Willy Tanghe,dribbling,51.078598,,
Anton Ziegler,dribbling,57.02494,,
Antoni Kozubal,dribbling,58.926464,,
Antoni Mikułko,dribbling,58.787453,,
Antonio Cortés Heredia,dribbling,67.75807,,
Antonio Espigares Morillas,dribbling,41.923042,,
Antonio Galeano,dribbling,69.01464,,
Antonio Gomis Alemañ,dribbling,58.78994,,
Antonio Iervolino,dribbling,57.701584,,
Antonio Jeremiah Leone,dribbling,34.227764,,
Antonio Marchena Millán,dribbling,59.018547,,
Antonio Marín Colmán,dribbling,63.03871,,
Antonio Mihai Stan,dribbling,57.88523,,
Antonio Pacheco Ruiz,dribbling,57.566917,,
Antonio Sandoval,dribbling,58.177013,,
Antonio Sefer,dribbling,68.839325,,
Antonio Sola Villalba,dribbling,53.956078,,
Antonio Yakoub,dribbling,58.409435,,
Antonio Zarzana Pérez,dribbling,62.06919,,
Antonis Aidonis,dribbling,48.23074,,
Antonis Makatounakis,dribbling,58.7875,,
Antony Alves Santos,dribbling,68.6968,,
Anyelberth Vera,dribbling,60.62561,,
Aodh Dervin,dribbling,58.630653,,
Apostolos Tsilingiris,dribbling,58.779854,,
Aqeel Al Dhafeeri,dribbling,34.88821,,
Arbnor Muja,dribbling,63.716278,,
Archie Finn Collins,dribbling,65.192566,,
Archie Mark Procter,dribbling,43.851677,,
Archie Meekison,dribbling,61.483788,,
Arda Okan Kurtulan,dribbling,63.69035,,
Aribim Pepple,dribbling,56.095783,,
Aridon Racaj,dribbling,55.04827,,
Ariel Alfonso Uribe Lepe,dribbling,64.09519,,
Arif Kocaman,dribbling,41.819756,,
Aristide Wam,dribbling,55.277267,,
Aritz Aldasoro Sarriegi,dribbling,66.48653,,
Arlind Dakaj,dribbling,55.779793,,
Armand Smrcka,dribbling,61.60908,,
Armando Shashoua,dribbling,61.514076,,
Armstrong Echezolachukwu Inya Okoflex,dribbling,65.33823,,
Arnaldo Zambrano,dribbling,59.662193,,
Arnau Comas Freixas,dribbling,53.49773,,
Arnau Puigmal Martínez,dribbling,68.201485,,
Arnau Tenas Ureña,dribbling,58.77752,,
Arnaud Dony,dribbling,59.82741,,
Arnaud Nkodi Luzayadio,dribbling,61.01368,,
Arne Rühlemann,dribbling,54.699253,,
Artem Onischenko,dribbling,59.14408,,
Arthur James Read,dribbling,60.918568,,
Arthur Vitelli,dribbling,34.731,,
Arthur de Oliveira Sales,dribbling,62.861614,,
Aryan Romaní,dribbling,63.614326,,
Arón David Rodríguez Franco,dribbling,69.7293,,
Asad Kasumovic,dribbling,51.870064,,
Asif Khan,dribbling,53.717297,,
Aske Sampers,dribbling,61.715492,,
Asker Beck,dribbling,58.00495,,
Ateef Konaté,dribbling,67.85465,,
Atem Dor Jok,dribbling,49.20078,,
Attila Mocsi,dribbling,32.956593,,
Attilio Morosoli,dribbling,58.804928,,
Audenirton Soares da Silva,dribbling,58.7875,,
Augustin Drakpe,dribbling,40.75112,,
Augusto Alcorcel,dribbling,58.79043,,
Aurel Loubongo-M'Boungou,dribbling,63.97558,,
Aurelian Eusebio Păun,dribbling,58.862732,,
Aurélien Nguiamba,dribbling,63.162037,,
Auston Levi-Jesaiah Trusty,dribbling,58.664326,,
Avan Jones,dribbling,47.238007,,
Awad Haidar Al Nashri,dribbling,47.56611,,
Awer Bul Mabil,dribbling,72.082794,,
Awn Mutlaq Al Slaluli,dribbling,37.24696,,
Axel Prado,dribbling,44.853985,,
Aylan Benyahia-Tani,dribbling,63.323433,,
Ayman Yahya Salem,dribbling,63.072853,,
Ayman Yusef Al-Hujaili,dribbling,62.807827,,
Ayodeji Sotona,dribbling,63.735138,,
Ayomide Akinola,dribbling,59.745937,,
Ayotomiwa Dele-Bashiru,dribbling,68.82112,,
Ayoub Assal,dribbling,68.23191,,
Ayoub Jabbari,dribbling,54.349514,,
Ayrthon Quintana,dribbling,64.529106,,
Ayrton Enrique Costa,dribbling,60.52104,,
Ayush Dev Chhetri,dribbling,51.900303,,
Aziz Ouattara Mohammed,dribbling,58.45014,,
Azzeddine Toufiqui,dribbling,69.71356,,
Baba Oulen Souare,dribbling,34.267105,,
Bader Al Huwaidi,dribbling,52.246525,,
Bader Mohammed Munshi,dribbling,55.691517,,
Baltazar Costa Rodrigues de Oliveira,dribbling,65.53411,,
Barry Thomas Crowe,dribbling,62.027206,,
Bartosz Bida,dribbling,62.593025,,
Bartosz Cybulski,dribbling,46.590088,,
Bartłomiej Ciepiela,dribbling,59.37193,,
Bartłomiej Gradecki,dribbling,58.782104,,
Bartłomiej Mruk,dribbling,35.903824,,
Baruj Aburto,dribbling,58.02299,,
Barış Əkinçiər,dribbling,62.018337,,
Bassekou Diabaté,dribbling,55.57655,,
Bastian Bsullak,dribbling,33.526806,,
Bastián Jean Yañez Miranda,dribbling,71.702866,,
Bastián Pino,dribbling,54.371452,,
Bastián Sagal,dribbling,55.139038,,
Batuhan Ahmet Şen,dribbling,58.78385,,
Beckham Sunderland,dribbling,58.78153,,
Beka Dartsmelia,dribbling,63.118683,,
Belmin Beganović,dribbling,58.289597,,
Ben Alexander Voll,dribbling,58.781666,,
Ben Collins,dribbling,34.39817,,
Ben Curtis,dribbling,42.034218,,
Ben Easton Close,dribbling,64.83049,,
Ben Edward Stevenson,dribbling,64.73402,,
Ben Engdahl,dribbling,52.844715,,
Ben Klefisch,dribbling,58.664284,,
Ben Lloyd,dribbling,60.793312,,
Ben Nelson,dribbling,47.031868,,
Ben Reveno,dribbling,54.123566,,
Ben Scholte,dribbling,63.982533,,
Benas Šatkus,dribbling,53.006214,,
Bendik Kristiansen,dribbling,50.067165,,
Benedikt Paul Grawe,dribbling,58.78276,,
Beni Redžić,dribbling,53.746754,,
Benjamin Acquah,dribbling,56.535854,,
Benjamin Bender,dribbling,63.17089,,
Benjamin Cabango,dribbling,46.970238,,
Benjamin Craig Old,dribbling,67.28988,,
Benjamin Faraas,dribbling,56.29828,,
Benjamin Hemcke,dribbling,58.392662,,
Benjamin House,dribbling,54.674843,,
Benjamin Jack Wiles,dribbling,67.4798,,
Benjamin Kikanovic,dribbling,56.99658,,
Benjamin Leneis,dribbling,58.792847,,
Benjamin Lhassine Kone,dribbling,62.78231,,
Benjamin Luke Woodburn,dribbling,68.68744,,
Benjamin Mbunga-Kimpioka,dribbling,57.936844,,
Benjamin Mines,dribbling,62.851517,,
Benjamin Peter Waine,dribbling,61.186188,,
Benjamin Steenfeldt Hvidt,dribbling,60.103058,,
Benjamin Warland,dribbling,48.60654,,
Benjamin Williams,dribbling,61.550056,,
Benjamín Antonio Garré,dribbling,74.30677,,
Benjamín Dominguez,dribbling,65.484726,,
Benjamín Ignacio Galdames Millán,dribbling,63.91845,,
Bennet Schieber,dribbling,35.75705,,
Benni Smales-Braithwaite,dribbling,50.324112,,
Benno Dietze,dribbling,55.248116,,
Berat Kalkan,dribbling,61.81929,,
Berkan Küpelikılınç,dribbling,60.17092,,
Berkay Vardar,dribbling,61.26242,,
Berke Özer,dribbling,58.813076,,
Bernardo Gouveia da Silva,dribbling,58.153923,,
Bernardo Martins Sousa,dribbling,65.015045,,
Bernardo Oliveira,dribbling,67.418526,,
Bernardo Silva Conceição,dribbling,59.163094,,
Bertuğ Yıldırım,dribbling,58.51072,,
Besard Šabović,dribbling,60.36652,,
Besart Topalloj,dribbling,32.85087,,
Beto Avila,dribbling,57.297436,,
Beyhan Ametov,dribbling,65.76689,,
Beñat Prados Díaz,dribbling,67.68172,,
Beñat Turrientes Imaz,dribbling,67.23105,,
Biel Farrés del Castillo,dribbling,53.62627,,
Bijoy Varghese,dribbling,33.686268,,
Bilal Bayazit,dribbling,58.77735,,
Bilal El Khannous,dribbling,70.27989,,
Bilal Nadir,dribbling,56.42244,,
Billy Brooks,dribbling,56.16057,,
Billy John Sass-Davies,dribbling,46.14927,,
Billy van Duijl,dribbling,42.19192,,
Bjørn Martin Kristensen,dribbling,63.684933,,
Blas Esteban Armoa Núñez,dribbling,61.57168,,
Bleiner David Agrón Mosquera,dribbling,45.779182,,
Blás Miguel Riveros Galeano,dribbling,70.57134,,
Bobby-Emmanuel Kamwa,dribbling,54.72237,,
Bojan Radulović Samouković,dribbling,60.31029,,
Bong Soo Kim,dribbling,54.202667,,
Bongokuhle Hlongwane,dribbling,64.042656,,
Boon-Cheul Goo,dribbling,62.456615,,
Boris Popović,dribbling,50.375057,,
Borislav Ivaylov Stankov,dribbling,58.476772,,
Borja Garcés Moreno,dribbling,68.8789,,
Borja Manuel Llarena Barroso,dribbling,62.410572,,
Borja Sainz Eguskiza,dribbling,67.07196,,
Boubacar Rafael Neto Hanne,dribbling,67.22177,,
Boureima Hassane Bandé,dribbling,68.79124,,
Brad Kelly,dribbling,58.77846,,
Bradley Holmes,dribbling,54.136208,,
Bradley House,dribbling,58.77812,,
Bradley Matufueni M'bondo,dribbling,50.841175,,
Bradley Walker,dribbling,63.54162,,
Brady Canfield Scott,dribbling,58.77975,,
Braian Alejandro Galván,dribbling,68.06882,,
Braian Ezequiel Mansilla,dribbling,71.388565,,
Braian Miguel Angel Martínez,dribbling,71.22318,,
Braian Nahuel Aguirre,dribbling,60.729435,,
Braian Óscar Ojeda Rodríguez,dribbling,68.89702,,
Branco Antonio Provoste Ovalle,dribbling,67.24192,,
Brandon Anthony Austin,dribbling,58.78007,,
Brandon Iván Servania,dribbling,64.18859,,
Brandon Joel Gaetano Borrello,dribbling,69.75323,,
Brandon Michael Clarke Thomas-Asante,dribbling,65.25267,,
Brandon Pursall,dribbling,44.57421,,
Brandon Vázquez Toledo,dribbling,61.07558,,
Branislav Knežević,dribbling,57.465122,,
Brayan Garrido,dribbling,58.51243,,
Brayan Medina,dribbling,49.45097,,
Brayan Parada,dribbling,57.7192,,
Brayan Yohangel Hurtado Cortesía,dribbling,70.067276,,
Brendan Joel Zibusiso Galloway,dribbling,58.96698,,
Brendan Nana Sarpong-Wiredu,dribbling,63.695778,,
Brenner Souza da Silva,dribbling,72.58157,,
Brent Vugts,dribbling,60.599457,,
Brett Minnema,dribbling,58.788513,,
Brian Alexis Leizza,dribbling,53.097855,,
Brian Oddei,dribbling,70.809,,
Brian Philip Maher,dribbling,58.769657,,
Brian Rocha Araújo,dribbling,58.783916,,
Briant D'Altoe,dribbling,60.1817,,
Bright Enobakhare,dribbling,73.68225,,
Brody Paterson,dribbling,57.842194,,
Brooklyn Lyons-Foster,dribbling,44.41773,,
Brooklyn Raines,dribbling,56.885437,,
Bruno André Cavaco Jordão,dribbling,67.29392,,
Bruno Báez Panero,dribbling,51.62172,,
Bruno Henrique Marques Torres,dribbling,55.81378,,
Bruno Luiz Fagundeiro Cardenas,dribbling,69.59661,,
Bruno Miguel Carapeto dos Reis,dribbling,64.220634,,
Bruno Miguel Ferreira Rodrigues,dribbling,44.825417,,
Bruno Onyemaechi,dribbling,52.8171,,
Bruno Pachito,dribbling,56.78155,,
Bruno Poveda,dribbling,58.78744,,
Bruno Recalde,dribbling,63.825466,,
Bruno Rivas Reyes,dribbling,58.789406,,
Bryan David Castrillón Gómez,dribbling,67.10866,,
Bryan Fiabema,dribbling,63.37863,,
Bryan González,dribbling,65.69864,,
Bryan Javier Caicedo Jurado,dribbling,44.992138,,
Bryan Silva Teixeira,dribbling,70.44528,,
Bryan Soumaré,dribbling,67.50432,,
Bryan Zaragoza Martínez,dribbling,63.40178,,
Bryant Albizo,dribbling,58.206055,,
Bryant Nieling,dribbling,46.636948,,
Bryant Ortega,dribbling,62.841827,,
Bryce Washington,dribbling,38.885094,,
Bryn Andrew Morris,dribbling,62.518486,,
Brynjar Johnsplass,dribbling,47.142147,,
Brynjólfur Darri Willumsson,dribbling,62.54647,,
Bum Su Kim,dribbling,57.896782,,
Burak Ince,dribbling,69.15921,,
Béni Makouana,dribbling,67.40128,,
Bénie Adama Traoré,dribbling,66.20378,,
Cade Dylan Cowell,dribbling,69.04386,,
Caden Clark,dribbling,68.14822,,
Cagan Kayra Erciyas,dribbling,37.848957,,
Caleb Cassius Watts,dribbling,62.295242,,
Callan Rennie Elliot,dribbling,60.478622,,
Callum Alex David Burton,dribbling,58.83231,,
Callum Damian Peter Morton,dribbling,63.78161,,
Callum Jason Noel Camps,dribbling,64.39984,,
Callum Joseph Lang,dribbling,68.675766,,
Callum Thomas Ainley,dribbling,67.80046,,
Callum William McCowatt,dribbling,62.11845,,
Calum Kavanagh,dribbling,58.028862,,
Calvin William Ramsay,dribbling,66.29124,,
Cameron Bradley John,dribbling,56.41588,,
Cameron Dunbar,dribbling,61.75895,,
Cameron James Evans,dribbling,50.900307,,
Cameron Lisceous Humphreys-Grant,dribbling,53.837208,,
Cameron MacPherson,dribbling,61.960205,,
Cameron Mark Thomas Brannagan,dribbling,64.03102,,
Cameron Puertas Castro,dribbling,70.186035,,
Cameron Rooney,dribbling,54.20477,,
Cameron Terry Coxe,dribbling,61.155724,,
Camilo Hernán Albornoz,dribbling,56.401455,,
Can Hayri Özkan,dribbling,61.49869,,
Caoimhin Porter,dribbling,47.191635,,
Caolan McLaughlin,dribbling,54.378426,,
Carl Adam Andersson,dribbling,64.77699,,
Carl Adam Jonathan Hellborg,dribbling,58.276245,,
Carl Robert Johnston,dribbling,59.951668,,
Carlo Adriano García Prades,dribbling,66.864555,,
Carlo Gregor Boukhalfa,dribbling,66.92117,,
Carlo Johan Holse Justesen,dribbling,70.65572,,
Carlo Roberto Casap,dribbling,64.49272,,
Carlos Alberto Lucumi González,dribbling,51.56121,,
Carlos Alberto Villanueva Fuentes,dribbling,67.369095,,
Carlos Andrés Chore Aguilera,dribbling,53.830288,,
Carlos Augusto Rojas,dribbling,57.07776,,
Carlos Beitia Cardos,dribbling,62.82192,,
Carlos Daniel Calzadilla Durán,dribbling,62.962215,,
Carlos Daniel Meza Villa,dribbling,62.493122,,
Carlos Domínguez Cáceres,dribbling,50.389145,,
Carlos Gabriel Villalba Rivas,dribbling,67.59139,,
Carlos Jhilmar Lora Saavedra,dribbling,63.75209,,
Carlos Joao Montoya García,dribbling,41.904358,,
Carlos Manuel Díaz Ferrer,dribbling,43.41561,,
Carlos Manuel Insaurralde Ochart,dribbling,67.82966,,
Carlos Martín Domínguez,dribbling,66.87053,,
Carlos Mateo Abastoflor Aguilera,dribbling,62.123154,,
Carlos Miguel Harvey Cesneros,dribbling,55.454235,,
Carlos Niño Junior Espinola Díaz,dribbling,54.95432,,
Carlos Paraco,dribbling,61.778465,,
Carlos Percy Liza Espinoza,dribbling,71.460556,,
Carlos Raúl Olses Quijada,dribbling,58.7818,,
Carlos Romero Serrano,dribbling,53.354958,,
Carlos Terán Díaz,dribbling,48.562183,,
Carmine Soel Chiappetta,dribbling,58.595997,,
Carney Chibueze Chukwuemeka,dribbling,69.06272,,
Carson Buschman-Dormond,dribbling,62.59144,,
Casper Kaarsbo Winther,dribbling,65.15954,,
Casper Staring,dribbling,54.878155,,
Celton Ansumane Biai,dribbling,58.77846,,
Cem Tuna Türkmen,dribbling,67.04852,,
Cem Çelik,dribbling,59.21757,,
Cenk Özkaçar,dribbling,58.95733,,
Cezary Miszta,dribbling,58.781685,,
Chan Yong Kim,dribbling,58.79379,,
Chang Hwan Park,dribbling,57.84068,,
Chanka Zimba,dribbling,54.92137,,
Charbel Codjo Gomez,dribbling,65.22076,,
Charles Mutawe,dribbling,46.557953,,
Charles Nathan Abi,dribbling,65.835106,,
Charley Kendall,dribbling,53.150047,,
Charlie Caton,dribbling,57.665493,,
Charlie Daniel Brown,dribbling,55.219097,,
Charlie David Kirk,dribbling,69.0365,,
Charlie Patrick Jolley,dribbling,57.57953,,
Charlie Seaman,dribbling,59.434166,,
Charlie Williams,dribbling,57.492706,,
Check Oumar Diakité,dribbling,70.88325,,
Cheick Aymar Timité,dribbling,67.97179,,
Cheick Tiemoko Diabate,dribbling,50.290924,,
Cheikh Ahadou Tidiane Thiam,dribbling,40.209534,,
Cheikh Ahmet Tidian Niasse,dribbling,65.0541,,
Cheikh Tidiane Sabaly,dribbling,69.03711,,
Chiekh Thiam,dribbling,58.539783,,
Chigozier Caleb Chukwuemeka,dribbling,59.438976,,
Chinonso Offor Nnamdi,dribbling,60.23325,,
Chris Donovan,dribbling,51.21125,,
Chris Forino-Joseph,dribbling,45.782352,,
Chris Kouakou,dribbling,63.52407,,
Chris Lotefa,dribbling,53.34123,,
Chris Vianney Bedia,dribbling,65.21052,,
Chrislain Iris Aurel Matsima,dribbling,54.749676,,
Christian Acella,dribbling,63.99144,,
Christian Adán Larotonda Adán,dribbling,63.271473,,
Christian Capone,dribbling,71.096756,,
Christian Diego Pastina,dribbling,56.274376,,
Christian Dominick Torres,dribbling,57.294453,,
Christian Fernandes Marques,dribbling,48.13716,,
Christian Franco,dribbling,57.02675,,
Christian Frederick Bayoi Makoun Reyes,dribbling,57.923546,,
Christian Jaeger Cappis,dribbling,64.57685,,
Christian Joe Conteh,dribbling,70.21356,,
Christian Joel Sánchez Leal,dribbling,58.795803,,
Christian Kouan Oulaï,dribbling,69.60342,,
Christian Mork Breivik,dribbling,58.326195,,
Christian Norton,dribbling,58.718555,,
Christian Rivera Hernández,dribbling,65.10498,,
Christian Schiavone Modica,dribbling,61.884014,,
Christian Tapia,dribbling,58.799164,,
Christián Herc,dribbling,67.97621,,
Christopher Brady,dribbling,58.779465,,
Christopher Cadden,dribbling,68.26454,,
Christopher Francis Merrie,dribbling,56.96375,,
Christopher Gavin Scott,dribbling,69.31856,,
Christopher Giuliani,dribbling,58.78745,,
Christopher Gloster,dribbling,59.51748,,
Christopher James Durkin,dribbling,64.69459,,
Christopher Lungoyi,dribbling,67.79699,,
Christopher Maurice Wooh,dribbling,59.224564,,
Christopher Robin Olivares Burga,dribbling,67.83034,,
Cian William Thomas Harries,dribbling,56.322914,,
Ciaran Patrick Gilligan,dribbling,60.800373,,
Cillian Heaney,dribbling,53.91358,,
Ciro Panico,dribbling,58.47092,,
Claudio Espinoza,dribbling,58.387527,,
Claudiu Adrian Mihai Petrila,dribbling,70.39974,,
Clayton Fernandes Silva,dribbling,63.247627,,
Cleilton Monteiro da Costa,dribbling,69.386925,,
Clelio Gustavo Nnachi Espinoza,dribbling,59.47387,,
Clemente José Montes Barroilhet,dribbling,68.67398,,
Clinton Mola,dribbling,64.937225,,
Clyde Nick García Segura,dribbling,53.961784,,
Clément Bayiha,dribbling,63.011734,,
Clément Billemaz,dribbling,66.01579,,
Cody Callum Pierre Drameh,dribbling,63.75005,,
Cody Collins,dribbling,41.91817,,
Cole Turner,dribbling,55.50194,,
Collins Sichenje,dribbling,55.274323,,
Connor Isaac Metcalfe,dribbling,65.8716,,
Connor Pye,dribbling,53.918858,,
Connor Smith,dribbling,61.273552,,
Conor Mark Chaplin,dribbling,67.531075,,
Conor Michael Grant,dribbling,61.65894,,
Constantin Cristian Dima,dribbling,52.993187,,
Corrie Richard Ndaba,dribbling,59.399384,,
Cosimo Marco Da Graca,dribbling,61.62846,,
Cosmin Gabriel Atănase,dribbling,59.43228,,
Cosmin Tucaliuc,dribbling,65.20248,,
Cottrell Ezekwem,dribbling,41.253277,,
Cristhian David Riveros Silvero,dribbling,58.79919,,
Cristhian Mosquera Ibargüen,dribbling,51.16003,,
Cristhian Penayo,dribbling,60.889732,,
Cristian Cosmin Dumitru,dribbling,65.08941,,
Cristian Enrique Cruz Meleán,dribbling,59.749657,,
Cristian Estaban Trujillo Riascos,dribbling,64.46103,,
Cristian Ezequiel Ferreira,dribbling,71.95668,,
Cristian Gonzalo Torres,dribbling,63.63466,,
Cristian Ignat,dribbling,41.099895,,
Cristian Maxim,dribbling,48.952,,
Cristian Riquelme,dribbling,58.83452,,
Cristián Alexander Zavala Briones,dribbling,71.07112,,
Cristián Díaz,dribbling,33.933292,,
Cristián Díaz Ferrada,dribbling,48.95877,,
Cristo Ramón González Pérez,dribbling,70.04883,,
Cristopher Alejandro Medina García,dribbling,62.529198,,
Cristopher Javier Varela Caicedo,dribbling,58.866123,,
Cristóbal Ignacio Finch Barrios,dribbling,36.064262,,
Cyril Etoga,dribbling,53.66285,,
Cyrus Dehmie,dribbling,55.995277,,
César Alejandro Menacho Claros,dribbling,66.317635,,
César Gelabert Piña,dribbling,66.21774,,
César Pérez,dribbling,60.557175,,
César Roman Ibáñez,dribbling,63.045853,,
César Tárrega Requeni,dribbling,50.54974,,
César Valero Álvarez,dribbling,58.857178,,
Călin Popescu,dribbling,58.886505,,
Cătălin Albu,dribbling,53.634037,,
Daam Wonnebald Foulon,dribbling,66.07631,,
Daan Reiziger,dribbling,58.78071,,
Dae Woo Kim,dribbling,58.630672,,
Daishawn Orpheo Marvin Redan,dribbling,67.41881,,
Daithí McCallion,dribbling,33.573273,,
Dalibor Markovic,dribbling,53.94788,,
Dalisson de Almeida Leite,dribbling,65.51577,,
Damaitphang Lyngdoh,dribbling,54.056465,,
Damian Daniel Isac,dribbling,60.226982,,
Damian Duffy,dribbling,45.12644,,
Damiano Pecile,dribbling,59.319916,,
Damir Redzic,dribbling,68.64324,,
Damián Ariel Fernández,dribbling,55.806732,,
Damián Moreno,dribbling,50.517864,,
Dan Assane Ndoye,dribbling,70.06224,,
Dan Davies,dribbling,47.76729,,
Dana Amaral,dribbling,50.525883,,
Dane James Ingham,dribbling,61.684265,,
Dane Murray,dribbling,58.969063,,
Dane Pharrell Scarlett,dribbling,62.27126,,
Dango Aboubacar Faissal Ouattara,dribbling,65.87355,,
Daniel Albiar Serrano,dribbling,67.389175,,
Daniel Alejandro Pérez Córdova,dribbling,62.87039,,
Daniel Alonso Aceves Patiño,dribbling,59.278084,,
Daniel Andrés Luna García,dribbling,63.931072,,
Daniel David Jebbison,dribbling,62.83686,,
Daniel Dodds,dribbling,50.669735,,
Daniel Dumbravanu,dribbling,51.63941,,
Daniel Esmorís Tasende,dribbling,64.42044,,
Daniel Esteban Ríos,dribbling,57.267406,,
Daniel Filipe Bandeira e Silva,dribbling,62.78449,,
Daniel Francis Anyembe,dribbling,65.37215,,
Daniel George Ballard,dribbling,50.197258,,
Daniel González,dribbling,47.497437,,
Daniel González Flores,dribbling,52.253136,,
Daniel González García,dribbling,58.913235,,
Daniel Grant,dribbling,64.7189,,
Daniel Happe,dribbling,42.268867,,
Daniel Harry Kemp,dribbling,66.75766,,
Daniel Hawkins,dribbling,58.036777,,
Daniel Håkans,dribbling,63.289383,,
Daniel Leyva,dribbling,59.335182,,
Daniel Lorenzo Guerrero,dribbling,64.940475,,
Daniel Lønne Iversen,dribbling,58.857513,,
Daniel Mandroiu,dribbling,66.615906,,
Daniel Martín Fernández,dribbling,58.816273,,
Daniel Mesenhöler,dribbling,58.872417,,
Daniel Mosquera,dribbling,61.519352,,
Daniel Namaso Edi-Mesumbe Loader,dribbling,71.03726,,
Daniel Neil,dribbling,65.00349,,
Daniel Nkrumah,dribbling,54.981316,,
Daniel Polanco,dribbling,42.030273,,
Daniel Queipo Menéndez,dribbling,66.36297,,
Daniel Rebollo Franco,dribbling,58.7803,,
Daniel Rojas Céspedes,dribbling,62.517166,,
Daniel Shaquille Jabari Phillips,dribbling,59.812004,,
Daniel Steven Devine,dribbling,59.068222,,
Daniel Szelągowski,dribbling,67.63512,,
Daniel Tiefenbach,dribbling,66.77515,,
Daniel Toma,dribbling,57.410126,,
Daniel Veiby Held,dribbling,58.78755,,
Daniel Vidal Martínez,dribbling,59.770714,,
Daniel Villahermosa,dribbling,69.044235,,
Daniel William Harvie,dribbling,61.007614,,
Daniel dos Santos Penha,dribbling,72.02572,,
Daniel Ściślak,dribbling,61.59207,,
Daniel Štefulj,dribbling,65.19058,,
Daniels Ontužāns,dribbling,64.313156,,
Danilo Acosta,dribbling,63.651512,,
Danilo Filipe Melo Veiga,dribbling,59.761856,,
Daniël De Silva,dribbling,68.76619,,
Daniël van Kaam,dribbling,66.30726,,
Danny Cashman,dribbling,60.22554,,
Dantouma Yaya Toure,dribbling,67.1811,,
Dany Jean,dribbling,63.917816,,
Dapo Mebude,dribbling,62.66068,,
Dara Costelloe,dribbling,65.103935,,
Darijo Grujcic,dribbling,45.527695,,
Dario Kreiker,dribbling,60.561966,,
Dario Oger,dribbling,62.145817,,
Darius Constantin Grosu,dribbling,54.219727,,
Dariusz Pawłowski,dribbling,59.126274,,
Darlin Alberto Leiton Lamilla,dribbling,67.91134,,
Darlin Zidane Yongwa Ngameni,dribbling,64.86486,,
Darluis Paz,dribbling,68.33252,,
Darnell Tobias Jack Johnson,dribbling,57.281044,,
Darrell Kamdem Tibell,dribbling,54.964813,,
Darren Collins,dribbling,51.350296,,
Darren Watson,dribbling,56.05984,,
Darío Ramos Pinazo,dribbling,58.778446,,
David Agbo,dribbling,63.086994,,
David Alba Fernández,dribbling,41.082893,,
David Argüelles Álvarez,dribbling,58.129498,,
David Atanga,dribbling,65.95433,,
David Ayomide Kasumu,dribbling,67.38968,,
David Bremang,dribbling,52.175987,,
David Concha Salas,dribbling,71.40817,,
David Cuenca Barreno,dribbling,58.00547,,
David Djigla,dribbling,63.58607,,
David Edvardsson,dribbling,56.452366,,
David Fisher,dribbling,56.567356,,
David Iordache,dribbling,52.004196,,
David Jacovic,dribbling,61.677925,,
David Kjær Kruse,dribbling,59.90541,,
David Lennart Philipp,dribbling,66.88451,,
David Ochoa,dribbling,58.78004,,
David Odumosu,dribbling,58.791595,,
David Peter Kopacz,dribbling,69.201294,,
David Poreba,dribbling,54.941166,,
David Puntigam,dribbling,58.784645,,
David Raul Miculescu,dribbling,68.402176,,
David Ribera,dribbling,65.02926,,
David Rodríguez Ramos,dribbling,60.118145,,
David Samuel Custódio Lima,dribbling,56.83958,,
David Sousa Albino,dribbling,52.306053,,
David Strelec,dribbling,61.961147,,
David Torres Ortiz,dribbling,45.366703,,
David Ungar,dribbling,55.574516,,
David Vogt,dribbling,57.779682,,
David Vraciu,dribbling,59.05811,,
David-Marian Croitoru,dribbling,56.975067,,
Davide Merola,dribbling,57.06132,,
Davide-Jerome Itter,dribbling,62.40813,,
Dawid Kocyła,dribbling,62.40623,,
Daykol Romero,dribbling,57.567223,,
Dayler Quintela,dribbling,58.780445,,
Dean Graeme Campbell,dribbling,67.214554,,
Declan David Glass,dribbling,63.637,,
Degnand Wilfried Gnonto,dribbling,73.75195,,
Deiber Jair Caicedo Mideros,dribbling,74.40901,,
Dejan Tetek,dribbling,61.12883,,
Delano Vianello,dribbling,41.348316,,
Denilson Josué Ovando Ramírez,dribbling,63.665882,,
Denis Graţian Haruţ,dribbling,55.93918,,
Denis Lucian Hrezdac,dribbling,47.10909,,
Denis Mihai Drăguş,dribbling,67.79016,,
Denizcan Cosgun,dribbling,63.687256,,
Dennis Emmanuel Abiodun Adeniran,dribbling,61.55108,,
Dennis Olsson,dribbling,61.999382,,
Dennis-Adam Gorka,dribbling,58.777817,,
Dennis-Dorian Politic,dribbling,64.37163,,
Denver Jay Hume,dribbling,63.300854,,
Derek Agyakwa,dribbling,34.401356,,
Derek Germano Kutesa,dribbling,71.22909,,
Derik Gean Severino Lacerda,dribbling,63.949207,,
Derlis Darío Martínez González,dribbling,59.012833,,
Derrick Arthur Köhn,dribbling,66.50907,,
Des Kunst,dribbling,57.931664,,
Devansh Dabas,dribbling,58.787003,,
Devante James Parker,dribbling,67.80763,,
Devid Eugene Bouah,dribbling,47.26127,,
Devin Remie,dribbling,58.77921,,
Devinson Martínez,dribbling,60.217678,,
Didier Bueno,dribbling,47.8207,,
Didrik Hafstad,dribbling,51.462723,,
Diego Acevedo,dribbling,59.36919,,
Diego Alende López,dribbling,45.97678,,
Diego Alessandro Guillén Alarcón,dribbling,65.93183,,
Diego Alexander Gómez,dribbling,68.76853,,
Diego Altube Suárez,dribbling,58.783386,,
Diego Ariel Duarte Garcete,dribbling,62.04576,,
Diego Augusto Rodríguez Carreño,dribbling,47.148376,,
Diego Collado Raya,dribbling,62.292717,,
Diego Gabriel Silva Rosa,dribbling,66.0531,,
Diego Gustavo Rodrigues de Lima,dribbling,64.77153,,
Diego Gutierrez,dribbling,62.208557,,
Diego Gutiérrez Chinea,dribbling,62.35257,,
Diego Hernández,dribbling,70.68742,,
Diego José Conde Alcolado,dribbling,58.804764,,
Diego López Noguerol,dribbling,62.345085,,
Diego Manuel J. da Silva Moreira,dribbling,72.532104,,
Diego Martín Valencia Morello,dribbling,69.74507,,
Diego Medina,dribbling,55.46701,,
Diego Moreno Garbayo,dribbling,59.662037,,
Diego Nicolás Aranda Rojas,dribbling,58.777325,,
Diego Sánchez Pérez,dribbling,59.603127,,
Diego Valentín Rodríguez Alonso,dribbling,64.32397,,
Diego Varela Pampín,dribbling,56.96018,,
Diego Vicente Bri Carrazoni,dribbling,63.58389,,
Dikeni Salifou,dribbling,56.98905,,
Dilan Kumar Markanday,dribbling,67.80691,,
Dillan Solomons,dribbling,58.988335,,
Dimitri Joseph Oberlin Mfomo,dribbling,69.15215,,
Dinis L. Casals Pinto,dribbling,61.39368,,
Dino Salihovic,dribbling,58.94818,,
Dioggo Isita,dribbling,59.86299,,
Diogo Costa Pinto,dribbling,65.65317,,
Diogo Filipe Pacheco Abreu,dribbling,70.08223,,
Diogo Lucas Queirós,dribbling,50.890503,,
Diogo Nathan Peixe Barreto,dribbling,72.90215,,
Diogo Pinheiro Monteiro,dribbling,36.9999,,
Diogo dos Santos Cabral,dribbling,66.4663,,
Diosdany Goncalves,dribbling,48.446938,,
Dipu Mirdha,dribbling,46.577717,,
Djamal Moussadek,dribbling,36.204403,,
Djeidi Gassama,dribbling,68.42392,,
Djibril Thialaw Diop,dribbling,46.14382,,
Djorkaeff Neicer Reasco González,dribbling,63.792675,,
Do Yun Choi,dribbling,46.390846,,
Dom Ballard,dribbling,59.192467,,
Dominic David Telford,dribbling,60.725746,,
Dominic Thomas,dribbling,61.53401,,
Dominik Bauer,dribbling,37.231045,,
Dominik Bilogrević,dribbling,63.6913,,
Dominik Florian Klann,dribbling,55.284367,,
Dominik Franke,dribbling,62.43662,,
Dominik Piła,dribbling,64.23007,,
Dominik Prpić,dribbling,45.558773,,
Dominik Sokół,dribbling,60.89665,,
Dorian Ciezkowski,dribbling,58.781578,,
Douglas Matías Arezo Martínez,dribbling,68.57203,,
Douglas Tharme,dribbling,37.92833,,
Doğukan Kaya,dribbling,58.778065,,
Dragoljub Savić,dribbling,66.810905,,
Dragoș Sebastian Tescan,dribbling,62.595882,,
Drew Baker,dribbling,45.905376,,
Dries Wouters,dribbling,57.27624,,
Duccio Degli Innocenti,dribbling,60.726063,,
Duncan Nosahaere Idehen,dribbling,40.88791,,
Dylan Adjei-Hersey,dribbling,59.417675,,
Dylan Barkers,dribbling,50.810368,,
Dylan Demuynck,dribbling,67.665306,,
Dylan Duncan,dribbling,59.9422,,
Dylan Durivaux,dribbling,47.361954,,
Dylan Felipe Borrero Caicedo,dribbling,64.47758,,
Dylan G'Beuly,dribbling,58.408245,,
Dylan James Christopher Levitt,dribbling,68.62261,,
Dylan José Perera Plasencia,dribbling,67.77776,,
Dylan Lobban,dribbling,57.501297,,
Dylan Louis Ange Ouédraogo,dribbling,53.085228,,
Dylan Molloy,dribbling,41.585854,,
Dylan Murugesapillai,dribbling,56.8183,,
Dylan Reid,dribbling,55.768257,,
Dynel Brown Kembo Simeu,dribbling,47.42414,,
Dário Cassia Luís Essugo,dribbling,66.44084,,
Dêniro Rubens Prestes Cadete,dribbling,58.032425,,
Ebeguowen Owen Otasowie,dribbling,59.457287,,
Ebrima-Dominique N’dure,dribbling,63.145275,,
Ed McJannet,dribbling,59.881924,,
Eddie Anthony Salcedo Mora,dribbling,74.46846,,
Eddie Munjoma,dribbling,51.691055,,
Eddy Sylvestre Negadi,dribbling,69.1135,,
Edenildo Eloi Lagoas Regalo,dribbling,58.546387,,
Ederson Salomón Rodríguez Lima,dribbling,60.965096,,
Edgar Alberto Olivares Villarroel,dribbling,58.387947,,
Edgar Eyffer Lastre Mercado,dribbling,54.53219,,
Edgar Joel Elizalde Ferreira,dribbling,53.506866,,
Edi Sylisufaj,dribbling,64.65579,,
Edin Omeragic,dribbling,58.776955,,
Edison Alexander Azcona Vélez,dribbling,63.687958,,
Edison Mero,dribbling,66.847046,,
Edmond-Paris Maghoma,dribbling,62.774334,,
Edoardo Iannoni,dribbling,60.699802,,
Edoardo Piana,dribbling,58.780926,,
Edoardo Pierozzi,dribbling,59.60508,,
Edson Acevedo,dribbling,56.77332,,
Edson Armando Rivas Vielma,dribbling,60.362698,,
Eduard Dutu,dribbling,38.45255,,
Eduard Kozik,dribbling,45.030434,,
Eduard Probst,dribbling,55.21636,,
Eduardo Dos Santos Haesler,dribbling,58.795315,,
Eduardo Enrique Fereira Peñaranda,dribbling,55.32927,,
Eduardo Filipe Quaresma Vieira Coimbra Simões,dribbling,55.468033,,
Eduardo Oliveira Borges,dribbling,41.168915,,
Eduards Daškevičs,dribbling,63.825066,,
Edvin Austbø,dribbling,58.5234,,
Edvin Tellgren,dribbling,37.002815,,
Edward James Bishop,dribbling,68.961586,,
Edward Kizza,dribbling,54.241764,,
Edwin Stiven Mosquera Palacios,dribbling,69.01102,,
Edwin Valencia,dribbling,58.04643,,
Efe Arda Koyuncu,dribbling,41.076866,,
Efe Tatlı,dribbling,65.95471,,
Efraín Álvarez,dribbling,69.86361,,
Egoitz Arana Aizpurua,dribbling,58.778114,,
Eiran Cashin,dribbling,51.441875,,
Eivind Helgeland,dribbling,51.676796,,
Ejaita Ifoni,dribbling,55.190964,,
Ekin Çelebi,dribbling,54.946236,,
El Mehdi Moubarik,dribbling,62.24736,,
Eleutherios Lyratzis,dribbling,66.24236,,
Elias Aarflot,dribbling,53.847107,,
Elias Imed Damergy,dribbling,58.784245,,
Elias Jona Bördner,dribbling,58.78051,,
Elias Kratzer,dribbling,49.193047,,
Elias Kristoffersen Hagen,dribbling,65.6122,,
Elias Löder,dribbling,62.422077,,
Elias Manoel,dribbling,64.9312,,
Elias Sebastian Solberg,dribbling,61.784367,,
Elicha Ahui,dribbling,47.918293,,
Elija Wohlgemuth,dribbling,58.78495,,
Elijah Henry Just,dribbling,67.62524,,
Elio Salazar,dribbling,61.514423,,
Elione Fernandes Neto,dribbling,56.15694,,
Eliézer Meléndez,dribbling,64.95712,,
Ellery Ronald Balcombe,dribbling,58.818436,,
Elliot John Embleton,dribbling,66.49778,,
Elliot Jorge Simões Inácio,dribbling,65.93894,,
Elliot Morgan Thorpe,dribbling,55.8792,,
Elliot William Watt,dribbling,63.905544,,
Elliott Anderson,dribbling,70.76445,,
Elliott Michael Bonds,dribbling,58.242382,,
Elliott Ricardo Wignal List,dribbling,63.532295,,
Ellis Carlo Iandolo,dribbling,60.087254,,
Ellis Darren Chapman,dribbling,60.437622,,
Elvis Kevin Velasco,dribbling,63.080517,,
Elyas Al Biladi,dribbling,52.744213,,
Elías Alejandro Arias Rengel,dribbling,48.030632,,
Elías Alejandro Ramos Castillo,dribbling,61.993355,,
Elías Britez,dribbling,58.50373,,
Elías Iván Pereyra,dribbling,63.37237,,
Elías Rafn Ólafsson,dribbling,58.77552,,
Elías Sebastián López,dribbling,69.427765,,
Emanuel Dat,dribbling,57.57458,,
Emanuel Lalchhanchhuaha,dribbling,49.72989,,
Emerson Hyndman,dribbling,72.19571,,
Emerson Rivaldo Rodríguez Valois,dribbling,68.97559,,
Emerson Velasquez,dribbling,42.07061,,
Emil Alfons Holm,dribbling,60.85544,,
Emil Hellman,dribbling,52.64658,,
Emil Konradsen Ceïde,dribbling,72.136665,,
Emil Nestved Kornvig,dribbling,62.384617,,
Emil Roback,dribbling,59.949455,,
Emil Varhaugvik Breivik,dribbling,63.887863,,
Emilian Metu,dribbling,61.72953,,
Emiliano Agustín Villar Vidal,dribbling,68.78271,,
Emiliano Brienza,dribbling,53.504692,,
Emiliano Clavijo,dribbling,62.706512,,
Emiliano Martínez Toranza,dribbling,65.69744,,
Emiliano Vidart,dribbling,58.706585,,
Emilio Kehrer,dribbling,67.55244,,
Emir Kaan Gültekin,dribbling,63.61437,,
Emmanuel Attipoe,dribbling,55.80438,,
Emmanuel Danso,dribbling,63.523586,,
Emmanuel Delan Junior Latte Lath,dribbling,67.2416,,
Emmanuel Ebuka Osadebe,dribbling,63.488564,,
Emmanuel Ilesanmi,dribbling,52.10654,,
Emmanuel Longelo Mbule,dribbling,59.08829,,
Emmanuel Matuta,dribbling,56.9067,,
Emmanuel Ogura,dribbling,58.787254,,
Emre Demir,dribbling,68.07411,,
Emre Topcu,dribbling,54.248184,,
Emrecan Uzunhan,dribbling,44.568867,,
Emrehan Gedikli,dribbling,58.60522,,
Enis Çokaj,dribbling,67.570724,,
Enmerson Geovanny Batalla Martínez,dribbling,60.675095,,
Enric Llansana Beuse,dribbling,62.780743,,
Enrico Celeghin,dribbling,53.320152,,
Enrico Del Prato,dribbling,61.028618,,
Enrico Erick Dueñas Hernández,dribbling,62.818016,,
Enrique Achahuanco,dribbling,55.770947,,
Enrique Barja Afonso,dribbling,68.61859,,
Enrique Camargo,dribbling,64.73928,,
Enrique Clemente Maza,dribbling,52.033546,,
Enrique Jesús Salas Valiente,dribbling,37.866325,,
Enrique Manuel Peña Zauner,dribbling,67.064804,,
Enrique Ríos Vega,dribbling,43.08374,,
Enrique Taborga,dribbling,59.32726,,
Enzo Camille Alain Millot,dribbling,70.54227,,
Enzo Joaquín Sosa Romañuk,dribbling,57.08751,,
Enzo López,dribbling,58.779533,,
Enzo Martín Roldán,dribbling,67.27543,,
Ephron Jardell Mason-Clark,dribbling,67.89347,,
Eren Sami Dinkçi,dribbling,63.525013,,
Eric Anders Smith,dribbling,61.885433,,
Eric Andre Kahl,dribbling,62.615185,,
Eric Junior Bocat,dribbling,63.630947,,
Eric Ocansey,dribbling,71.803375,,
Erick Perleche,dribbling,61.790485,,
Erick Steven Ferigra Burnham,dribbling,55.293053,,
Erik Benjamin Nygren,dribbling,66.33021,,
Erik Centeno,dribbling,50.841824,,
Erik Jorgens de Menezes,dribbling,69.6305,,
Erik Nicolás López Samaniego,dribbling,59.348503,,
Erik Ring,dribbling,63.101772,,
Erik Ross Palmer-Brown,dribbling,51.61837,,
Erik Shuranov,dribbling,62.24138,,
Erik Sorga,dribbling,57.530155,,
Erik Tallig,dribbling,68.43895,,
Erik Tobias Tangen Sandberg,dribbling,53.406956,,
Eris Abedini,dribbling,58.660763,,
Erison Danilo de Souza,dribbling,65.67667,,
Erolind Krasniqi,dribbling,62.953865,,
Ertuğrul Çetin,dribbling,58.77823,,
Esey Gebreyesus,dribbling,64.04242,,
Esmir Bajraktarevic,dribbling,67.98079,,
Esteban Cristóbal Valencia Reyes,dribbling,66.76692,,
Esteban Kirkman,dribbling,58.778496,,
Esteban Petignat,dribbling,52.340076,,
Ethan Christopher Dobbelaere,dribbling,60.56872,,
Ethan Craig Brierley,dribbling,57.610527,,
Ethan Stuart William Galbraith,dribbling,67.45454,,
Ethyan Jesús González Morales,dribbling,59.40441,,
Euan Henderson,dribbling,63.633854,,
Eusebio Monzó Alfonso,dribbling,38.476685,,
Evan Marley Khouri,dribbling,54.383,,
Evan Ovendale,dribbling,58.790085,,
Evidence Makgopa,dribbling,60.11653,,
Evren Eren Elmalı,dribbling,67.606026,,
Ewan Henderson,dribbling,65.82158,,
Exon Gustavo Vallecilla Godoy,dribbling,58.44552,,
Eylon Almog,dribbling,65.68685,,
Ezequiel Busquets Sanguinetti,dribbling,58.09012,,
Ezequiel Cannavó,dribbling,60.408016,,
Ezequiel Emanuele,dribbling,58.246788,,
Fabian Daniel Rohner,dribbling,63.5326,,
Fabian Herbst,dribbling,55.19622,,
Fabian Tauchhammer,dribbling,55.956474,,
Fabiano Cibi,dribbling,45.852085,,
Fabiano Josué de Souza Silva,dribbling,66.92944,,
Fabio Blanco Gómez,dribbling,66.57463,,
Fabio Rojas,dribbling,40.839626,,
Fabio Schneider,dribbling,59.426666,,
Fabián Steven Ángel Bernal,dribbling,65.661896,,
Fabrice Daniel Hartmann,dribbling,63.836674,,
Fabricio Mariaca,dribbling,54.834415,,
Fabrizio Nicolás Correa González,dribbling,58.78973,,
Facundo Daniel Kruspzky,dribbling,69.427284,,
Facundo Ezequiel Almada,dribbling,56.66174,,
Facundo Fabián Trinidad Carballo,dribbling,60.693157,,
Facundo Leonel Mater,dribbling,69.13208,,
Facundo Martín Pérez,dribbling,69.138985,,
Facundo Pellistri Rebollo,dribbling,72.00562,,
Fahad Khalid Al-Dossari,dribbling,53.880978,,
Faisal Al Mutairi,dribbling,54.075546,,
Falah Waleed Juma Alsouri Aljneibi,dribbling,56.568478,,
Fares Al Garzae,dribbling,53.362614,,
Farick Haddad,dribbling,57.071964,,
Farrend James Rawson,dribbling,48.044098,,
Faruk Can Genç,dribbling,58.543007,,
Fatih Yiğit Şanlıtürk,dribbling,64.176575,,
Fatih Yılmaz,dribbling,38.760254,,
Faustino Adebola Rasheed Anjorin,dribbling,67.86899,,
Fedde de Jong,dribbling,61.827156,,
Federico Agustín Gattoni,dribbling,55.932255,,
Federico Darío Navarro,dribbling,67.82044,,
Federico Girotti Bonazza,dribbling,64.74982,,
Federico Pace,dribbling,52.23407,,
Felipe Tomás Zenobio,dribbling,58.781075,,
Felix Brand,dribbling,58.38954,,
Felix Eriksson,dribbling,46.93895,,
Felix Kalu Nmecha,dribbling,71.17143,,
Felix Karl-Ernst Gebhardt,dribbling,58.841843,,
Felix Khonde Mambimbi,dribbling,71.814644,,
Felix Lange,dribbling,42.415653,,
Felix Omoruyi Irorere,dribbling,40.320942,,
Felix Wennergrund,dribbling,56.071186,,
Fernando Andrés Prado Avelino,dribbling,60.825314,,
Fernando Aurelio Román Villalba,dribbling,61.71979,,
Fernando David Cardozo Paniagua,dribbling,69.10946,,
Fernando Díaz,dribbling,52.346054,,
Fernando Fabián Ovelar Martínez,dribbling,63.52922,,
Fernando Medrano Gastañaga,dribbling,60.316364,,
Fernando Pacheco,dribbling,64.00666,,
Fernando Raúl Romero González,dribbling,61.577778,,
Fernando Ruiz Díaz,dribbling,52.682858,,
Fernán Faerron,dribbling,56.970154,,
Filip Bundgaard Kristensen,dribbling,64.08412,,
Filip Chalupniczak,dribbling,58.78125,,
Filip Filipos Lars Sachpekidis,dribbling,66.92316,,
Filip Koperski,dribbling,57.178093,,
Filip Kramarz,dribbling,58.80197,,
Filip Rønningen Jørgensen,dribbling,65.980965,,
Filip Wojciech Jagiełło,dribbling,67.78201,,
Filip Zawadzki,dribbling,62.924118,,
Filipe De Carvalho,dribbling,57.281883,,
Filipe Miguel Barros Soares,dribbling,70.80206,,
Filippo Delli Carri,dribbling,44.48633,,
Filippo Palazzino,dribbling,58.887077,,
Filippo Tripi,dribbling,49.366596,,
Finley Bell,dribbling,57.746284,,
Finley Stevens,dribbling,61.976097,,
Finn Isaac Azaz,dribbling,67.41407,,
Finn-Dominik Porath,dribbling,67.68635,,
Firas Tariq Nasser Al-Buraikan,dribbling,62.831406,,
Fisnik Isaki,dribbling,57.71746,,
Flamur Dzelili,dribbling,60.709373,,
Flavio Bianchi,dribbling,60.308792,,
Florent Da Silva,dribbling,67.33389,,
Florentin Lucien Jean Bloch,dribbling,58.788055,,
Florian Butscher,dribbling,51.9325,,
Florian Krüger,dribbling,69.9582,,
Florian Nichita Haită,dribbling,64.5538,,
Florian-Horst Carstens,dribbling,43.27399,,
Florin Gheorghe Borţa,dribbling,57.063385,,
Floris Smand,dribbling,35.834,,
Flynn Clarke,dribbling,64.14553,,
Flávio Basilua Jacinto Nazinho,dribbling,57.971916,,
Fortune Bassey,dribbling,64.7981,,
Francesco Antonucci,dribbling,70.476814,,
Francesco Donati,dribbling,61.82629,,
Francho Serrano Gracia,dribbling,68.08157,,
Francis Florin Bălan,dribbling,56.036503,,
Francisco Agustín González,dribbling,70.904495,,
Francisco Bregante,dribbling,42.71653,,
Francisco Delgado Rojano,dribbling,55.600845,,
Francisco Fabián Álvarez,dribbling,47.3958,,
Francisco Ginella Dabezies,dribbling,64.00068,,
Francisco Javier Chaverra Angulo,dribbling,68.63911,,
Francisco Javier Montero Rubio,dribbling,58.987488,,
Francisco Joel Gerometta,dribbling,67.83811,,
Francisco Jorge Tavares Oliveira,dribbling,70.78409,,
Francisco José Rodríguez Araya,dribbling,64.92151,,
Francisco José Villalba Rodrigo,dribbling,72.49926,,
Francisco Manuel Gonzalez Verjara,dribbling,46.03579,,
Francisco Meira Meixedo,dribbling,58.781044,,
Francisco Sampaio Moura,dribbling,68.96629,,
Francisco Sebastián Moyano Jiménez,dribbling,66.564804,,
Francisco Vidal Bareiro Muñoz,dribbling,60.166252,,
Franck Cédric Tsadjout,dribbling,63.765404,,
Franck Elimane Kanouté,dribbling,67.39271,,
Franck Junior Evina,dribbling,65.7843,,
Franco Agustín Quinteros,dribbling,62.425255,,
Franco Baldassarra,dribbling,64.26971,,
Franco Daryl Tongya Heubang,dribbling,59.197945,,
Franco Gabriel Ibarra,dribbling,58.46851,,
Franco Herrera,dribbling,58.785038,,
Franco Manuel Saravia Rojas,dribbling,58.788143,,
Franco Nicolás Fragueda,dribbling,58.78853,,
Frank Stople,dribbling,58.784348,,
Frankarlos Benítez,dribbling,58.81022,,
Fred Marcos Cardouso Pombal,dribbling,69.39908,,
Freddie Carter,dribbling,36.976074,,
Freddy Alejandro Oncoy Huarote,dribbling,58.785767,,
Freddy Andrés Roca Vivancos,dribbling,60.993725,,
Freddy Kleemann,dribbling,33.88551,,
Frederik Alves Ibsen,dribbling,48.420956,,
Frederik Franck Winther,dribbling,58.037224,,
Frederik Rahn,dribbling,47.46963,,
Fredrik Sjøvold,dribbling,59.048386,,
Fredy Valencia,dribbling,56.325737,,
Friday Etim,dribbling,57.999794,,
Fryderyk Gerbowski,dribbling,57.620224,,
Fynn Otto,dribbling,44.405586,,
Fábio André Freitas Vianna,dribbling,54.549526,,
Fábio André Tavares Desidério,dribbling,60.49971,,
Fábio Daniel Soares Silva,dribbling,71.02807,,
Fábio Pereira Baptista,dribbling,63.57129,,
Fábio Ronaldo Costa Conceição,dribbling,60.455505,,
Félix Alexandre Andrade Sanches Correia,dribbling,71.70437,,
Fıratcan Üzüm,dribbling,64.40929,,
Gabriel Agustín Sotomayor Cardozo,dribbling,59.379425,,
Gabriel Colmenárez,dribbling,62.739113,,
Gabriel Dănuleasă,dribbling,38.052593,,
Gabriel Fernandes Castro,dribbling,53.665535,,
Gabriel Julien Dominique Barès,dribbling,62.343033,,
Gabriel Norambuena,dribbling,65.53865,,
Gabriel Pereira dos Santos,dribbling,70.15094,,
Gabriel Silva Vieira,dribbling,70.32726,,
Gabriel Veiga Novas,dribbling,65.24939,,
Gabriele Gori,dribbling,58.40439,,
Gaby Jean,dribbling,40.582302,,
Gali Balanta,dribbling,58.822433,,
Garis Mina,dribbling,48.69806,,
Gary Moya,dribbling,62.89125,,
Gaspar Campos Ansó Fernández,dribbling,65.48952,,
Gassan Ahadme Yahyai,dribbling,60.45246,,
Gastón Alejandro Pérez Conde,dribbling,60.815495,,
Gastón Benítez,dribbling,56.890167,,
Gastón Luciano Ávila,dribbling,62.715363,,
Gastón Nicolás Martirena Torres,dribbling,64.51397,,
Gastón Nicolás Verón,dribbling,64.15027,,
Gaultiér Overman,dribbling,51.238472,,
Gaute Høberg Vetti,dribbling,62.506207,,
Gavin Okeroghene Bazunu,dribbling,58.777702,,
Geani Mihai Crețu,dribbling,62.118256,,
Gedion Zelalem,dribbling,65.90636,,
Gennaro Borrelli,dribbling,53.353813,,
Geny Cipriano Catamo,dribbling,69.009155,,
Geon Woo Park,dribbling,47.792076,,
George Acosta,dribbling,62.242638,,
George Alexandru Cîmpanu,dribbling,67.33552,,
George Asomani,dribbling,54.640385,,
George Blackwood,dribbling,58.393818,,
George Burroughs,dribbling,38.38948,,
George Christopher Williams,dribbling,67.01426,,
George Cowmeadow,dribbling,54.971535,,
George Cristian Merloi,dribbling,64.633995,,
George Damien Nurse,dribbling,60.487827,,
George David Dobson,dribbling,63.168842,,
George David Eric Hirst,dribbling,60.943867,,
George Dănuț Ganea,dribbling,64.3016,,
George Iain Cooper,dribbling,65.78144,,
George Ionuț Dragomir,dribbling,55.667072,,
George Lewis,dribbling,61.475395,,
George Mihai Micle,dribbling,58.78007,,
George Oluwaseun Bello,dribbling,69.825096,,
George Owen Marsh,dribbling,60.60744,,
George Robert Lawrence Lloyd,dribbling,62.299767,,
George Thomas Maris,dribbling,59.21878,,
Georgi Tunjov,dribbling,58.962265,,
Gerald Martin Távara Mogollón,dribbling,66.58018,,
Gerard Fdez. Castellano,dribbling,65.69323,,
Gerard Garner,dribbling,62.001198,,
Gerard Yepes Laut,dribbling,63.65783,,
Germán Fernández Hidalgo,dribbling,58.77866,,
Germán Valera Karabinaite,dribbling,65.64136,,
Gerónimo Plada,dribbling,59.182037,,
Geykel Gabriel Parra Arias,dribbling,58.798332,,
Gi Hyeok Lee,dribbling,54.838036,,
Giacomo Gambetta,dribbling,58.786556,,
Giacomo Olzer,dribbling,61.48992,,
Gian Franco Cabezas Rodríguez,dribbling,60.249287,,
Gian-Luca Itter,dribbling,67.85153,,
Gianfranco Chávez Massoni,dribbling,56.619457,,
Gianluca Gaudino,dribbling,71.267044,,
Gianluca Saro,dribbling,58.783146,,
Gianmarco Cangiano,dribbling,65.636536,,
Gianni De Nitti,dribbling,58.777412,,
Gianni Ryan Stensness,dribbling,57.45192,,
Giannis Sardelis,dribbling,65.2264,,
Gilbert Fuentes,dribbling,64.40669,,
Gilles Richard,dribbling,45.20706,,
Gilmar Paredes,dribbling,55.884823,,
Gilson Benchimol Tavares,dribbling,68.58013,,
Giorgi Kokhreidze,dribbling,63.618317,,
Giotto Giuseppe Morandi,dribbling,62.24139,,
Giovanni Bordón,dribbling,62.99277,,
Giovanni Crociata,dribbling,71.29791,,
Giovanni Grotta,dribbling,58.778763,,
Giuseppe Ciocci,dribbling,58.77778,,
Giuseppe Di Serio,dribbling,58.817673,,
Giuseppe Marcianò,dribbling,58.77965,,
Glenn Bell Dollar Middleton,dribbling,64.95342,,
Gloire Amanda,dribbling,59.62404,,
Gnantin Yann Gboho,dribbling,72.33935,,
Godwin Kobby Bentil,dribbling,56.741512,,
Gontie Junior Diomandé,dribbling,59.292427,,
Gonzalo Andrés Tapia Dubournais,dribbling,68.4195,,
Gonzalo Damián Abrego,dribbling,68.96978,,
Gonzalo Gabriel Sánchez Franco,dribbling,61.616314,,
Gonzalo Germán Pérez Corbalán,dribbling,45.85027,,
Gonzalo Gonzalez,dribbling,55.44866,,
Gonçalo Bento Soares Cardoso,dribbling,46.69034,,
Gonçalo Faria Costa,dribbling,58.769268,,
Gonçalo Oscar Albuquerque Borges,dribbling,68.533005,,
Gonçalo Pinto,dribbling,58.795036,,
Goodman Mosele,dribbling,63.565704,,
Gor Manvelyan,dribbling,66.98812,,
Gorka San Nicolás Gil,dribbling,58.78121,,
Grant Dean Horton,dribbling,47.9032,,
Gregorio Gracia Sánchez,dribbling,66.76067,,
Gregorio José Tanco,dribbling,50.239655,,
Griffin McDorman Yow,dribbling,59.48877,,
Guilherme Araújo Soares,dribbling,44.5102,,
Guilherme Borges Guedes,dribbling,65.06431,,
Guilherme Silva Souza,dribbling,47.28312,,
Guilherme da Silva,dribbling,37.769928,,
Guillaume Laurent Dietsch,dribbling,58.782333,,
Guillermo Bueno López,dribbling,68.76843,,
Guillermo Duhalde,dribbling,39.99633,,
Guillermo Gajardo,dribbling,58.784313,,
Guillermo Rosas Alonso,dribbling,65.22813,,
Guillermo Wagner,dribbling,63.87339,,
Guilmer Giro,dribbling,60.92623,,
Gurmukh Singh,dribbling,38.80021,,
Gustav Lillienberg,dribbling,58.78378,,
Gustav Mogensen,dribbling,58.557922,,
Gustav Molin,dribbling,58.781223,,
Gustav Tang Isaksen,dribbling,71.61488,,
Gustavo Adolfo Carvajal Gómez,dribbling,58.080868,,
Gustavo Elvis Loayza,dribbling,60.220116,,
Gustavo Enrique Giordano Amaro Assunção da Silva,dribbling,71.063545,,
Gustavo Filipe Azevedo Sá,dribbling,65.18876,,
Gustavo Klismahn D Miranda,dribbling,54.572296,,
Gustavo Peralta,dribbling,53.8624,,
Gustavo Peredo Ortíz,dribbling,65.87312,,
Gustavo Verón,dribbling,59.47175,,
Guus Gertsen,dribbling,43.739956,,
Guy Carel Mbenza Kamboleke,dribbling,65.49397,,
Guy Dahan,dribbling,57.89802,,
Gyeong Jun Byun,dribbling,54.614044,,
Gyu Hyeong Kim,dribbling,59.438835,,
Gyung Hyun Min,dribbling,58.28296,,
Gökdeniz Bayrakdar,dribbling,68.91129,,
Habib Ali Keita,dribbling,68.12877,,
Haitam Abaida El Achhab,dribbling,69.07979,,
Haji Mnoga,dribbling,55.47052,,
Hak-Yoon Lee,dribbling,58.785072,,
Hakeeb Adeola Jerome Adelakun,dribbling,65.50736,,
Halldor Østervold Stenevik,dribbling,64.62007,,
Hamad Abdan Al Abdan,dribbling,57.979652,,
Hamad Fayez Alsayyaf,dribbling,32.95807,,
Hamad Turki Al Tuhayfan Al Yami,dribbling,63.639496,,
Hamed Abdullah Al Ghamdi,dribbling,66.52352,,
Hampus Gustafsson,dribbling,58.790226,,
Hamza Bahaïd,dribbling,60.269627,,
Hamza Yiğit Akman,dribbling,71.53542,,
Han Beom Lee,dribbling,56.94075,,
Han Min Jeong,dribbling,57.351402,,
Han-Noah Massengo,dribbling,70.992676,,
Hani Ismaeel Al-Sebyani,dribbling,57.21342,,
Hannes Küng,dribbling,39.83473,,
Hans Nunoo Sarpei,dribbling,64.35068,,
Haralambie Mociu,dribbling,58.79089,,
Harmanpreet Singh,dribbling,47.495422,,
Harrison Bright,dribbling,52.601044,,
Harrison Clarke,dribbling,61.085876,,
Harrison James Chapman,dribbling,68.88947,,
Harrison James Holgate,dribbling,47.395157,,
Harrison Joshua Perritt,dribbling,52.01678,,
Harrison Neal,dribbling,56.37092,,
Harrison Sohna,dribbling,52.311184,,
Harry Birtwistle,dribbling,52.848396,,
Harry George Kite,dribbling,61.763794,,
Harry Jack Darling,dribbling,59.04062,,
Harry Jewitt-White,dribbling,56.022182,,
Harry John Anderson,dribbling,62.720715,,
Harry Kyprianou,dribbling,56.872482,,
Harry Lee,dribbling,58.782043,,
Harry McCarthy,dribbling,51.378376,,
Harry Nicolson,dribbling,33.159176,,
Harry William Brockbank,dribbling,57.89019,,
Harun Alpsoy,dribbling,59.810196,,
Harvey Andrew Knibbs,dribbling,60.36127,,
Harvey David White,dribbling,68.49181,,
Harvey Giles,dribbling,58.788948,,
Harvey James Bunker,dribbling,54.722996,,
Harvey Jay Cartwright,dribbling,58.79355,,
Harvey William St Clair,dribbling,61.85417,,
Hassan Mohammed Al-Tambakti,dribbling,39.49283,,
Hatim Far,dribbling,52.88744,,
Hayden Lindley,dribbling,56.789528,,
Hayrullah Erkip,dribbling,61.240482,,
Hazazi Sulaiman Yahya,dribbling,51.815147,,
Hazim Hassan Al Zahrani,dribbling,55.19685,,
Hazzaa Ahmed Al-Ghamdi,dribbling,58.545933,,
Hector Matthew Kyprianou,dribbling,60.139313,,
Hee Seung Kim,dribbling,52.214195,,
Heine Gikling Bruseth,dribbling,59.678265,,
Heitor Rodrigues Fonseca,dribbling,69.71071,,
Henri Koudossou,dribbling,57.00476,,
Henricus Gerardus Hubertus Maria Linthorst,dribbling,65.97531,,
Henrik Rørvik Bjørdal,dribbling,68.18399,,
Henrique Jocú,dribbling,60.648205,,
Henry Atola,dribbling,56.948357,,
Henry Lawrence,dribbling,59.164936,,
Herman Johan Haugen,dribbling,57.156845,,
Herman Sørby Stengel,dribbling,67.942055,,
Hermann Tebily,dribbling,59.637123,,
Hernandes Rodrigues Da Silva,dribbling,66.774025,,
Hernán Darío López Muñoz,dribbling,68.627,,
Hiang'a Mananga Mbock,dribbling,68.65435,,
Hidde Willem ter Avest,dribbling,68.42775,,
Hillary Chukwah Gong,dribbling,67.55352,,
Hiram Kojo Kwarteng Boateng,dribbling,63.703064,,
Hisham Al Dubais,dribbling,54.036495,,
Hmar Pialtu Lalremruata,dribbling,48.36852,,
Ho Jae Lee,dribbling,44.29919,,
Ho Jin Jeong,dribbling,57.149685,,
Homam Ahmed,dribbling,61.481457,,
Hoo Sung Oh,dribbling,55.419224,,
Hristu Sofianu,dribbling,56.8312,,
Hrithik Tiwari,dribbling,58.780525,,
Hubert Matynia,dribbling,60.41933,,
Hugo Anglada Gutiérrez,dribbling,51.88538,,
Hugo Bueno López,dribbling,62.350697,,
Hugo Claudio Vallejo Avilés,dribbling,69.98627,,
Hugo Denar Salvatierra Saucedo,dribbling,56.60011,,
Hugo Fabián Franco Schlender,dribbling,61.927696,,
Hugo Javier Martínez Cantero,dribbling,67.224625,,
Hugo Lorenzo Quintana Escobar,dribbling,66.40613,,
Hugo Novoa Ramos,dribbling,69.22388,,
Hugo Ozée,dribbling,38.357853,,
Hugo Pérez Balderas,dribbling,44.176903,,
Hugo Redón Almela,dribbling,62.370434,,
Hugo Silva Oliveira,dribbling,56.071636,,
Hugo Sotelo Gómez,dribbling,62.383686,,
Hun Min Kim,dribbling,55.322098,,
Hussain Ahmed Al-Eisa,dribbling,61.595295,,
Hyeon Bin Seol,dribbling,58.79352,,
Hyeon Joon Yang,dribbling,65.80686,,
Hyun Muk Kang,dribbling,68.29816,,
Håkan Gustaf Nilsson,dribbling,58.68634,,
Håkan Rasmus Wiedesheim-Paul,dribbling,63.493305,,
Hélder Gomes Morim,dribbling,62.80366,,
Hélder José Oliveira Sá,dribbling,63.711662,,
Iago Domínguez Rodríguez,dribbling,58.785324,,
Ian Carlo Poveda-Ocampo,dribbling,73.35119,,
Ibrahim Al Ali,dribbling,52.08154,,
Ibrahim Danlad,dribbling,58.78277,,
Ibrahim Jamal,dribbling,34.48908,,
Ibrahim Mahnashi,dribbling,60.352604,,
Ibrahim Sulemana Kakari,dribbling,62.368675,,
Ibrahim Yalatif Diabate,dribbling,58.218246,,
Ibrahima Bamba,dribbling,59.976036,,
Ibrahima Cissokho,dribbling,57.37082,,
Ibraima José Barry Pérez,dribbling,64.55022,,
Idris Kanu,dribbling,64.306076,,
Idrissa Thiam,dribbling,61.172386,,
Ignacio Antonio Saavedra Pino,dribbling,68.99257,,
Ignacio Castillo Ameyugo,dribbling,61.4498,,
Ignacio Daniel Maestro Puch,dribbling,63.18578,,
Ignacio Laquintana,dribbling,68.69541,,
Ignacio Nahuel Suárez Ferreira,dribbling,58.813644,,
Ignacio Santiago Aliseda,dribbling,71.59921,,
Ignasi Vilarrasa Palacios,dribbling,55.949352,,
Igor Drapiński,dribbling,35.91017,,
Igor Lewandowski,dribbling,53.537697,,
Igor Lucatelli,dribbling,58.784187,,
Iker Benito Sánchez,dribbling,65.73505,,
Iker Bravo Solanilla,dribbling,62.70565,,
Iker Goujón Pozuelo,dribbling,61.41158,,
Iker Losada Aragunde,dribbling,69.87468,,
Iker Piedra Blanco,dribbling,58.78523,,
Iker Álvarez de Eulate,dribbling,58.826595,,
Ilan Benjamin Sauter,dribbling,49.81653,,
Ilario Monterisi,dribbling,40.47721,,
Ilay Eliyau Elmkies,dribbling,63.204,,
Ilhan Altuntas,dribbling,51.90002,,
Ilia Iliev Gruev,dribbling,64.34339,,
Ilias Akhomach Chakkour,dribbling,69.55333,,
Ilias Koutsoupias,dribbling,60.978672,,
Ilya Pomazun,dribbling,58.830433,,
Ilyas Chouaref,dribbling,69.6078,,
Ilyas Lefrancq,dribbling,65.43913,,
Iman Griffith,dribbling,67.011925,,
Imanol Baz Berganza,dribbling,48.22821,,
Imanol García de Albéniz,dribbling,65.36812,,
Imanol Machuca,dribbling,70.83525,,
Immanuël-Johannes Pherai,dribbling,72.280975,,
Indiana Denchev Vassilev,dribbling,64.67054,,
Indy Boonen,dribbling,66.928314,,
Ioan Andrei Vasile Dumiter,dribbling,62.03966,,
Ioan Tolea,dribbling,54.997673,,
Ionuț Zanfir,dribbling,55.035477,,
Iroy Eckenfelder,dribbling,59.053852,,
Irvyn Lomami,dribbling,62.662235,,
Isaac Annan,dribbling,59.589436,,
Isaac Karamoko,dribbling,67.66686,,
Isaac Lihadji,dribbling,72.13326,,
Isac Alexi Sivert Lidberg,dribbling,59.48398,,
Isaiah Parker,dribbling,63.332985,,
Isak Bjerkebo,dribbling,56.45912,,
Isak Dybvik Määttä,dribbling,63.58214,,
Isak Kjelsrud Vik,dribbling,43.48597,,
Isak Ssali Ssewankambo,dribbling,61.176804,,
Ismael García,dribbling,37.22721,,
Ismael Quispe,dribbling,58.810997,,
Ismael Ruiz Sánchez,dribbling,61.56469,,
Ismael Saibari Ben El Basra,dribbling,69.16325,,
Ismaila Cheick Coulibaly,dribbling,70.20943,,
Ismaël Aaneba,dribbling,59.828854,,
Ismaël Gharbi,dribbling,70.84909,,
Ismaël Landry Doukouré,dribbling,48.649887,,
Iulian Zamfir,dribbling,60.836483,,
Ivan Krolo,dribbling,59.370373,,
Ivan Lepinjica,dribbling,58.38968,,
Ivan Mesík,dribbling,59.478085,,
Ivan Toney,dribbling,66.71816,,
Ivan Šarić,dribbling,68.8192,,
Iverson Contreras,dribbling,57.679874,,
Iván Azón Monzón,dribbling,63.03266,,
Iván Bonifazi,dribbling,58.77663,,
Iván Darío Angulo Cortés,dribbling,70.130035,,
Iván Fresneda Corraliza,dribbling,66.33461,,
Iván Gil Calero,dribbling,61.11462,,
Iván Martín Núñez,dribbling,70.62622,,
Iván Martínez Gonzálvez,dribbling,62.153484,,
Iván Morante Ruiz,dribbling,63.466408,,
Iván René Franco Díaz,dribbling,71.07738,,
Iván Romero de Ávila,dribbling,59.39222,,
Iván San José Cantalejo,dribbling,65.52097,,
Iván Villar Martínez,dribbling,58.804398,,
Jack Alexander Stevens,dribbling,58.848446,,
Jack David Vincent Whatmough,dribbling,50.551514,,
Jack Hinchy,dribbling,54.8967,,
Jack James Earing,dribbling,62.977776,,
Jack Jamie Arthur,dribbling,58.778893,,
Jack Jenkins,dribbling,61.60292,,
Jack Karadogan,dribbling,56.214577,,
Jack Levi Sutton,dribbling,61.34527,,
Jack McMillan,dribbling,57.127754,,
Jack Moore,dribbling,50.578106,,
Jack Newman,dribbling,58.784733,,
Jack Richard Lankester,dribbling,62.128784,,
Jack Robert Tucker,dribbling,47.152092,,
Jack Stephen Burroughs,dribbling,60.322193,,
Jack Tyler Diamond,dribbling,66.12901,,
Jack Wakely,dribbling,40.91838,,
Jack Walton,dribbling,58.79712,,
Jack Williams,dribbling,51.8944,,
Jack Young,dribbling,65.488846,,
Jack de Vries,dribbling,61.823967,,
Jackson Gabriel Porozo Vernaza,dribbling,39.201794,,
Jackson Gabriel Rodríguez Perlaza,dribbling,65.56304,,
Jackson Hopkins,dribbling,51.739113,,
Jackson Joseph Fitzwater,dribbling,52.93759,,
Jackson João Crusso Mutto,dribbling,71.1879,,
Jackson Ragen,dribbling,35.90723,,
Jacob Anthony Chapman,dribbling,58.781696,,
Jacob Carney,dribbling,58.78031,,
Jacob Christian Maddox,dribbling,63.646084,,
Jacob Jones,dribbling,53.122055,,
Jacob Michael Italiano,dribbling,67.85521,,
Jacob Mikael Widell Zetterström,dribbling,58.79234,,
Jacob Slater,dribbling,53.999916,,
Jacob Steen Christensen,dribbling,68.57359,,
Jacopo Da Riva,dribbling,61.320232,,
Jaden Bevan,dribbling,58.782944,,
Jaden Philogene-Bidace,dribbling,66.01262,,
Jaden Wavey Brown,dribbling,62.03663,,
Jae Hun Cho,dribbling,58.389294,,
Jae Hwan Hwang,dribbling,63.641186,,
Jae Sung Kim,dribbling,54.524364,,
Jae Won Hwang,dribbling,54.679962,,
Jae Won Shin,dribbling,57.223755,,
Jae Woo Kang,dribbling,56.858913,,
Jahnoah Markelo,dribbling,60.23637,,
Jaime Durán Jiménez,dribbling,58.79106,,
Jaimy Buter,dribbling,56.637665,,
Jair Veiga Vieira Tavares,dribbling,63.111595,,
Jairo Quinteros Sierra,dribbling,52.287876,,
Jairo Ralph Farnias Almeida,dribbling,58.804695,,
Jake Alan Young,dribbling,58.467575,,
Jake Alexander Hesketh,dribbling,70.38054,,
Jake Billy Doyle-Hayes,dribbling,66.01895,,
Jake Hastie,dribbling,63.81981,,
Jake Jon Taylor,dribbling,62.386177,,
Jake Joshua Burton,dribbling,53.287525,,
Jake Matthew Hull,dribbling,36.19138,,
Jakob Axel Krister Voelkerling-Persson,dribbling,51.657036,,
Jakob Bookjans,dribbling,61.41433,,
Jakob Odehnal,dribbling,58.78048,,
Jakub Kisiel,dribbling,54.049004,,
Jakub Niedbała,dribbling,50.541264,,
Jakub Nowakowski,dribbling,57.16842,,
Jakub Ojrzyński,dribbling,58.78536,,
Jakub Piotrowski,dribbling,68.29028,,
Jakub Rajczykowski,dribbling,58.781757,,
Jakub Sypek,dribbling,60.41355,,
Jamal Baptiste,dribbling,43.865173,,
James Andrew Cumming,dribbling,58.78289,,
James Anthony Wilson,dribbling,64.10935,,
James Carragher,dribbling,38.096237,,
James Charles Jones,dribbling,62.215305,,
James Clayton Hill,dribbling,49.227585,,
James Golding,dribbling,40.6924,,
James Hoban Sands,dribbling,63.03668,,
James Melhado,dribbling,55.346725,,
James Norris,dribbling,51.48073,,
James Pardington,dribbling,58.786922,,
James Pradic,dribbling,58.780746,,
James Samuel Morton,dribbling,59.40589,,
James Taylor,dribbling,55.105957,,
James Tyler Waite,dribbling,64.54865,,
James William Hanson,dribbling,54.246685,,
Jamie Bowden,dribbling,62.935566,,
Jamir Berdecio,dribbling,59.70578,,
Jan Alexandre Bamert,dribbling,57.936058,,
Jan Boller,dribbling,53.4517,,
Jan Ciućka,dribbling,57.117172,,
Jan Fortelný,dribbling,69.56812,,
Jan Hoekstra,dribbling,58.777065,,
Jan Jakob Olschowsky,dribbling,58.780567,,
Jan Jurcec,dribbling,66.33138,,
Jan Luca Schuler,dribbling,60.454105,,
Jan Niklas Beste,dribbling,71.50483,,
Jan Schröder,dribbling,54.672573,,
Jan de Boer,dribbling,58.781113,,
Jan Žambůrek,dribbling,64.79623,,
Jan-Rafael Shcherbakovski,dribbling,69.77677,,
Jang Woo Hong,dribbling,55.283844,,
Jankat Yılmaz,dribbling,58.782806,,
Jannes Luca Wieckhoff,dribbling,61.82492,,
Jannik Horz,dribbling,58.78646,,
Jannik Zahmel,dribbling,58.554047,,
Janus Guillermo Vivar Estrella,dribbling,65.27713,,
Janusz Nojszewski,dribbling,60.85877,,
Jared Harlock,dribbling,58.178562,,
Jari Vlak,dribbling,64.54142,,
Jashar Beluli,dribbling,54.314224,,
Jasin-Amin Assehnoun,dribbling,69.40529,,
Jason Bahamboula,dribbling,66.006615,,
Jason Eyenga-Lokilo,dribbling,68.80518,,
Jason Law,dribbling,58.378956,,
Jason Mbock,dribbling,62.357857,,
Jason Meerstadt,dribbling,56.179558,,
Jason Ngouabi Lougagui,dribbling,39.630375,,
Jason Paul Knight,dribbling,69.49224,,
Jasper ter Heide,dribbling,57.788208,,
Jaume Albert Cuéllar Mendoza,dribbling,68.26327,,
Jaume Tovar Seguí,dribbling,58.45364,,
Javain Okemio Brown,dribbling,54.591858,,
Javier Agustín Obando,dribbling,68.59897,,
Javier Ajenjo Hyjek,dribbling,61.201115,,
Javier Almerge Viñuales,dribbling,52.791912,,
Javier Alonso Bello,dribbling,63.094822,,
Javier Cueto Suárez,dribbling,62.1693,,
Javier Enrique Delgado Saverio,dribbling,68.71927,,
Javier Garrido López,dribbling,58.779118,,
Javier Guerra Moreno,dribbling,63.671715,,
Javier Gómez Castroverde,dribbling,67.97772,,
Javier Hernández Tarroc,dribbling,50.416893,,
Javier Iván Cazal Báez,dribbling,63.17975,,
Javier Llabrés Exposito,dribbling,67.11934,,
Javier López Carballo,dribbling,56.24814,,
Javier López-Pinto Dorado,dribbling,67.30438,,
Javier Marquez,dribbling,31.781986,,
Javier Martínez Calvo,dribbling,69.3928,,
Javier María Vázquez López,dribbling,58.282692,,
Javier Mier Martínez,dribbling,68.77522,,
Javier Nicolas Vallejo,dribbling,62.211376,,
Javier Rubio Haro,dribbling,57.79171,,
Javier Serrano Martínez,dribbling,62.17913,,
Jay Benn,dribbling,54.80738,,
Jay Mingi,dribbling,61.863842,,
Jay Turner-Cooke,dribbling,60.431152,,
Jay-Dee Geusens,dribbling,65.79028,,
Jay-Roy Grot,dribbling,60.967125,,
Jayden Andrew Reid,dribbling,57.23877,,
Jayden Davis,dribbling,58.884438,,
Jayden Deslandes Sweeney,dribbling,52.976044,,
Jayden Jezairo Braaf,dribbling,65.625824,,
Jayden John-Lloyd Harris,dribbling,54.77099,,
Jayden Wareham,dribbling,57.057686,,
Jayson Patrick Molumby,dribbling,66.83043,,
Jaziel Orozco,dribbling,32.74594,,
Je Ho Yu,dribbling,58.566986,,
Jean Baptiste Gorby,dribbling,58.66607,,
Jean Bone,dribbling,57.850418,,
Jean Botué,dribbling,67.56609,,
Jean Harisson Marcelin,dribbling,50.805504,,
Jean Paul Madera,dribbling,64.05731,,
Jean Pierre Chalá,dribbling,58.362514,,
Jean Thierry Lazare Amani,dribbling,72.267525,,
Jean Torres,dribbling,61.698612,,
Jean-Jacques Danley,dribbling,62.153175,,
Jeando Pourrat Fuchs,dribbling,68.17468,,
Jeff Dewsnup,dribbling,58.780014,,
Jefferson José Gómez Genes,dribbling,58.038506,,
Jefferson Justo Cáceres Chávez,dribbling,65.195564,,
Jeison Andrés Angulo Trujillo,dribbling,67.08502,,
Jeisson Andrés Vargas Salazar,dribbling,70.97401,,
Jeizon Jesús Ramírez Chacón,dribbling,62.26944,,
Jelle Duin,dribbling,56.347076,,
Jens Jakob Dyhr Thomasen,dribbling,62.270668,,
Jensen Guy Weir,dribbling,59.47264,,
Jeong Hoon Kim,dribbling,58.779446,,
Jeppe Møldrup Okkels,dribbling,67.40804,,
Jeppe Pedersen,dribbling,58.95228,,
Jeppe Ørris Nielsen,dribbling,58.781666,,
Jeremy Nicolás Silva González,dribbling,60.423878,,
Jeremy Rafanello,dribbling,56.835205,,
Jeremy Sivi,dribbling,56.104263,,
Jeremy van Mullem,dribbling,50.28004,,
Jeremías Perales,dribbling,65.28852,,
Jeriel Nicolás De Santis Córdova,dribbling,58.168194,,
Jermaine Anderson,dribbling,64.19729,,
Jerónimo Pourtau,dribbling,58.777966,,
Jesper Bergset Robertsen,dribbling,56.836926,,
Jesper Dickman,dribbling,59.116673,,
Jesper Strand Isaksen,dribbling,59.437717,,
Jesse Edem Tugbenyo,dribbling,57.165565,,
Jessic Gaïtan Ngankam,dribbling,68.82903,,
Jesús Abdallah Castillo Molina,dribbling,63.16762,,
Jesús Alejandro Quintero,dribbling,42.099617,,
Jesús Alvarado,dribbling,59.294468,,
Jesús Areso Blanco,dribbling,67.27284,,
Jesús Armando Vargas Rojas,dribbling,67.55909,,
Jesús Castellano,dribbling,58.29633,,
Jesús Daniel Bueno Áñez,dribbling,60.104393,,
Jesús Emanuel Pretell Panta,dribbling,64.51383,,
Jesús Fernández Alonso,dribbling,57.042145,,
Jesús Lázaro Owono Ngua Akeng,dribbling,58.790276,,
Jesús Manuel Orozco Hernández,dribbling,59.053883,,
Jesús Vázquez Alcalde,dribbling,63.971222,,
Jetmir Topalli,dribbling,65.004364,,
Jeyson Alejandro Rojas Orellana,dribbling,42.950832,,
Jeyson Ariel Chura Almanza,dribbling,66.20158,,
Jhoanner Stalin Chávez Quintero,dribbling,64.90952,,
Jhohan Sebastián Romaña Espitia,dribbling,42.25768,,
Jhohann Sebastián Yabur Perea,dribbling,62.76363,,
Jhon Jairo Cuellar Vaca,dribbling,58.78141,,
Jhon Jairo Espinoza Izquierdo,dribbling,61.733437,,
Jhon Jairo Velasco,dribbling,57.17226,,
Jhonder Gómez,dribbling,63.83318,,
Jhondly van der Meer,dribbling,39.829716,,
Jhonny Peitzmeier,dribbling,58.777172,,
Ji Han Lee,dribbling,60.48102,,
Ji Hoon Lee,dribbling,60.468597,,
Ji Moog Choi,dribbling,57.22811,,
Ji Sol Lee,dribbling,41.879314,,
Ji Soo Kim,dribbling,34.2645,,
Ji Yong Lee,dribbling,55.194534,,
Ji won Park,dribbling,56.531742,,
Jimmy Knowles,dribbling,56.43517,,
Jin Ho Kim,dribbling,57.201942,,
Jin Hyun Kim,dribbling,58.424347,,
Jin Seong Park,dribbling,51.49534,,
Jin Woo Jo,dribbling,39.19524,,
Jin Yong Lee,dribbling,59.353474,,
Joan García Pons,dribbling,58.77978,,
Joan González Cañellas,dribbling,58.776627,,
Joan Manuel Cruz Castro,dribbling,66.87786,,
Joan Onofre López Reina,dribbling,58.781826,,
Joan Stiven Ramírez Martínez,dribbling,62.02068,,
Joao Alberto Grimaldo Ubidia,dribbling,65.42575,,
Joaquin Bigo,dribbling,58.79241,,
Joaquín Gabriel Trasante Hernández,dribbling,63.31444,,
Joaquín Indacoechea,dribbling,65.88536,,
Joaquín López,dribbling,46.736736,,
Joaquín Matías Ardaiz de los Santos,dribbling,64.377914,,
Joaquín Muñoz Benavides,dribbling,67.50223,,
Joaquín Nicolás Pereyra,dribbling,67.47669,,
Joe Cameron Lewis,dribbling,55.293957,,
Joe Grey,dribbling,59.53185,,
Joe James Powell,dribbling,65.319626,,
Joe O'Shaughnessy,dribbling,58.792984,,
Joe Zen Robert Bell,dribbling,65.41091,,
Joe Zoherliana,dribbling,48.98944,,
Joel Bruce King,dribbling,60.174015,,
Joel Filipe Organista da Silva,dribbling,58.576412,,
Joel Gerezgiher,dribbling,66.448395,,
Joel Ideho,dribbling,64.980606,,
Joel John Randall,dribbling,63.542343,,
Joel Joshghene Asoro,dribbling,71.13886,,
Joel Matthew Bagan,dribbling,58.236183,,
Joel Mumbongo,dribbling,53.761772,,
Joel Persson,dribbling,54.84771,,
Joel Poiso,dribbling,58.106483,,
Joel Quispe,dribbling,54.82889,,
Joel Steven Quintero Nazareno,dribbling,45.84176,,
Joel Sundström,dribbling,60.402176,,
Jofre Carreras Pagès,dribbling,72.18304,,
Johan Armando Micolta Ruiz,dribbling,45.574528,,
Johan Bengtsson,dribbling,56.715275,,
Johan Hove,dribbling,68.78007,,
Johan Rojas,dribbling,61.974358,,
Johan Stenmark,dribbling,50.864105,,
Johan Stiven Carbonero Balanta,dribbling,72.78552,,
Johandry Jericoth Hidalgo Mora,dribbling,61.78535,,
Johannes Manske,dribbling,57.435497,,
Johannes Tartarotti,dribbling,63.97434,,
John Elian García Sossa,dribbling,66.093704,,
John George McAtee,dribbling,62.786,,
John Gunnar Björkengren,dribbling,62.719498,,
John Joe Patrick Finn Benoa,dribbling,59.119312,,
John Mayanga Nekadio,dribbling,43.849964,,
John Nwankwo Chetauya Donald Okeh,dribbling,54.05216,,
John Ryan,dribbling,53.171265,,
John Yeboah Zamora,dribbling,68.246056,,
Joider Micolta,dribbling,63.57797,,
Joiner Moreno Montero,dribbling,60.590374,,
Jomaine Ellay Consbruch,dribbling,68.89282,,
Jon Ander Olasagasti Imizcoz,dribbling,60.03296,,
Jon Karrikaburu,dribbling,65.47406,,
Jon Pacheco Dozagarat,dribbling,48.824135,,
Jonah Osabutey,dribbling,63.20716,,
Jonaldo Kauã Monteiro Moura,dribbling,59.564144,,
Jonas Antonius Auer,dribbling,64.64977,,
Jonas Benjamin Chimezie David,dribbling,63.769108,,
Jonas Fedl,dribbling,46.17034,,
Jonas Welson Orsi de Meneses,dribbling,72.39225,,
Jonas Wendlinger,dribbling,58.78248,,
Jonas-Janko Weyand,dribbling,58.77867,,
Jonatan Carmona Álamo,dribbling,64.02305,,
Jonathan Alexánder Pérez,dribbling,58.38367,,
Jonathan Arriba Monroy,dribbling,67.262924,,
Jonathan Capuz,dribbling,60.312862,,
Jonathan Corozo,dribbling,58.8198,,
Jonathan Daniel Benítez Benítez,dribbling,61.626064,,
Jonathan Fernando Castillo Aguirre,dribbling,64.840004,,
Jonathan Montiel Caballero,dribbling,71.994865,,
Jonathan Risbjerg Ægidius,dribbling,58.784473,,
Jonathan Ruque,dribbling,57.365376,,
Jonathan Russell,dribbling,63.77012,,
Jonathan Turra,dribbling,35.85147,,
Jonathan Villagra,dribbling,45.743126,,
Jong Beom Baek,dribbling,58.79346,,
Jong Mu Han,dribbling,57.73003,,
Jonier Medina,dribbling,62.35618,,
Joon Beom Park,dribbling,53.31497,,
Joon Ho Lee,dribbling,46.07608,,
Jordan Alan Courtney-Perkins,dribbling,45.15767,,
Jordan Andrew Davies,dribbling,65.16073,,
Jordan Bernard Rossiter,dribbling,61.699783,,
Jordan Bhekithemba Zemura,dribbling,66.00847,,
Jordan Carrillo Rodríguez,dribbling,68.31788,,
Jordan Cropper,dribbling,52.098934,,
Jordan Doherty,dribbling,57.16127,,
Jordan Lewis Helliwell,dribbling,51.32232,,
Jordan O'Doherty,dribbling,65.8859,,
Jordan Perruzza,dribbling,55.50467,,
Jordan Scanlon,dribbling,55.911633,,
Jordan Stevens,dribbling,64.611496,,
Jordi Escobar Fernández,dribbling,60.465668,,
Jordi González-Pola,dribbling,39.638718,,
Jordi Mboula Queralt,dribbling,71.908646,,
Jordy José Alcívar Macías,dribbling,63.707867,,
Jordy Schelfhout,dribbling,58.795357,,
Jorge Andrés Marsiglia Carrascal,dribbling,51.392586,,
Jorge Benito Peña Canales,dribbling,58.779457,,
Jorge Damián González,dribbling,61.90675,,
Jorge Denilson Cabezudo Ormeño,dribbling,58.795197,,
Jorge Hernandez,dribbling,63.36179,,
Jorge Martín Aruga Torales,dribbling,58.777542,,
Jose María Pérez García,dribbling,52.10677,,
Josef John Bursik,dribbling,58.64893,,
Joseff John Morrell,dribbling,68.223434,,
Josep Gayà Martínez,dribbling,48.439327,,
Joseph Adams,dribbling,59.665558,,
Joseph Alejandro Espinoza Montenegro,dribbling,62.265312,,
Joseph Amoako,dribbling,64.41867,,
Joseph Charles Wildsmith,dribbling,58.80765,,
Joseph Fabrice Ondoa Ebogo,dribbling,58.82147,,
Joseph Gubbins,dribbling,38.1042,,
Joseph Minala,dribbling,67.35099,,
Joseph Olugbenga Olowu,dribbling,50.880924,,
Joseph Redmond,dribbling,49.20061,,
Joseph Shaun Hodge,dribbling,58.98962,,
Joseph Tetteh Anang,dribbling,58.79115,,
Josh Barlow,dribbling,55.760548,,
Josh Blunkell,dribbling,58.783463,,
Josh Brooking,dribbling,42.336594,,
Josh Edwards,dribbling,58.870823,,
Josh Giurgi,dribbling,56.782284,,
Josh O'Brien,dribbling,41.72783,,
Josh Thomas Doig,dribbling,62.387085,,
Joshua Akinola Ogunfaolu-Kayode,dribbling,61.758537,,
Joshua Atencio,dribbling,51.290955,,
Joshua Eijgenraam,dribbling,62.303177,,
Joshua Emmanuel,dribbling,65.17561,,
Joshua Eze,dribbling,59.401237,,
Joshua Felix Okpoda Eppiah,dribbling,63.75604,,
Joshua Gaston Kitolano,dribbling,67.60446,,
Joshua James Griffiths,dribbling,58.79436,,
Joshua Michael Blainey Davison,dribbling,59.866375,,
Joshua Myles Abraham Key,dribbling,62.917107,,
Joshua Nisbet,dribbling,65.98207,,
Joshua Oluwayemi,dribbling,58.779087,,
Joshua Saul Martin,dribbling,66.70741,,
Joshua Sims,dribbling,72.00421,,
Joshua Tapia,dribbling,58.784683,,
Joshua Thomas Sargent,dribbling,67.34516,,
Joshua William Grant,dribbling,56.597946,,
Joshué Jampier Quiñónez Rodriguez,dribbling,47.173466,,
José Aguilar Martinez,dribbling,56.383583,,
José Alberto Barreto,dribbling,58.43,,
José Alonso Lara,dribbling,70.560104,,
José Antonio Devecchi,dribbling,58.873264,,
José Antonio Paradela,dribbling,71.31317,,
José Antonio Ángel García,dribbling,59.00415,,
José Ardila,dribbling,58.165836,,
José Ataupillco,dribbling,55.433537,,
José Caldera,dribbling,41.83969,,
José Carlos Martínez Garzón,dribbling,61.400482,,
José Carlos Natário Ferreira,dribbling,67.386826,,
José Daniel Lasso,dribbling,58.77903,,
José David Menargues,dribbling,58.29856,,
José David Álvarez Adsuar,dribbling,54.497337,,
José Francisco dos Santos Júnior,dribbling,68.95768,,
José Gragera Amado,dribbling,63.901924,,
José Hernando Estupiñan Riascos,dribbling,63.172947,,
José Manuel Arias Copete,dribbling,53.639557,,
José Manuel Fontán Mondragón,dribbling,62.351284,,
José Marcos Costa Martins,dribbling,73.17218,,
José Martín Ballesteros Vera,dribbling,58.890045,,
José Martínez Marsà,dribbling,57.76395,,
José Mijares,dribbling,57.734623,,
José Ndong Machín Dicombo,dribbling,68.88339,,
José Pedro Ferreira Oliveira,dribbling,58.825397,,
José Racchumick,dribbling,47.15442,,
José Ricardo Avelar,dribbling,64.04809,,
José Salinas Morán,dribbling,59.715553,,
José Sánchez Martínez,dribbling,60.039803,,
José Ángel Carmona Navarro,dribbling,49.54322,,
Jovan Manev,dribbling,58.141724,,
Jovanny David Bolívar Alvarado,dribbling,64.81729,,
Jozef Pukaj,dribbling,58.77762,,
João Diogo Fonseca Ferreira,dribbling,61.96267,,
João Henrique Oliveira Veras,dribbling,68.131516,,
João Manuel Neves Virgínia,dribbling,58.817295,,
João Marcelo Messias Ferreira,dribbling,55.24278,,
João Marcos Lima Cândido,dribbling,61.8773,,
João Miguel Teixeira Mendes,dribbling,61.04264,,
João Nuno Figueiredo Valido,dribbling,58.789192,,
João Paulo dos Santos Pereira,dribbling,63.79738,,
João Pedro E. Santo Oliveira,dribbling,58.832962,,
João Pedro Eira Antunes Silva,dribbling,46.263474,,
João Pedro Ferreira Silva,dribbling,70.05835,,
João Pedro Loureiro da Costa,dribbling,60.59417,,
João Pedro Oliveira Gonçalves,dribbling,58.78011,,
João Pedro Teixeira Silva,dribbling,58.778328,,
João Rodolfo Botelho Maia,dribbling,56.51735,,
Joël Latibeaudiere,dribbling,56.83912,,
Joël Monteiro Almada,dribbling,56.118717,,
Joël Pascal Schmied,dribbling,41.045998,,
Joël van Kaam,dribbling,65.486786,,
Ju Yeop Kim,dribbling,53.48934,,
Juan Alberto Mosquera Álvarez,dribbling,54.106766,,
Juan Andrés Meli,dribbling,58.074074,,
Juan Artola Canales,dribbling,68.408714,,
Juan Berrocal González,dribbling,51.02647,,
Juan Brandáriz Movilla,dribbling,55.45038,,
Juan Camilo Portilla Orozco,dribbling,64.59166,,
Juan Carlos Arana Gómez,dribbling,59.673843,,
Juan Castilla,dribbling,57.76264,,
Juan Cruz Díaz Espósito,dribbling,69.35387,,
Juan David Cabal Murillo,dribbling,60.821747,,
Juan David Mosquera López,dribbling,62.124146,,
Juan Durán Dueñas,dribbling,56.932335,,
Juan Familia-Castillo,dribbling,62.43934,,
Juan Felipe Moreno,dribbling,49.4456,,
Juan Franco,dribbling,58.50647,,
Juan Gilbert Sánchez,dribbling,59.14158,,
Juan Guasone,dribbling,40.395477,,
Juan Ignacio Martín Nardoni,dribbling,68.912125,,
Juan Ignacio Miramon,dribbling,64.0889,,
Juan José Echave Turri,dribbling,58.80526,,
Juan José Mina,dribbling,55.279736,,
Juan José Perea Mendoza,dribbling,67.70324,,
Juan José Uribe Colorado,dribbling,58.777966,,
Juan Larios López,dribbling,60.167473,,
Juan Luis Sánchez Velasco,dribbling,65.86186,,
Juan Macías,dribbling,60.61507,,
Juan Manuel Cruz,dribbling,60.094204,,
Juan Manuel Cuesta Baena,dribbling,69.90879,,
Juan Manuel Gutiérrez Freire,dribbling,62.424923,,
Juan María Alcedo Serrano,dribbling,57.505035,,
Juan Miguel Latasa Fernández,dribbling,61.347115,,
Juan Nazareno,dribbling,62.73931,,
Juan Nicolás Carrera Zarzar,dribbling,42.638397,,
Juan Pablo Barinaga,dribbling,64.48567,,
Juan Pablo Cisternas,dribbling,58.78213,,
Juan Pedro Navarro Valverde,dribbling,58.801075,,
Juan Ramón Cáceres,dribbling,59.95197,,
Juan Sebastian González Arza,dribbling,58.639896,,
Juan Sebastián Sforza,dribbling,65.47741,,
Juan Sebastián Vargas Melgarejo,dribbling,63.120102,,
Juan Soriano Oropesa,dribbling,58.817562,,
Juan de Dios Rivas Margalef,dribbling,50.835682,,
Juergen Farid Elitim Sepúlveda,dribbling,66.76721,,
Julen Agirrezabala,dribbling,58.7775,,
Julen Fernández Díaz,dribbling,58.78167,,
Julen Jon Guerrero Landabaso,dribbling,58.551823,,
Julen Lobete Cienfuegos,dribbling,65.6824,,
Jules Christ Eboue Kouassi,dribbling,60.341026,,
Julian Bauer,dribbling,58.794968,,
Julian Dunn-Johnson,dribbling,40.20394,,
Julian Huertas,dribbling,58.78519,,
Julian Rekdahl Faye Lund,dribbling,58.839027,,
Julian Tobias Emilio von Moos,dribbling,65.01708,,
Julian Turi,dribbling,41.69056,,
Julian Vincente Araujo,dribbling,67.71563,,
Julien Vetro,dribbling,59.347733,,
Julio Alonso Sosa,dribbling,60.187824,,
Julio Augusto Dabo,dribbling,55.51561,,
Julio César Enciso Espínola,dribbling,67.29971,,
Julio Esteban Fierro Díaz,dribbling,58.778572,,
Julio Martínez Cortés,dribbling,66.12267,,
Julius Dirksen,dribbling,51.93244,,
Julius Hoffmann,dribbling,53.222866,,
Julián Alejo López,dribbling,70.34252,,
Julián Brea,dribbling,69.181755,,
Julián Eduardo Palacios,dribbling,67.78975,,
Julián Eseiza,dribbling,54.200874,,
Julián Ezequiel Aude Bernardi,dribbling,72.627884,,
Julián Romero,dribbling,65.909546,,
Julián Simón Carranza,dribbling,67.17587,,
Junior Chukwubuike Adamu,dribbling,66.92416,,
Junior Diaz,dribbling,47.460133,,
Junior Morau Kadile,dribbling,68.64106,,
Junior Olaitan Ishola,dribbling,65.69059,,
Jurich Christopher Alexander Carolina,dribbling,60.711594,,
Justin Antonius Lonwijk,dribbling,66.00852,,
Justin Cameron McMaster,dribbling,63.46499,,
Justin Che,dribbling,61.452137,,
Justin Gerard Rennicks,dribbling,55.44896,,
Justin Plautz,dribbling,60.044575,,
Justin Smith,dribbling,57.24378,,
Justin Steinkötter,dribbling,59.176064,,
Justo D'Angelo,dribbling,58.450172,,
Ján Bernát,dribbling,64.75701,,
Jérôme Déom,dribbling,69.71373,,
Jóhannes K. Bjarnason,dribbling,58.70349,,
Józef Burta,dribbling,58.784115,,
Jørgen Sveinhaug,dribbling,58.786697,,
Kacper Kostorz,dribbling,57.3267,,
Kacper Lepczyński,dribbling,35.722122,,
Kacper Sezonienko,dribbling,58.16089,,
Kacper Skibicki,dribbling,60.156998,,
Kacper Tabiś,dribbling,57.12858,,
Kade Craig,dribbling,44.892403,,
Kadin Chung,dribbling,57.393463,,
Kadir Seven,dribbling,40.06,,
Kai Clifton Trewin,dribbling,54.43236,,
Kai Evans,dribbling,50.479893,,
Kai Fotheringham,dribbling,55.174877,,
Kaiky Fernandes Melo,dribbling,64.840996,,
Kaine Kessler Hayden,dribbling,67.01212,,
Kaj van der Veldt,dribbling,40.924274,,
Kalifa Manneh,dribbling,61.825687,,
Kalil ElMedkhar,dribbling,60.668243,,
Kameron Malcolm Ledwidge,dribbling,54.913147,,
Kamil Ogorzały,dribbling,58.74244,,
Kamohelo Mahlatsi,dribbling,65.79202,,
Kane Leo Wilson,dribbling,68.15715,,
Kang Han Lee,dribbling,52.653362,,
Kang Hyeon Lee,dribbling,56.53615,,
Kangni Frederic Ananou,dribbling,58.44336,,
Karamoko Kader Dembélé,dribbling,70.01893,,
Karl Jakob Hein,dribbling,58.77903,,
Karl O’Sullivan,dribbling,57.178062,,
Karlo Sentić,dribbling,58.82999,,
Karol Stanisław Niemczycki,dribbling,58.781883,,
Kartal Kayra Yılmaz,dribbling,64.05861,,
Kasper Kaan Özden Kairinen,dribbling,64.28295,,
Kasper Lunding Jakobsen,dribbling,68.17182,,
Kasper Poul Mølgaard Jørgensen,dribbling,63.259583,,
Kasper Waarst Høgh,dribbling,60.909164,,
Kaveh Rad,dribbling,38.501255,,
Kayky da Silva Chagas,dribbling,71.20661,,
Kays Ruiz-Atil,dribbling,71.199844,,
Keanin Ayer Boya,dribbling,59.917255,,
Kebba Badjie,dribbling,67.36687,,
Keesean Ferdinand,dribbling,53.569717,,
Keiber Lamadrid,dribbling,60.312813,,
Kelechi John,dribbling,51.31445,,
Kelvin John,dribbling,65.95013,,
Kelvin Kwarteng Yeboah,dribbling,69.60006,,
Kelvin Ofori,dribbling,70.949234,,
Kelyan Guessoum,dribbling,56.90075,,
Ken Nkuba Tshiend,dribbling,68.22469,,
Kenny Nagera,dribbling,65.06824,,
Kenny Rocha Santos,dribbling,71.276115,,
Kerem Atakan Kesgin,dribbling,69.6749,,
Kerem Şen,dribbling,66.549576,,
Kerr McInroy,dribbling,57.15075,,
Kerrin Stokes,dribbling,45.110073,,
Kervin Andrade,dribbling,65.23118,,
Kerwin Vargas,dribbling,60.50436,,
Kevin Amir Isa Luna,dribbling,61.712944,,
Kevin Andres Minda Ruales,dribbling,61.69179,,
Kevin Andrés Zenón,dribbling,72.37385,,
Kevin Carlos Omoruyi Benjamin,dribbling,58.653843,,
Kevin Costinha,dribbling,55.316483,,
Kevin Egell-Johnsen,dribbling,56.11082,,
Kevin Fernández,dribbling,61.749622,,
Kevin Goden,dribbling,58.01268,,
Kevin Halabaku,dribbling,59.395943,,
Kevin Holmén,dribbling,54.540997,,
Kevin Joacid Moreno Sinisterra,dribbling,38.151062,,
Kevin Lankford,dribbling,65.1841,,
Kevin Mouanga,dribbling,39.24383,,
Kevin Nana Yaw Berkoe,dribbling,51.530594,,
Kevin O'Toole,dribbling,56.999393,,
Kevin Parra,dribbling,59.867306,,
Kevin Raphael Diaz,dribbling,61.217567,,
Kevin Rivera,dribbling,65.25225,,
Kevin Rolón,dribbling,62.21703,,
Kevin Simone Sessa,dribbling,72.19996,,
Kevin Villodres Medina,dribbling,69.95217,,
Keyendrah Simmonds,dribbling,59.00716,,
Khaleel Rafiq Salah-Edine,dribbling,59.01741,,
Khalid Essa Al Ghannam,dribbling,72.51075,,
Khalid Mohammed Husain Mousa Al-Blooshi,dribbling,63.119793,,
Khalifah Adel Al-Dawsari,dribbling,51.841732,,
Ki-Jana Delano Hoever,dribbling,63.253105,,
Kian Slor,dribbling,65.043205,,
Kieran Ewan Freeman,dribbling,59.11735,,
Kieran James Phillips,dribbling,60.29327,,
Kieran Lloyd,dribbling,55.228966,,
Kilian Bauernfeind,dribbling,59.608498,,
Killian Corenthin,dribbling,58.34247,,
Kingsley Dogo Michael,dribbling,69.836296,,
Kion Reece Etete,dribbling,58.34827,,
Kjell Dennis Collander,dribbling,64.647354,,
Kleber David Pinargote Lara,dribbling,58.77985,,
Koa Santos,dribbling,42.37716,,
Koca Manu Agro,dribbling,58.78833,,
Konan Ignace Jocelyn N’Dri,dribbling,72.44866,,
Koray Dag,dribbling,55.80417,,
Korede Yemi Adedoyin,dribbling,60.860115,,
Kosta Petratos,dribbling,58.330788,,
Kouya Mabea,dribbling,57.426277,,
Kristall Máni Ingason,dribbling,65.241486,,
Kristian Fredrik Malt Arnstad,dribbling,69.532906,,
Kristian Šekularac,dribbling,63.937275,,
Kristoffer Paulsen,dribbling,32.74792,,
Kristoffer-August Sundquist Klaesson,dribbling,58.78379,,
Krystian Kardyś,dribbling,56.096848,,
Kryštof Daněk,dribbling,69.14473,,
Krzysztof Kubica,dribbling,62.995598,,
Kwadwo Kyeremeh Baah,dribbling,62.42066,,
Kwaku Bonsu Osei,dribbling,67.86862,,
Kwaku Oduroh,dribbling,51.097015,,
Kwame Afriyie Adubofour Poku,dribbling,70.682495,,
Kwame Peprah,dribbling,66.057274,,
Kyan van Dorp,dribbling,58.78385,,
Kye Francis Rowles,dribbling,40.05276,,
Kyle Alex John,dribbling,63.9116,,
Kyle Alexander Jameson,dribbling,44.39833,,
Kyle Ferguson,dribbling,46.15651,,
Kyle Leon Wootton,dribbling,56.099384,,
Kyle Michael Dempsey,dribbling,67.50332,,
Kyle O'Connor,dribbling,56.008026,,
Kyoung-Bae Park,dribbling,53.704006,,
Kyron Gordon,dribbling,41.882812,,
Kyu Min Park,dribbling,59.479008,,
Kélian Nsona Wa Saka,dribbling,68.63544,,
L. Henrique Rosa da Silva,dribbling,66.421265,,
Lachlan Ricky Brook,dribbling,64.0298,,
Lalbiakhlua Jongte,dribbling,58.781895,,
Lalchungnunga Lalchungnunga,dribbling,44.665108,,
Lalengmawia Ralte,dribbling,60.69009,,
Lalhrezuala Sailung,dribbling,46.583,,
Lamin Jawara,dribbling,47.95505,,
Lamine Diack,dribbling,65.39154,,
Lamine Sy,dribbling,56.60091,,
Lars Erik Oskar Fallenius,dribbling,61.54576,,
Lars Kramer,dribbling,49.25447,,
Lars Markmanrud,dribbling,57.41007,,
Lassana Sy,dribbling,58.78255,,
Lasse Selvåg Nordås,dribbling,57.88142,,
Laurenz Beckemeyer,dribbling,58.778893,,
Laurit Krasniqi,dribbling,53.404034,,
Lautaro Amadé,dribbling,58.788433,,
Lautaro Emanuel Blanco,dribbling,67.59615,,
Lautaro Marco Spatz,dribbling,44.59062,,
Lautaro Nicolás Ríos,dribbling,63.74132,,
Lautaro Pastrán,dribbling,58.59557,,
Lautaro Rodrigo Valenti,dribbling,56.387707,,
Lautaro Tomás Escalante,dribbling,67.51417,,
Lautaro de León Billar,dribbling,65.0154,,
Lawrence Nicholas,dribbling,66.36287,,
Layan Loor,dribbling,61.721893,,
Layonel Figueroa,dribbling,62.017582,,
Leandro Antonetti,dribbling,59.508858,,
Leandro Fernandes da Cunha,dribbling,66.41348,,
Leandro Frroku,dribbling,56.19252,,
Leandro Ojeda,dribbling,59.16572,,
Leandro Sanca,dribbling,66.556435,,
Leandro Zbinden,dribbling,58.786575,,
Lee Patrick O'Connor,dribbling,63.57641,,
Lehlogonolo Matlou,dribbling,69.444145,,
Lennart Franklin Moser,dribbling,58.78014,,
Lennart Schulze-Kökelsum,dribbling,58.786846,,
Lennert Hallaert,dribbling,57.183315,,
Lenny Jean-Pierre Pintor,dribbling,69.45389,,
Lenín Checco,dribbling,57.76609,,
Lenín Usca,dribbling,58.813934,,
Leo Erik Jean Cornic,dribbling,58.614326,,
Leo Friedrich Oppermann,dribbling,58.780807,,
Leo Fuhr Hjelde,dribbling,58.201126,,
Leon Bürger,dribbling,64.38153,,
Leon Damer,dribbling,65.052185,,
Leon Kugland,dribbling,50.8826,,
Leon Maximilian Flach,dribbling,67.970795,,
Leon Thomson King,dribbling,40.95337,,
Leon Valentin Schaffran,dribbling,58.778442,,
Leonardo Adelino da Silva Lopes,dribbling,72.02445,,
Leonardo Alves Chú,dribbling,70.517685,,
Leonardo Borges da Silva,dribbling,61.514225,,
Leonardo Campana Romero,dribbling,64.37371,,
Leonardo Daniel Rivas Conge,dribbling,49.140827,,
Leonardo Daniel Ulineia Buta,dribbling,60.188137,,
Leonardo Filipe Cruz Lelo,dribbling,65.81268,,
Leonardo Loria,dribbling,58.778534,,
Leonardo Morosini,dribbling,70.51621,,
Leonardo Mosquera,dribbling,57.13087,,
Leonardo Román Riquelme,dribbling,58.817722,,
Leonardo Scienza,dribbling,67.15205,,
Leonardo Yánez,dribbling,61.534912,,
Leonardo da Costa Bolgado,dribbling,40.918606,,
Leonel Bucca,dribbling,63.59255,,
Leonel Marcelo Picco,dribbling,63.5182,,
Leonhard von Schroetter,dribbling,56.13778,,
Leonid Srdic,dribbling,35.320915,,
Leroy Abanda Mfomo,dribbling,58.17373,,
Lesley Chimuanya Ugochukwu,dribbling,69.02956,,
Lesly Rebello,dribbling,37.04629,,
Levi Jeremiah Lumeka,dribbling,66.00418,,
Lewis Graham Cass,dribbling,54.022316,,
Lewis Jack Gibson,dribbling,53.998993,,
Lewis Jay Freestone,dribbling,57.294987,,
Lewis Leigh,dribbling,57.337902,,
Lewis Neilson,dribbling,48.482414,,
Lewis Paul Jimmy Richards,dribbling,53.64217,,
Lewis Payne,dribbling,47.989044,,
Lewis Rhys Collins,dribbling,60.47075,,
Lewis Robert Page,dribbling,63.360874,,
Lewis Temple,dribbling,36.674877,,
Leôncio Roger Lobeiro Cunha,dribbling,72.52804,,
Liam Alan Millar,dribbling,68.27414,,
Liam Cross,dribbling,57.46293,,
Liam Darren Shaw,dribbling,65.83235,,
Liam Harvey,dribbling,48.97774,,
Liam Mark Kinsella,dribbling,64.03547,,
Liam McCarron,dribbling,60.51639,,
Liam McGing,dribbling,42.048717,,
Liam Mullan,dribbling,52.13187,,
Liam Spencer Gordon,dribbling,60.491764,,
Liam Vincent,dribbling,54.252464,,
Liam van Gelderen,dribbling,58.651176,,
Liberman Bryan Torres Nazareno,dribbling,55.645912,,
Lilian Niclas Egloff,dribbling,65.596466,,
Lino Sousa,dribbling,55.040367,,
Linus Carlstrand,dribbling,52.314995,,
Linus Schäfer,dribbling,58.893623,,
Linus Tagesson,dribbling,55.017307,,
Lleyton Brooks,dribbling,58.44969,,
Lluc Matas García,dribbling,58.778427,,
Lluís Recasens Vives,dribbling,55.380978,,
Logan Chalmers,dribbling,62.753395,,
Lorent Tolaj,dribbling,58.431526,,
Lorenz Knöferl,dribbling,62.499973,,
Lorenzo Maria Dickmann,dribbling,66.99503,,
Lorenzo Zúñiga Owono,dribbling,60.189476,,
Lorik Emini,dribbling,63.108696,,
Louie Mark Barry,dribbling,66.05329,,
Louis Chadwick,dribbling,58.80778,,
Louis D'Arrigo,dribbling,60.618282,,
Louis George Appéré,dribbling,61.402187,,
Louis Samuel Reed,dribbling,67.41404,,
Lourival Adnan Diniz Prazeres,dribbling,48.94526,,
Loué Bayéré Junior,dribbling,53.076828,,
Loïc Anthony Bessile,dribbling,62.25783,,
Luan Vágner Simões Eustáquio,dribbling,68.87645,,
Luca Bastian Plogmann,dribbling,58.797325,,
Luca Crecco,dribbling,65.694695,,
Luca Cristian Andronache,dribbling,62.591225,,
Luca Daniel de la Torre,dribbling,70.90285,,
Luca John Connell,dribbling,64.97404,,
Luca Leovino Martínez Dupuy,dribbling,64.67382,,
Luca Menke,dribbling,41.47664,,
Luca Petzold,dribbling,58.794373,,
Luca Sonzogni,dribbling,58.779438,,
Luca Stellwagen,dribbling,60.050804,,
Luca Wollschläger,dribbling,52.643734,,
Luca-Milan Zander,dribbling,60.056553,,
Lucas Agustín Besozzi,dribbling,63.183838,,
Lucas Barros da Cunha,dribbling,59.185,,
Lucas Becker,dribbling,58.778393,,
Lucas Bergström,dribbling,58.781418,,
Lucas Bernadou,dribbling,65.92367,,
Lucas Calodat,dribbling,63.412865,,
Lucas Cañizares Conchello,dribbling,58.783245,,
Lucas Chrubasik,dribbling,54.09084,,
Lucas Emanuel Brochero,dribbling,68.056595,,
Lucas Esteves Souza,dribbling,65.38055,,
Lucas Felix Krüger,dribbling,58.69998,,
Lucas Flores de Oliveira,dribbling,58.789024,,
Lucas Galarza,dribbling,58.782013,,
Lucas Hiemann,dribbling,58.780895,,
Lucas Jozef Lissens,dribbling,56.209625,,
Lucas Larade,dribbling,50.963192,,
Lucas Laso Gutiérrez,dribbling,58.836754,,
Lucas Lionel Dias,dribbling,58.779186,,
Lucas Maciel Felix,dribbling,59.61844,,
Lucas Margueron,dribbling,58.780487,,
Lucas Maximiliano Lemos Mayuncaldi,dribbling,51.347317,,
Lucas Mika Wolf,dribbling,65.65083,,
Lucas Nahuel González Martínez,dribbling,72.211395,,
Lucas Nahuel Morales,dribbling,64.164986,,
Lucas Queiroz Canteiro,dribbling,73.35869,,
Lucas Varaldo,dribbling,59.547157,,
Lucas Zahaczewski,dribbling,58.781967,,
Lucas Ángel Esquivel,dribbling,59.255447,,
Luciano Daniel Arriagada Garcia,dribbling,61.867718,,
Luciano Fernández,dribbling,53.10425,,
Luciano Ismael Ferreyra,dribbling,66.99462,,
Luciano Valente,dribbling,60.147392,,
Luciano Vega,dribbling,62.31786,,
Ludvig Nåvik,dribbling,59.2056,,
Ludwig Francillette,dribbling,49.69103,,
Luis Abelardo Vargas,dribbling,56.237637,,
Luis Alfredo Montero Ruíz,dribbling,64.93016,,
Luis Barco,dribbling,58.890568,,
Luis Bilbao Arechaga,dribbling,66.87998,,
Luis David González Torres,dribbling,60.28045,,
Luis Eduardo Demiquel Banegas,dribbling,63.6146,,
Luis Federico López Andúgar,dribbling,58.77783,,
Luis Fernando Casiani Zúñiga,dribbling,49.98661,,
Luis Francisco Sánchez Mosquera,dribbling,68.99784,,
Luis Gerardo Chávez Magallón,dribbling,67.90295,,
Luis Hernán Franco Fariña,dribbling,58.786556,,
Luis Ignacio Ingolotti,dribbling,58.784744,,
Luis Lopes,dribbling,63.415344,,
Luis Mario Díaz Espinoza,dribbling,68.879,,
Luis Mateo Ortíz Lara,dribbling,56.61389,,
Luis Miguel Barrios,dribbling,57.941246,,
Luis Thomas Binks,dribbling,54.049023,,
Luiz Skraback,dribbling,63.86895,,
Luka Pršo,dribbling,60.477364,,
Luka Stankovski,dribbling,67.25033,,
Lukas Ahlefeld Engel,dribbling,65.73041,,
Lukas Bornhøft Jensen,dribbling,58.778164,,
Lukas Emanuel Petkov,dribbling,66.96302,,
Lukas Mazagg,dribbling,49.450016,,
Lukas Prokop,dribbling,59.7856,,
Lukas Rhöse,dribbling,48.076958,,
Lukas Sedlak,dribbling,58.79671,,
Lukas Sparre Klitten,dribbling,62.63521,,
Lukas Stephan Horst Daschner,dribbling,67.50351,,
Lukas Willen,dribbling,40.086872,,
Luke Alexander Matheson,dribbling,58.80287,,
Luke Badley-Morgan,dribbling,43.45529,,
Luke Boore,dribbling,45.49074,,
Luke Gerald Michael Thomas,dribbling,65.763954,,
Luke James Cundle,dribbling,60.97398,,
Luke Jenkins,dribbling,46.991974,,
Luke Joshua Bodnar,dribbling,54.197094,,
Luke Mariette,dribbling,54.582764,,
Luke Matthew Woolfenden,dribbling,57.14087,,
Luke Oresti,dribbling,54.417408,,
Luke Owen Jephcott,dribbling,65.15466,,
Luke Philip McCormick,dribbling,66.854866,,
Luke Rudden,dribbling,51.653343,,
Luke William Offord,dribbling,54.802242,,
Luke Đuzel,dribbling,58.743355,,
Lukáš Horníček,dribbling,58.78389,,
Luuk Wouters,dribbling,55.932068,,
Luís Miguel Castelo Santos,dribbling,67.0999,,
Luís Pedro Alves Bastos,dribbling,58.320053,,
Lyle Brent Foster,dribbling,63.44058,,
Lynden Jack Gooch,dribbling,68.93565,,
Léider Andrés Riascos Suárez,dribbling,51.834408,,
Léon Delpech,dribbling,63.414017,,
Lévi Ntumba,dribbling,58.77991,,
Maciej Bortniczuk,dribbling,51.46147,,
Mads Hedenstad Christiansen,dribbling,58.848248,,
Mads Juhl Kikkenborg,dribbling,58.791893,,
Mads Roerslev Rasmussen,dribbling,65.147865,,
Madyen El Jaouhari,dribbling,61.9297,,
Magnus Elkjær Mattsson,dribbling,71.27477,,
Magnus Isager,dribbling,54.461334,,
Magnus Kaastrup Refstrup Lauritsen,dribbling,66.42564,,
Magnus Nordengen Knudsen,dribbling,64.46907,,
Mahamadou Dembélé,dribbling,53.16658,,
Mahamadou Doucouré,dribbling,62.68629,,
Mahamadou Doumbia,dribbling,57.865723,,
Mahlon Beresford Baker Romeo,dribbling,67.30786,,
Maico Alejandro Quiroz,dribbling,59.936035,,
Maicol Gil,dribbling,58.174793,,
Maicol Ruiz,dribbling,61.785187,,
Maiker Alfonzo Rivas González,dribbling,44.631836,,
Maissa Ndiaye,dribbling,43.21292,,
Malcolm Viltard,dribbling,55.46419,,
Malcom Adu Ares Djaló,dribbling,67.16553,,
Malik Sawadogo,dribbling,54.009945,,
Malthe Højholt,dribbling,65.2718,,
Mamadi Caba Camará,dribbling,65.99657,,
Mamadou Ibra Mbacke Fall,dribbling,55.716335,,
Mamadou Kaly Sène,dribbling,66.857285,,
Mamady Alex Bangré,dribbling,64.381966,,
Mamady Diarra,dribbling,64.86417,,
Mamoudou Karamoko,dribbling,64.98015,,
Mansor Faiez Al-Beshe,dribbling,60.40506,,
Manuel Duarte,dribbling,64.20074,,
Manuel Garrido Álvarez,dribbling,59.99509,,
Manuel Lama Maroto,dribbling,49.287327,,
Manuel Mama Samba Baldé,dribbling,58.78724,,
Manuel Monzeglio Velázquez,dribbling,67.2129,,
Manuel Morillo León,dribbling,62.29343,,
Manuel Osifo,dribbling,58.671047,,
Manuel Paul Wintzheimer,dribbling,67.14596,,
Manuel Rico Del Valle,dribbling,65.13048,,
Manuel Sulbarán,dribbling,65.97712,,
Manuel Tadeo Llano Massa,dribbling,61.920273,,
Manuel Thurnwald,dribbling,68.65341,,
Maodo Malick M'Baye,dribbling,65.27964,,
Marc Aguado Pallarés,dribbling,62.43039,,
Marc Llinares Barragán,dribbling,51.966755,,
Marc Lutz,dribbling,37.473236,,
Marc Pubill Pagès,dribbling,63.770638,,
Marc Tenas Ureña,dribbling,58.271484,,
Marc Vidal Girona,dribbling,58.79092,,
Marcel Edwin Rodrigues Lavinier,dribbling,55.853027,,
Marcel Mansfeld,dribbling,55.571865,,
Marcel Zapytowski,dribbling,58.783936,,
Marcelo Flores,dribbling,66.51965,,
Marcelo Iván Allende Bravo,dribbling,72.2378,,
Marcelo Palomino,dribbling,67.66179,,
Marcelo Rubén Acosta Ríos,dribbling,58.4159,,
Marcelo Suárez,dribbling,49.84182,,
Marcin Szpakowski,dribbling,61.004257,,
Marco Alexandru Dulca,dribbling,65.66407,,
Marco Bosisio,dribbling,43.623966,,
Marco Campagnaro,dribbling,55.301365,,
Marco Camus Muñoz,dribbling,62.91406,,
Marco Genare Di Cesare,dribbling,41.77897,,
Marco Moreno Ojeda,dribbling,46.220657,,
Marco Olivieri,dribbling,64.61214,,
Marco Pašalić,dribbling,64.02994,,
Marcos Ezequiel Gómez Paredes,dribbling,59.306458,,
Marcos García Trabanco,dribbling,62.73626,,
Marcos Gonzalo Goñi,dribbling,46.52233,,
Marcos Hernán Peano,dribbling,58.77867,,
Marcos Johan López Lanfranco,dribbling,68.7576,,
Marcos Luna Luna Ruiz,dribbling,52.050346,,
Marcos Nahuel Enrique,dribbling,60.57936,,
Marcos Paulo Costa do Nascimento,dribbling,68.67855,,
Marcus Ellingsen Andersen,dribbling,58.778008,,
Marcus Maier,dribbling,62.611557,,
Marcus Samuel Michael McGuane,dribbling,65.97394,,
Marcus Serup Hannesbo,dribbling,62.124058,,
Marian Fernando Huja,dribbling,45.577927,,
Marian Obedeanu,dribbling,63.92342,,
Marinus Larsen,dribbling,59.408104,,
Mario Gila Fuentes,dribbling,56.196503,,
Mario Hernández Fernández,dribbling,50.01941,,
Mario Jorrín González,dribbling,53.267666,,
Marios Tsaousis,dribbling,62.767986,,
Marius Broholm,dribbling,57.82132,,
Marius Mihai Marin,dribbling,65.589485,,
Marius Tollefsen,dribbling,58.79941,,
Mark James McGuinness,dribbling,56.339962,,
Mark Nnamdi Ugboh,dribbling,58.77851,,
Mark Thomas Harris,dribbling,68.33602,,
Marko Brkljača,dribbling,71.39608,,
Marko Dijakovic,dribbling,37.218647,,
Marko Marić,dribbling,58.837738,,
Marko Seufatu Nikola Stamenic,dribbling,65.3212,,
Markus André Kaasa,dribbling,69.07032,,
Marlon Perea,dribbling,57.528065,,
Marokhy Ndione,dribbling,61.101994,,
Martial Godo,dribbling,61.10025,,
Martijn Beernaert,dribbling,58.787964,,
Martim Miguel Carneiro Tavares,dribbling,54.046165,,
Martin Adeline,dribbling,67.69479,,
Martin Yankov Minchev,dribbling,68.3099,,
Martí Vilà García,dribbling,60.689453,,
Martín Ezequiel Cañete,dribbling,70.32336,,
Martín Garay,dribbling,64.29402,,
Martín Gianoli,dribbling,55.46259,,
Martín Manuel Calderón Gómez,dribbling,62.94587,,
Martín Ortega,dribbling,59.02874,,
Martín Pascual Castillo,dribbling,43.2506,,
Martín Suárez,dribbling,56.80822,,
Marvin Ayhan Obuz,dribbling,64.86995,,
Marvin Lee Rittmüller,dribbling,63.983997,,
Marvin Olawale Akinlabi Park,dribbling,68.13374,,
Marvin Tshibuabua,dribbling,46.31382,,
Maryan Faryna,dribbling,50.236122,,
Masimiliano Doda,dribbling,49.79975,,
Massimo Bertagnoli,dribbling,67.2946,,
Matchoi Bobó Djaló,dribbling,72.05199,,
Matei Moraru,dribbling,59.140766,,
Mateo Agustín Coronel,dribbling,67.941826,,
Mateo Klimowicz,dribbling,72.681625,,
Mateus Gonçalo Espanha Fernandes,dribbling,71.69797,,
Mateus Santos Barbosa,dribbling,66.36344,,
Mateusz Kowalski,dribbling,51.861813,,
Mateusz Letkiewicz,dribbling,51.897324,,
Mateusz Piotr Bogusz,dribbling,68.256676,,
Mateusz Stefan Lewandowski,dribbling,56.02133,,
Matheus Bueno Batista,dribbling,67.02823,,
Matheus Nunes Fagundes de Araújo,dribbling,63.55018,,
Matheus Pereira de Souza,dribbling,66.23596,,
Matheus Salgueiro Pains,dribbling,62.73096,,
Mathew Antony Stevens,dribbling,60.116627,,
Mathias Damm Kvistgaarden,dribbling,65.23767,,
Mathias Daniel Pinto Mell,dribbling,67.248795,,
Mathias De Wolf,dribbling,59.34076,,
Mathias Johnsrud Emilsen,dribbling,53.31916,,
Mathias Knutsen Rasmussen,dribbling,68.4494,,
Mathias Ross Jensen,dribbling,55.279964,,
Mathias Ullereng Kjølø,dribbling,60.218895,,
Mathieu Cachbach,dribbling,63.168304,,
Mathis Bruns,dribbling,43.86767,,
Mathis Christophe Picouleau,dribbling,68.2554,,
Mathys Saban,dribbling,66.677055,,
Mathías Bernatene,dribbling,58.779663,,
Mathías Carpio,dribbling,64.386444,,
Mathías Nicolás Laborda Malseñido,dribbling,58.30272,,
Matias Flores,dribbling,58.17279,,
Matija Horvat,dribbling,58.51069,,
Matis Carvalho,dribbling,58.7776,,
Matisse Didden,dribbling,55.263996,,
Matko Babić,dribbling,60.424126,,
Matko Mijael Miljevic,dribbling,69.83479,,
Matondo-Merveille Papela,dribbling,67.86159,,
Mats Lemmens,dribbling,42.367905,,
Matteo Anzolin,dribbling,59.211193,,
Matteo Arena,dribbling,39.127583,,
Matteo Chiacig,dribbling,58.783485,,
Matteo Emilio Di Giusto,dribbling,66.99409,,
Matteo Piacentini,dribbling,39.878548,,
Matthew Alexander Sorinola,dribbling,63.808426,,
Matthew Anim Cudjoe,dribbling,62.036648,,
Matthew Ben Longstaff,dribbling,69.18756,,
Matthew David Butcher,dribbling,58.743183,,
Matthew David Hundley,dribbling,55.460304,,
Matthew Freese,dribbling,58.782608,,
Matthew Gerrard Smith,dribbling,65.218475,,
Matthew Hatch,dribbling,55.26654,,
Matthew Hudson,dribbling,58.871815,,
Matthew Jimmy David Garbett,dribbling,66.0336,,
Matthew Pollock,dribbling,44.85167,,
Matthew Real,dribbling,63.514145,,
Matthew Ridenton,dribbling,58.42684,,
Matthew Robert Smith,dribbling,67.91336,,
Matthew Ryan Wolfe,dribbling,58.59221,,
Matthew Scott,dribbling,47.788902,,
Matthias Gragger,dribbling,56.611366,,
Matthias Jean Phaeton,dribbling,65.767975,,
Matthis Harsman,dribbling,58.78042,,
Matthäus Taferner,dribbling,71.05657,,
Mattia Ciucci,dribbling,38.075016,,
Mattia Motolese,dribbling,38.095963,,
Mattia Pagliuca,dribbling,61.28686,,
Mattia Viviani,dribbling,66.83432,,
Mattéo Ahlinvi,dribbling,67.629555,,
Mattéo Rabuel,dribbling,41.178726,,
Matías Cedrés Batista,dribbling,59.211224,,
Matías Damián Palacios,dribbling,70.086075,,
Matías Damián Pérez,dribbling,43.844807,,
Matías Eduardo Esquivel,dribbling,72.611046,,
Matías Fernando Lazo Zapata,dribbling,41.836205,,
Matías Fredes,dribbling,59.86586,,
Matías Morello,dribbling,66.99255,,
Matías Nahuel Borgogno,dribbling,58.77978,,
Matías Nahuel González,dribbling,64.240776,,
Matías Nicolás Miranda,dribbling,67.71181,,
Matías Ocampo,dribbling,69.478455,,
Matías Romero Andrade,dribbling,59.37196,,
Matías Vesprini,dribbling,42.591705,,
Maurice Maximilian Malone,dribbling,66.80724,,
Maurice Michael Multhaup,dribbling,70.339424,,
Maurilio de Lannoy,dribbling,61.984787,,
Mauro Silveira,dribbling,58.804035,,
Max Alves da Silva,dribbling,64.47043,,
Max Anchor,dribbling,58.784492,,
Max Delyfer,dribbling,53.714622,,
Max Dyche,dribbling,46.222797,,
Max Harrison Sanders,dribbling,62.109623,,
Max James Watters,dribbling,62.230698,,
Max Johannes Whitta Fenger,dribbling,59.890026,,
Max Kulke,dribbling,59.104664,,
Max McMillan,dribbling,57.52382,,
Max Murphy,dribbling,47.02333,,
Max Normann Williamsen,dribbling,47.38958,,
Max Taylor,dribbling,46.06263,,
Max Wolfs,dribbling,58.786495,,
Maxim Deman,dribbling,58.789173,,
Maxim Gullit,dribbling,53.326584,,
Maximilian Franzke,dribbling,64.22984,,
Maximilian Neuberger,dribbling,49.741623,,
Maximilian Neutgens,dribbling,58.78476,,
Maximilian Sprang,dribbling,58.810997,,
Maximiliano David Ayala,dribbling,67.153786,,
Maximiliano Samuel Romero,dribbling,64.116104,,
Maximiliano Torrealba,dribbling,58.967735,,
Maykol Antonio Sánchez Arancibia,dribbling,58.390594,,
Maïdine Douane,dribbling,59.73481,,
Mduduzi Shabalala,dribbling,49.019638,,
Mehdi Baaloudj,dribbling,47.156944,,
Mehdi Bariki,dribbling,57.089066,,
Mehdi Lehaire,dribbling,61.642128,,
Mehmet Albayrak,dribbling,47.19666,,
Mehmet Ataberk Dadakdeniz,dribbling,58.784115,,
Mehmet Can Aydin,dribbling,71.65067,,
Melker Ellborg,dribbling,58.78639,,
Melvin Aladin Ramusović,dribbling,58.591587,,
Melvin Sitti,dribbling,60.104755,,
Mender García Torres,dribbling,66.47398,,
Mert Arslan,dribbling,61.989655,,
Mert Kurt,dribbling,62.49735,,
Metehan Baltacı,dribbling,40.519363,,
Metehan Güçlü,dribbling,61.8687,,
Michael Andrew Johnston,dribbling,72.954025,,
Michael John Cooper,dribbling,58.77978,,
Michael Joseph Edwards,dribbling,34.073418,,
Michael Kostka,dribbling,56.1004,,
Michael Martin,dribbling,61.09675,,
Michael Ndiweni,dribbling,56.56138,,
Michael Ologo Inainfe,dribbling,53.323112,,
Michael Thomas Tallaksen Crowe,dribbling,58.834858,,
Michael Wyparło,dribbling,53.512726,,
Michalis Kosidis,dribbling,58.486523,,
Michał Rostkowski,dribbling,57.531784,,
Michel De Jesus Sousa,dribbling,55.082817,,
Miguel Angel Cornejo Loli,dribbling,66.46325,,
Miguel Angel Martínez Irala,dribbling,58.782562,,
Miguel Azeez,dribbling,64.58563,,
Miguel Baeza Pérez,dribbling,68.49006,,
Miguel Colque,dribbling,51.49394,,
Miguel Ferreira de Sousa,dribbling,68.11952,,
Miguel Gutiérrez Ortega,dribbling,64.92252,,
Miguel Maria Mariano Falé,dribbling,65.0601,,
Miguel Mariz Luís,dribbling,65.938774,,
Miguel Puche García,dribbling,66.35017,,
Miguel Raimundo Nóbrega,dribbling,36.446293,,
Miguel Rodríguez Vidal,dribbling,64.15805,,
Miguel Silva Reisinho,dribbling,63.01084,,
Miguel Sánchez Tabares,dribbling,58.81267,,
Miguel de la Fuente Escudero,dribbling,66.887794,,
Miguel Ángel Atienza Villa,dribbling,65.11246,,
Miguel Ángel Morro Muñoz,dribbling,58.799156,,
Miguel Ángel Navarro Zárate,dribbling,62.053448,,
Miguel Ángel Ruiz Herráiz,dribbling,58.868202,,
Miguel Ângelo Ferreira Magalhães,dribbling,66.27443,,
Mihai Alexandru Dobre,dribbling,69.641884,,
Mihai Alexandru Eşanu,dribbling,58.778763,,
Mihai Daniel Lixandru,dribbling,57.199295,,
Mihai Marian Aioani,dribbling,58.801384,,
Mihai Maximilian Popa,dribbling,58.831863,,
Mihai Velisar,dribbling,58.67254,,
Mika Godts,dribbling,70.72712,,
Mika Mármol Medina,dribbling,60.80394,,
Mika Schröers,dribbling,64.71622,,
Mikael Ugland,dribbling,63.01986,,
Mike Johannes Hendrikus Josephus van Beijnen,dribbling,63.36767,,
Mikel Carro Fandiño,dribbling,58.97283,,
Mikey O'Neill,dribbling,60.529266,,
Mikkel Duelund Poulsen,dribbling,72.00026,,
Mikkel Juhl Andersen,dribbling,58.584038,,
Mikkel Kallesøe Andreasen,dribbling,64.083015,,
Mikkel Kaufmann Sørensen,dribbling,60.162827,,
Mikkel Konradsen Ceide,dribbling,45.97402,,
Mikkel Møller Lassen,dribbling,57.52971,,
Mikkel Rakneberg,dribbling,61.00469,,
Mikołaj Rakowski,dribbling,49.78314,,
Milan Smit,dribbling,57.295258,,
Miliano Jonathans,dribbling,60.48747,,
Miloš Bočić,dribbling,63.706707,,
Milton Marcelo Maciel Brítez,dribbling,65.460495,,
Milton Nahuel Valenzuela,dribbling,68.084984,,
Min Geol Woo,dribbling,51.89991,,
Min Gyu Kim,dribbling,31.301958,,
Min Jun Kim,dribbling,61.51847,,
Min Woo Jung,dribbling,58.21116,,
Mirko Tomianovic,dribbling,64.10896,,
Miroslav Gono,dribbling,59.609898,,
Mitchell Reece Clark,dribbling,61.98151,,
Mitchell Roberts,dribbling,45.53142,,
Moataz Zemzemi,dribbling,69.50463,,
Modou Tambedou,dribbling,58.125248,,
Mohamad Al-Taay,dribbling,45.69839,,
Mohamed Airam Ramos Wade,dribbling,58.787865,,
Mohamed Ben Fredj,dribbling,55.628857,,
Mohamed Berte,dribbling,61.72185,,
Mohamed Bouchouari,dribbling,68.84208,,
Mohamed Kefing Kanté,dribbling,57.54966,,
Mohamed Salah El Boukammiri,dribbling,61.45681,,
Mohamed Taabouni,dribbling,70.05055,,
Mohamed Toure,dribbling,62.21217,,
Mohamed Traore,dribbling,39.887974,,
Mohamed Youla,dribbling,51.79738,,
Mohammed Abo Abd,dribbling,58.58692,,
Mohammed Al Biladi,dribbling,58.78779,,
Mohammed Al Khaibari,dribbling,34.6354,,
Mohammed Al Kunaydiri,dribbling,56.261578,,
Mohammed Al Mosabbah,dribbling,53.83886,,
Mohammed Al Qahtani,dribbling,58.984344,,
Mohammed Bassam Alhurayji,dribbling,55.922497,,
Mohammed Boudiaf,dribbling,49.71003,,
Mohammed Furaih,dribbling,55.13718,,
Mohammed Khalil Maran,dribbling,53.910458,,
Mohammed Tahiri,dribbling,61.772614,,
Mohammed Waad,dribbling,60.02652,,
Moises Castillo Mosquera,dribbling,45.792835,,
Moisés Isaac Caicedo Corozo,dribbling,68.78011,,
Momodou Bojang,dribbling,54.88387,,
Monsuru Opeyemi,dribbling,61.848793,,
Montasser Lahtimi,dribbling,68.90443,,
Moonga Simba,dribbling,64.43834,,
Morgan Boyes,dribbling,58.439083,,
Morgan Elliot Roberts,dribbling,54.347008,,
Morgan Elliot Rogers,dribbling,65.29864,,
Morgan Faßbender,dribbling,62.142406,,
Morgan Paul Poaty,dribbling,63.32999,,
Moritz Berg,dribbling,56.630028,,
Moritz Heinrich,dribbling,65.845146,,
Moteb Saad Al-Harbi,dribbling,68.82229,,
Moubarack Compaoré,dribbling,56.930443,,
Moudi Najjar,dribbling,56.329704,,
Mouhamed Niang,dribbling,55.38875,,
Mounir Chouiar,dribbling,72.24126,,
Moussa Kalilou Djitté,dribbling,71.86541,,
Moustapha Cissé,dribbling,61.43183,,
Moïse Sahi Dion,dribbling,68.74879,,
Muhammed Enes Kiprit,dribbling,64.53989,,
Muhammed-Cham Saračević,dribbling,66.4703,,
Muhammet Arslantaş,dribbling,56.46598,,
Muhammet Taha Tepe,dribbling,58.770844,,
Muhannad Mustafa Al-Shanqeeti,dribbling,63.12638,,
Muheet Shabir Khan,dribbling,58.779823,,
Murat Cem Akpınar,dribbling,67.109116,,
Musab Habkoor,dribbling,57.46529,,
Mustafa Eser,dribbling,43.886795,,
Mustafa Kapı,dribbling,67.527794,,
Mustafa Kizza,dribbling,58.609142,,
Muzaffer Cem Kablan,dribbling,58.785496,,
Mykola Kukharevych,dribbling,58.557693,,
Myung Sun Kim,dribbling,51.15071,,
Máximo David Alonso Fontes,dribbling,65.857445,,
Mücahit Serbest,dribbling,58.779922,,
Münir Levent Mercan,dribbling,66.68464,,
N'Dri Philippe Koffi,dribbling,61.75387,,
Nabili Zoubdi Touaizi,dribbling,66.71329,,
Nacim El Hassani,dribbling,63.654373,,
Nadhir Benbouali,dribbling,60.410423,,
Nahuel Casasola,dribbling,60.462593,,
Nahuel Manganelli,dribbling,58.782448,,
Nahuel Soria,dribbling,55.838913,,
Naif Saeed Almas,dribbling,38.385395,,
Naim García García,dribbling,67.046455,,
Nana Boateng,dribbling,58.725563,,
Nando Toggenburger,dribbling,48.88338,,
Nando Zen Pijnaker,dribbling,56.018612,,
Nasser Al Shikaili,dribbling,60.237682,,
Nasser Djiga,dribbling,39.624474,,
Nasser Eissa Shafi Al-Dawsari,dribbling,68.300415,,
Natanas Žebrauskas,dribbling,51.486195,,
Nathan Broome,dribbling,58.77735,,
Nathan Fogaça,dribbling,59.44728,,
Nathan Kenneth Patterson,dribbling,64.30761,,
Nathan Logue Cunningham,dribbling,49.495754,,
Nathan Monzango,dribbling,48.941227,,
Nathan N'Goumou Minpole,dribbling,68.56687,,
Nathan Sheppard,dribbling,58.77437,,
Nathan Wicht,dribbling,59.072735,,
Nathan Wood-Gordon,dribbling,45.335056,,
Nathanael Kukanda,dribbling,59.289856,,
Nathanaël Saintini,dribbling,38.698082,,
Nathaneal Blair,dribbling,43.09771,,
Nathangelo Alexandro Markelo,dribbling,59.336037,,
Nathaniel Caleb Atkinson,dribbling,69.08877,,
Nawaf Al Saadi,dribbling,58.05754,,
Nawaf Dhahi Faisal Al Suweiti Al-Aqidi,dribbling,58.778416,,
Nawaf Hazazi,dribbling,55.455395,,
Nazareno Funez,dribbling,58.82415,,
Nazareno Romero,dribbling,61.65272,,
Naël Jaby,dribbling,57.94806,,
Nelson Quiñónes,dribbling,57.814484,,
Nemanja Celic,dribbling,59.544792,,
Neraysho Meritchio Kasanwirjo,dribbling,58.26001,,
Nermin Karić,dribbling,58.635967,,
Nestor Jiménez,dribbling,59.845734,,
Neven Djurasek,dribbling,68.59253,,
Niall Nathan Michael Ennis,dribbling,64.632774,,
Nic Bollado,dribbling,51.90164,,
Niccolò Pierozzi,dribbling,59.673534,,
Nicholas D'Agostino,dribbling,62.75363,,
Nicholas Markanich,dribbling,53.65543,,
Nicholas Michael Hayes,dribbling,58.77876,,
Nicholas Suman,dribbling,58.77815,,
Nicholas Tsaroulla,dribbling,62.894115,,
Nicky Clescenco,dribbling,61.265774,,
Nicky Hernandez,dribbling,65.33665,,
Nicky Medja Beloko,dribbling,63.864704,,
Niclas Eliasson Santana,dribbling,70.17505,,
Nico Gordon,dribbling,42.11239,,
Nico Gorzel,dribbling,61.205647,,
Nico Moos,dribbling,43.349873,,
Nicolas Galazzi,dribbling,64.012535,,
Nicolas Martin Hautorp Madsen,dribbling,63.65724,,
Nicolas Thierry Raskin,dribbling,70.65802,,
Nicolo Tresoldi,dribbling,57.42114,,
Nicolás Agustín Demartini,dribbling,48.473457,,
Nicolás Alejandro Thaller,dribbling,49.102352,,
Nicolás Bastián Guerra Ruz,dribbling,68.1915,,
Nicolás Brian Acevedo Tabárez,dribbling,64.97857,,
Nicolás Delgadillo Godoy,dribbling,68.3035,,
Nicolás Ezequiel Fernández Mercau,dribbling,73.038826,,
Nicolás Federico Castro,dribbling,68.09658,,
Nicolás Fernando Cordero,dribbling,67.21489,,
Nicolás Ferreira,dribbling,67.33363,,
Nicolás Figueroa,dribbling,60.27402,,
Nicolás Gudiño Castilla,dribbling,45.075623,,
Nicolás Quagliata,dribbling,72.78337,,
Nicolás Serrano Galdeano,dribbling,73.567024,,
Niels Patrick Nkounkou,dribbling,64.2101,,
Nigel van Haveren,dribbling,58.791206,,
Nika Gagnidze,dribbling,67.70922,,
Nikita Fedotov,dribbling,58.77802,,
Niklas Jahn,dribbling,56.440346,,
Niklas Jeck,dribbling,40.438557,,
Niklas Lübcke,dribbling,58.779545,,
Nikodem Niski,dribbling,50.563663,,
Nikola Stevanović,dribbling,45.433167,,
Nikola Stosic,dribbling,63.00139,,
Nikolai Baden Frederiksen,dribbling,70.072685,,
Nikolai Rohde Laursen,dribbling,70.71669,,
Nikolas Korzeniecki,dribbling,56.9001,,
Nikolas Langberg Dyhr,dribbling,67.17743,,
Nikolas Polster,dribbling,58.783928,,
Nikolas Terkelsen Nartey,dribbling,71.37506,,
Nikoloz Kutateladze,dribbling,58.05146,,
Nikos Zografakis,dribbling,63.573257,,
Nils Arvidsson,dribbling,58.79583,,
Nils Gustav Georg Fröling,dribbling,67.24352,,
Nils Hahne,dribbling,58.780518,,
Nils Mortimer Moreno,dribbling,63.5739,,
Nils Wallenberg,dribbling,57.8527,,
Nils-Jonathan Körber,dribbling,58.784046,,
Nino Žugelj,dribbling,64.48662,,
Nishan Connell Burkart,dribbling,63.727516,,
Nkosingiphile Ngcobo,dribbling,66.94097,,
Noah Awuku,dribbling,60.157936,,
Noah Christopher Chilvers,dribbling,64.79676,,
Noah De Queiroz Pacheco,dribbling,40.85126,,
Noah Diliberto,dribbling,69.416245,,
Noah Emmanuel Jean Holm,dribbling,65.581764,,
Noah James,dribbling,58.785667,,
Noah Kemeseng Sonko-Sundberg,dribbling,50.634617,,
Noah König,dribbling,43.425034,,
Noah Raveyre,dribbling,58.784397,,
Noah Sadiki,dribbling,62.48706,,
Noah Shawn Agbaje,dribbling,59.230885,,
Noah Wagner,dribbling,34.795246,,
Noble Okello,dribbling,58.411648,,
Noel Hansson,dribbling,40.651077,,
Noel López de la Fuente,dribbling,62.283012,,
Nongdamba Naorem,dribbling,55.03245,,
Norbert Pacławski,dribbling,50.930546,,
Norbert Wojtuszek,dribbling,60.79685,,
Nordin Musampa,dribbling,60.465183,,
Novatus Miroshi Dismas,dribbling,59.265068,,
Nuno Gonçalo Rocha Moreira,dribbling,69.7983,,
Nuno Miguel Reis Lima,dribbling,43.362953,,
Nurettin Korkmaz,dribbling,62.779926,,
Odin Ohray Bailey,dribbling,68.47354,,
Olaf Kobacki,dribbling,63.88327,,
Olamide Shodipo,dribbling,65.867294,,
Ole Martin Lekven Kolskogen,dribbling,55.328545,,
Ole ter Haar Romeny,dribbling,64.48296,,
Oleksandr Drambaev,dribbling,58.205738,,
Oleksandr Yatsyk,dribbling,59.573013,,
Oleksiy Sych,dribbling,60.10087,,
Oliver Bjerrum Jensen,dribbling,58.92443,,
Oliver Bundgaard Kristensen,dribbling,64.82313,,
Oliver Casey,dribbling,51.207577,,
Oliver Denham,dribbling,38.130573,,
Oliver Kamdem,dribbling,59.315117,,
Oliver Lukas Dozae Nnonyelu Dovin,dribbling,58.780212,,
Oliver Marc Rose-Villadsen,dribbling,69.34614,,
Oliver Olsson,dribbling,37.42773,,
Oliver Ross,dribbling,63.604317,,
Oliver Samuel Crankshaw,dribbling,60.53138,,
Oliver Younger,dribbling,41.163662,,
Olivier Boissy,dribbling,54.45313,,
Olivier Wypart,dribbling,49.972137,,
Oliwier Sławiński,dribbling,56.676884,,
Oliwier Wojciechowski,dribbling,53.83257,,
Oliwier Zych,dribbling,58.78332,,
Oluwarotimi Mark Odusina,dribbling,50.121796,,
Oluwaseyi Babajide Ojo,dribbling,68.53404,,
Omar Damen Al Ruwaili,dribbling,54.016273,,
Omar Hamad Al-Owdah,dribbling,60.221695,,
Omar Jebali,dribbling,43.707714,,
Omar Khalid Dakhel Al-Jadani,dribbling,57.37497,,
Omar Kolawole Olufemi Sowunmi,dribbling,37.82346,,
Omar Rekik,dribbling,45.147434,,
Omar Saeed,dribbling,52.914944,,
Omar-Šarif Sijarić,dribbling,66.82076,,
Omir Guadalupe Fernandez Mosso,dribbling,69.68316,,
Onel Acosta,dribbling,56.01017,,
Onurhan Babuscu,dribbling,64.69656,,
Orges Bunjaku,dribbling,65.68335,,
Oriol Busquets Mas,dribbling,60.317394,,
Orlando David Colmán,dribbling,61.567364,,
Orrin McLaughlin,dribbling,50.68926,,
Osazee Aghatise,dribbling,62.3102,,
Oscar Aga,dribbling,57.424786,,
Oscar Camilo Salomón,dribbling,50.549026,,
Oscar Carl Linnér,dribbling,58.830444,,
Oscar Halls,dribbling,36.806957,,
Oscar Massey,dribbling,54.656372,,
Oscar Ramón Toledo Acosta,dribbling,58.79854,,
Oscar Thore Hedvall,dribbling,58.796467,,
Osher Davida,dribbling,68.67411,,
Oskar Aron Opsahl,dribbling,57.51878,,
Oskar Lodziński,dribbling,58.779953,,
Oskar Mielcarz,dribbling,58.809757,,
Oskar Sewerzyński,dribbling,55.47334,,
Oskar Siira Sivertsen,dribbling,59.596985,,
Oslimg Roberto Mora Pasache,dribbling,72.444824,,
Osman Bukari,dribbling,73.21907,,
Osvaldo Rodríguez del Portal,dribbling,67.70355,,
Oswaldo Josué Valenzuela Dileo,dribbling,64.31943,,
Othman Awadh,dribbling,46.855488,,
Otis Jan Mohammed Khan,dribbling,64.48136,,
Otto Lindell,dribbling,58.77985,,
Ousmane Ba,dribbling,58.78374,,
Ovidiu Horșia,dribbling,65.30816,,
Ovidiu Ioan Perianu,dribbling,62.860962,,
Owen Bevan,dribbling,43.247242,,
Owura Edwards,dribbling,66.0256,,
Oğuzhan Akgün,dribbling,60.812717,,
P. Justiniano Almeida Gomes,dribbling,42.85664,,
Pablo Agustín Minissale,dribbling,40.990303,,
Pablo Alejandro Bonilla Serrada,dribbling,64.06003,,
Pablo Antonio Ortiz Cabezas,dribbling,53.838253,,
Pablo Cuñat Campos,dribbling,58.782925,,
Pablo Enrique Ruíz,dribbling,66.13386,,
Pablo Felipe Pereira de Jesus,dribbling,57.657852,,
Pablo Gozálbez Gilabert,dribbling,69.11961,,
Pablo Gálvez Miranda,dribbling,63.506042,,
Pablo Ibáñez Lumbreras,dribbling,58.15435,,
Pablo López Gallo,dribbling,40.432655,,
Pablo Moreno Taboada,dribbling,70.11684,,
Pablo Pérez Rico,dribbling,55.985912,,
Pablo Rodríguez Delgado,dribbling,62.788685,,
Pablo Tomeo Félez,dribbling,58.704773,,
Pablo Torre Carral,dribbling,68.6115,,
Pablo Vaca,dribbling,58.229588,,
Pablo Valencia García,dribbling,58.77889,,
Pacifique Niyongabire,dribbling,61.726246,,
Panagiotis Panagiotou,dribbling,51.888172,,
Pantelis Chatzidiakos,dribbling,61.702293,,
Paolo Alessandro Reyna Lea,dribbling,56.153145,,
Paolo Gozzi,dribbling,44.368618,,
Paolo Marco Leima Donatelo,dribbling,68.76047,,
Paolo Medina Etienne,dribbling,64.25336,,
Paolo Sciortino,dribbling,54.11107,,
Pape Habib Guèye,dribbling,66.657745,,
Pape Samba Thiam,dribbling,50.479187,,
Pascal Hammer,dribbling,44.89698,,
Patricio Alessandro Flores Bascur,dribbling,40.97879,,
Patrick Brouwer,dribbling,60.744236,,
Patrick Gilmar Sequeira,dribbling,58.80901,,
Patrick Kpozo,dribbling,63.615852,,
Patrick Moser,dribbling,58.78264,,
Patrick Scheder,dribbling,55.50601,,
Patrick Weah,dribbling,64.59519,,
Patrik Sigurður Gunnarsson,dribbling,58.774467,,
Patriot Sejdiu,dribbling,67.56661,,
Patryk Klimala,dribbling,65.00379,,
Patryk Peda,dribbling,41.819496,,
Pau Casadesús Castro,dribbling,55.194588,,
Paul Asiedu Osew,dribbling,61.29883,,
Paul Bourdelle,dribbling,58.779366,,
Paul Grave,dribbling,58.779434,,
Paul Manske,dribbling,59.496284,,
Paul Milton Glatzel,dribbling,60.507507,,
Paul Méliande,dribbling,60.509224,,
Paulo Eduardo Ferreira Godinho,dribbling,43.830894,,
Paulo Estrela Moreira Alves,dribbling,67.30574,,
Paulo Guilherme Gonçalves Bernardo,dribbling,70.08764,,
Paulo Vitor Fernandes Pereira,dribbling,67.841225,,
Paulos Abraham,dribbling,68.15025,,
Pavle Vagić,dribbling,65.76954,,
Pawel Chrupalla,dribbling,58.18677,,
Paweł Sokół,dribbling,58.77791,,
Paweł Żuk,dribbling,51.480373,,
Paya Pichkah,dribbling,59.311073,,
Peder Klausen,dribbling,58.785534,,
Pedro Bernardo González Ojeda,dribbling,58.77975,,
Pedro David Brazão Teixeira,dribbling,71.08246,,
Pedro Emmanuel Ojeda,dribbling,66.2917,,
Pedro Guillermo Ibáñez Gálvez,dribbling,47.232025,,
Pedro Henrique Rodrigues Bicalho,dribbling,68.17387,,
Pedro Injai Gomes,dribbling,40.827995,,
Pedro Jeampierre Vite Uca,dribbling,67.01312,,
Pedro Jorge Gonçalves Malheiro,dribbling,64.66916,,
Pedro Luís Machado Ganchas,dribbling,39.25126,,
Pedro Miguel Almeida Lopes Pereira,dribbling,70.910866,,
Pedro Miguel Costa Álvaro,dribbling,50.833656,,
Pedro Navarro,dribbling,46.162098,,
Pedro Ortiz Bernat,dribbling,59.722736,,
Pedro Pablo Campos Olavarría,dribbling,63.387802,,
Pedro Ruiz Delgado,dribbling,54.735752,,
Pedro Trujillo,dribbling,58.77757,,
Pelayo González Rey,dribbling,61.98645,,
Pelayo Morilla Cabal,dribbling,65.59344,,
Pelle Elkjær Mattsson,dribbling,59.73585,,
Per Kristian Worre Bråtveit,dribbling,58.87146,,
Pere Joan García Bauzà,dribbling,58.78023,,
Perry Ng Tian-Hee,dribbling,52.918495,,
Peru Nolaskoain Esnal,dribbling,65.66469,,
Petar Pušić,dribbling,70.49885,,
Peter González Carmona,dribbling,69.02905,,
Peter Maguire,dribbling,31.742046,,
Peter Urminský,dribbling,58.777122,,
Philipp Birglehner,dribbling,54.501987,,
Philipp Ochs,dribbling,68.826866,,
Philipp Sonn,dribbling,58.87235,,
Philipp Sturm,dribbling,64.13484,,
Phrangki Buam,dribbling,55.77616,,
Pierluigi Cappelluzzo,dribbling,62.392956,,
Piero Antonio Vivanco Ayala,dribbling,65.57205,,
Pierre-Emmanuel Ekwah Elimby,dribbling,53.328285,,
Pietro Rovaglia,dribbling,51.222603,,
Pim Saathof,dribbling,60.417084,,
Plamedi Buni Jorge,dribbling,64.10069,,
Pol Bassa Mora,dribbling,57.711197,,
Pontus Jacob Ragne Dahlberg,dribbling,58.791496,,
Pontus Texel,dribbling,50.18859,,
Presley Pululu,dribbling,62.712273,,
Prince Isaac Kouame,dribbling,58.00896,,
Przemysław Kapek,dribbling,59.44001,,
Przemysław Maj,dribbling,58.412132,,
Quaine Bartley,dribbling,51.58603,,
Quinn McNeill,dribbling,55.70041,,
Radinio Balker,dribbling,40.74289,,
Radosław Cielemęcki,dribbling,58.671677,,
Radosław Seweryś,dribbling,53.267838,,
Radu Matei Drăgușin,dribbling,53.12426,,
Radu Ștefăniță Boboc,dribbling,61.730423,,
Rafael António Pereira,dribbling,56.942505,,
Rafael Castrillo,dribbling,63.34109,,
Rafael Ferrario,dribbling,58.777084,,
Rafael Julián Lutiger Vidalón,dribbling,45.35931,,
Rafael Mascarenhas Moreira,dribbling,58.910576,,
Rafael Obrador Burguera,dribbling,56.84338,,
Rafael Sebastián Mújica García,dribbling,67.521095,,
Rafael Sousa Gancho Brito,dribbling,64.994095,,
Rafael Tavares Gomes Fernandes,dribbling,44.28089,,
Rafael Tresaco Blasco,dribbling,63.220654,,
Raffaele Celia,dribbling,62.948566,,
Rafiki Said Ahamada,dribbling,71.31888,,
Rahmat Akbari,dribbling,65.289474,,
Rahmetullah Berişbek,dribbling,62.19297,,
Rahul Kannoly Praveen,dribbling,59.0032,,
Rakan Shamlan Al-Enezi,dribbling,63.022408,,
Ralph Priso-Mbongue,dribbling,58.876156,,
Ramón Enríquez Rodríguez,dribbling,64.49267,,
Ramón Juan Ramírez,dribbling,58.785255,,
Ramón Sosa Acosta,dribbling,68.383514,,
Ramón Terrats Espacio,dribbling,62.74821,,
Raphael Assibey-Mensah,dribbling,60.4754,,
Raphael Radtke,dribbling,58.804085,,
Rareș Bălan,dribbling,34.420815,,
Rashawn Scott,dribbling,59.381042,,
Rashed Al Muwainea,dribbling,58.800484,,
Rasmus Winther Højlund,dribbling,63.0295,,
Raul Șteau,dribbling,57.92672,,
Rayan Al Qahtani,dribbling,55.461597,,
Rayan Darwish Albloushi,dribbling,54.67989,,
Rayan Ny Aina Arnaldo Raveloson,dribbling,69.10648,,
Rayane El Khamali,dribbling,60.99578,,
Rayane Falchou,dribbling,58.784973,,
Rayhaan Rahim Amari Tulloch,dribbling,64.14536,,
Raymond Owusu,dribbling,65.64955,,
Raúl Arias Arias,dribbling,57.17647,,
Raúl Blanco Juncal,dribbling,58.58992,,
Raúl García de Haro,dribbling,61.666843,,
Raúl Moro Prescoli,dribbling,70.3973,,
Raúl Parra Artal,dribbling,53.589165,,
Raúl Rubio Romero,dribbling,58.472874,,
Raúl Torrente Navarro,dribbling,46.646976,,
Reda Benchaa,dribbling,47.346466,,
Redwan Bourlès,dribbling,63.35174,,
Reece Byrne,dribbling,58.78251,,
Regan Donelon,dribbling,60.46006,,
Regan Jon Griffiths,dribbling,59.00575,,
Reinier Jesus Carvalho,dribbling,73.14854,,
Rekeem Jordan Harper,dribbling,64.30435,,
Remco Balk,dribbling,66.44989,,
Remeao Andrew Hutton,dribbling,60.847244,,
Remi van Ekeris,dribbling,60.52572,,
Renat Oleq Oğlu Dadaşov,dribbling,61.631348,,
Rene Kriwak,dribbling,55.483116,,
Renné Alejandro Rivas Alezones,dribbling,63.05323,,
Renzo Damián Bacchia Rodríguez,dribbling,58.77918,,
Renzo Giampaoli,dribbling,58.334244,,
Rey Manaj,dribbling,67.562775,,
Rhian Joel Brewster,dribbling,70.13556,,
Rhys Llewelyn Norrington-Davies,dribbling,61.39202,,
Ricard Artero Ruiz,dribbling,64.130066,,
Ricard Sánchez Sendra,dribbling,65.19283,,
Ricardo Azevedo Alves,dribbling,70.51626,,
Ricardo Bettocchi Matallana,dribbling,58.79593,,
Ricardo Daniel Pepi,dribbling,65.92664,,
Ricardo Florin Grigore,dribbling,41.439873,,
Ricardo Hernández,dribbling,60.271294,,
Ricardo Jorge Oliveira António,dribbling,69.05802,,
Ricardo Manuel Pinho Matos,dribbling,67.77374,,
Ricardo Manuel Vieira da Silva,dribbling,58.773655,,
Ricardo Phillips,dribbling,67.24626,,
Riccardo Capellini,dribbling,47.159576,,
Richard Fernández,dribbling,58.515045,,
Richard Nartey,dribbling,56.87125,,
Richard Odada,dribbling,50.698307,,
Richet Gómez Miranda,dribbling,60.57037,,
Ricky Aguiar,dribbling,63.48296,,
Rida Zouhir,dribbling,60.973938,,
Rigoberto Manuel Rivas Vindel,dribbling,68.76988,,
Rildo G. de Amorim Filho,dribbling,73.589485,,
Riley-Jay Harbottle,dribbling,45.301292,,
Rio Adesola Frederick Adebisi,dribbling,59.361206,,
Rishabh Dobriyal,dribbling,50.629158,,
Rob Nizet,dribbling,52.027153,,
Robbie D'Haese,dribbling,69.80724,,
Robbie Mahon,dribbling,51.802635,,
Robbie Robinson Belmar,dribbling,63.959957,,
Robbie Van Hauter,dribbling,59.888012,,
Robert Andrei Ion,dribbling,66.238235,,
Robert Atkinson,dribbling,55.541775,,
Robert Lee Burton,dribbling,65.93247,,
Robert Ljubičić,dribbling,67.90543,,
Robert Marian Moldoveanu,dribbling,66.4682,,
Robert Mejía,dribbling,67.73827,,
Robert Navarro Muñoz,dribbling,71.5156,,
Robert Slevin,dribbling,51.783497,,
Roberto Arroyo Gregorio,dribbling,63.482624,,
Roberto Bardales,dribbling,57.306026,,
Roberto Carlos Ramírez,dribbling,56.68954,,
Roberto Fabián Ramírez,dribbling,58.833687,,
Roberto Fernández Jaén,dribbling,68.02474,,
Roberto González Bayón,dribbling,70.1594,,
Roberto Joaquín García,dribbling,63.31556,,
Roberto López Alcaide,dribbling,70.48537,,
Robin Amin Tihi,dribbling,56.00092,,
Robin Dahl Østrøm,dribbling,54.975456,,
Robin Luca Kehr,dribbling,61.682945,,
Robin Maximilian Meißner,dribbling,61.9508,,
Robin Risser,dribbling,58.788414,,
Robin Tim Becker,dribbling,58.861908,,
Robin Ungerath,dribbling,56.40782,,
Robson Alves Reis,dribbling,41.3213,,
Rocco Robert Shein,dribbling,65.225395,,
Rocco Ríos Novo,dribbling,58.783363,,
Rockson Alexander Renteria Ovando,dribbling,57.550407,,
Rocky Bushiri Kisonga,dribbling,46.84353,,
Rodney Iván Redes Cáceres,dribbling,66.482254,,
Rodrigo Alonso Martín,dribbling,60.61843,,
Rodrigo Andrés Piñeiro Silva,dribbling,69.822945,,
Rodrigo Cisterna,dribbling,61.388123,,
Rodrigo Duarte Ribeiro,dribbling,64.8145,,
Rodrigo Díaz Desidel,dribbling,57.011463,,
Rodrigo Elías Delvalle Noguera,dribbling,38.174934,,
Rodrigo Esteban Cancino Herrera,dribbling,58.79376,,
Rodrigo Ezequiel Cabral,dribbling,71.05215,,
Rodrigo F. Conceição,dribbling,64.72968,,
Rodrigo Gareca,dribbling,62.54207,,
Rodrigo Marcos Rodrigues Andrade,dribbling,66.10967,,
Rodrigo Mario Morínigo Acosta,dribbling,58.797886,,
Rodrigo Martins Gomes,dribbling,67.972946,,
Rodrigo Miguel Forte Paes Martins,dribbling,67.55967,,
Rodrigo Montes,dribbling,65.168785,,
Rodrigo Muniz Carvalho,dribbling,68.22981,,
Rodrigo Ribeiro Valente,dribbling,67.375084,,
Rodrigo Riquelme Reche,dribbling,71.26284,,
Rodrigo Román Villagra,dribbling,64.94066,,
Rodrigo Saucedo,dribbling,57.593056,,
Roger Martínez Santamaría,dribbling,67.19911,,
Rohan Luthra,dribbling,58.781075,,
Rok Vodišek,dribbling,58.77799,,
Roko Jureskin,dribbling,67.089935,,
Rolando Lautaro Chávez,dribbling,66.1003,,
Roman Fernández,dribbling,62.336967,,
Rommell Ibarra,dribbling,61.366104,,
Romário Manuel Silva Baró,dribbling,71.711624,,
Ronaldo Damus,dribbling,58.068916,,
Ronan Maher,dribbling,58.357643,,
Ronan Thomas Darcy,dribbling,63.60807,,
Ronny Rikal,dribbling,60.13468,,
Roque Ramírez,dribbling,56.69893,,
Rory Holden,dribbling,67.303955,,
Rosaire Longelo-Mbule,dribbling,59.51988,,
Roshaun Omar Stuart Williams,dribbling,51.744736,,
Ross Fay,dribbling,56.28825,,
Ross Graham,dribbling,49.005215,,
Ross James Sykes,dribbling,54.486855,,
Roy Kuijpers,dribbling,67.58062,,
Ruan Tressoldi Netto,dribbling,49.947388,,
Ruben Kluivert,dribbling,48.861404,,
Rubin James Colwill,dribbling,66.90229,,
Rubén Gómez Peris,dribbling,58.784893,,
Rubén Iranzo Lendínez,dribbling,48.26887,,
Rubén Pulido Peñas,dribbling,55.655117,,
Rubén Sánchez Sáez,dribbling,67.46205,,
Rubén de Tomás Gómez,dribbling,64.122765,,
Ruel Dimitrios Sotiriou,dribbling,64.50857,,
Rufino Lucero,dribbling,61.118153,,
Rui Jorge Monteiro Mendes,dribbling,67.00335,,
Runar Hauge,dribbling,59.050312,,
Rushian Marcus Amari Hepburn-Murphy,dribbling,62.46807,,
Ruwen Werthmüller,dribbling,61.970493,,
Ruyery Alfonso Blanco Yus,dribbling,64.05693,,
Ryan Alebiosu,dribbling,58.890755,,
Ryan Astley,dribbling,49.252388,,
Ryan Austin,dribbling,42.114204,,
Ryan Bakayoko,dribbling,54.925854,,
Ryan Burke,dribbling,54.762165,,
Ryan Carr,dribbling,50.73345,,
Ryan Clampin,dribbling,59.925564,,
Ryan David Edmondson,dribbling,55.409187,,
Ryan Finnigan,dribbling,57.931618,,
Ryan Henry East,dribbling,61.788532,,
Ryan James Broom,dribbling,65.080185,,
Ryan James Law,dribbling,58.957626,,
Ryan Johansson,dribbling,57.73861,,
Ryan Matthew Haynes,dribbling,62.581818,,
Ryan Sandford,dribbling,58.779713,,
Ryan Spaulding,dribbling,57.303776,,
Ryan Steven Rydel,dribbling,58.385246,,
Ryan Thomas Cooney,dribbling,61.075996,,
Ryley Ben Towler,dribbling,58.10303,,
Ryun Seong Kim,dribbling,49.090553,,
Róbert Orri Thorkelsson,dribbling,51.2267,,
Răzvan Covaci,dribbling,53.481194,,
Saad Al Muwallad,dribbling,51.252342,,
Saad Fahad Al Nasser,dribbling,55.26459,,
Saad Yaslam Balobaid,dribbling,58.148994,,
Sabelo Radebe,dribbling,60.21723,,
Saberto Josué Botelho Rios,dribbling,57.920914,,
Sabit Abdulai,dribbling,58.318775,,
Sadat Anaku,dribbling,50.022343,,
Saeed Juma Hasan Juma Alsaadi,dribbling,57.27305,,
Saidu Salisu,dribbling,49.886093,,
Saku Tuomas Severi Ylätupa,dribbling,69.35528,,
Salah-Eddine Oulad M'Hand,dribbling,63.4402,,
Salem Abdullah Salmeen Mubarak Al-Jaberi,dribbling,56.81199,,
Salifo Caropitche Mendes,dribbling,52.758026,,
Salifou Soumah,dribbling,53.149776,,
Salih Kavrazlı,dribbling,60.286972,,
Salim Ben Seghir,dribbling,68.22816,,
Salomon Junior Sambia,dribbling,70.46945,,
Salvatore Elia,dribbling,68.82029,,
Salvatore Marrone,dribbling,60.607483,,
Sam Alan Stubbs,dribbling,53.478596,,
Sam Bowen,dribbling,59.502335,,
Sam Francis Schreck,dribbling,68.88516,,
Sam Harrry Sutton,dribbling,66.15899,,
Sam O'Brien,dribbling,33.28581,,
Sam Tinubu,dribbling,53.50885,,
Sambou Sissoko,dribbling,60.201393,,
Samir Sophian Chergui,dribbling,62.586197,,
Samir Valverde,dribbling,56.67782,,
Sammy Braybrooke,dribbling,64.553894,,
Sammy Robinson,dribbling,54.75747,,
Samuel Bone,dribbling,53.504772,,
Samuel Careaga,dribbling,64.08279,,
Samuel George Alan Edmundson,dribbling,45.620594,,
Samuel George Dalby,dribbling,54.194527,,
Samuel Graham,dribbling,43.75899,,
Samuel John Bell,dribbling,59.69606,,
Samuel Jumpe Soares,dribbling,58.80731,,
Samuel Leo Beat Ballet,dribbling,60.952904,,
Samuel Marqus Lloyd Vines,dribbling,62.37345,,
Samuel Mischitz,dribbling,60.245724,,
Samuel Nongoh,dribbling,66.78635,,
Samuel Peter Barnes,dribbling,52.58558,,
Samuel Renel,dribbling,66.492065,,
Samuel Tshiayima Nombe,dribbling,60.06463,,
Samuel Wikman,dribbling,57.64546,,
Samuel Yepie Yepie,dribbling,65.95402,,
Samuele Righetti,dribbling,54.094727,,
Samuele Spalluto,dribbling,57.43973,,
Samy Benchamma,dribbling,64.01136,,
Samy El Khiar,dribbling,57.68458,,
Samy Faraj,dribbling,59.772297,,
Sanasi Sy,dribbling,65.65522,,
Sander Johan Christiansen,dribbling,62.98101,,
Sandi Lovrić,dribbling,66.53476,,
Sandip Mandi,dribbling,42.201576,,
Sandro Plínio Rosa da Cruz,dribbling,62.901493,,
Sandro Trémoulet,dribbling,46.48695,,
Sang Bin Jeong,dribbling,67.18328,,
Sang Hoon Paik,dribbling,57.82423,,
Sang Hyeok Lee,dribbling,66.366455,,
Sanoussy Ba,dribbling,64.07334,,
Santiago Ayala,dribbling,59.02851,,
Santiago Daniel Pierotti,dribbling,71.20585,,
Santiago Gabriel Zamora Araujo,dribbling,61.954967,,
Santiago Ignacio Bueno Sciutto,dribbling,49.77476,,
Santiago Laquidain,dribbling,45.287537,,
Santiago Moya,dribbling,38.210197,,
Santiago Naveda Lara,dribbling,69.63239,,
Santiago Paiva,dribbling,64.04379,,
Santiago Valentín Ramírez Polero,dribbling,64.05658,,
Santiago Vera,dribbling,64.98603,,
Saqer Al Enazi,dribbling,53.96178,,
Saud Saad Zidan,dribbling,62.639435,,
Saul Shotton,dribbling,35.00771,,
Saïd Hamulic,dribbling,61.700768,,
Saúl Alejandro Guarirapa Briceño,dribbling,64.26365,,
Saúl Basilio Coco Bassey Oubiña,dribbling,49.689133,,
Saúl del Cerro García,dribbling,58.560345,,
Scott Brian Banks,dribbling,61.75528,,
Scott Burgess,dribbling,64.124405,,
Scott Connor Kashket,dribbling,67.7538,,
Scott John High,dribbling,64.50669,,
Scott Lynch,dribbling,50.768646,,
Scott McMann,dribbling,63.595856,,
Scott Simons,dribbling,58.77771,,
Scott van der Sluis,dribbling,58.7887,,
Seamas Keogh,dribbling,57.484314,,
Sean Brennan,dribbling,58.02193,,
Sean Dominic Robertson,dribbling,56.41417,,
Sean Jones-Carey,dribbling,49.268105,,
Sebastian Bergier,dribbling,57.354206,,
Sebastian Gonzáles,dribbling,58.979523,,
Sebastian Guerra Soto,dribbling,62.44731,,
Sebastian Jarl,dribbling,57.08501,,
Sebastian Lagerlund,dribbling,38.492195,,
Sebastian Lund Hausner,dribbling,57.93626,,
Sebastian Mellack,dribbling,58.77888,,
Sebastian Müller,dribbling,67.346146,,
Sebastian Otoa,dribbling,41.96552,,
Sebastian Stahlfest,dribbling,56.668663,,
Sebastian Sun Anderson,dribbling,53.62382,,
Sebastian Søraas Sebulonsen,dribbling,63.587635,,
Sebastian Thangmuansang,dribbling,51.83667,,
Sebastian Tounekti,dribbling,63.833828,,
Sebastian Wiktor Walukiewicz,dribbling,58.41892,,
Sebastien Pineau,dribbling,60.601086,,
Sebastián Ariel Lomónaco,dribbling,71.08712,,
Sebastián Dávila,dribbling,53.506683,,
Sebastián Figueredo,dribbling,53.833115,,
Sebastián Guerrero Martínez,dribbling,65.849625,,
Sebastián Jaurena,dribbling,66.17068,,
Sebastián Matías Claure Sanz,dribbling,56.94183,,
Sebastián Medina,dribbling,65.46997,,
Sebastián Parra,dribbling,58.946457,,
Sebastián Saucedo Mondragón,dribbling,69.02165,,
Sebastián Tomás Meza,dribbling,58.785767,,
Sebbe Augustijns,dribbling,58.37505,,
Sef Van Damme,dribbling,58.780827,,
Sekou Sylla,dribbling,60.1234,,
Selimcan Temel,dribbling,56.249123,,
Seong Jin Kang,dribbling,64.25698,,
Serge Atakayi,dribbling,60.382683,,
Sergej Grubač,dribbling,54.241764,,
Sergi Canós Tenés,dribbling,71.47287,,
Sergi García Pérez,dribbling,62.109856,,
Sergio Akieme Rodríguez,dribbling,67.30303,,
Sergio Arribas Calvo,dribbling,68.47026,,
Sergio Barboza,dribbling,60.528038,,
Sergio Barcia Larenxeira,dribbling,54.834427,,
Sergio Carreira Vilariño,dribbling,56.985744,,
Sergio Daniel Fretes Galeano,dribbling,64.48725,,
Sergio Fabián Ortíz,dribbling,57.96761,,
Sergio Gil Latorre,dribbling,68.01987,,
Sergio Guerrero Romero,dribbling,61.488102,,
Sergio Kalaj,dribbling,39.5841,,
Sergio Lozano Lluch,dribbling,67.158134,,
Sergio López Galache,dribbling,67.22304,,
Sergio Moreno Martínez,dribbling,65.645454,,
Sergio Santos Fernández,dribbling,55.67432,,
Setigui Karamoko,dribbling,41.51912,,
Severino Pedro Santos Hermes,dribbling,69.16322,,
Seydou Saeed Issah,dribbling,36.52141,,
Seymour Fünger,dribbling,50.053047,,
Seán Patrick Roughan,dribbling,41.352966,,
Shadrach Nosa Ogie,dribbling,51.67085,,
Shaquil Delos,dribbling,68.442696,,
Sharon Padattil,dribbling,58.78893,,
Shaun Daniel McWilliams,dribbling,60.490498,,
Shawn Blum,dribbling,60.466465,,
Shayne Francis Lavery,dribbling,67.08587,,
Shayr Mohamed González,dribbling,64.067726,,
Sheikh Sahil,dribbling,51.570087,,
Shola Maxwell Shoretire,dribbling,67.21088,,
Shubham Sarangi,dribbling,52.40884,,
Si Hoo Hong,dribbling,64.70721,,
Siad Haji,dribbling,66.15655,,
Sibiry Keita,dribbling,67.532814,,
Sidi Cissé,dribbling,63.72165,,
Sidiki Camara,dribbling,57.177586,,
Siebe Wylin,dribbling,64.679855,,
Sieben Dewaele,dribbling,64.89021,,
Sigurd Kvile,dribbling,47.91828,,
Sil Swinkels,dribbling,37.857643,,
Silvan Eli Sidler,dribbling,59.034443,,
Simen Vidtun Nilsen,dribbling,58.78484,,
Simon Alonso Ramírez Cuevas,dribbling,63.82321,,
Simon Beccari,dribbling,58.777435,,
Simon Brady Ngapandouetnbu,dribbling,58.78138,,
Simon Fabio Stehle,dribbling,58.429016,,
Simon Graves Jensen,dribbling,58.054634,,
Simon Solomon Junior Sohm,dribbling,61.701767,,
Simon van Duivenbooden,dribbling,57.62173,,
Simone Ghidotti,dribbling,58.777897,,
Simone Giordano,dribbling,63.33162,,
Simone Rabbi,dribbling,60.47918,,
Simone Santoro,dribbling,67.21108,,
Simone Trimboli,dribbling,59.947952,,
Simón Alonso González Montalban,dribbling,41.252914,,
Siro Ignacio Cabral Rosane,dribbling,58.590702,,
Sivert Stenseth Gussiås,dribbling,58.44037,,
Slavi Spasov,dribbling,55.46821,,
Sofiane Djeffal,dribbling,63.96682,,
Sofus Berger,dribbling,66.11586,,
Solomon Brynn,dribbling,58.7964,,
Sondre Auklend,dribbling,63.947517,,
Sondre Buskerud Tronstad,dribbling,67.7673,,
Sondre Løvseth Rossbach,dribbling,58.85237,,
Sonny Hilton,dribbling,65.498116,,
Sonny Patrick Laiton,dribbling,58.781063,,
Sorin Dănuț Șerban,dribbling,59.407475,,
Souleymane Cissé,dribbling,37.358166,,
Souleymane Isaak Touré,dribbling,53.711933,,
Stan Braem,dribbling,69.21739,,
Stan Van Dessel,dribbling,65.68112,,
Stanislav Ivanov,dribbling,67.64802,,
Stanley Flaherty,dribbling,58.573196,,
Stefan Bajić,dribbling,58.77892,,
Stefan Mauk,dribbling,66.442825,,
Stefano Alessandro Guidotti,dribbling,58.907135,,
Stefano Marino,dribbling,55.527122,,
Stephan Kofi Ambrosius,dribbling,52.839497,,
Stephan Vinicius Seiler,dribbling,62.10514,,
Stephen Christopher Wearne,dribbling,58.043167,,
Stephen Ewange,dribbling,54.073322,,
Stephen Walker,dribbling,62.155506,,
Stephen Welsh,dribbling,61.474274,,
Stephen Winston Duke-McKenna,dribbling,62.842175,,
Stevan Stanic-Floody,dribbling,53.01436,,
Steven Jesús Pabón Delgao,dribbling,56.79265,,
Stipe Vulikić,dribbling,43.004925,,
Stuart McKinstry,dribbling,61.82505,,
Stève Regis Mvoué,dribbling,63.87586,,
Stéphane Imad Diarra,dribbling,70.682526,,
Subha Ghosh,dribbling,54.533825,,
Suk Ju Yoon,dribbling,50.674057,,
Suleiman Camara Sanneh,dribbling,63.44662,,
Sultan Al Harbi,dribbling,48.99666,,
Svante Ulf Ingel Ingelsson,dribbling,67.006874,,
Sylla Morlaye,dribbling,69.05697,,
Syver Aas,dribbling,60.09793,,
Szymon Sarbinowski,dribbling,56.98776,,
Sávio Moreira de Oliveira,dribbling,72.058304,,
Sérgio Pereira Andrade,dribbling,68.795456,,
Tae Suk Lee,dribbling,64.257286,,
Tae Yang Kim,dribbling,46.53419,,
Tafari Lalibela Moore,dribbling,60.303963,,
Taha Altıkardeş,dribbling,62.42041,,
Taher Al Hajji,dribbling,58.795,,
Talha Ülvan,dribbling,59.69073,,
Tanguy Coulibaly,dribbling,74.236374,,
Tao Sako,dribbling,36.216534,,
Taofeek Ismaheel,dribbling,68.05463,,
Tareiq Holmes-Dennis,dribbling,62.91194,,
Tariq Maddad,dribbling,54.399323,,
Tashan Oakley-Boothe,dribbling,61.582207,,
Tate Campbell,dribbling,53.111404,,
Taylor Anthony Booth,dribbling,67.55896,,
Taylor Ellis Allen,dribbling,58.802338,,
Taylor Ryan Charters,dribbling,56.61292,,
Tayyib Talha Sanuç,dribbling,53.162357,,
Ted Ku-DiPietro,dribbling,58.24536,,
Ted-Jonathan Tattermusch,dribbling,58.469044,,
Teddy Christopher Graham Jenks,dribbling,61.310978,,
Telasco Segovia,dribbling,64.217155,,
Teodor Stenshagen,dribbling,44.003456,,
Terence Charles Taylor,dribbling,58.99735,,
Terry Ablade,dribbling,57.979027,,
Thabiso James Monyane,dribbling,62.023712,,
Thakgalo Khanya Leshabela,dribbling,64.44903,,
Thanawat Suengchitthawon,dribbling,65.39419,,
Thelo Gerard Aasgaard,dribbling,67.63622,,
Thelonius Bair,dribbling,57.358322,,
Themi Antonoglou,dribbling,51.930992,,
Theo Gunnar Martens,dribbling,60.371326,,
Theodor Alexander Corbeanu,dribbling,67.406075,,
Theodosis Machairas,dribbling,69.70838,,
Thiago Eduardo de Andrade,dribbling,70.03579,,
Thiago Ezequiel Ojeda,dribbling,59.9886,,
Thiago Fernandes Rodrigues,dribbling,60.27555,,
Thiago Nicolás Borbas Silva,dribbling,65.04511,,
Thiago Thomas Nuss,dribbling,67.878746,,
Thiago Vecino Berriel,dribbling,61.890106,,
Thibault Tamas,dribbling,60.05922,,
Thierno Mamadou Lamarana Ballo,dribbling,71.250374,,
Thierry Ambrose,dribbling,68.61928,,
Thierry Nevers,dribbling,62.927727,,
Thijmen Joel Sander Nijhuis,dribbling,58.78148,,
Thijs van Leeuwen,dribbling,65.189705,,
Thody Élie Youan,dribbling,67.79702,,
Thom van Bergen,dribbling,55.473953,,
Thoma Monney,dribbling,33.14836,,
Thomas Andrew Knowles,dribbling,61.407516,,
Thomas Battistella,dribbling,60.114605,,
Thomas Callens,dribbling,58.781937,,
Thomas Clayton,dribbling,45.808376,,
Thomas David Bannatyne-Billson,dribbling,58.78962,,
Thomas Edwards,dribbling,62.626198,,
Thomas Ferdinand Rausch,dribbling,57.375225,,
Thomas Glyn Doyle,dribbling,65.77023,,
Thomas Gutierrez,dribbling,49.458492,,
Thomas Holmes,dribbling,55.035744,,
Thomas Ignacio Galdames Millán,dribbling,53.076733,,
Thomas James O'Connor,dribbling,60.07498,,
Thomas Kofler,dribbling,58.412117,,
Thomas Leon Keller,dribbling,54.156197,,
Thomas Liene Ness,dribbling,57.63551,,
Thomas McGill,dribbling,58.785316,,
Thomas Mcintyre,dribbling,60.793934,,
Thomas Palmer Thompson,dribbling,70.78781,,
Thomas Philip Hamer,dribbling,59.90944,,
Thomas Richard Lowery,dribbling,68.99684,,
Thomas Roberts,dribbling,64.79838,,
Thomas Roche,dribbling,58.797855,,
Thomas Sang,dribbling,60.46856,,
Thorbjørn Kristiansen,dribbling,41.943813,,
Théo Luis Fonseca,dribbling,66.807594,,
Théo Ndicka Matam,dribbling,68.209885,,
Tiago Carvalho Santos,dribbling,62.795883,,
Tiago Filipe Alves Araújo,dribbling,68.983986,,
Tiago Filipe Oliveira Dantas,dribbling,71.93833,,
Tiago Galletto López,dribbling,61.389957,,
Tiago Manuel Maio Matos,dribbling,60.527916,,
Tiago Maria Antunes Gouveia,dribbling,70.31973,,
Tiago Miguel Hora Ribeiro,dribbling,61.7027,,
Tiago Nahuel Banega,dribbling,67.71738,,
Tiago Nathan Pombeira Gesser,dribbling,71.965256,,
Tician Tushi,dribbling,65.07363,,
Tidiane Malbec,dribbling,58.78025,,
Tijany Atallah,dribbling,40.325726,,
Till Streller,dribbling,56.32687,,
Tim Latteier,dribbling,65.333496,,
Tim Luis Maciejewski,dribbling,64.34867,,
Tim Prica,dribbling,65.40458,,
Tim Stanislaw Schreiber,dribbling,58.78501,,
Tim Stappmann,dribbling,51.73981,,
Tim Walbrecht,dribbling,55.786587,,
Tim van Assema,dribbling,39.2474,,
Timm Koch,dribbling,49.753357,,
Timmy Abraham,dribbling,54.97573,,
Timo Bornemann,dribbling,59.600716,,
Timo Zaal,dribbling,60.404198,,
Timon Moritz Weiner,dribbling,58.823303,,
Timothy Bruce Fayulu,dribbling,58.780178,,
Timothy Galjé,dribbling,58.778423,,
Timothy Joel Eyoma,dribbling,55.450794,,
Timothy Martin,dribbling,58.78826,,
Timothé Nkada,dribbling,59.36243,,
Timothée Joseph Pembélé,dribbling,69.91969,,
Timur Zhamaletdinov,dribbling,66.10467,,
Tino Andrés Danesi Cammarano,dribbling,59.552364,,
Titas Krapikas,dribbling,58.7805,,
Tivonge Rushesha,dribbling,53.33847,,
Tobi Ogundega,dribbling,36.462963,,
Tobias Borchgrevink Børkeeiet,dribbling,60.397415,,
Tobias Christensen,dribbling,68.91982,,
Tobias Fjeld Gulliksen,dribbling,66.246994,,
Tobias Hafstad,dribbling,56.927895,,
Tobias Heintz,dribbling,67.858925,,
Tobias Klysner Breuner,dribbling,66.572334,,
Tobias Mißner,dribbling,57.198254,,
Tobias Okiki Lawal,dribbling,58.778503,,
Tobias Stockinger,dribbling,55.414227,,
Tobias-Mbunjiro Knost,dribbling,58.06241,,
Toby Peter Sibbick,dribbling,60.525795,,
Tochi Phil Chukwuani,dribbling,64.64043,,
Toluwalase Emmanuel Arokodare,dribbling,62.265804,,
Tom Bierschenk,dribbling,57.337097,,
Tom Crawford,dribbling,62.209133,,
Tom George Sawyer Conlon,dribbling,61.97184,,
Tom Jenkins,dribbling,50.77214,,
Tom Kretzschmar,dribbling,58.781708,,
Tom Sparrow,dribbling,59.039906,,
Tom Stokes,dribbling,54.91661,,
Tom van de Looi,dribbling,67.38593,,
Tomas Giraldo,dribbling,56.733727,,
Tomas Lían Romero Keubler,dribbling,58.7848,,
Tomas Olai Totland,dribbling,66.623146,,
Tomas Ángel Gutiérrez,dribbling,60.25123,,
Tomasz Neugebauer,dribbling,56.57452,,
Tommaso Aglietti,dribbling,58.783524,,
Tommi O'Reilly,dribbling,64.835594,,
Tommy St. Jago,dribbling,59.110126,,
Tomás Agustín Pozzo,dribbling,71.28506,,
Tomás Aresta Branco Machado Ribeiro,dribbling,50.497246,,
Tomás Carvalho Domingos,dribbling,63.417313,,
Tomás Costa Silva,dribbling,67.24182,,
Tomás David Sandoval,dribbling,63.866226,,
Tomás Lemos Araújo,dribbling,51.310246,,
Tomás Leonardo Lecanda,dribbling,53.71941,,
Tomás Mascarenhas Lemos Reymão Nogueira,dribbling,62.54429,,
Tomás Mendes Mendes,dribbling,58.34871,,
Tomás Moschión,dribbling,61.569023,,
Tomás Muro,dribbling,63.655495,,
Tomás Oscar Badaloni,dribbling,61.97039,,
Tomás Romano dos Santos Händel,dribbling,69.67657,,
Tomás Romero Cejudo,dribbling,58.777344,,
Tomás do Lago Pontes Esteves,dribbling,66.33269,,
Toni Fuidias Ribera,dribbling,58.789204,,
Torben Bjarne Rhein,dribbling,67.42614,,
Tote António Gomes,dribbling,59.996124,,
Travis Joel Gary Johnson,dribbling,54.102306,,
Trent Jordan Ostler,dribbling,54.03228,,
Troy Daniel Parrott,dribbling,66.441864,,
Tunahan Taşçı,dribbling,61.081295,,
Turki Al Dhafeeri,dribbling,51.227177,,
Turki Marwan Al-Ammar,dribbling,66.23791,,
Tyla Dickinson,dribbling,58.782265,,
Tyler Jayden Frost,dribbling,59.825798,,
Tyler Jordan Magloire,dribbling,49.349068,,
Tyreece Romayo John-Jules,dribbling,61.924877,,
Tyreece Tyson Nesbett Simpson,dribbling,60.47658,,
Tyreek Magee,dribbling,66.80619,,
Tyreik Samuel Wright,dribbling,60.946964,,
Tyrese Momodu Fornah,dribbling,60.89236,,
Tyrese Sinclair,dribbling,59.910606,,
Tyrone Tormin,dribbling,64.32321,,
Téva Gardies,dribbling,58.784256,,
Udoka Favour Godwin-Malife,dribbling,58.15348,,
Ugo Bertelli,dribbling,62.590828,,
Ulises Rivas Gilio,dribbling,65.60585,,
Ulisses Alexandre Garcia Lopes,dribbling,66.94524,,
Ulrich Meleke,dribbling,61.063618,,
Ulrick Brad Eneme Ella,dribbling,62.891407,,
Ulrik Syversen,dribbling,41.794548,,
Ulrik Tillung Fredriksen,dribbling,51.321693,,
Unai Dufur Espelosín,dribbling,40.476944,,
Unai Marrero Larrañaga,dribbling,58.777866,,
Unai Ruiz Almandzo,dribbling,58.79328,,
Uriel Jové Balero,dribbling,53.83309,,
Urko González de Zárate Quirós,dribbling,52.962048,,
Uros Milovanović,dribbling,58.15912,,
Valdemar Byskov,dribbling,57.50671,,
Valdemar Lund Jensen,dribbling,50.87426,,
Valentin Guillaume,dribbling,59.43738,,
Valentin Ionuț Costache,dribbling,64.57462,,
Valentine James Ozornwafor,dribbling,44.34532,,
Valentino Vermeulen,dribbling,62.595783,,
Valentín Adamo,dribbling,53.24177,,
Valentín Alberto Burgoa,dribbling,71.72573,,
Valentín Demateis,dribbling,55.47953,,
Valery Fernández Estrada,dribbling,69.09016,,
Valgeir Lunddal Friðriksson,dribbling,55.127293,,
Valmir Veliu,dribbling,61.62274,,
Valton Behrami,dribbling,52.697342,,
Vasilios Sourlis,dribbling,66.78773,,
Vasilios Zagaritis,dribbling,59.00769,,
Vassilis Chatziemmanouil,dribbling,58.77772,,
Vaughn Patrick Covil,dribbling,58.966095,,
Vebjørn Hagen,dribbling,53.198982,,
Vefa Temel,dribbling,65.43222,,
Vicente Andrés Felipe Federico Besuijen,dribbling,69.07193,,
Vicente Conelli,dribbling,59.420826,,
Vicente Esquerdo Santas,dribbling,66.721596,,
Vicente Tomás Pizarro Durcudoy,dribbling,62.25302,,
Victor Akinwale,dribbling,59.0429,,
Victor Alexander da Silva,dribbling,71.78623,,
Victor Backman,dribbling,64.500534,,
Victor Bernth Kristiansen,dribbling,67.548965,,
Victor Blixt,dribbling,55.647797,,
Victor Christoffer Jensen,dribbling,69.92478,,
Victor Gabriel Moura de Oliveira,dribbling,67.49269,,
Victor Göransson,dribbling,51.962254,,
Victor Méndez Exposito,dribbling,58.777878,,
Victor Okoh Boniface,dribbling,65.18112,,
Victor Torp Overgaard,dribbling,68.62797,,
Viktor Andersson,dribbling,58.77906,,
Viktor Tobias Johansson,dribbling,58.778744,,
Viljar Røsholt Myhra,dribbling,58.868412,,
Vincent Angelini,dribbling,58.786896,,
Vincent Carsten Maria Müller,dribbling,58.785656,,
Vincent Gembalies,dribbling,46.661377,,
Vincent Schwab,dribbling,36.093388,,
Vincent Thill,dribbling,68.959694,,
Vincent Trummer,dribbling,57.960144,,
Vincenzo Ciriello,dribbling,37.85308,,
Vincenzo Garofalo,dribbling,62.56472,,
Vinicius Silveira de Mello,dribbling,63.97636,,
Vinícius Tobías da Silva,dribbling,67.07364,,
Vitalie Damaşcan,dribbling,64.32148,,
Vittorio Agostinelli,dribbling,60.03656,,
Vlad Nicolae Mitrea,dribbling,52.036728,,
Vladan Dekić,dribbling,58.77745,,
Vladimir Ionuț Screciu,dribbling,55.46949,,
Vladyslav Ostrovskyi,dribbling,58.1255,,
Volkan Rona,dribbling,57.945217,,
Víctor Alejandro Dávila Zavala,dribbling,72.95809,,
Víctor Andrés Meseguer Cavas,dribbling,67.28742,,
Víctor Gómez Perea,dribbling,68.53639,,
Víctor Mollejo Carpintero,dribbling,68.69111,,
Víctor Wehbi Aznar Ussen,dribbling,58.77991,,
Víctor Álvarez Rozada,dribbling,66.36901,,
Wahidullah Faghir,dribbling,64.0709,,
Walid Jarmouni,dribbling,58.588013,,
Walid Nassi,dribbling,63.451508,,
Walid Ould-Chikh,dribbling,62.95054,,
Wally Njie,dribbling,56.20091,,
Walter Angello Tandazo Silva,dribbling,67.52186,,
Walter Antelo,dribbling,39.781517,,
Walter Gabriel Pérez,dribbling,67.20493,,
Walter Martínez Tauda,dribbling,63.85258,,
Walter Mora,dribbling,59.855255,,
Wanya Marçal Madivádua,dribbling,63.88168,,
Warren Håkon Christofer Kamanzi,dribbling,60.95723,,
Warren Patrick O'Hora,dribbling,52.64054,,
Washington Bryan Corozo Becerra,dribbling,71.74338,,
Wassim Keddari Boulif,dribbling,53.699318,,
Weimar Asprilla,dribbling,58.805748,,
Wellington Moisés Ramírez Preciado,dribbling,58.78213,,
Welliton Edson Helmes Junqueira,dribbling,70.40789,,
Wenderson Oliviera,dribbling,69.46745,,
Wikelman José Carmona Torres,dribbling,67.22408,,
Wiktor Marek Pleśnierowicz,dribbling,41.1001,,
Wilbert Miguel Hernández Torrealba,dribbling,58.778076,,
Wilfredo Rivera Cepeda,dribbling,56.245583,,
Wilfrid Jaures Kaptoum,dribbling,71.20321,,
Will Jonathan Swan,dribbling,56.095222,,
William Adipepe Pandi Bapaga,dribbling,69.58238,,
William Agada,dribbling,54.34363,,
William Akio,dribbling,59.814285,,
William Anthony Patrick Smallbone,dribbling,70.96854,,
William Blackmore,dribbling,58.7825,,
William Bøving Vick,dribbling,69.16265,,
William Fitzgerald,dribbling,59.006683,,
William Forrester,dribbling,50.569275,,
William Jenkins Davies,dribbling,52.059498,,
William Joel Pacho Tenorio,dribbling,56.258026,,
William John Robert Nightingale,dribbling,43.139244,,
William Jääskeläinen,dribbling,58.801434,,
William Ludovic Brandon Bianda,dribbling,49.839375,,
William Luke Patching,dribbling,67.03078,,
William Mbongo Desire Hondermarck,dribbling,56.698315,,
William Smith,dribbling,45.729874,,
William Velasco,dribbling,65.58923,,
Williams Alarcón,dribbling,64.31055,,
Williams Kokolo,dribbling,58.673965,,
Williams Tortolero,dribbling,58.781517,,
Williot Theo Swedberg,dribbling,66.69638,,
Wilson José Barrios Rondón,dribbling,59.187355,,
Wilson Ramírez,dribbling,58.785522,,
Wilson Vernaza,dribbling,57.1736,,
Wladimir Wagner,dribbling,56.974174,,
Wojciech Kamiński,dribbling,54.402397,,
Won Ho Shin,dribbling,58.282005,,
Won Woo Lee,dribbling,39.977604,,
Xander Parke,dribbling,58.7837,,
Xavi Moreno,dribbling,57.814476,,
Xavier Casmier Amaechi,dribbling,66.26684,,
Xian Ghislaine Emmers,dribbling,65.04398,,
Yackson Stiven Rivas,dribbling,66.7281,,
Yacoub Al Hassan,dribbling,56.164745,,
Yago Cariello Ribeiro,dribbling,57.222416,,
Yahya Nader Moustafa Elsharif,dribbling,60.14332,,
Yahya Soumaré,dribbling,67.12981,,
Yair González,dribbling,64.4439,,
Yanis Maronne,dribbling,58.779274,,
Yanis Massolin,dribbling,56.83746,,
Yann Aurel Ludger Bisseck,dribbling,57.499344,,
Yannic Voigt,dribbling,64.766975,,
Yannick Kevin Marchand,dribbling,59.263653,,
Yannik Möker,dribbling,60.19615,,
Yannis Lagha,dribbling,62.63975,,
Yaroslav Meykher,dribbling,58.799076,,
Yasin Abbas Ayari,dribbling,65.36162,,
Yavuz Buğra Boyar,dribbling,58.785,,
Yaya Dukuly,dribbling,61.823006,,
Yeferson Paz,dribbling,58.92962,,
Yehor Yarmoliuk,dribbling,63.55786,,
Yerco Abraham Oyanedel Hernández,dribbling,60.88494,,
Yerson Mosquera Valdelamar,dribbling,45.416183,,
Yerson Ronaldo Chacón Ramírez,dribbling,66.85506,,
Yesit Martínez,dribbling,63.361176,,
Ylan Gomes,dribbling,63.714916,,
Yong Hui Park,dribbling,54.897762,,
Younes Bakiz,dribbling,67.51728,,
Young Joon Lee,dribbling,53.715813,,
Young Jun Goh,dribbling,65.47394,,
Young Woo Seol,dribbling,64.209526,,
Yousef Fawaz,dribbling,57.828606,,
Youssouf Amouda Assogba,dribbling,50.48623,,
Youssouph Mamadou Badji,dribbling,64.59045,,
Youssuf Sylla,dribbling,64.31242,,
Yuliwes Bellache,dribbling,67.09495,,
Yusuf Abdulazeez,dribbling,58.03465,,
Yusuf Bamidele,dribbling,67.02985,,
Zac Guinan,dribbling,47.889446,,
Zach Ryan,dribbling,52.050205,,
Zachary Duncan,dribbling,64.28882,,
Zachary Hemming,dribbling,58.78118,,
Zachary Jeacock,dribbling,58.792465,,
Zachary Swanson,dribbling,57.40361,,
Zaid Abner Romero,dribbling,54.310646,,
Zak Emmerson,dribbling,58.393982,,
Zakaria Silini,dribbling,55.4429,,
Zander Mateo Cassierra Cabezas,dribbling,65.744576,,
Zechariah Joshua Henry Medley,dribbling,53.32678,,
Zeno Van Den Bosch,dribbling,46.174515,,
Zeze Steven Sessegnon,dribbling,64.36267,,
Zico Bailey,dribbling,55.573093,,
Zinedine Labyad,dribbling,55.292706,,
Zito André Sebastião Luvumbo,dribbling,68.79314,,
Ziyad Maher Al Jari,dribbling,34.991085,,
Zohran Ludovic Bassong,dribbling,63.19678,,
Zuriko Davitashvili,dribbling,68.72994,,
Àlex Baño Canellas,dribbling,58.78753,,
Ákos Nistor,dribbling,59.074287,,
Álex Bermejo Escribano,dribbling,70.373146,,
Álex Collado Gutiérrez,dribbling,70.7134,,
Álex Pastor Carayol,dribbling,55.34139,,
Álvaro Aceves Catalina,dribbling,58.80796,,
Álvaro Agustín Lagos,dribbling,58.659904,,
Álvaro Bastida Moya,dribbling,56.0638,,
Álvaro Djaló Dias Fernandes,dribbling,69.96366,,
Álvaro Fernández Carreras,dribbling,63.61646,,
Álvaro García Segovia,dribbling,60.49757,,
Álvaro Mantilla Pérez,dribbling,50.616276,,
Álvaro Martín Barreal,dribbling,69.55365,,
Álvaro Roncal Rivera,dribbling,61.576653,,
Álvaro Santamaría Arenas,dribbling,58.0782,,
Álvaro Sanz Catalán,dribbling,65.11078,,
Ángel Algobia Esteves,dribbling,58.983948,,
Ángel Baena Pérez,dribbling,64.02251,,
Ángel De La Cruz,dribbling,58.783215,,
Ángel Fortuño Viñas,dribbling,58.782402,,
Ángel Jiménez Gallego,dribbling,58.780922,,
Çağtay Kurukalıp,dribbling,62.62786,,
Édouard Michut,dribbling,70.00607,,
Ían Jairo Misael Torres Ramírez,dribbling,71.729034,,
Óli Ómarsson,dribbling,57.69711,,
Óscar Arribas Pasero,dribbling,65.192856,,
Óscar Clemente Mues,dribbling,61.873936,,
Óscar Coronel,dribbling,53.436264,,
Óscar Pinto,dribbling,62.898113,,
Óscar Segura,dribbling,58.991737,,
Óscar Ureña García,dribbling,69.53449,,
Ömer Faruk Beyaz,dribbling,69.28458,,
Ömürcan Artan,dribbling,59.44101,,
Özkan Yiğiter,dribbling,58.926308,,
Łukasz Zjawiński,dribbling,58.60806,,
Şahverdi Çetin,dribbling,65.57752,,
Șerban Tomache,dribbling,58.778645,,
Ștefan Marinel Vlădoiu,dribbling,58.454136,,
アペルカンプ 真大 カール,dribbling,73.12472,,
ルシアン リトバルスキー,dribbling,65.12521,,
万隶楷,dribbling,46.143993,,
上田 綺世,dribbling,64.41666,,
中井 卓大,dribbling,65.50924,,
中坂 勇哉,dribbling,62.340374,,
中村 敬斗,dribbling,69.7365,,
任康康,dribbling,50.514297,,
伊斯坎达·布格拉汗,dribbling,58.01774,,
伍承儒,dribbling,49.94789,,
何友族,dribbling,49.307213,,
何宇鹏,dribbling,55.42231,,
何统帅,dribbling,49.570248,,
何鑫杰,dribbling,47.53589,,
侯煜,dribbling,45.300365,,
俸泽源,dribbling,45.84997,,
内野 貴史,dribbling,59.364986,,
冉伟枫,dribbling,58.782204,,
凌杰,dribbling,59.105675,,
刘俊贤,dribbling,50.886524,,
刘国博,dribbling,51.18186,,
刘家辉,dribbling,32.117775,,
刘柏杨,dribbling,57.620293,,
刘浩帆,dribbling,38.286938,,
刘润楠,dribbling,32.683655,,
刘祝润,dribbling,54.672474,,
刘若钒,dribbling,62.503277,,
刘邵子洋,dribbling,58.78891,,
初瀬 亮,dribbling,58.9327,,
化铭灿,dribbling,48.81371,,
单欢欢,dribbling,51.27439,,
原 大智,dribbling,62.18337,,
史成龙,dribbling,58.81742,,
叶利江·什那尔,dribbling,51.633316,,
吴俊杰,dribbling,36.177494,,
吴少聪,dribbling,55.365776,,
周俊辰,dribbling,58.05361,,
奥抜 侃志,dribbling,65.49391,,
姚旭臣,dribbling,57.126575,,
孙健祥,dribbling,58.781273,,
孙学龙,dribbling,53.657818,,
孙宏伟,dribbling,39.78587,,
孟俊杰,dribbling,48.782623,,
季家葆,dribbling,58.779156,,
安部 裕葵,dribbling,66.773315,,
宋鑫涛,dribbling,51.950443,,
川﨑 修平,dribbling,65.857025,,
庞嘉俊,dribbling,58.800446,,
廖伟,dribbling,51.60842,,
廖垒,dribbling,43.56728,,
廖家骏,dribbling,50.671104,,
张俊业,dribbling,51.73894,,
张华峻,dribbling,52.583794,,
张威,dribbling,55.259026,,
张家辉,dribbling,47.358524,,
张建生,dribbling,47.891163,,
张星亮,dribbling,50.565647,,
张焯傲,dribbling,36.55812,,
张祥硕,dribbling,49.42014,,
张禹,dribbling,33.86443,,
张越,dribbling,47.136562,,
张辉,dribbling,50.919044,,
张锦梁,dribbling,45.96797,,
徐世龙,dribbling,58.789257,,
徐浩峰,dribbling,41.596397,,
徐浩洋,dribbling,56.213326,,
徐磊,dribbling,49.563023,,
徐越,dribbling,55.922844,,
慈恒龙,dribbling,58.786346,,
戴伟浚,dribbling,67.2174,,
文达,dribbling,52.066216,,
斉藤 光毅,dribbling,71.77994,,
曹孝义,dribbling,47.15632,,
木塔力甫·依明卡日,dribbling,58.52472,,
朱辰杰,dribbling,57.53127,,
李一嘉,dribbling,58.782898,,
李亚伦,dribbling,46.92476,,
李佳恒,dribbling,46.309612,,
李冠希,dribbling,58.840523,,
李永佳,dribbling,47.842415,,
李沛楠,dribbling,33.643604,,
李达,dribbling,46.289825,,
杜智轩,dribbling,46.980286,,
杜月徵,dribbling,49.891357,,
杨意林,dribbling,55.991783,,
杨梓豪,dribbling,45.084915,,
杨翼璇,dribbling,50.621296,,
杨辰禹,dribbling,51.76667,,
梁国桥,dribbling,45.729607,,
梁少文,dribbling,48.985085,,
橋岡 大樹,dribbling,63.544403,,
檀崎 竜孔,dribbling,67.53674,,
檜尾 昂樹,dribbling,67.80034,,
段刘愚,dribbling,63.057213,,
毕浩洋,dribbling,31.502222,,
水多 海斗,dribbling,68.10799,,
汪海健,dribbling,53.97299,,
渡井 理己,dribbling,66.85025,,
温家宝,dribbling,59.8795,,
温永骏,dribbling,54.44932,,
瀬古 歩夢,dribbling,55.95901,,
牛梓屹,dribbling,49.69223,,
王世龙,dribbling,44.05992,,
王华鹏,dribbling,38.538265,,
王振澳,dribbling,55.07393,,
王政豪,dribbling,43.0801,,
王文轩,dribbling,35.70147,,
王浩然,dribbling,51.605556,,
王献钧,dribbling,50.657566,,
王金帅,dribbling,58.79001,,
田中 聡,dribbling,64.31979,,
田川 亨介,dribbling,67.98856,,
町田 浩樹,dribbling,48.1019,,
皮梓杨,dribbling,50.84997,,
石炎,dribbling,60.28795,,
肖开提江·塔依尔,dribbling,33.24424,,
胡家笠,dribbling,51.041233,,
胡荷韬,dribbling,47.85637,,
胡靖,dribbling,33.277977,,
艾沙江·库尔班,dribbling,55.455555,,
艾菲尔丁·艾斯卡尔,dribbling,59.73411,,
苏宇亮,dribbling,54.199253,,
范恒博,dribbling,57.952473,,
蒋圣龙,dribbling,53.30526,,
蔡明民,dribbling,56.498913,,
蔡浩畅,dribbling,47.887596,,
赵健博,dribbling,50.831673,,
赵剑非,dribbling,45.736675,,
赵文哲,dribbling,32.456715,,
赵梓业,dribbling,48.57201,,
赵越政,dribbling,52.349846,,
迪力依米提·土地,dribbling,61.840473,,
遠藤 渓太,dribbling,68.83706,,
邓雄涛,dribbling,58.777126,,
郑圣雄,dribbling,54.775024,,
郑雪健,dribbling,56.32099,,
郭瀚儒,dribbling,58.790127,,
郭田雨,dribbling,57.261024,,
阮奇龙,dribbling,34.295124,,
阿布力克木·阿布都沙拉木,dribbling,54.469982,,
阿布拉汗·哈力克,dribbling,57.621403,,
陈克强,dribbling,49.114166,,
陈国抗,dribbling,53.422928,,
陈宇浩,dribbling,46.24876,,
陈序煌,dribbling,49.199154,,
陈彦朴,dribbling,50.852875,,
陈日金,dribbling,50.996895,,
陈泉江,dribbling,52.165394,,
陈祥煜,dribbling,44.959393,,
陈运华,dribbling,50.015804,,
陈雅俊,dribbling,56.333557,,
霍深坪,dribbling,58.78102,,
韦丰,dribbling,47.13622,,
韩东,dribbling,55.98636,,
韩佳奇,dribbling,58.78009,,
韵程,dribbling,33.236763,,
马昆越,dribbling,58.79544,,
马辅渔,dribbling,61.82147,,
高天语,dribbling,55.60173,,
高玉男,dribbling,56.41885,,
高翔,dribbling,58.80635,,
魏洺赫,dribbling,34.895054,,
麦高崚,dribbling,58.777798,,
麦麦提热依木·麦麦提艾力,dribbling,53.026543,,
黄光亮,dribbling,60.616554,,
黄家辉,dribbling,57.061226,,
黄锐烽,dribbling,57.472504,,
고재현 Jae Hyeon Ko,dribbling,61.47117,,
김주성 Joo-Sung Kim,dribbling,46.973507,,
김태환 Tae Hwan Kim,dribbling,59.38688,,
박지민 Ji Min Park,dribbling,58.80038,,
송민규 Min Kyu Song,dribbling,69.75657,,
오현규 Hyeon-Gyu Oh,dribbling,63.23632,,
유주안 Ju An You,dribbling,59.673317,,
이광연 Gwang Yeon Lee,dribbling,58.779972,,
이광혁 李光赫,dribbling,69.15832,,
이수빈 Soo Bin Lee,dribbling,65.111465,,
이준석 Joon Suk Lee,dribbling,58.939705,,
전세진 Jin Woo Jeon,dribbling,66.27411,,
조영욱 Young Wook Cho,dribbling,70.50993,,
천성훈 Seong Hoon Cheon,dribbling,58.389145,,
홍현석 Hyeon Seok Hong,dribbling,67.95704,,
