Nome,Target,Previsto,Effettivo (2024),Differenza
Malik Tillman,defending,21.543121,59.0,37.456878662109375
Jakub Szymański,defending,58.944855,23.0,35.944854736328125
Rhys Byrne,defending,24.334084,58.0,33.665916442871094
Keegan Jelacic,defending,23.381895,57.0,33.61810493469238
Julián Fernández,defending,33.701283,67.0,33.2987174987793
Taylor Luvambo,defending,26.684782,58.0,31.315217971801758
Simon Ebonog,defending,25.032406,56.0,30.967594146728516
Owen Wolff,defending,29.21945,60.0,30.780550003051758
David Robson,defending,45.701138,15.0,30.70113754272461
Quentin Galvez-Diarra,defending,45.677586,15.0,30.67758560180664
Mile Svilar,defending,28.038939,58.0,29.961061477661133
Patrick Schulte,defending,45.708504,16.0,29.70850372314453
David Skubl,defending,45.706055,17.0,28.7060546875
Blondy Nna Noukeu,defending,45.6913,17.0,28.691299438476562
Barry Lauwers,defending,45.68392,17.0,28.683921813964844
Sven Jansen,defending,45.67777,17.0,28.67776870727539
Anthony Schmid,defending,45.558537,17.0,28.558536529541016
Isaac Boehmer,defending,45.475227,17.0,28.47522735595703
Johannes Schenk,defending,45.445393,17.0,28.445392608642578
Tim Rönning,defending,45.31239,17.0,28.312389373779297
Toms Leitis,defending,45.67438,18.0,27.674381256103516
Paul Tschernuth,defending,45.66917,18.0,27.669170379638672
Robin Roefs,defending,45.62298,18.0,27.62297821044922
Justin Hammel,defending,45.498203,18.0,27.49820327758789
Joseph Gbode,defending,45.461514,18.0,27.46151351928711
Curtis Davies,defending,40.01134,67.0,26.988658905029297
Mio Backhaus,defending,45.703564,19.0,26.703563690185547
Sam Karssies,defending,45.70027,19.0,26.700271606445312
Alexandre Pierre,defending,45.69292,19.0,26.692920684814453
Jonathan Lima,defending,45.683662,19.0,26.68366241455078
Nicholas Bilokapic,defending,45.664135,19.0,26.664134979248047
Mustafa Burak Bozan,defending,45.653423,19.0,26.653423309326172
Macklin Freke,defending,45.652657,19.0,26.65265655517578
Matthew Connelly,defending,45.622475,19.0,26.622474670410156
Arsh Shaikh,defending,45.614048,19.0,26.61404800415039
Jakob Golz,defending,45.590977,19.0,26.59097671508789
Jackson Smith,defending,45.574783,19.0,26.574783325195312
Lazar Samardžić,defending,30.72963,57.0,26.270370483398438
Lorcan Healy,defending,25.883669,52.0,26.116331100463867
Lasse Günther,defending,24.004333,50.0,25.99566650390625
Damián Pizarro,defending,44.856472,19.0,25.85647201538086
Youri Schoonderwaldt,defending,45.707897,20.0,25.707897186279297
Lasse Schulz,defending,45.689976,20.0,25.68997573852539
Ethan Cox,defending,45.67931,20.0,25.679309844970703
Murphy Mahoney,defending,45.678696,20.0,25.678695678710938
Gaëtan Poussin,defending,45.660748,20.0,25.660747528076172
Louis Fortin,defending,45.63042,20.0,25.630420684814453
Filip Marschall,defending,45.623623,20.0,25.62362289428711
Vishal Yadav,defending,45.60621,20.0,25.60620880126953
Yannick Pandor,defending,45.592766,20.0,25.59276580810547
Hakon Valdimarsson,defending,45.583427,20.0,25.58342742919922
Théo Chatelain,defending,45.576973,20.0,25.57697296142578
Mateusz Dudek,defending,45.569107,20.0,25.569107055664062
Mikael Egill Ellertsson,defending,29.4534,55.0,25.546600341796875
Kayne Bonnevie,defending,45.525833,20.0,25.525833129882812
Robert Kwasigroch,defending,45.72292,21.0,24.722919464111328
Petar Zovko,defending,45.712784,21.0,24.712783813476562
Mohamed Koné,defending,45.701912,21.0,24.70191192626953
Thomas Gillier,defending,45.70113,21.0,24.701129913330078
Kjell Peersman,defending,45.69165,21.0,24.691650390625
Nathan Harness,defending,45.656586,21.0,24.656585693359375
Roman Celentano,defending,45.623478,21.0,24.623477935791016
Leander Øy,defending,45.610176,21.0,24.61017608642578
Matěj Jurásek,defending,22.391119,47.0,24.6088809967041
Senne Lammens,defending,45.469765,21.0,24.469764709472656
Tobias Bech,defending,33.882576,58.0,24.11742401123047
Jordan Graham,defending,26.927864,51.0,24.07213592529297
Théo De Percin,defending,45.707603,22.0,23.707603454589844
Gavin Beavers,defending,45.693466,22.0,23.693466186523438
Hunter Sulte,defending,45.693104,22.0,23.693103790283203
Jake Turner,defending,45.65254,22.0,23.652538299560547
Sachin Suresh,defending,45.635994,22.0,23.63599395751953
Luis Guillén,defending,45.63528,22.0,23.63528060913086
Abdul Manaf Nurudeen,defending,45.555496,22.0,23.555496215820312
Mats Wieffer,defending,48.515583,72.0,23.484416961669922
Phillip Menzel,defending,45.4506,22.0,23.450599670410156
Tomasz Pieńko,defending,41.372402,18.0,23.37240219116211
Dimitry Bertaud,defending,29.902546,53.0,23.097454071044922
Moritz Nicolas,defending,44.064945,21.0,23.064945220947266
Jake Davis,defending,34.25032,57.0,22.749679565429688
Yann Lienard,defending,45.70439,23.0,22.704391479492188
Daniel Barden,defending,45.699905,23.0,22.699905395507812
Daniel Klein,defending,45.696495,23.0,22.696495056152344
Marcel Lotka,defending,45.694267,23.0,22.69426727294922
Taye Ashby-Hammond,defending,45.68773,23.0,22.687728881835938
Jordan Amissah,defending,45.677837,23.0,22.677837371826172
Erdem Canpolat,defending,45.665844,23.0,22.665843963623047
Manuel Ferrel,defending,45.66102,23.0,22.66101837158203
Magnus Rugland Ree,defending,45.6383,23.0,22.638301849365234
Joaquín Blázquez,defending,45.62478,23.0,22.624778747558594
Jack Lemoignan,defending,45.593277,23.0,22.593276977539062
Jamie Searle,defending,45.581387,23.0,22.58138656616211
Nunzio Lella,defending,39.533195,62.0,22.46680450439453
George Hall,defending,39.71656,62.0,22.28343963623047
Reece James,defending,59.963547,82.0,22.036453247070312
Mark Byrne,defending,41.035664,19.0,22.035663604736328
Manuel Roffo,defending,45.00581,23.0,22.005809783935547
Bandar Al Shahrani,defending,45.71701,24.0,21.717010498046875
Viljami Sinisalo,defending,45.698647,24.0,21.698646545410156
Joe Whitworth,defending,45.690594,24.0,21.690593719482422
José Arbio,defending,45.682175,24.0,21.682174682617188
Armin Abaz,defending,45.67992,24.0,21.679920196533203
Paul Schermer,defending,45.679325,24.0,21.679325103759766
Samuel Brolin,defending,45.667168,24.0,21.66716766357422
Diant Ramaj,defending,45.667015,24.0,21.667015075683594
Tom Roufosse,defending,45.656895,24.0,21.65689468383789
Wille Jakobsson,defending,45.633015,24.0,21.633014678955078
Ben Bottomley,defending,45.63152,24.0,21.631519317626953
Max Hagemoser,defending,45.631477,24.0,21.63147735595703
Steven Hall,defending,45.62539,24.0,21.625389099121094
Sam Tickle,defending,45.62089,24.0,21.620891571044922
Georgios Theocharis,defending,45.611473,24.0,21.611473083496094
Anthony Patterson,defending,45.600986,24.0,21.60098648071289
Emmanuel Ochoa,defending,45.563362,24.0,21.56336212158203
Josh Andrews,defending,40.50921,19.0,21.50920867919922
Rafał Strączek,defending,45.48016,24.0,21.480159759521484
Christian Früchtl,defending,45.127876,24.0,21.12787628173828
Nicolas Kristof,defending,44.043896,23.0,21.043895721435547
Romeo Vucic,defending,39.989582,19.0,20.989582061767578
Connor Malley,defending,32.088043,53.0,20.911956787109375
Dan Nlundulu,defending,41.902298,21.0,20.902297973632812
Ghjuvanni Quilichini,defending,45.722137,25.0,20.722137451171875
Cameron Harper,defending,28.28816,49.0,20.71183967590332
Toni Stahl,defending,45.689835,25.0,20.689834594726562
Abraham Rodriguez,defending,45.679962,25.0,20.679962158203125
Pascal Kuiper,defending,45.679108,25.0,20.679107666015625
Federico Brancolini,defending,45.676373,25.0,20.676372528076172
Yusuf Karagöz,defending,45.658504,25.0,20.658504486083984
Massamba Ndiaye,defending,45.656647,25.0,20.656646728515625
Rafael Hornos,defending,45.644806,25.0,20.644805908203125
Matheo Raab,defending,45.64461,25.0,20.644611358642578
Răzvan Sava,defending,45.644417,25.0,20.64441680908203
Filippo Manfrin,defending,45.631756,25.0,20.631755828857422
Amrit Gope,defending,45.626,25.0,20.625999450683594
John Pulskamp,defending,45.608948,25.0,20.60894775390625
Jonas Kersken,defending,45.601067,25.0,20.60106658935547
Hunor Gedő,defending,45.58995,25.0,20.589950561523438
Ron-Thorben Hoffmann,defending,45.55011,25.0,20.55010986328125
Edoardo Corvi,defending,45.49411,25.0,20.494110107421875
Mathias Delorge,defending,27.948435,48.0,20.051565170288086
Thibo Somers,defending,35.167065,55.0,19.832935333251953
Stefano Surdanović,defending,27.170206,47.0,19.82979393005371
Florian Schock,defending,45.695786,26.0,19.695785522460938
Luca Philipp,defending,45.69199,26.0,19.69198989868164
Lewis Webb,defending,45.69136,26.0,19.691360473632812
Jonas Nickisch,defending,45.690895,26.0,19.690895080566406
Cian Tyler,defending,45.676933,26.0,19.67693328857422
Amankwah Forson,defending,34.326965,54.0,19.67303466796875
Davy Rouyard,defending,45.65852,26.0,19.658519744873047
Alexandru Utiu,defending,45.654716,26.0,19.65471649169922
Philipp Schulze,defending,45.648453,26.0,19.648452758789062
Lara Sharma,defending,45.646214,26.0,19.64621353149414
Arne Schulz,defending,45.62357,26.0,19.62356948852539
Boubacar Fall,defending,45.622395,26.0,19.622394561767578
Olivier Deman,defending,45.402706,65.0,19.597293853759766
Samik Mitra,defending,45.593784,26.0,19.59378433227539
Daniel Adamczyk,defending,45.587784,26.0,19.587783813476562
Tomás Durso,defending,45.574482,26.0,19.574481964111328
Ruslan Neshcheret,defending,45.572933,26.0,19.572933197021484
Alex Badolato,defending,22.449268,42.0,19.550731658935547
Kian Moore,defending,27.522228,47.0,19.477771759033203
Dimitar Mitov,defending,41.60283,61.0,19.397171020507812
Luca Moro,defending,42.32421,23.0,19.32421112060547
Luka Romero,defending,34.108868,53.0,18.891132354736328
Tom Hendriks,defending,45.69232,27.0,18.69232177734375
Thomas Hasal,defending,45.682167,27.0,18.682167053222656
Noah Kruth,defending,45.680164,27.0,18.680164337158203
Jack Wills,defending,45.67622,27.0,18.676219940185547
Facundo Sanguinetti,defending,45.670002,27.0,18.670001983642578
Matías Córdova,defending,45.6557,27.0,18.65570068359375
Niklas Sauter,defending,45.651726,27.0,18.65172576904297
Nahuel Noll,defending,45.64758,27.0,18.647579193115234
Louis Lord,defending,45.645866,27.0,18.64586639404297
CJ dos Santos,defending,45.626865,27.0,18.62686538696289
James Trafford,defending,45.617958,27.0,18.617958068847656
Cieran Slicker,defending,45.60972,27.0,18.609718322753906
Bela Dumrath,defending,45.608078,27.0,18.608078002929688
George Marks,defending,45.582794,27.0,18.582794189453125
Anuj Kumar,defending,45.57866,27.0,18.578659057617188
Fabio Rosales,defending,45.506393,27.0,18.506393432617188
Tymur Puzankov,defending,45.545288,64.0,18.4547119140625
Tjark Ernst,defending,45.44497,27.0,18.444969177246094
Tijjani Noslin,defending,23.641872,42.0,18.35812759399414
Mamadou Camara,defending,43.35166,25.0,18.351661682128906
Tim Skarke,defending,27.021927,45.0,17.978073120117188
Abu Francis,defending,46.141365,64.0,17.85863494873047
Jules Gaudin,defending,42.150063,60.0,17.849937438964844
Justin Ferizaj,defending,31.259079,49.0,17.740921020507812
James Nieuwenhuizen,defending,45.72132,28.0,17.72132110595703
Sem Westerveld,defending,45.702858,28.0,17.702857971191406
Ionuț Gurău,defending,45.700214,28.0,17.700214385986328
Matthew Sutton,defending,45.689835,28.0,17.689834594726562
Andrei Gorcea,defending,45.657578,28.0,17.657577514648438
Magnus Nielsen,defending,45.6497,28.0,17.649700164794922
Kacper Tobiasz,defending,45.647007,28.0,17.64700698852539
Lucien Hawryluk,defending,45.619576,28.0,17.61957550048828
Vic Chambaere,defending,45.568783,28.0,17.568782806396484
Jake Hollman,defending,39.44449,57.0,17.555511474609375
Matteo Bignetti,defending,45.54623,28.0,17.54623031616211
Luke McNicholas,defending,45.544113,28.0,17.544113159179688
James Delianov,defending,43.41537,26.0,17.41537094116211
Kegs Chauke,defending,37.656597,55.0,17.343402862548828
Alfie Jones,defending,51.172615,68.0,16.82738494873047
Alessandro Lopane,defending,31.19308,48.0,16.80691909790039
Antonio Carrera,defending,45.69961,29.0,16.69961166381836
Gurmeet Singh,defending,45.69689,29.0,16.69689178466797
Heath Richardson,defending,45.69607,29.0,16.69607162475586
Rudy Boulais,defending,45.695713,29.0,16.69571304321289
Pietro Boer,defending,45.693676,29.0,16.693675994873047
Sławomir Abramowicz,defending,45.689697,29.0,16.689697265625
Niraj Kumar,defending,45.685482,29.0,16.685482025146484
Niklas Hedl,defending,45.684135,29.0,16.68413543701172
Lars Larsson Jendal,defending,45.6758,29.0,16.675800323486328
Matthieu Rongier,defending,45.67462,29.0,16.67462158203125
Silas Ostrzinski,defending,45.660805,29.0,16.660804748535156
Gabriel Slonina,defending,24.367512,41.0,16.632488250732422
Liam Isherwood,defending,45.622906,29.0,16.622905731201172
Sinan Karweina,defending,22.415003,39.0,16.584997177124023
Maciej Kowal,defending,45.555923,29.0,16.555923461914062
Jan Reichert,defending,45.47421,29.0,16.47420883178711
Joe Hilton,defending,45.443382,29.0,16.443382263183594
Matteo Rover,defending,23.699944,40.0,16.30005645751953
Ole Pohlmann,defending,31.930693,48.0,16.069307327270508
Oscar Taty Maritu,defending,41.9366,26.0,15.936599731445312
Jodi Jones,defending,28.086874,44.0,15.913125991821289
Kevin Yakob,defending,46.11358,62.0,15.886421203613281
Oregan Ravet,defending,42.781876,27.0,15.781875610351562
Edoardo Bove,defending,58.255413,74.0,15.744586944580078
Matthew Cox,defending,45.70165,30.0,15.701648712158203
Freddie Woodman,defending,31.29893,47.0,15.701070785522461
Sebastian Banozic,defending,45.69561,30.0,15.695610046386719
Meshari Sanyor,defending,45.69034,30.0,15.690338134765625
Obed Nkambadio,defending,45.689526,30.0,15.689525604248047
James Holden,defending,45.683937,30.0,15.683937072753906
Yaimar Medina,defending,39.32778,55.0,15.672218322753906
Kacper Trelowski,defending,45.66205,30.0,15.66204833984375
Garissone Innocent,defending,45.661095,30.0,15.661094665527344
André Picornell,defending,45.654858,30.0,15.654857635498047
Aske Andresen,defending,45.620358,30.0,15.620357513427734
Tobe Leysen,defending,45.6201,30.0,15.620098114013672
Ross Munro,defending,45.607555,30.0,15.607555389404297
Amir Saipi,defending,45.60097,30.0,15.600971221923828
Alex Palmer,defending,45.596947,30.0,15.596946716308594
Kayne van Oevelen,defending,45.59539,30.0,15.595390319824219
Quentin Braat,defending,45.568916,30.0,15.568916320800781
Nicolás Rossi,defending,37.564915,22.0,15.56491470336914
Anthony Racioppi,defending,45.548462,30.0,15.5484619140625
Ryan Schofield,defending,45.524624,30.0,15.52462387084961
Matěj Kovář,defending,45.518665,30.0,15.518665313720703
Cameron Cook,defending,45.512558,30.0,15.512557983398438
Sam Long,defending,45.64395,61.0,15.356048583984375
Mauro Luna Diale,defending,42.672222,58.0,15.327777862548828
Jairo Concha,defending,44.71313,60.0,15.286869049072266
Philip Fahrner,defending,41.79352,57.0,15.206478118896484
Tommaso Milanese,defending,34.862373,50.0,15.137626647949219
Mark O'Hara,defending,49.891693,65.0,15.108306884765625
Jack Clarke,defending,25.064796,40.0,14.935203552246094
Matte Smets,defending,49.0808,64.0,14.919200897216797
Martin Delavallée,defending,31.087666,46.0,14.912334442138672
Trent Buhagiar,defending,40.861675,26.0,14.861675262451172
Kyle McAllister,defending,34.14247,49.0,14.857528686523438
Riccardo Ciervo,defending,31.219004,46.0,14.780996322631836
Ashley Maynard-Brewer,defending,41.75453,27.0,14.754531860351562
Jędrzej Grobelny,defending,45.705643,31.0,14.705642700195312
Franco Israel,defending,45.705162,31.0,14.705162048339844
Missael Rodríguez,defending,30.704208,16.0,14.704208374023438
Sebastian Selin,defending,45.69613,31.0,14.696128845214844
Luca Gemello,defending,45.692394,31.0,14.692394256591797
Đorđe Petrović,defending,45.687798,31.0,14.687797546386719
Jack Warshawsky,defending,45.672886,31.0,14.67288589477539
Bruno Valdez,defending,59.329266,74.0,14.670734405517578
Arianit Ferati,defending,37.33132,52.0,14.668678283691406
Casper Andersson,defending,45.63382,31.0,14.633819580078125
Dheeraj Singh Moirangthem,defending,45.578674,31.0,14.57867431640625
Fabian de Keijzer,defending,45.569805,31.0,14.569805145263672
Hannes Sveijer,defending,45.56615,31.0,14.566150665283203
Dennis Smarsch,defending,45.50829,31.0,14.508289337158203
Heorhii Sudakov,defending,37.6487,52.0,14.351299285888672
Stefan Drljača,defending,45.248108,31.0,14.24810791015625
Franco Díaz,defending,49.8212,64.0,14.17879867553711
Gino Infantino,defending,33.999954,48.0,14.000045776367188
Jean Lambert Evan's,defending,47.012318,61.0,13.987682342529297
Bilal Brahimi,defending,33.01638,47.0,13.983619689941406
Arian Llugiqi,defending,21.231068,35.0,13.768932342529297
Szymon Weirauch,defending,45.69949,32.0,13.69948959350586
Max Weiß,defending,45.69,32.0,13.689998626708984
Nikhil Deka,defending,45.67129,32.0,13.67129135131836
Joey Kesting,defending,45.66851,32.0,13.668510437011719
Marko Milovanović,defending,34.642666,21.0,13.64266586303711
Felix Wienand,defending,45.62514,32.0,13.625141143798828
Nils De Mol,defending,45.619034,32.0,13.619033813476562
Celestin De Schrevel,defending,45.61591,32.0,13.615909576416016
Xavier Dziekoński,defending,45.58167,32.0,13.581668853759766
Jonas Urbig,defending,45.57599,32.0,13.57598876953125
Jamie McGrath,defending,44.456192,58.0,13.543807983398438
Myles Peart-Harris,defending,38.47489,52.0,13.525108337402344
Lasse Rieß,defending,45.50229,32.0,13.502288818359375
Storm Strand-Kolbjørnsen,defending,45.490875,32.0,13.490875244140625
Jarrod Carluccio,defending,28.56661,42.0,13.433389663696289
Skelly Alvero,defending,50.71528,64.0,13.284721374511719
Isaac Price,defending,41.74942,55.0,13.250579833984375
Kobe Franklin,defending,46.78055,60.0,13.219451904296875
William Balikwisha,defending,27.843016,41.0,13.156984329223633
Sulaiman Asiri,defending,33.955025,47.0,13.044975280761719
Anton Gaaei,defending,46.06836,59.0,12.931640625
Christian Witzig,defending,46.091232,59.0,12.908767700195312
Ahmad Taleb,defending,45.72291,33.0,12.722911834716797
Nico Mantl,defending,45.6803,33.0,12.680301666259766
Alessandro Lai,defending,45.676563,33.0,12.676563262939453
Will Dennis,defending,45.669025,33.0,12.669025421142578
Emre Bilgin,defending,45.656387,33.0,12.656387329101562
Bartosz Klebaniuk,defending,45.632343,33.0,12.632343292236328
Harvey Wiles-Richards,defending,45.620735,33.0,12.620735168457031
Conor Brann,defending,45.61469,33.0,12.614688873291016
Gideon Tetteh,defending,22.38675,35.0,12.613250732421875
Joe Walsh,defending,45.390305,58.0,12.609695434570312
Cheick Conde,defending,56.403393,69.0,12.596607208251953
Ștefan Mușat,defending,45.583244,33.0,12.583244323730469
Mutlaq Al Hurayji,defending,45.578472,33.0,12.578472137451172
Laurin Mack,defending,45.513844,33.0,12.513843536376953
Kasey Palmer,defending,40.517212,53.0,12.4827880859375
Saël Kumbedi,defending,52.643116,65.0,12.356884002685547
Habib Diarra,defending,53.672775,66.0,12.327224731445312
Noé Lebreton,defending,49.687386,62.0,12.312614440917969
Wojciech Łaski,defending,34.704735,47.0,12.295265197753906
Enrico Brignola,defending,22.763302,35.0,12.236698150634766
Mamadou Sangare,defending,32.785255,45.0,12.214744567871094
Adrian Mazilu,defending,22.838343,35.0,12.161657333374023
Harry Leonard,defending,30.158937,18.0,12.158937454223633
Caleb Taylor,defending,55.84481,68.0,12.155189514160156
Joe Gauci,defending,42.1005,30.0,12.10049819946289
Henry Hore,defending,27.976385,40.0,12.023614883422852
Yaw Yeboah,defending,22.995405,35.0,12.004594802856445
Andi Hoti,defending,56.005028,68.0,11.994972229003906
Ibrahim Cissé,defending,58.065758,70.0,11.934242248535156
Jordan Wright,defending,32.8999,21.0,11.899898529052734
Arda Güler,defending,40.104362,52.0,11.895637512207031
Alessandro Buongiorno,defending,67.17353,79.0,11.826469421386719
Victor Loturi,defending,48.20481,60.0,11.795188903808594
Jordan Bos,defending,50.214752,62.0,11.785247802734375
Mario Dorgeles,defending,38.225983,50.0,11.774017333984375
Kaan Caliskaner,defending,34.74507,23.0,11.745071411132812
Giovanni Garofani,defending,45.71863,34.0,11.718631744384766
Daniel Samek,defending,64.695946,53.0,11.695945739746094
Nicola Bagnolini,defending,45.671646,34.0,11.671646118164062
Daniel Eduardo Juárez,defending,28.362226,40.0,11.637773513793945
Maximilian Braune,defending,45.635006,34.0,11.635005950927734
Markus Ponath,defending,45.604282,34.0,11.60428237915039
Hans Christian Bernat,defending,45.59159,34.0,11.591590881347656
Alan Rodríguez,defending,46.437122,58.0,11.562877655029297
Louis Jones,defending,28.498222,40.0,11.501777648925781
Sander Tangvik,defending,45.544132,57.0,11.455867767333984
Bjarki Steinn Bjarkason,defending,33.597294,45.0,11.402706146240234
Mohammed Al Dawsari,defending,46.621105,58.0,11.378894805908203
Maximilian Bauer,defending,63.62117,75.0,11.378829956054688
Alessandro Di Pardo,defending,49.76972,61.0,11.230281829833984
Ethan Alagich,defending,34.822998,46.0,11.177001953125
Nicolás Romero,defending,59.89294,71.0,11.107059478759766
Andy Diouf,defending,54.9158,66.0,11.08420181274414
Vegard Solheim,defending,40.998096,52.0,11.001903533935547
Sikou Niakaté,defending,65.99991,77.0,11.000091552734375
Václav Černý,defending,27.00611,38.0,10.993890762329102
Joe Mendes,defending,51.090572,62.0,10.909427642822266
Silas Gnaka,defending,59.09445,70.0,10.905548095703125
Federico Dimarco,defending,63.13257,74.0,10.867431640625
Edgar Babayan,defending,52.818363,42.0,10.818363189697266
Jerome Opoku,defending,61.197845,72.0,10.802154541015625
Frederik Lauenborg,defending,55.233116,66.0,10.766883850097656
Felix Keidel,defending,44.23882,55.0,10.761180877685547
Alberto Dossena,defending,61.239258,72.0,10.7607421875
Aleksandar Jukic,defending,43.241745,54.0,10.758255004882812
Jez Lofthouse,defending,26.34467,37.0,10.655330657958984
Jakub Stolarczyk,defending,45.63027,35.0,10.630268096923828
Juan José Cáceres,defending,59.386047,70.0,10.61395263671875
Tony Springett,defending,30.387339,41.0,10.612661361694336
Romeo Lavia,defending,61.395897,72.0,10.604103088378906
Leopold Wahlstedt,defending,45.594536,35.0,10.594535827636719
Christos Talichmanidis,defending,45.530075,35.0,10.530075073242188
Rico Henry,defending,63.47991,74.0,10.520088195800781
Morten Thorsby,defending,64.4906,75.0,10.5093994140625
Jon McCracken,defending,45.495544,35.0,10.49554443359375
Bart Verbruggen,defending,45.514824,56.0,10.485176086425781
Noah Atubolu,defending,45.47246,35.0,10.472461700439453
Lucas Lund,defending,45.468094,35.0,10.468093872070312
Nathan-Dylan Saliba,defending,42.571854,53.0,10.428146362304688
Can Bozdoğan,defending,50.64864,61.0,10.351360321044922
Pape Ndiaga Yade,defending,33.671486,44.0,10.328514099121094
Jean Hugonet,defending,57.71918,68.0,10.280818939208984
Matías Godoy,defending,28.762512,39.0,10.23748779296875
Calem Nieuwenhof,defending,53.777515,64.0,10.222484588623047
Diego Luna,defending,27.781366,38.0,10.218633651733398
Stefano Turati,defending,45.213127,35.0,10.213127136230469
Gabriel Kobylak,defending,21.865217,32.0,10.134782791137695
Carlo Armiento,defending,32.88416,43.0,10.115840911865234
Daniel Paraschiv,defending,42.101303,32.0,10.101303100585938
Hugo Larsson,defending,49.90567,60.0,10.094329833984375
Thomas Buitink,defending,29.927353,40.0,10.072647094726562
Abdelkabir Abqar,defending,60.947346,71.0,10.052654266357422
Maximiliano Caufriez,defending,62.97022,73.0,10.029781341552734
Crysencio Summerville,defending,24.986542,35.0,10.013458251953125
Will Wilson,defending,40.047817,50.0,9.95218276977539
Adam Wharton,defending,51.064312,61.0,9.935688018798828
Rayyan Baniya,defending,59.116783,69.0,9.883216857910156
Jekob Abiezer Jeno,defending,54.124874,64.0,9.875125885009766
Daylam Meddah,defending,48.13016,58.0,9.86983871459961
Isak Hien,defending,65.172554,75.0,9.827445983886719
Lucas Hey,defending,55.173264,65.0,9.826736450195312
Yordi López,defending,39.190407,49.0,9.809593200683594
Giorgio Scalvini,defending,68.215195,78.0,9.784805297851562
Manuel García,defending,59.21973,69.0,9.780269622802734
Rico Lewis,defending,60.22178,70.0,9.778221130371094
Matías González,defending,58.766098,49.0,9.766098022460938
Arouna Sangante,defending,61.23894,71.0,9.761058807373047
Julian Ryerson,defending,63.281162,73.0,9.71883773803711
Filip Jörgensen,defending,45.71864,36.0,9.718639373779297
Ossama Ashley,defending,51.31281,61.0,9.687191009521484
Kacper Bieszczad,defending,45.678223,36.0,9.67822265625
Kevin Ortiz,defending,59.339592,69.0,9.660408020019531
Guillaume Restes,defending,45.659294,36.0,9.659294128417969
Hannibal Mejbri,defending,52.36228,62.0,9.637718200683594
Sam Field,defending,61.366306,71.0,9.63369369506836
Semih Sahin,defending,53.397472,63.0,9.602527618408203
Dominik Kotarski,defending,45.600876,36.0,9.600875854492188
Marcel Wędrychowski,defending,27.456724,37.0,9.543275833129883
Franck Honorat,defending,37.458836,47.0,9.54116439819336
Eric Martel,defending,65.469406,75.0,9.530593872070312
Oskar Zawada,defending,27.487982,37.0,9.512018203735352
Jorne Spileers,defending,59.52233,69.0,9.477668762207031
Ștefan Târnovanu,defending,45.570393,55.0,9.429607391357422
Jordy Makengo,defending,56.611847,66.0,9.388153076171875
Patrick Sutter,defending,52.627686,62.0,9.372314453125
Mateusz Wieteska,defending,62.660027,72.0,9.339973449707031
Carl Rushworth,defending,45.660378,55.0,9.339622497558594
Naorem Mahesh Singh,defending,21.676111,31.0,9.323888778686523
Jeanuël Belocian,defending,59.6988,69.0,9.301200866699219
Trai Hume,defending,53.70978,63.0,9.290218353271484
Sebastián González,defending,54.725605,64.0,9.274394989013672
Sivasakthi Narayanan,defending,21.786041,31.0,9.213958740234375
Utku Yuvakuran,defending,45.20958,36.0,9.209579467773438
Christos Zafeiris,defending,52.821507,62.0,9.17849349975586
Hayden Hackney,defending,52.864727,62.0,9.135272979736328
Mads Døhr Thychosen,defending,59.885605,69.0,9.114395141601562
Tobias Storm,defending,42.914654,52.0,9.085346221923828
Allan Tchaptchet,defending,57.93444,67.0,9.065559387207031
Bautista Kociubinski,defending,59.956745,69.0,9.043254852294922
Reece Oxford,defending,66.014305,75.0,8.985694885253906
Harvey Lintott,defending,48.031914,57.0,8.968086242675781
Donat Rrudhani,defending,28.052769,37.0,8.94723129272461
Marco Pompetti,defending,44.105614,53.0,8.894386291503906
David Sala,defending,47.126736,56.0,8.87326431274414
Quilindschy Hartman,defending,58.188126,67.0,8.811874389648438
Lennard Maloney,defending,62.2098,71.0,8.790199279785156
Adam Murphy,defending,43.214947,52.0,8.785053253173828
Adamo Nagalo,defending,61.26542,70.0,8.734580993652344
Steven Benda,defending,45.708714,37.0,8.70871353149414
Callum Doyle,defending,62.310078,71.0,8.689922332763672
Dexter Lembikisa,defending,47.323166,56.0,8.676834106445312
Ted Cann,defending,45.67059,37.0,8.670589447021484
Lindrit Kamberi,defending,55.32945,64.0,8.670551300048828
Federico Ravaglia,defending,45.63187,37.0,8.63187026977539
Tadeo Allende,defending,27.371506,36.0,8.628494262695312
Adam Ingi Benediktsson,defending,45.6188,37.0,8.61880111694336
Kiliann Sildillia,defending,64.43637,73.0,8.563629150390625
Saad Al Mousa,defending,51.447514,60.0,8.552486419677734
Rune Paeshuyse,defending,54.462444,63.0,8.537555694580078
Mattia Chiesa,defending,30.515232,39.0,8.48476791381836
Peter Vindahl Jensen,defending,44.47293,36.0,8.472930908203125
Federico Redondo,defending,59.54374,68.0,8.456260681152344
Denis Franchi,defending,45.42815,37.0,8.428150177001953
Paul Joly,defending,59.59114,68.0,8.408859252929688
Kajetan Szmyt,defending,29.603352,38.0,8.396648406982422
Faisal Al Ghamdi,defending,49.62373,58.0,8.376270294189453
Matija Šarkić,defending,45.367523,37.0,8.367523193359375
Cameron Carter-Vickers,defending,66.63634,75.0,8.363662719726562
Luis Miguel Marquines,defending,43.360435,35.0,8.360435485839844
Lenny Pirringuel,defending,40.647007,49.0,8.35299301147461
Harry Boyes,defending,46.661987,55.0,8.3380126953125
Allahyar Sayyadmanesh,defending,37.708614,46.0,8.291385650634766
El Chadaille Bitshiabu,defending,58.7705,67.0,8.229499816894531
Matías Vera,defending,57.777294,66.0,8.222705841064453
Mirko Antonucci,defending,32.83245,41.0,8.167549133300781
Leopold Querfeld,defending,56.83355,65.0,8.166450500488281
Tomás González,defending,22.840706,31.0,8.159294128417969
Joseph Rosales,defending,46.84468,55.0,8.155319213867188
Mamadou Fofana,defending,50.851643,59.0,8.148357391357422
Marco Curto,defending,61.86499,70.0,8.135009765625
Kylian Kaïboué,defending,58.901585,67.0,8.09841537475586
Cheick Keita,defending,62.908447,71.0,8.091552734375
Logan Costa,defending,62.921337,71.0,8.078662872314453
Liam Gibbs,defending,54.931034,63.0,8.068965911865234
Mateo Gamarra,defending,62.93276,71.0,8.067241668701172
Oliver Arblaster,defending,43.955784,52.0,8.04421615600586
Aiden O'Neill,defending,57.988243,66.0,8.011756896972656
Nectarios Triantis,defending,54.992657,63.0,8.007343292236328
Victor Arong,defending,22.934298,15.0,7.934297561645508
Daniel Svensson,defending,54.06911,62.0,7.930889129638672
Lucas Mauragis,defending,47.116695,55.0,7.883304595947266
Lars Kehl,defending,31.199686,39.0,7.800313949584961
Darius Lipsiuc,defending,34.213535,42.0,7.786464691162109
Ibrahim Salah,defending,22.233353,30.0,7.7666473388671875
Zymer Bytyqi,defending,29.235374,37.0,7.764625549316406
Alessio Buttaro,defending,54.238335,62.0,7.761665344238281
Nick Woltemade,defending,29.243668,37.0,7.7563323974609375
Iyad Mohamed,defending,53.255245,61.0,7.744754791259766
Antonio Candela,defending,57.255817,65.0,7.744182586669922
Alexander Busch,defending,54.26827,62.0,7.731731414794922
Julian Niehues,defending,59.281227,67.0,7.718772888183594
Joachim Imbrechts,defending,45.696495,38.0,7.696495056152344
Magnus Sjøeng,defending,45.69559,38.0,7.695590972900391
Conor McGrandles,defending,52.304432,60.0,7.695568084716797
Diego González,defending,45.693165,38.0,7.693164825439453
Josh Eccles,defending,59.308315,67.0,7.691684722900391
Conrad Wallem,defending,38.314552,46.0,7.685447692871094
Krzysztof Bąkowski,defending,45.67584,38.0,7.675838470458984
Anton Krivotsyuk,defending,63.32774,71.0,7.672260284423828
Lewis Hall,defending,55.353428,63.0,7.646572113037109
Will Fish,defending,57.36569,65.0,7.634311676025391
Theo Sander,defending,45.61889,38.0,7.618888854980469
Michele Cerofolini,defending,44.606266,37.0,7.606266021728516
Magnus Riisnæs,defending,46.417206,54.0,7.582794189453125
Jan-Christoph Bartels,defending,45.574127,38.0,7.574127197265625
Saxon Earley,defending,47.426907,55.0,7.573093414306641
Matías Soulé,defending,28.432467,36.0,7.567533493041992
Zeno Debast,defending,62.504295,70.0,7.495704650878906
Killian Phillips,defending,54.554466,62.0,7.445533752441406
Gonzalo Luján,defending,61.569607,69.0,7.430393218994141
Isaac Schmidt,defending,52.60027,60.0,7.399730682373047
Jacopo Fazzini,defending,54.605175,62.0,7.394824981689453
Marc Leonard,defending,53.608932,61.0,7.3910675048828125
Michał Karbownik,defending,60.653034,68.0,7.346965789794922
Jean-Victor Makengo,defending,65.7307,73.0,7.2693023681640625
Bartłomiej Kłudka,defending,49.733807,57.0,7.266193389892578
Khalil Al Absi,defending,21.750662,29.0,7.249338150024414
Lloyd Kelly,defending,65.756516,73.0,7.2434844970703125
Aurèle Amenda,defending,53.7698,61.0,7.230201721191406
Benjamin Ozegovic,defending,42.216663,35.0,7.216663360595703
Alidu Seidu,defending,67.81349,75.0,7.1865081787109375
Harold Moukoudi,defending,66.82608,74.0,7.173919677734375
Charlie Finney,defending,42.84202,50.0,7.157981872558594
Scott Wharton,defending,61.85478,69.0,7.145221710205078
Moussa Diarra,defending,61.86332,69.0,7.136680603027344
Yassine Kechta,defending,52.86519,60.0,7.1348114013671875
Louis Patris,defending,61.868397,69.0,7.131603240966797
Louis Zabala,defending,42.8962,50.0,7.103801727294922
Saikou Touray,defending,46.897816,54.0,7.102184295654297
Manuel Polster,defending,26.902466,34.0,7.0975341796875
Konstantinos Koulierakis,defending,60.938526,68.0,7.061473846435547
Yoann Cathline,defending,37.950394,45.0,7.0496063232421875
Bryan Lasme,defending,31.0394,24.0,7.039400100708008
Cédric Zesiger,defending,64.978,72.0,7.022003173828125
Alfie Doughty,defending,55.999382,63.0,7.000617980957031
Lewis Warrington,defending,53.0192,60.0,6.980800628662109
Mads Bidstrup,defending,64.021034,71.0,6.978965759277344
Bartosz Mrozek,defending,44.965,38.0,6.965000152587891
Luca Ranieri,defending,67.05828,74.0,6.941719055175781
Eliezer Mayenda,defending,22.084345,29.0,6.915655136108398
Matías Silva,defending,49.097385,56.0,6.902614593505859
Mathias Olesen,defending,52.104534,59.0,6.895465850830078
George Miller,defending,30.108786,37.0,6.891214370727539
Cătălin Cîrjan,defending,44.121136,51.0,6.878864288330078
Philipp Treu,defending,54.14748,61.0,6.852519989013672
Matej Maglica,defending,61.1526,68.0,6.847400665283203
Gustaf Lagerbielke,defending,59.158123,66.0,6.841876983642578
Jordan Storey,defending,66.16495,73.0,6.835052490234375
Ryan Trevitt,defending,40.232933,47.0,6.767066955566406
Greg Docherty,defending,59.23876,66.0,6.761238098144531
Björn Meijer,defending,63.23994,70.0,6.760059356689453
Gautier Lloris,defending,64.26953,71.0,6.73046875
Eli King,defending,49.273613,56.0,6.726387023925781
Lohann Doucet,defending,54.280502,61.0,6.7194976806640625
Justin Haak,defending,53.293015,60.0,6.7069854736328125
Patrick Osterhage,defending,63.294983,70.0,6.70501708984375
Leonardo Díaz,defending,57.299244,64.0,6.700756072998047
Mohammad Nawaz,defending,45.687897,39.0,6.687896728515625
Osama Al Mermish,defending,45.68061,39.0,6.680610656738281
Robert Popa,defending,45.67747,39.0,6.677471160888672
Senne Lynen,defending,62.328342,69.0,6.671657562255859
Okan Erdoğan,defending,60.328373,67.0,6.671627044677734
Krystian Bielik,defending,64.34872,71.0,6.651283264160156
Noah Persson,defending,47.370552,54.0,6.629447937011719
Khalil Fayad,defending,39.37891,46.0,6.621089935302734
Levi Colwill,defending,67.38087,74.0,6.619132995605469
Moritz Broschinski,defending,24.400352,31.0,6.599647521972656
Jens Odgaard,defending,35.401123,42.0,6.598876953125
Łukasz Poręba,defending,60.40251,67.0,6.5974884033203125
Igoh Ogbu,defending,66.42393,73.0,6.576072692871094
Jack Keaney,defending,51.430523,58.0,6.569477081298828
Tom Ducrocq,defending,59.448086,66.0,6.551914215087891
Michał Helik,defending,64.45818,71.0,6.541816711425781
Julian Stark,defending,53.49725,60.0,6.502750396728516
Justin Heekeren,defending,32.53175,39.0,6.468250274658203
Yoni Gomis,defending,53.54462,60.0,6.455379486083984
Cameron Humphreys,defending,50.5449,57.0,6.455101013183594
Moustapha Mbow,defending,60.549137,67.0,6.450862884521484
Oliver Sørensen,defending,52.5682,59.0,6.431800842285156
Alexis Tibidi,defending,25.568531,32.0,6.431468963623047
Njabulo Blom,defending,63.568756,70.0,6.431243896484375
Sean Zawadzki,defending,53.568897,60.0,6.431102752685547
Namgyal Bhutia,defending,38.58009,45.0,6.419910430908203
Idris El Mizouni,defending,54.59248,61.0,6.407520294189453
Mehdi Boukamir,defending,55.594337,62.0,6.405662536621094
Matteo Gabbia,defending,68.60051,75.0,6.3994903564453125
Diego Coppola,defending,65.60598,72.0,6.394020080566406
Tyronne Ebuehi,defending,62.60781,69.0,6.392189025878906
Josh Austerfield,defending,43.61118,50.0,6.388820648193359
Gaëtan Coucke,defending,45.363327,39.0,6.3633270263671875
Vetle Walle Egeli,defending,48.652607,55.0,6.347393035888672
Gavin Molloy,defending,50.675667,57.0,6.324333190917969
Mateusz Kochalski,defending,45.30101,39.0,6.3010101318359375
Théo Le Bris,defending,56.70136,63.0,6.298641204833984
Oscar Wiklöf,defending,45.73273,52.0,6.267269134521484
Abiel Osorio,defending,27.74114,34.0,6.258859634399414
Erik Dueñas,defending,44.742355,51.0,6.2576446533203125
Leandro Morgalla,defending,60.743046,67.0,6.256954193115234
Noel Buck,defending,42.76941,49.0,6.2305908203125
Marlon Fossey,defending,58.780724,65.0,6.219276428222656
Jarrad Branthwaite,defending,65.78229,72.0,6.21771240234375
Sven Mijnans,defending,55.792343,62.0,6.2076568603515625
Marco Brescianini,defending,54.80744,61.0,6.192558288574219
Baran Mogultay,defending,49.830082,56.0,6.169918060302734
Henning Matriciani,defending,61.845425,68.0,6.154575347900391
Rocco Ascone,defending,48.869976,55.0,6.130023956298828
Patrick Wood,defending,22.87164,29.0,6.128360748291016
Marcel Hoffmeier,defending,62.88656,69.0,6.113441467285156
Vítězslav Jaroš,defending,45.10705,39.0,6.107051849365234
Nicolás Valentini,defending,65.923584,72.0,6.076416015625
Alexander Prass,defending,62.92439,69.0,6.075611114501953
Yoan Koré,defending,56.967537,63.0,6.032463073730469
Jannes Van Hecke,defending,52.984043,59.0,6.015956878662109
Agustín Giay,defending,60.989754,67.0,6.010246276855469
Edward McGinty,defending,45.00527,51.0,5.994731903076172
Odin Thiago Holm,defending,47.010258,53.0,5.989742279052734
Adrián Alcaraz,defending,22.982203,17.0,5.982202529907227
Ryan Raposo,defending,46.028973,52.0,5.971027374267578
Hubert Szulc,defending,22.964964,17.0,5.964963912963867
Alfie Chang,defending,54.05558,60.0,5.944419860839844
Jacob Muir,defending,50.06029,56.0,5.939708709716797
Musab Al Juwair,defending,44.063526,50.0,5.936473846435547
Flavio Alcedo,defending,57.069077,63.0,5.9309234619140625
Kazımcan Karataş,defending,58.070667,64.0,5.929332733154297
Leonardo Benedetti,defending,52.07644,58.0,5.923561096191406
Furkan Bayır,defending,59.087032,65.0,5.912967681884766
Tobias Schützenauer,defending,41.909798,36.0,5.909797668457031
Morten Ågnes Konradsen,defending,56.1027,62.0,5.897300720214844
Ethon Varian,defending,26.893476,21.0,5.893476486206055
Yusuf Erdoğan,defending,53.116238,59.0,5.883762359619141
Óscar Zambrano,defending,60.11672,66.0,5.883281707763672
Fabian Reese,defending,39.118225,45.0,5.88177490234375
Jack McGlynn,defending,50.148727,56.0,5.8512725830078125
Aidan Morris,defending,62.149174,68.0,5.850826263427734
Moritz Oswald,defending,53.155025,59.0,5.844974517822266
Salem Al Najdi,defending,47.177143,53.0,5.822856903076172
Michel Ndary Adopo,defending,56.18478,62.0,5.815219879150391
Hugo Andersson,defending,60.18711,66.0,5.812889099121094
Valeriy Bondar,defending,68.19737,74.0,5.8026275634765625
Jaheim Headley,defending,49.201607,55.0,5.798393249511719
Enzo Tchato,defending,57.206993,63.0,5.793006896972656
Darren Robinson,defending,50.20771,56.0,5.792289733886719
Vittorio Parigini,defending,26.220423,32.0,5.779577255249023
Myron van Brederode,defending,26.22047,32.0,5.779529571533203
Bafodé Diakité,defending,67.24053,73.0,5.759468078613281
Connor Roberts,defending,63.26162,69.0,5.738380432128906
Matteo Meisl,defending,60.26229,66.0,5.737709045410156
Andy Pembélé,defending,27.269764,33.0,5.730236053466797
Nicolás Garayalde,defending,55.274574,61.0,5.725425720214844
Jack Hamilton,defending,40.279144,46.0,5.720855712890625
Josh Koroma,defending,32.291077,38.0,5.70892333984375
Benjamin Bouchouari,defending,46.33628,52.0,5.663719177246094
Alessandro Circati,defending,52.336674,58.0,5.663326263427734
Alessandro Sorrentino,defending,45.66234,40.0,5.6623382568359375
Dominique Youfeigane,defending,45.66134,40.0,5.661338806152344
Lennart Grill,defending,45.65019,40.0,5.650188446044922
Josh Neufville,defending,26.638063,21.0,5.638063430786133
Xavier Mbuyamba,defending,63.36656,69.0,5.6334381103515625
Cameron Humphreys-Grant,defending,62.384895,68.0,5.615104675292969
Thomas Santos,defending,47.391235,53.0,5.6087646484375
Markus Schubert,defending,45.60698,40.0,5.6069793701171875
Huseyin Biler,defending,50.393322,56.0,5.606678009033203
Luke McNally,defending,65.39815,71.0,5.6018524169921875
Isaac Olaofe,defending,24.597858,19.0,5.597858428955078
Jannis Heuer,defending,64.417755,70.0,5.582244873046875
Jamie Lawrence,defending,61.41928,67.0,5.580718994140625
Kailin Barlow,defending,42.419598,48.0,5.580402374267578
Kusini Yengi,defending,34.565876,29.0,5.565876007080078
Zac Ashworth,defending,53.437378,59.0,5.5626220703125
Louis Mouton,defending,49.4416,55.0,5.558399200439453
Max Johnston,defending,54.446663,60.0,5.553337097167969
Jack Currie,defending,51.447002,57.0,5.552997589111328
Nathan Moriah-Welsh,defending,47.448067,53.0,5.551933288574219
Luca Langoni,defending,28.460358,34.0,5.539642333984375
Jakob Tånnander,defending,45.464397,51.0,5.535602569580078
Toby Savin,defending,39.465164,45.0,5.5348358154296875
Amar Dedić,defending,60.471138,66.0,5.528861999511719
Fred Onyedinma,defending,42.481274,48.0,5.518726348876953
Gustav Grubbe,defending,51.484585,57.0,5.515415191650391
Nathan Trott,defending,45.488758,40.0,5.488758087158203
Christiaan Ravych,defending,60.53927,66.0,5.460731506347656
Felix Allgaier,defending,51.55783,57.0,5.442169189453125
Oliver Cooper,defending,52.56776,58.0,5.432239532470703
Bobby Thomas,defending,61.582146,67.0,5.417854309082031
Simon Elisor,defending,30.584278,36.0,5.415721893310547
Liam Delap,defending,23.584604,29.0,5.415395736694336
Oualid Mhamdi,defending,50.59534,56.0,5.404659271240234
Mateusz Łęgowski,defending,55.61072,61.0,5.389278411865234
Max Caputo,defending,23.617987,29.0,5.382013320922852
Josh Flint,defending,57.629097,63.0,5.370903015136719
Johan Bångsbo,defending,60.63794,66.0,5.362060546875
Jean N'Guessan,defending,54.64629,60.0,5.353710174560547
Anthony Marcucci,defending,27.342777,22.0,5.342777252197266
Conor Bradley,defending,55.665,61.0,5.334999084472656
Santiago Núñez,defending,61.668373,67.0,5.331626892089844
Raphael Schifferl,defending,59.679295,65.0,5.320705413818359
Tahith Chong,defending,44.679302,50.0,5.320697784423828
Emil Bohinen,defending,62.686333,68.0,5.313667297363281
Bonke Innocent,defending,62.698627,68.0,5.301372528076172
Ismajl Beka,defending,59.700073,65.0,5.2999267578125
Griffin Dorsey,defending,46.7038,52.0,5.296199798583984
Clemens Riedel,defending,63.715683,69.0,5.2843170166015625
Moritz Jenz,defending,66.724594,72.0,5.2754058837890625
Elias Jelert,defending,58.736008,64.0,5.2639923095703125
Valerio Mastrantonio,defending,50.736233,56.0,5.263767242431641
Lewis Gordon,defending,50.73731,56.0,5.262691497802734
Christoph Klarer,defending,67.7856,73.0,5.2144012451171875
Tanguy Zoukrou,defending,60.79204,66.0,5.207958221435547
Leighton Clarkson,defending,54.800346,60.0,5.199653625488281
Alex Scott,defending,57.848927,63.0,5.151073455810547
Maxim De Cuyper,defending,60.85311,66.0,5.146888732910156
Shady Oukhadda,defending,57.858215,63.0,5.14178466796875
Hakim Guenouche,defending,50.86644,56.0,5.1335601806640625
Tim Siersleben,defending,65.87605,71.0,5.1239471435546875
Juan Pablo Torres,defending,58.11893,53.0,5.118930816650391
Charlie Patino,defending,59.887505,65.0,5.112495422363281
Vikram Singh,defending,25.109455,20.0,5.109455108642578
Juan Cruz De Los Santos,defending,33.90769,39.0,5.092311859130859
Reece Brown,defending,52.91092,58.0,5.089080810546875
Nicolas Vouilloz,defending,58.914272,64.0,5.085727691650391
Naouirou Ahamada,defending,55.917522,61.0,5.082477569580078
Samuel Silvera,defending,29.921955,35.0,5.078044891357422
Hjalmar Ekdal,defending,67.92613,73.0,5.0738677978515625
Janis Antiste,defending,25.073208,20.0,5.073207855224609
Yannik Keitel,defending,63.93302,69.0,5.066978454589844
Alessandro Vogliacco,defending,65.93993,71.0,5.060066223144531
Louis Munteanu,defending,35.04383,30.0,5.043830871582031
Formose Mendy,defending,62.959038,68.0,5.040962219238281
Lukas Sulzbacher,defending,55.969933,61.0,5.030067443847656
Nicholas Pierini,defending,32.97065,38.0,5.029350280761719
Emmanuel Iyoha,defending,42.02439,37.0,5.024391174316406
Maurits Kjaergaard,defending,57.977234,63.0,5.02276611328125
Oumar Ngom,defending,53.979897,59.0,5.020103454589844
Nicolas Janvier,defending,56.98198,62.0,5.0180206298828125
Lorenzo Pirola,defending,66.98912,72.0,5.0108795166015625
Facundo Mansilla,defending,64.989716,70.0,5.010284423828125
Delano Burgzorg,defending,35.00963,30.0,5.0096282958984375
Abdulkareem Al Sultan,defending,53.99264,59.0,5.007358551025391
Connor Barron,defending,55.009434,60.0,4.990566253662109
Koni De Winter,defending,64.01055,69.0,4.989448547363281
Niccolò Corrado,defending,59.01169,64.0,4.988311767578125
Jhon Solís,defending,59.022507,64.0,4.9774932861328125
Rassoul Ndiaye,defending,60.038383,65.0,4.961616516113281
Jakov Medić,defending,66.040474,71.0,4.959526062011719
Lenn Jastremski,defending,23.954693,19.0,4.954692840576172
Oscar Wallin,defending,53.046288,58.0,4.953712463378906
Mateusz Żukowski,defending,54.054325,59.0,4.945674896240234
Jean Ruiz,defending,64.05856,69.0,4.941436767578125
Maxim Dekker,defending,61.07631,66.0,4.9236907958984375
Denis Huseinbašić,defending,56.08006,61.0,4.919940948486328
Giorgio Cittadini,defending,63.080826,68.0,4.9191741943359375
Jake Bickerstaff,defending,22.914196,18.0,4.914196014404297
Aleksander Buksa,defending,27.91288,23.0,4.912879943847656
Joseph N'Duquidi,defending,55.100048,60.0,4.899951934814453
Noé Sow,defending,59.105907,64.0,4.894092559814453
Jakub Lewicki,defending,47.10591,52.0,4.8940887451171875
Dmytro Riznyk,defending,43.13461,48.0,4.865390777587891
Francisco Perruzzi,defending,60.148735,65.0,4.851264953613281
Aleksa Terzić,defending,63.15279,68.0,4.847209930419922
Youssef Chermiti,defending,28.16246,33.0,4.8375396728515625
Stefan Colakovski,defending,28.166151,33.0,4.83384895324707
Benedikt Gimber,defending,66.17026,71.0,4.829742431640625
Jan Sobociński,defending,59.17705,64.0,4.822948455810547
Mads Pedersen,defending,61.17886,66.0,4.821140289306641
Benjamin Kanuric,defending,51.182766,56.0,4.817234039306641
İsmail Yüksek,defending,64.18475,69.0,4.81524658203125
Filip Dagerstål,defending,64.185394,69.0,4.814605712890625
Valentin Gendrey,defending,62.193893,67.0,4.8061065673828125
Mateo Tanlongo,defending,62.194813,67.0,4.805187225341797
Alex Paulsen,defending,44.204174,49.0,4.795825958251953
Antoine Makoumbou,defending,62.208633,67.0,4.7913665771484375
Nelson Palacio,defending,60.21015,65.0,4.789848327636719
Kevin Schade,defending,24.227093,29.0,4.772907257080078
Liam Lindsay,defending,64.23247,69.0,4.7675323486328125
Regan Slater,defending,60.233994,65.0,4.7660064697265625
Bryan Reynolds,defending,61.241844,66.0,4.758155822753906
Andréas Hountondji,defending,23.75301,19.0,4.753009796142578
Andrea Pinamonti,defending,22.270988,27.0,4.729011535644531
Kortney Hause,defending,66.28903,71.0,4.710968017578125
Ryan O'Kane,defending,28.293139,33.0,4.70686149597168
Zak Vyner,defending,63.30301,68.0,4.696990966796875
Luca Unbehaun,defending,45.6937,41.0,4.693698883056641
Leif Davis,defending,59.31888,64.0,4.681121826171875
Dean Cornelius,defending,52.32609,57.0,4.673908233642578
Oliver Petersen,defending,45.67059,41.0,4.670589447021484
Gabriel Osho,defending,65.32978,70.0,4.670219421386719
Gastón Álvarez,defending,68.33978,73.0,4.66021728515625
Ajibola Alese,defending,61.346024,66.0,4.6539764404296875
Lucas Chevalier,defending,45.651768,41.0,4.651767730712891
Peter Bjur,defending,55.355915,60.0,4.644084930419922
Anton Eriksson,defending,59.35965,64.0,4.640350341796875
Kacper Kozłowski,defending,59.360424,64.0,4.639575958251953
Armin Gigović,defending,52.36654,57.0,4.633460998535156
Issam El Maach,defending,45.62917,41.0,4.629169464111328
Jaouen Hadjam,defending,58.371925,63.0,4.628074645996094
Dominik Stumberger,defending,60.38462,65.0,4.615379333496094
Alieu Fadera,defending,52.39832,57.0,4.601680755615234
Daniel Bîrligea,defending,20.404894,25.0,4.59510612487793
Hrvoje Smolčić,defending,67.40801,72.0,4.591987609863281
Bartuğ Elmaz,defending,56.409203,61.0,4.590797424316406
Boris Lambert,defending,63.409424,68.0,4.590576171875
Enzo Larrosa,defending,29.58387,25.0,4.583869934082031
Azeem Abdulai,defending,49.4247,54.0,4.575298309326172
Trevor Clarke,defending,58.562275,54.0,4.562274932861328
Kjell Scherpen,defending,45.560112,41.0,4.560111999511719
David Schnegg,defending,63.44321,68.0,4.556789398193359
Jay Idzes,defending,61.45199,66.0,4.548011779785156
Mathias Løvik,defending,50.45761,55.0,4.542388916015625
Aleksa Pejić,defending,61.458492,66.0,4.541507720947266
Fynn Lakenmacher,defending,25.460648,30.0,4.5393524169921875
Yahia Fofana,defending,45.53717,41.0,4.53717041015625
Al-Amin Kazeem,defending,51.48231,56.0,4.517688751220703
Enzo Leopold,defending,51.483616,56.0,4.516384124755859
James Clarke,defending,50.485878,55.0,4.514122009277344
Tobias Berger,defending,54.490517,59.0,4.509483337402344
Nathan Baxter,defending,45.48605,41.0,4.486049652099609
Dembo Sylla,defending,51.526207,56.0,4.473793029785156
Gift Links,defending,51.526775,56.0,4.473224639892578
Kader Keïta,defending,54.533073,59.0,4.466926574707031
Tim Oermann,defending,61.545143,66.0,4.454856872558594
Tim Civeja,defending,48.56319,53.0,4.436809539794922
Ben Folami,defending,30.435366,26.0,4.435365676879883
Nathaniel Brown,defending,52.576508,57.0,4.423492431640625
Jake Najdovski,defending,21.420797,17.0,4.420797348022461
Guy-Marcelin Kilama,defending,61.580452,66.0,4.419548034667969
Seedy Jatta,defending,21.58236,26.0,4.417640686035156
Adam Obert,defending,64.58381,69.0,4.416191101074219
Maxwell Gyamfi,defending,60.5877,65.0,4.412300109863281
Adis Jasic,defending,59.59763,64.0,4.402370452880859
Vincent Marchetti,defending,63.606697,68.0,4.393302917480469
Hayden Carter,defending,64.619644,69.0,4.3803558349609375
Eyram Viegbe,defending,49.648712,54.0,4.351287841796875
Dimitrios Nikolaou,defending,67.65181,72.0,4.3481903076171875
Emmanuel Yeboah,defending,33.65345,38.0,4.346549987792969
Santiago Castro,defending,29.66129,34.0,4.338710784912109
Cihan Çanak,defending,34.669945,39.0,4.330055236816406
Filip Stanković,defending,45.67655,50.0,4.323448181152344
Radosław Majecki,defending,23.690083,28.0,4.309917449951172
Bernhard Unger,defending,45.29209,41.0,4.292091369628906
Marin Šverko,defending,59.714737,64.0,4.2852630615234375
Yasser Larouci,defending,60.719036,65.0,4.280963897705078
Jacen Russell-Rowe,defending,20.278502,16.0,4.278501510620117
Max Rosenfelder,defending,62.726055,67.0,4.273944854736328
Harry Steele,defending,48.730793,53.0,4.269207000732422
Max Ejdum,defending,36.735977,41.0,4.2640228271484375
Max Christiansen,defending,63.74893,68.0,4.251068115234375
Serano Seymor,defending,60.763428,65.0,4.236572265625
Félix Lemaréchal,defending,55.775906,60.0,4.224094390869141
Nik Prelec,defending,28.79105,33.0,4.208950042724609
Henry Rorig,defending,57.2064,53.0,4.206401824951172
Kazeem Olaigbe,defending,27.793861,32.0,4.206138610839844
Jens Castrop,defending,51.79466,56.0,4.205341339111328
Gavin Hodgins,defending,39.80972,44.0,4.190280914306641
Ed Turns,defending,58.813034,63.0,4.1869659423828125
Junior Mwanga,defending,64.82127,69.0,4.1787261962890625
Alexander Freeman,defending,42.826317,47.0,4.173683166503906
Daniel Edelman,defending,59.829224,64.0,4.1707763671875
Flavien-Enzo Boyomo,defending,64.83523,69.0,4.164772033691406
Ben Wilmot,defending,67.837715,72.0,4.162284851074219
Dennis Cirkin,defending,59.8398,64.0,4.160198211669922
CJ Egan-Riley,defending,61.847717,66.0,4.15228271484375
Stephan Negru,defending,52.85494,57.0,4.145061492919922
Serdar Saatçı,defending,63.8593,68.0,4.1407012939453125
Josué Casimir,defending,27.1256,23.0,4.125600814819336
Christos Kourfalidis,defending,54.874676,59.0,4.125324249267578
Mor Ndiaye,defending,61.878765,66.0,4.121234893798828
Aljaž Casar,defending,56.890125,61.0,4.109874725341797
Mohamed Kaba,defending,59.90005,64.0,4.099948883056641
Jacob Davenport,defending,62.08647,58.0,4.0864715576171875
Zakaria Hawsawi,defending,49.914574,54.0,4.085426330566406
Samuel Stückler,defending,45.922443,50.0,4.077556610107422
Luca Belardinelli,defending,59.923992,64.0,4.076007843017578
Adam Dźwigała,defending,59.936596,64.0,4.063404083251953
Lewis Brunt,defending,53.936695,58.0,4.063304901123047
Enea Mihaj,defending,66.94831,71.0,4.051689147949219
Magnus Retsius Grødem,defending,40.94841,45.0,4.0515899658203125
Christian Dalle Mura,defending,60.96393,65.0,4.03607177734375
James Bree,defending,62.964832,67.0,4.035167694091797
Saikou Janneh,defending,24.96646,29.0,4.033540725708008
Yan Valery,defending,66.96904,71.0,4.0309600830078125
Justin Butler,defending,27.010843,23.0,4.010843276977539
Nicolò Cambiaghi,defending,34.017445,38.0,3.982555389404297
James McManus,defending,50.01751,54.0,3.9824905395507812
Georgios Vagiannidis,defending,57.01953,61.0,3.98046875
Darragh Markey,defending,44.979485,41.0,3.9794845581054688
Dara Keane,defending,47.022736,51.0,3.977264404296875
Shawn Adewoye,defending,64.023445,68.0,3.9765548706054688
Yohan Cassubie,defending,61.023647,65.0,3.9763526916503906
Mai Traore,defending,22.974628,19.0,3.974628448486328
Santiago Visentin,defending,57.028004,61.0,3.971996307373047
Johann Lepenant,defending,65.03093,69.0,3.9690704345703125
Matti Peltola,defending,58.034023,62.0,3.9659767150878906
Danny Norris,defending,38.035378,42.0,3.9646224975585938
Barış Alper Yılmaz,defending,33.0385,37.0,3.961498260498047
Ryan Wintle,defending,60.043118,64.0,3.9568824768066406
Maximilien Balard,defending,50.045914,54.0,3.9540863037109375
Oussama Targhalline,defending,58.046684,62.0,3.9533157348632812
Jacob Greaves,defending,67.05521,71.0,3.944793701171875
Oday Dabbagh,defending,31.058027,35.0,3.9419727325439453
Shurandy Sambo,defending,60.063435,64.0,3.936565399169922
Boris Tomiak,defending,66.07237,70.0,3.9276275634765625
Solomon Bonnah,defending,58.926266,55.0,3.9262657165527344
Bright Akwo Arrey-Mbi,defending,60.07419,64.0,3.925811767578125
Darren Yapi,defending,25.924679,22.0,3.9246788024902344
Riccardo Calafiori,defending,64.07878,68.0,3.9212188720703125
Kyle Edwards,defending,36.079945,40.0,3.920055389404297
Fabricio Vidal,defending,56.082886,60.0,3.9171142578125
Casper Widell,defending,60.08675,64.0,3.913249969482422
Casper Terho,defending,27.087305,31.0,3.9126949310302734
Enzo Ebosse,defending,68.08798,72.0,3.912017822265625
Frankie Kent,defending,62.100567,66.0,3.899433135986328
Steffen Tigges,defending,41.111412,45.0,3.8885879516601562
Callum Brittain,defending,61.123085,65.0,3.8769149780273438
Reece Burke,defending,67.12688,71.0,3.8731231689453125
Anwar Ali,defending,54.128365,58.0,3.8716354370117188
Alex Greive,defending,21.853584,18.0,3.8535842895507812
Noah Eile,defending,58.15046,62.0,3.8495407104492188
Dragoș Iancu,defending,46.155922,50.0,3.8440780639648438
Constantin Grameni,defending,60.157604,64.0,3.842395782470703
Dan Sîrbu,defending,55.15954,59.0,3.8404617309570312
Nico Hug,defending,55.164524,59.0,3.8354759216308594
Adilson Malanda,defending,61.165447,65.0,3.834552764892578
Emeka Oduah,defending,29.834003,26.0,3.834003448486328
Ravil Tagir,defending,65.176956,69.0,3.8230438232421875
Santeri Väänänen,defending,57.177425,61.0,3.8225746154785156
Marko Divković,defending,23.819738,20.0,3.8197383880615234
Sam Taylor,defending,20.804642,17.0,3.8046417236328125
Alec Van Hoorenbeeck,defending,61.201855,65.0,3.798145294189453
Felipe Peña,defending,65.210815,69.0,3.7891845703125
Matthias Bader,defending,64.21299,68.0,3.7870101928710938
Samson Tovide,defending,34.21428,38.0,3.7857208251953125
Kieron Bowie,defending,28.221422,32.0,3.7785778045654297
Tyler Roberts,defending,34.2233,38.0,3.7766990661621094
Marley Marshall Miranda,defending,52.229023,56.0,3.770977020263672
Taras Gomulka,defending,55.23048,59.0,3.769519805908203
Giuseppe Cuomo,defending,59.23192,63.0,3.7680816650390625
Ryan Flamingo,defending,64.23442,68.0,3.7655792236328125
Adam Gnezda Čerin,defending,49.237923,53.0,3.7620773315429688
Lamare Bogarde,defending,56.241596,60.0,3.758403778076172
Denso Kasius,defending,55.242172,59.0,3.7578277587890625
Darko Gyabi,defending,51.243114,55.0,3.756885528564453
Corey Hollman,defending,44.251263,48.0,3.748737335205078
Syb van Ottele,defending,62.256798,66.0,3.7432022094726562
Lenny Vallier,defending,59.74198,56.0,3.7419815063476562
Jake Rooney,defending,55.26419,59.0,3.735809326171875
Sam McClelland,defending,58.265244,62.0,3.7347564697265625
Azzedine Ounahi,defending,60.27213,64.0,3.7278709411621094
Guillermo Enrique,defending,66.27281,70.0,3.7271881103515625
Gabriel David,defending,48.27464,52.0,3.725360870361328
Lewis Mayo,defending,59.27905,63.0,3.7209510803222656
Davino Knappe,defending,26.291245,30.0,3.7087554931640625
Damian Las,defending,45.707466,42.0,3.7074661254882812
Michael Gallagher,defending,49.297222,53.0,3.702777862548828
Arthur Lyska,defending,45.702465,42.0,3.702465057373047
Joe Taylor,defending,23.700094,20.0,3.700094223022461
Charlie Cresswell,defending,64.301216,68.0,3.6987838745117188
Steven Sserwadda,defending,40.305138,44.0,3.6948623657226562
Miguel Acosta,defending,45.69055,42.0,3.6905517578125
Noel Eichinger,defending,26.317913,30.0,3.682086944580078
Evan Caffrey,defending,49.319344,53.0,3.6806564331054688
Dragoș Albu,defending,60.327003,64.0,3.6729965209960938
Johan Bakke,defending,50.328373,54.0,3.6716270446777344
Alou Kuol,defending,31.67099,28.0,3.670989990234375
Kenneth Schmidt,defending,63.330166,67.0,3.6698341369628906
Gerasimos Mitoglou,defending,64.33045,68.0,3.6695480346679688
Yusuf Özdemir,defending,53.33113,57.0,3.6688690185546875
Jakub Niemczyk,defending,20.665657,17.0,3.6656570434570312
Thomas Thiesson Kristensen,defending,62.367653,66.0,3.6323471069335938
Nikolai Hopland,defending,57.37926,61.0,3.620738983154297
Felix Bacher,defending,61.383526,65.0,3.616474151611328
Tim Iroegbunam,defending,58.384144,62.0,3.615856170654297
Marcin Listkowski,defending,51.606167,48.0,3.6061668395996094
Abdullah Matuq,defending,26.604122,23.0,3.6041221618652344
Ryan Duncan,defending,35.4019,39.0,3.5980987548828125
Seydouba Cisse,defending,58.40405,62.0,3.5959510803222656
Aidomo Emakhu,defending,21.590792,18.0,3.590791702270508
Ignacio Rodríguez,defending,64.41122,68.0,3.5887832641601562
Joe Riley,defending,59.58656,56.0,3.586559295654297
Isaac Ogundere,defending,48.421913,52.0,3.5780868530273438
Oskar Ågren,defending,55.424206,59.0,3.575794219970703
Issiar Dramé,defending,60.426735,64.0,3.5732650756835938
Francesco Lo Celso,defending,59.552364,56.0,3.5523643493652344
Ronnie Edwards,defending,65.45926,69.0,3.540740966796875
Bader Al Enazi,defending,45.53896,42.0,3.538959503173828
Kryspin Szcześniak,defending,60.46151,64.0,3.5384902954101562
Edvard Sandvik Tagseth,defending,55.46205,59.0,3.5379486083984375
Bruno Amione,defending,64.46224,68.0,3.5377578735351562
Ismaël Koné,defending,54.46571,58.0,3.534290313720703
Henrik Molvær Melland,defending,49.466084,53.0,3.533916473388672
Vicente Taborda,defending,48.470932,52.0,3.5290679931640625
Amir Richardson,defending,60.474842,64.0,3.525157928466797
Odin Luraas Bjørtuft,defending,64.47727,68.0,3.5227279663085938
Noah Fadiga,defending,59.481895,63.0,3.5181045532226562
Eldin Dzogovic,defending,53.486576,57.0,3.5134239196777344
Arda Kızıldağ,defending,64.488556,68.0,3.511444091796875
John-Patrick Strauß,defending,55.489166,59.0,3.510833740234375
Rick van Drongelen,defending,65.49582,69.0,3.504180908203125
Jan Schöppner,defending,64.50258,68.0,3.4974212646484375
Ian Fray,defending,53.51749,57.0,3.4825096130371094
Ardon Jashari,defending,60.533833,64.0,3.466167449951172
Kaare Barslund,defending,51.54707,55.0,3.452930450439453
Finn Ole Becker,defending,54.55355,58.0,3.4464492797851562
Nikhil Prabhu,defending,48.555153,52.0,3.4448471069335938
Rodrigo Guth,defending,67.55833,71.0,3.4416732788085938
Michael Mieles,defending,54.438362,51.0,3.4383621215820312
Ousseni Bouda,defending,23.436245,20.0,3.4362449645996094
Jayden Nelson,defending,44.57093,48.0,3.4290695190429688
Kenneth Paal,defending,61.58048,65.0,3.4195213317871094
Callum Talbot,defending,53.5826,57.0,3.417400360107422
Will Sands,defending,53.582947,57.0,3.41705322265625
Darragh Burns,defending,38.584145,42.0,3.4158554077148438
George Harmon,defending,53.595116,57.0,3.4048843383789062
Ryan Howley,defending,54.59649,58.0,3.4035110473632812
Koba Leïn Koindredi,defending,52.59799,56.0,3.4020118713378906
Conor McCarthy,defending,61.598442,65.0,3.4015579223632812
Noah De Ridder,defending,47.598843,51.0,3.4011573791503906
Jayden Oosterwolde,defending,59.601498,63.0,3.3985023498535156
John Martin,defending,40.397793,37.0,3.3977928161621094
Antwoine Hackford,defending,21.39453,18.0,3.394529342651367
Jordi Vanlerberghe,defending,65.60612,69.0,3.3938827514648438
Umut Güneş,defending,60.61614,64.0,3.383861541748047
Giannis Konstantelias,defending,33.628098,37.0,3.3719024658203125
Mustafa Kourouma,defending,54.62972,58.0,3.370281219482422
Florian Kleinhansl,defending,57.357407,54.0,3.3574066162109375
Taylor Moore,defending,60.646175,64.0,3.3538246154785156
Jocelyn Janneh,defending,55.647766,59.0,3.35223388671875
Batista Mendy,defending,67.65591,71.0,3.3440933227539062
Gideon Mensah,defending,60.658146,64.0,3.3418540954589844
Stipe Biuk,defending,34.661495,38.0,3.3385047912597656
Frank Magri,defending,24.333174,21.0,3.3331737518310547
Teddy Boulhendi,defending,45.674103,49.0,3.325897216796875
Filippo Terracciano,defending,59.676067,63.0,3.323932647705078
Giannis Satsias,defending,51.68095,55.0,3.319049835205078
Arkadiusz Pyrka,defending,54.691765,58.0,3.3082351684570312
George Campbell,defending,57.69891,61.0,3.3010902404785156
Ilyes Hamache,defending,21.300795,18.0,3.3007946014404297
Johaneko Louis-Jean,defending,61.29386,58.0,3.2938613891601562
Mohammed Diomande,defending,59.70666,63.0,3.2933387756347656
Achraf Dari,defending,67.70825,71.0,3.291748046875
Thibault Klidje,defending,22.713243,26.0,3.2867565155029297
Balthazar Pierret,defending,60.71667,64.0,3.2833290100097656
Eoin Toal,defending,60.719795,64.0,3.2802047729492188
David Affengruber,defending,65.72667,69.0,3.2733306884765625
Taylor Gardner-Hickman,defending,61.74076,65.0,3.2592391967773438
Jonas Michelbrink,defending,35.743538,39.0,3.2564620971679688
Martin Moormann,defending,60.74852,64.0,3.2514801025390625
Andy Smith,defending,57.750275,61.0,3.249725341796875
Daniel Gutiérrez,defending,62.75572,66.0,3.244281768798828
Maksim Stjopin,defending,18.243315,15.0,3.243314743041992
Himad Abdelli,defending,55.75917,59.0,3.2408294677734375
Ian Murphy,defending,59.761234,63.0,3.2387657165527344
Sebastián Álvarez,defending,60.76125,64.0,3.238750457763672
Liam Kerrigan,defending,39.762596,43.0,3.2374038696289062
Luciano Gondou,defending,32.793983,36.0,3.2060165405273438
Liam Ravenhill,defending,51.8006,55.0,3.19940185546875
Promise Omochere,defending,39.80287,43.0,3.1971282958984375
Victor Dican,defending,61.80656,65.0,3.193439483642578
Elijah Krahn,defending,55.806583,59.0,3.1934165954589844
Sadik Fofana,defending,58.8084,62.0,3.191600799560547
Tanner Tessmann,defending,60.80873,64.0,3.1912689208984375
Samuel Abifade,defending,26.188616,23.0,3.1886157989501953
Úmaro Embaló,defending,27.811613,31.0,3.188386917114258
Nassim Elouarti,defending,48.816067,52.0,3.1839332580566406
Noah Botić,defending,24.176899,21.0,3.176898956298828
Linton Maina,defending,25.823122,29.0,3.176877975463867
Alessandro Bianco,defending,55.824615,59.0,3.175384521484375
Clément Vidal,defending,66.83098,70.0,3.1690216064453125
Lucas Halangk,defending,54.832363,58.0,3.1676368713378906
Mateusz Skrzypczak,defending,59.838116,63.0,3.161884307861328
Mohamed Belhadj Mahmoud,defending,55.845257,59.0,3.154743194580078
Dawson Devoy,defending,49.85082,53.0,3.149181365966797
Armindo Sieb,defending,22.85258,26.0,3.147420883178711
Tyrese Shade,defending,52.145874,49.0,3.1458740234375
Malcom Bokele,defending,65.85961,69.0,3.1403884887695312
Vebjørn Hoff,defending,60.86789,64.0,3.132110595703125
Elio Capradossi,defending,66.871254,70.0,3.1287460327148438
Lucas Noubi,defending,55.871902,59.0,3.1280975341796875
Ramiro Ruiz Rodríguez,defending,34.878174,38.0,3.121826171875
Malick Fofana,defending,21.878181,25.0,3.1218185424804688
Etienne Camara,defending,58.881706,62.0,3.1182937622070312
Cisse Sandra,defending,33.881886,37.0,3.118114471435547
Marcos Portillo,defending,52.883717,56.0,3.116283416748047
Ethan Bristow,defending,53.891083,57.0,3.108917236328125
Stephen Kelly,defending,54.89125,58.0,3.1087493896484375
Kobe Hernández-Foster,defending,55.89488,59.0,3.105121612548828
Danny McNamara,defending,62.8976,66.0,3.1024017333984375
Jamie Egan,defending,50.898235,54.0,3.101764678955078
Derek Mazou-Sacko,defending,50.90419,54.0,3.0958099365234375
Mads Søndergaard,defending,43.9048,47.0,3.0951995849609375
Victor Bezerra,defending,21.092718,18.0,3.0927181243896484
Ethan Laird,defending,62.91908,66.0,3.080921173095703
Mohammed Al Oufi,defending,48.920895,52.0,3.0791053771972656
Michel Stöcker,defending,58.9278,62.0,3.0722007751464844
Kévin Boma,defending,59.929718,63.0,3.070281982421875
John Tolkin,defending,62.93369,66.0,3.0663108825683594
Juninho Bacuna,defending,61.934975,65.0,3.0650253295898438
Selmin Hodza,defending,46.939106,50.0,3.060894012451172
Rijad Sadiku,defending,56.943867,60.0,3.056133270263672
Gabriele Corbo,defending,62.944195,66.0,3.055805206298828
Matías Alfonso,defending,62.97015,66.0,3.0298500061035156
Bobby Faulkner,defending,53.971672,57.0,3.0283279418945312
Nadjib Cissé,defending,56.973034,60.0,3.026966094970703
Nayel Mehssatou,defending,58.98006,62.0,3.019939422607422
Thomas Aquilina,defending,55.019283,52.0,3.0192832946777344
Robin Voisine,defending,55.983456,59.0,3.0165443420410156
Ethan Erhahon,defending,59.987396,63.0,3.012603759765625
Ryan Ledson,defending,59.987537,63.0,3.012462615966797
Jordan James,defending,63.010914,60.0,3.010913848876953
Gianluca Frabotta,defending,66.008446,63.0,3.0084457397460938
Marinos Tzionis,defending,22.994585,26.0,3.0054149627685547
Justen Glad,defending,65.9965,69.0,3.0035018920898438
Maksymilian Pingot,defending,56.997265,60.0,3.002735137939453
Arnaud Lusamba,defending,61.006763,64.0,2.993236541748047
Kilian Fischer,defending,63.008636,66.0,2.991363525390625
Hákon Arnar Haraldsson,defending,55.00919,58.0,2.9908103942871094
Till Cissokho,defending,64.011,67.0,2.9889984130859375
Alex Murphy,defending,59.012363,62.0,2.9876365661621094
Maximilian Wittek,defending,63.01484,66.0,2.9851608276367188
Otto Rosengren,defending,47.015656,50.0,2.984344482421875
Ransford-Yeboah Königsdörffer,defending,38.023464,41.0,2.9765357971191406
Xander Blomme,defending,58.026245,61.0,2.9737548828125
Julien Ponceau,defending,52.02831,55.0,2.971691131591797
Niklas Lang,defending,63.04278,66.0,2.9572181701660156
Edward Caspers,defending,40.04309,43.0,2.9569091796875
Ben McCormack,defending,49.95641,47.0,2.956409454345703
Kendall Burks,defending,56.051735,59.0,2.9482650756835938
Linus Rosenlöcher,defending,56.055637,59.0,2.9443626403808594
Zac Sapsford,defending,29.060896,32.0,2.9391040802001953
Zidane Iqbal,defending,49.06897,52.0,2.9310302734375
Marco John,defending,60.074127,63.0,2.925872802734375
Žan Zaletel,defending,63.07991,66.0,2.9200897216796875
Cyril Ngonge,defending,32.08044,35.0,2.9195594787597656
Malek Al Darwish,defending,33.080666,36.0,2.9193344116210938
Sam Gallagher,defending,42.086914,45.0,2.9130859375
Jérémy Blasco,defending,64.087036,67.0,2.9129638671875
Mohammed Sangare,defending,54.087177,57.0,2.912822723388672
Niall Huggins,defending,52.08781,55.0,2.912189483642578
Japhet Sery Larsen,defending,61.092422,64.0,2.9075775146484375
Ernest Muçi,defending,22.896338,20.0,2.8963375091552734
Vontae Daley-Campbell,defending,55.890293,53.0,2.8902931213378906
Ivan Nevistić,defending,40.881725,38.0,2.881725311279297
Robert Street,defending,27.118614,30.0,2.8813858032226562
Aleksander Paluszek,defending,60.12428,63.0,2.875720977783203
Valon Zumberi,defending,60.125595,63.0,2.8744049072265625
Leonidas Stergiou,defending,67.13504,70.0,2.864959716796875
Matthias Braunöder,defending,59.14054,62.0,2.8594589233398438
Jamal Amofa,defending,62.146965,65.0,2.8530349731445312
Hugo Siquet,defending,62.150448,65.0,2.8495521545410156
Adam Wikman,defending,53.153458,56.0,2.8465423583984375
Harvey O'Brien,defending,49.163383,52.0,2.8366165161132812
Kouame Autonne,defending,64.16445,67.0,2.8355484008789062
Tyler Morton,defending,59.16484,62.0,2.8351593017578125
Kosi Thompson,defending,57.83389,55.0,2.8338890075683594
Lewis Bate,defending,55.176,58.0,2.8240013122558594
András Németh,defending,22.822783,20.0,2.822782516479492
Liam Walsh,defending,60.813564,58.0,2.8135643005371094
Jack Robinson,defending,59.81181,57.0,2.811809539794922
Dennis Hadžikadunić,defending,67.19008,70.0,2.8099212646484375
Mamadou Tounkara,defending,60.193382,63.0,2.8066177368164062
Thomas Sabitzer,defending,24.193436,27.0,2.8065643310546875
Richard Neudecker,defending,48.19693,51.0,2.803070068359375
Nelson Weiper,defending,22.204937,25.0,2.795063018798828
Hassan Al Slais,defending,22.784452,20.0,2.784452438354492
Mirnes Pepić,defending,59.779057,57.0,2.7790565490722656
Bartłomiej Wdowik,defending,58.777725,56.0,2.7777252197265625
Jamie Roche,defending,59.226574,62.0,2.773426055908203
Dennis Borkowski,defending,28.228153,31.0,2.7718467712402344
Francesco Cassata,defending,55.768906,53.0,2.7689056396484375
Facundo Colidio,defending,32.23313,35.0,2.7668685913085938
Shane Blaney,defending,55.235546,58.0,2.764453887939453
Bojan Miovski,defending,25.238087,28.0,2.761913299560547
Tomi Horvat,defending,48.238388,51.0,2.7616119384765625
Nicolae Păun,defending,63.240864,66.0,2.759136199951172
Valentino Müller,defending,59.24363,62.0,2.7563705444335938
Michael Steinwender,defending,63.252544,66.0,2.747455596923828
Seok-ju Hong,defending,25.744463,23.0,2.7444629669189453
Giorgio Altare,defending,68.266556,71.0,2.7334442138671875
Osvaldo Cisneros,defending,35.269577,38.0,2.7304229736328125
Kyle Joseph,defending,25.72828,23.0,2.7282791137695312
Severin Ottiger,defending,55.27372,58.0,2.7262802124023438
George Johnston,defending,63.2742,66.0,2.725799560546875
Turki Al Mutairi,defending,19.725664,17.0,2.7256641387939453
Jacob Eng,defending,22.279364,25.0,2.7206363677978516
Max Bruns,defending,59.2796,62.0,2.7204017639160156
Juan Cruz Giacone,defending,22.718832,20.0,2.718832015991211
Oliver Christensen,defending,41.2846,44.0,2.7154006958007812
Fin Back,defending,51.295387,54.0,2.7046127319335938
Loick Ayina,defending,55.296,58.0,2.703998565673828
Élysée Logbo,defending,21.69766,19.0,2.697660446166992
Freddie Potts,defending,52.303646,55.0,2.6963539123535156
Filip Szymczak,defending,23.694597,21.0,2.6945972442626953
Jakob Lewald,defending,62.31078,65.0,2.689220428466797
Yanis Begraoui,defending,23.688538,21.0,2.68853759765625
Nicolai Rapp,defending,66.31207,69.0,2.68792724609375
Conor Coventry,defending,61.314865,64.0,2.6851348876953125
José-Enrique Ríos Alonso,defending,60.31541,63.0,2.684589385986328
Mateo Sanabria,defending,28.683825,26.0,2.6838245391845703
Kevin Höög Jansson,defending,56.316296,59.0,2.683704376220703
Juan Carlos Gauto,defending,31.681421,29.0,2.6814212799072266
Martin Wasinski,defending,60.322388,63.0,2.6776123046875
Michael Glück,defending,54.32829,57.0,2.671710968017578
Salvatore Dario La Vardera,defending,56.3495,59.0,2.650501251220703
Tony Gallacher,defending,57.636345,55.0,2.6363449096679688
Andreas Gülstorff,defending,45.63477,43.0,2.6347694396972656
Aske Adelgaard,defending,56.36616,59.0,2.633838653564453
Reece Welch,defending,52.367752,55.0,2.6322479248046875
Kai Corbett,defending,23.630926,21.0,2.6309261322021484
Tim Sechelmann,defending,63.37959,66.0,2.620410919189453
Moussa N'Diaye,defending,58.38302,61.0,2.6169815063476562
Dilane Bakwa,defending,32.611652,30.0,2.611652374267578
Luciano Boggio,defending,53.396435,56.0,2.603565216064453
Lewin Blum,defending,56.39756,59.0,2.6024398803710938
Andrea Carboni,defending,68.40226,71.0,2.5977401733398438
Farès Chaïbi,defending,65.406395,68.0,2.5936050415039062
Emeric Depussay,defending,61.59289,59.0,2.5928916931152344
Marouan Azarkan,defending,25.585241,23.0,2.5852413177490234
Dante Sealy,defending,21.584976,19.0,2.5849761962890625
Quentin Merlin,defending,64.417076,67.0,2.5829238891601562
Ben Chrisene,defending,53.418644,56.0,2.5813560485839844
Moritz Schulze,defending,45.580563,43.0,2.5805625915527344
Dennis Gjengaar,defending,48.427338,51.0,2.572662353515625
Lukas Fadinger,defending,45.42855,48.0,2.5714492797851562
Lucas Soto,defending,57.564583,55.0,2.5645828247070312
Filip Bilbija,defending,33.56105,31.0,2.5610504150390625
Anthony Roncaglia,defending,60.443623,63.0,2.556377410888672
Pierre Dwomoh,defending,50.44364,53.0,2.5563583374023438
Tom Geerkens,defending,54.444294,57.0,2.555706024169922
Antonino Gallo,defending,60.44628,63.0,2.5537185668945312
Samson Okikiola Tijani,defending,59.45457,62.0,2.545429229736328
Erlend Dahl Reitan,defending,60.45751,63.0,2.5424880981445312
Gabriel Aranda,defending,62.45824,65.0,2.541759490966797
Gurkirat Singh,defending,29.541645,27.0,2.541645050048828
Elia Caprile,defending,45.458607,48.0,2.541393280029297
Matthéo Xantippe,defending,59.45989,62.0,2.540111541748047
Jay Barnett,defending,53.464348,56.0,2.5356521606445312
Ionuț Andres,defending,54.464687,57.0,2.5353126525878906
Matías Ramírez,defending,25.469036,28.0,2.530963897705078
Joseph Forde,defending,45.47173,48.0,2.528270721435547
Issa Soumaré,defending,21.5247,19.0,2.524700164794922
Claudio Kammerknecht,defending,61.477314,64.0,2.522686004638672
Valentin Antov,defending,62.47777,65.0,2.522228240966797
Malik Batmaz,defending,25.522123,23.0,2.522123336791992
Jason Sraha,defending,52.48254,55.0,2.5174598693847656
Rashaan Fernandes,defending,25.51473,23.0,2.514730453491211
Kamil Kruk,defending,62.486897,65.0,2.513103485107422
Harvey Macadam,defending,53.503048,56.0,2.4969520568847656
Kelvin Abrefa,defending,53.512337,56.0,2.4876632690429688
Martin Luciano,defending,58.513435,61.0,2.4865646362304688
Jakub Kadak,defending,38.51496,41.0,2.4850387573242188
Vlad Pop,defending,51.517735,54.0,2.4822654724121094
Jeison Mina,defending,60.521202,63.0,2.4787979125976562
Nikola Soldo,defending,67.52507,70.0,2.4749298095703125
Bryce Hosannah,defending,55.473923,53.0,2.4739227294921875
Rafik Zekhnini,defending,32.470955,30.0,2.4709548950195312
Lassine Sinayoko,defending,23.536438,26.0,2.46356201171875
Reed Baker-Whiting,defending,48.541462,51.0,2.458538055419922
Franco Zapiola,defending,47.543716,50.0,2.4562835693359375
Franco Fagúndez,defending,28.451187,26.0,2.4511871337890625
Haydon Roberts,defending,59.549538,62.0,2.4504623413085938
Ryan Porteous,defending,65.55105,68.0,2.4489517211914062
Lorenz Assignon,defending,63.551723,66.0,2.4482765197753906
Agustín Martegani,defending,47.557564,50.0,2.4424362182617188
Ethan Bartlow,defending,60.558865,63.0,2.4411354064941406
Anass Salah-Eddine,defending,59.564453,62.0,2.435546875
Yonas Malede,defending,22.435356,20.0,2.4353561401367188
Ebrima Colley,defending,24.569098,27.0,2.4309024810791016
Antonio Foti,defending,50.569153,53.0,2.43084716796875
Virgiliu Postolachi,defending,30.569681,33.0,2.430318832397461
Sweden Fernandes,defending,23.427319,21.0,2.427318572998047
Gonzalo Flores,defending,23.426804,21.0,2.4268035888671875
Baba Fernandes,defending,62.424606,60.0,2.4246063232421875
Louie Sibley,defending,54.5756,57.0,2.4244003295898438
Adam Sørensen,defending,52.57905,55.0,2.4209518432617188
Damian Rivera,defending,26.42017,24.0,2.4201698303222656
Nesta Guinness-Walker,defending,56.58043,59.0,2.4195709228515625
Miguel Chaiwa,defending,50.6013,53.0,2.398700714111328
Bali Mumba,defending,61.602726,64.0,2.3972740173339844
James Gomez,defending,60.603447,63.0,2.3965530395507812
Liston Colaco,defending,21.391235,19.0,2.3912353515625
Reece McAlear,defending,44.62365,47.0,2.3763504028320312
Marcel Beifus,defending,61.628902,64.0,2.3710975646972656
Léo Leroy,defending,58.629303,61.0,2.370697021484375
Maxime Busi,defending,64.63237,67.0,2.3676300048828125
Emin Bayram,defending,61.63356,64.0,2.3664398193359375
Ariel Mosór,defending,63.634617,66.0,2.3653831481933594
Falko Michel,defending,61.36485,59.0,2.364849090576172
Søren Tengstedt,defending,23.364744,21.0,2.364744186401367
Timo Königsmann,defending,45.636257,48.0,2.3637428283691406
Stefan Parkes,defending,55.63977,58.0,2.3602294921875
Daniel Kanu,defending,22.3593,20.0,2.3593006134033203
Jesper Daland,defending,66.6426,69.0,2.3573989868164062
Marco Burch,defending,65.64776,68.0,2.3522415161132812
John Iredale,defending,23.349384,21.0,2.349384307861328
Bradley Barcola,defending,28.654133,31.0,2.345867156982422
Kieran Cruise,defending,47.65447,50.0,2.345531463623047
Bas Van Den Eynden,defending,53.65703,56.0,2.3429718017578125
Manfred Ugalde,defending,26.658003,29.0,2.3419971466064453
Givson Singh,defending,37.66045,40.0,2.339550018310547
Sonny Carey,defending,36.660976,39.0,2.3390235900878906
Preston Judd,defending,22.336113,20.0,2.3361129760742188
Yannik Engelhardt,defending,60.67038,63.0,2.329620361328125
Noah Ohio,defending,27.329416,25.0,2.329416275024414
Eric N'Jo,defending,59.67075,62.0,2.3292503356933594
Maik Nawrocki,defending,65.67567,68.0,2.3243331909179688
Guillermo Rendón,defending,53.67589,56.0,2.324108123779297
Mohamed Sankoh,defending,26.32128,24.0,2.321279525756836
Franz Roggow,defending,51.678867,54.0,2.3211326599121094
Nicolas Milanovic,defending,32.68059,35.0,2.319408416748047
Sami Lahssaini,defending,60.683094,63.0,2.316905975341797
Daniel Wilmering,defending,54.315746,52.0,2.315746307373047
Kevin Paredes,defending,55.31527,53.0,2.3152694702148438
Ernest Nuamah,defending,26.31181,24.0,2.311809539794922
Mike Eerdhuijzen,defending,63.699387,66.0,2.3006134033203125
André Boman,defending,54.700653,57.0,2.299346923828125
Tyreke Wilson,defending,56.296104,54.0,2.2961044311523438
Mateusz Wdowiak,defending,39.705143,42.0,2.2948570251464844
Saurav Mandal,defending,32.292107,30.0,2.2921066284179688
Ranko Veselinović,defending,65.710434,68.0,2.2895660400390625
Uğurcan Yazğılı,defending,60.711403,63.0,2.2885971069335938
Thierry Small,defending,53.712067,56.0,2.287933349609375
Yentl Van Genechten,defending,58.721924,61.0,2.278076171875
Albion Ademi,defending,28.272602,26.0,2.272602081298828
Liam Bennett,defending,52.727844,55.0,2.27215576171875
Loreintz Rosier,defending,64.7321,67.0,2.2678985595703125
Luke Robinson,defending,55.263485,53.0,2.2634849548339844
Ibrahim Sadiq,defending,30.736916,33.0,2.2630844116210938
Lewis Ferguson,defending,65.739265,68.0,2.2607345581054688
Liam Coyle,defending,57.741398,60.0,2.2586021423339844
Mohammed Al Qunayan,defending,50.742912,53.0,2.2570877075195312
Daan Heymans,defending,53.743855,56.0,2.256145477294922
Nene Dorgeles,defending,34.744457,37.0,2.255542755126953
Patrik Mercado,defending,54.74929,57.0,2.2507095336914062
Kasey McAteer,defending,45.75358,48.0,2.2464218139648438
Axel Bamba,defending,66.2419,64.0,2.2418975830078125
Bledian Krasniqi,defending,53.760155,56.0,2.2398452758789062
Nikolas Sattlberger,defending,55.765854,58.0,2.2341461181640625
Jad Hakiki,defending,46.766407,49.0,2.233592987060547
Alessandro Fontanarosa,defending,64.76797,67.0,2.2320327758789062
Amine Salama,defending,22.768456,25.0,2.2315444946289062
Prabhsukhan Gill,defending,31.220493,29.0,2.2204933166503906
Brian Salvareschi,defending,66.78411,69.0,2.2158889770507812
Jökull Andrésson,defending,22.784973,25.0,2.21502685546875
Kelvin Ehibhatiomhan,defending,21.208128,19.0,2.208127975463867
Wilson Odobert,defending,25.79442,28.0,2.2055797576904297
Adam Montgomery,defending,54.79535,57.0,2.20465087890625
Owen Dale,defending,28.79792,31.0,2.2020797729492188
Jack Maher,defending,64.79989,67.0,2.2001113891601562
Fabio Chiarodia,defending,59.803017,62.0,2.1969833374023438
Thierno Baldé,defending,60.803337,63.0,2.1966629028320312
George Wickens,defending,27.803461,30.0,2.1965389251708984
Kian Leavy,defending,47.806118,50.0,2.1938819885253906
Chinedu Ekene,defending,26.809175,29.0,2.190824508666992
Tom Baack,defending,61.81507,64.0,2.1849288940429688
Adrien Louveau,defending,59.816193,62.0,2.183807373046875
Max Bird,defending,66.183716,64.0,2.1837158203125
Filip Marchwiński,defending,43.183495,41.0,2.1834945678710938
Michael Svoboda,defending,63.81707,66.0,2.1829299926757812
Ollie Tanner,defending,25.18262,23.0,2.182619094848633
Stelios Andreou,defending,63.823704,66.0,2.1762962341308594
Davide Bettella,defending,64.82487,67.0,2.1751327514648438
Pietro Pellegri,defending,23.171402,21.0,2.1714019775390625
Tom Fellows,defending,21.163288,19.0,2.163288116455078
Junior Noguera,defending,26.150085,24.0,2.15008544921875
Liam Cullen,defending,28.854628,31.0,2.1453723907470703
Jack Ellis,defending,50.856926,53.0,2.1430740356445312
Tristan Crama,defending,59.857666,62.0,2.142333984375
Giacomo Vrioni,defending,25.141506,23.0,2.1415061950683594
Julius Eskesen,defending,55.14099,53.0,2.1409912109375
Tyler Smith,defending,25.868032,28.0,2.131967544555664
Tayvon Gray,defending,59.872078,62.0,2.1279220581054688
Théo Sainte-Luce,defending,62.872272,65.0,2.127727508544922
Daniel Aguirre,defending,47.874004,50.0,2.125995635986328
Mads Enggård,defending,55.874336,58.0,2.1256637573242188
Adam Lewis,defending,57.12532,55.0,2.1253204345703125
Franklin Nyenetue,defending,28.121012,26.0,2.121011734008789
Djevencio van der Kust,defending,62.118374,60.0,2.1183738708496094
Jasper Moon,defending,61.882458,64.0,2.117542266845703
Ruben Providence,defending,26.889378,29.0,2.1106224060058594
Håkon Røsten,defending,54.89103,57.0,2.1089706420898438
Giovanni Fabbian,defending,55.893517,58.0,2.1064834594726562
Anssi Suhonen,defending,35.896812,38.0,2.1031875610351562
Łukasz Bejger,defending,62.89834,65.0,2.1016616821289062
Cristian Castro Devenish,defending,65.899574,68.0,2.1004257202148438
Taylor Richards,defending,52.099247,50.0,2.0992469787597656
Ísak Bergmann Jóhannesson,defending,58.901752,61.0,2.098247528076172
Mohamed El Arouch,defending,53.09589,51.0,2.0958900451660156
Kai Klefisch,defending,64.904816,67.0,2.095184326171875
Abundance Salaou,defending,50.90814,53.0,2.0918617248535156
Jose Herrera,defending,24.091501,22.0,2.091501235961914
Peer Koopmeiners,defending,60.90932,63.0,2.090679168701172
Mason Bennett,defending,39.90947,42.0,2.0905303955078125
Yacine El Amri,defending,29.915337,32.0,2.0846633911132812
Dickson Abiama,defending,25.08408,23.0,2.0840797424316406
Vetle Skjærvik,defending,59.917126,62.0,2.082874298095703
Simone Mazzocchi,defending,28.0825,26.0,2.082500457763672
Alessio Besio,defending,27.08226,25.0,2.0822601318359375
Harry Pickering,defending,63.918274,66.0,2.08172607421875
Claudio Gomes,defending,62.919285,65.0,2.0807151794433594
Kalidou Sidibé,defending,64.923004,67.0,2.076995849609375
Serge-Philippe Raux-Yao,defending,59.923157,62.0,2.07684326171875
Charles Vanhoutte,defending,61.923313,64.0,2.0766868591308594
Brian Plat,defending,60.927227,63.0,2.072772979736328
Xavier Simons,defending,58.930996,61.0,2.0690040588378906
Pathé Mboup,defending,24.066498,22.0,2.066497802734375
Ismael Cortez,defending,62.94004,65.0,2.0599594116210938
Nnamdi Collins,defending,58.941563,61.0,2.0584373474121094
Bohdan Viunnyk,defending,32.05402,30.0,2.0540199279785156
Mohamad Rakip,defending,45.94672,48.0,2.0532798767089844
Afimico Pululu,defending,28.052906,26.0,2.052906036376953
Kevin Jensen,defending,22.051449,20.0,2.0514488220214844
Justin Salmon,defending,59.04918,57.0,2.0491790771484375
Rami Al Hajj,defending,47.95399,50.0,2.046009063720703
Julian Rieckmann,defending,61.954605,64.0,2.0453948974609375
David Datro Fofana,defending,24.04447,22.0,2.0444698333740234
Sam McCallum,defending,63.95713,66.0,2.0428695678710938
Jan Gorenc,defending,63.960728,66.0,2.0392723083496094
Maël de Gevigney,defending,64.96211,67.0,2.0378875732421875
Ousmane Camara,defending,62.970837,65.0,2.029163360595703
Salim Diakité,defending,63.97416,66.0,2.0258407592773438
Joel Mvuka,defending,38.974583,41.0,2.0254173278808594
Thor Úlfarsson,defending,21.979563,24.0,2.020437240600586
Samuel Rogers,defending,61.98292,64.0,2.017078399658203
Lewis Fiorini,defending,53.983364,56.0,2.0166358947753906
Patryk Dziczek,defending,61.983547,64.0,2.0164527893066406
Matteo Ruggeri,defending,64.98505,67.0,2.01495361328125
Othman Al Othman,defending,21.005142,19.0,2.0051422119140625
Ibrahim Said,defending,26.002192,24.0,2.0021915435791016
Jacob Farrell,defending,59.999413,62.0,2.0005874633789062
Alper Demirol,defending,51.002083,53.0,1.9979171752929688
Edvin Kurtulus,defending,67.0063,69.0,1.9936981201171875
Sacha Delaye,defending,52.006916,54.0,1.9930839538574219
Laldinliana Renthlei,defending,55.99286,54.0,1.99285888671875
Leny Meyer,defending,50.008038,52.0,1.9919624328613281
Tope Fadahunsi,defending,20.991724,19.0,1.9917240142822266
Luca Valzania,defending,59.010136,61.0,1.9898643493652344
Fabio Torsiello,defending,22.01178,24.0,1.98822021484375
César Araújo,defending,63.01417,65.0,1.9858283996582031
Rhys Williams,defending,63.017097,65.0,1.9829025268554688
Edwin Cerrillo,defending,61.017353,63.0,1.9826469421386719
Simon Straudi,defending,57.022755,59.0,1.9772453308105469
Tim Breithaupt,defending,67.02783,69.0,1.97216796875
Andrew Quinn,defending,55.028687,57.0,1.9713134765625
Mads Bech Sørensen,defending,67.02923,69.0,1.9707717895507812
Oliver Wähling,defending,38.969948,37.0,1.9699478149414062
Thijs Timmermans,defending,40.036953,42.0,1.9630470275878906
Yáser Asprilla,defending,45.037483,47.0,1.9625167846679688
Lewis Dobbin,defending,23.038906,25.0,1.9610939025878906
Leon Augustine,defending,27.956366,26.0,1.9563655853271484
Antonio Marin,defending,31.95622,30.0,1.9562206268310547
Vincy Barretto,defending,25.95452,24.0,1.954519271850586
Patrick Nwadike,defending,58.0465,60.0,1.9534988403320312
Facundo Zabala,defending,60.04873,62.0,1.9512710571289062
Bart van Rooij,defending,61.95084,60.0,1.9508399963378906
Jack Cooper-Love,defending,31.049355,33.0,1.9506454467773438
Mandela Keita,defending,62.04976,64.0,1.9502410888671875
Shayden Morris,defending,24.946726,23.0,1.946725845336914
Jannik Rochelt,defending,45.057022,47.0,1.9429779052734375
Andrei Dragu,defending,53.0603,55.0,1.9397010803222656
Will Richmond,defending,25.939413,24.0,1.939413070678711
Beni Baningime,defending,68.06168,70.0,1.9383163452148438
Georgios Sideras,defending,60.066826,62.0,1.9331741333007812
Carlos Mendes Gomes,defending,32.931698,31.0,1.9316978454589844
Augustine Boakye,defending,27.931458,26.0,1.93145751953125
Samuele Mulattieri,defending,35.07185,37.0,1.9281501770019531
Adam Buksa,defending,29.07519,31.0,1.9248104095458984
Nicholas Gioacchini,defending,27.083807,29.0,1.9161930084228516
Calvin Brackelmann,defending,59.091576,61.0,1.9084243774414062
Jesper Ceesay,defending,57.092133,59.0,1.907867431640625
Conan Noonan,defending,19.907223,18.0,1.9072227478027344
Ewoud Pletinckx,defending,65.09338,67.0,1.9066162109375
Norman Bassette,defending,25.095236,27.0,1.904764175415039
Jonatas Santos,defending,27.903559,26.0,1.9035587310791016
Edgaras Utkus,defending,65.09738,67.0,1.902618408203125
Andres Jasson,defending,39.101936,41.0,1.8980636596679688
Madou Touré,defending,55.10355,57.0,1.8964500427246094
Rocco Reitz,defending,54.109303,56.0,1.8906974792480469
Kristoffer Lund Hansen,defending,60.11013,62.0,1.8898696899414062
Henrik Skogvold,defending,34.1139,36.0,1.8861007690429688
Aimé Mabika,defending,59.122246,61.0,1.8777542114257812
Grégoire Coudert,defending,30.872118,29.0,1.8721179962158203
Kamil Dankowski,defending,58.870483,57.0,1.8704833984375
Nawaf Al Qumairi,defending,51.13146,53.0,1.8685417175292969
Dominik Kother,defending,22.865725,21.0,1.8657245635986328
José Alfredo Flores,defending,40.134537,42.0,1.8654632568359375
Alfie Devine,defending,50.13742,52.0,1.862579345703125
Milutin Osmajić,defending,35.140354,37.0,1.8596458435058594
Joshua Wilson-Esbrand,defending,54.14393,56.0,1.8560714721679688
Loïc Mbe Soh,defending,64.14485,66.0,1.8551483154296875
Alex Mitchell,defending,61.15271,63.0,1.8472900390625
Dave Gnaase,defending,60.153194,62.0,1.8468055725097656
Tashreeq Matthews,defending,31.845112,30.0,1.8451118469238281
Noah Söderberg,defending,54.158485,56.0,1.8415145874023438
Oussama El Azzouzi,defending,59.16135,61.0,1.8386497497558594
Luca Warrick Koleosho,defending,28.161654,30.0,1.8383464813232422
Albert Hofman,defending,28.833225,27.0,1.8332252502441406
Amadou Mbengue,defending,64.1696,66.0,1.8303985595703125
Gaetano Oristanio,defending,39.17466,41.0,1.8253402709960938
Oliver Sonne,defending,59.17487,61.0,1.8251304626464844
Eoghan O'Connell,defending,61.176105,63.0,1.8238945007324219
Will Ferry,defending,52.181885,54.0,1.818115234375
Justin Njinmah,defending,25.815748,24.0,1.8157482147216797
Bogdan Racovițan,defending,65.18609,67.0,1.8139114379882812
David Brekalo,defending,65.18653,67.0,1.8134689331054688
Hussein Carneil,defending,25.813309,24.0,1.8133087158203125
Marvin Pieringer,defending,28.187576,30.0,1.8124237060546875
Giulian Biancone,defending,67.18814,69.0,1.811859130859375
Justin Forst,defending,19.807135,18.0,1.8071346282958984
Christian Kinsombi,defending,32.806984,31.0,1.8069839477539062
Tyreece Campbell,defending,25.806942,24.0,1.8069419860839844
Jeremías James,defending,62.194237,64.0,1.8057632446289062
Nicola Rauti,defending,23.194628,25.0,1.8053722381591797
Oliver Tipton,defending,52.195595,54.0,1.8044052124023438
Milan Robberechts,defending,46.20062,48.0,1.7993812561035156
Jay Henderson,defending,51.20225,53.0,1.7977485656738281
Reece Hutchinson,defending,55.793606,54.0,1.7936058044433594
Ola Brynhildsen,defending,47.20743,49.0,1.7925682067871094
Marco Sala,defending,63.792015,62.0,1.7920150756835938
Juan Alexander Franco,defending,59.209244,61.0,1.7907562255859375
Raphael Framberger,defending,64.211845,66.0,1.7881546020507812
Harvey Vale,defending,45.21205,47.0,1.7879486083984375
Filipe Sissé,defending,46.21371,48.0,1.7862892150878906
Caleb Zady Sery,defending,22.783854,21.0,1.783853530883789
Orri Óskarsson,defending,26.21814,28.0,1.7818603515625
Botond Balogh,defending,63.21979,65.0,1.7802085876464844
Daniel Arzani,defending,32.220036,34.0,1.7799644470214844
Caspar Jander,defending,59.223267,61.0,1.7767333984375
Steve Ngoura,defending,20.771648,19.0,1.7716484069824219
Dylan Kadji,defending,50.23005,52.0,1.7699508666992188
Jannes Wulff,defending,52.232975,54.0,1.7670249938964844
Marcin Cebula,defending,52.237934,54.0,1.7620658874511719
Oscar Luigi Fraulo,defending,53.240417,55.0,1.75958251953125
Augusto Schott,defending,60.755997,59.0,1.7559967041015625
Mayckel Lahdo,defending,28.755451,27.0,1.7554512023925781
Kyle Hudlin,defending,26.752174,25.0,1.7521743774414062
Radu Negru,defending,60.750145,59.0,1.7501449584960938
Daniel Bielica,defending,39.746555,38.0,1.7465553283691406
Nathan Ngoy,defending,59.25439,61.0,1.7456092834472656
Joe Rankin-Costello,defending,64.25651,66.0,1.7434921264648438
Brandon Fleming,defending,61.741444,60.0,1.7414436340332031
Souleymane Diaby,defending,56.26403,58.0,1.7359695434570312
Yassin Oukili,defending,52.266834,54.0,1.7331657409667969
Patricio Ostachuk,defending,60.267105,62.0,1.7328948974609375
Rodrigo Márquez,defending,29.269575,31.0,1.7304248809814453
Ben Purrington,defending,60.728775,59.0,1.7287750244140625
Isak Vanlalruatfela,defending,38.273476,40.0,1.7265243530273438
Filippo Ranocchia,defending,59.273674,61.0,1.7263259887695312
Yegor Matsenko,defending,53.27609,55.0,1.7239112854003906
Abass Issah,defending,28.723436,27.0,1.7234363555908203
Neil Farrugia,defending,53.27732,55.0,1.7226791381835938
Mateusz Żyro,defending,61.27903,63.0,1.7209701538085938
Niko Tsakiris,defending,33.716915,32.0,1.7169151306152344
Sander Moen Foss,defending,62.283203,64.0,1.716796875
Žan Rogelj,defending,59.71553,58.0,1.7155303955078125
Isak Helstad Amundsen,defending,62.290565,64.0,1.7094345092773438
Mehdi Dorval,defending,59.70692,58.0,1.7069206237792969
Ali Youssef,defending,37.703293,36.0,1.7032928466796875
Thomas Kastanaras,defending,23.698668,22.0,1.6986675262451172
Rasmus Örqvist,defending,63.698086,62.0,1.6980857849121094
Martin Baturina,defending,57.304306,59.0,1.6956939697265625
Rahim Ali,defending,25.69556,24.0,1.6955604553222656
Guillaume Furrer,defending,25.69168,24.0,1.691680908203125
Baïla Diallo,defending,53.309444,55.0,1.6905555725097656
David Čolina,defending,65.311485,67.0,1.6885147094726562
Lion Schuster,defending,61.318733,63.0,1.6812667846679688
Brison Fernandes,defending,39.3195,41.0,1.6805000305175781
Scott Robertson,defending,57.67744,56.0,1.6774406433105469
Michael Baidoo,defending,48.324722,50.0,1.6752777099609375
Joshua Schwirten,defending,42.327465,44.0,1.6725349426269531
Abdoulie Sanyang,defending,41.672195,40.0,1.6721954345703125
Alfie Bendle,defending,50.328087,52.0,1.6719131469726562
Sebastian Wade,defending,62.330704,64.0,1.6692962646484375
Daniel Bassi,defending,44.336815,46.0,1.6631851196289062
Tommy Leigh,defending,54.662346,53.0,1.6623458862304688
Mika Baur,defending,41.339607,43.0,1.6603927612304688
Linus Gechter,defending,67.340065,69.0,1.6599349975585938
Siriné Doucouré,defending,23.34012,25.0,1.6598796844482422
Charly Nouck Horneman,defending,23.65881,22.0,1.6588096618652344
Karlo Butić,defending,35.342266,37.0,1.6577339172363281
Callum Timmins,defending,56.657394,55.0,1.6573944091796875
Conor Kane,defending,53.653534,52.0,1.653533935546875
Yassin Belkhdim,defending,57.347023,59.0,1.6529769897460938
Gustav Berggren,defending,60.348328,62.0,1.65167236328125
Oscar Solnørdal,defending,51.349342,53.0,1.6506576538085938
Jasper Pattenden,defending,46.650463,45.0,1.6504631042480469
Hayden Coulson,defending,60.350113,62.0,1.6498870849609375
Lasse Berg Johnsen,defending,65.353584,67.0,1.6464157104492188
Brandon Kavanagh,defending,35.356445,37.0,1.6435546875
Connor Taylor,defending,63.3608,65.0,1.6391983032226562
Wilitty Younoussa,defending,61.361088,63.0,1.6389122009277344
Darragh Nugent,defending,52.361855,54.0,1.6381454467773438
Innes Cameron,defending,45.363564,47.0,1.6364364624023438
Jean-Manuel Mbom,defending,65.63484,64.0,1.6348419189453125
Alex Mighten,defending,28.63427,27.0,1.6342697143554688
Enis Destan,defending,45.370705,47.0,1.6292953491210938
Sahil Panwar,defending,51.370853,53.0,1.6291465759277344
Roberto Piccoli,defending,32.371025,34.0,1.6289749145507812
Sekou Sidibe,defending,30.626545,29.0,1.6265449523925781
Marcus Browne,defending,29.615826,28.0,1.6158256530761719
Dylan Portilla,defending,56.615025,55.0,1.6150245666503906
Eskil Edh,defending,56.38516,58.0,1.6148414611816406
Jonatan Braut-Brunes,defending,40.38738,42.0,1.6126213073730469
Gian Nardelli,defending,64.38834,66.0,1.6116561889648438
Joel Coleman,defending,45.605892,44.0,1.6058921813964844
Darko Churlinov,defending,49.396507,51.0,1.6034927368164062
Jani Atanasov,defending,61.399334,63.0,1.6006660461425781
Nathaniel Adjei,defending,53.40035,55.0,1.5996513366699219
Noah Bischof,defending,23.598022,22.0,1.5980224609375
Tobias Raschl,defending,59.591637,58.0,1.5916366577148438
Gabriele Zappa,defending,63.4087,65.0,1.5913009643554688
Arthur Okonkwo,defending,45.589027,44.0,1.5890274047851562
Jón Dagur Þorsteinsson,defending,41.588795,40.0,1.5887947082519531
Dan Martin,defending,50.41149,52.0,1.5885086059570312
Kyle Magennis,defending,59.584972,58.0,1.5849723815917969
Flynn Downes,defending,65.41864,67.0,1.58135986328125
Calvin Twigt,defending,59.418793,61.0,1.581207275390625
Jay Matete,defending,62.419144,64.0,1.5808563232421875
Devin Angleberger,defending,58.580776,57.0,1.5807762145996094
Luke Ivanovic,defending,23.579643,22.0,1.5796432495117188
Sebastiano Esposito,defending,36.579376,35.0,1.579376220703125
Matisse Samoise,defending,62.42078,64.0,1.5792198181152344
Gabrijel Rukavina,defending,25.577793,24.0,1.5777931213378906
Rasmus Cronvall,defending,21.576939,20.0,1.5769386291503906
Soumaila Coulibaly,defending,60.423424,62.0,1.5765762329101562
Lino Tempelmann,defending,64.42362,66.0,1.5763778686523438
Zeki Amdouni,defending,44.424145,46.0,1.5758552551269531
Niklas Tauer,defending,66.425224,68.0,1.5747756958007812
Gonzalo Piñeiro,defending,47.425568,49.0,1.574432373046875
Marco Kana,defending,64.42812,66.0,1.5718765258789062
Charlie Lakin,defending,57.430187,59.0,1.5698127746582031
Lewis Simper,defending,47.430637,49.0,1.5693626403808594
Gino Fechner,defending,62.43084,64.0,1.5691604614257812
Claudiu Negoescu,defending,33.567806,32.0,1.5678062438964844
Oliver Zandén,defending,60.43289,62.0,1.567108154296875
Marco Farfan,defending,62.43351,64.0,1.5664901733398438
Sayfallah Ltaief,defending,32.564857,31.0,1.5648574829101562
Jamil Siebert,defending,63.43836,65.0,1.5616416931152344
Joaquín Pombo,defending,63.441975,65.0,1.5580253601074219
Renzo Sanchez,defending,34.44239,36.0,1.5576095581054688
Elidon Qenaj,defending,32.443707,34.0,1.5562934875488281
Anthony Olusanya,defending,21.554811,20.0,1.5548114776611328
Raphaël Eyongo,defending,33.446125,35.0,1.5538749694824219
Olivier Dumont,defending,49.448563,51.0,1.5514373779296875
Prince Aning,defending,52.54814,51.0,1.5481414794921875
Amarjit Singh Kiyam,defending,50.546288,49.0,1.5462875366210938
Elkan Baggott,defending,58.45454,60.0,1.5454597473144531
Bruce Anderson,defending,20.543325,19.0,1.543325424194336
Bryce Miranda,defending,37.542213,36.0,1.5422134399414062
Lachlan Rose,defending,45.45785,47.0,1.5421485900878906
Douglas James-Taylor,defending,26.45967,28.0,1.5403308868408203
Morgan Whittaker,defending,36.460293,38.0,1.5397071838378906
Brian McManus,defending,51.464577,53.0,1.5354232788085938
Colin Rösler,defending,59.465466,61.0,1.5345344543457031
Ștefan Baiaram,defending,30.531387,29.0,1.5313873291015625
Felix Afena-Gyan,defending,37.469036,39.0,1.5309638977050781
Federico Versaci,defending,25.472372,27.0,1.527627944946289
Romoney Crichlow,defending,61.47407,63.0,1.5259284973144531
Federico Paradela,defending,52.524406,51.0,1.5244064331054688
Mohamed Daramy,defending,27.523554,26.0,1.5235538482666016
Patrick Yazbek,defending,59.47689,61.0,1.5231094360351562
Luke Mbete,defending,60.522713,59.0,1.5227127075195312
Jack Sparkes,defending,56.47992,58.0,1.52008056640625
Tariq Uwakwe,defending,57.51925,56.0,1.5192489624023438
Dennis Lütke-Frie,defending,53.518295,52.0,1.5182952880859375
Kevin Rüegg,defending,63.48267,65.0,1.5173301696777344
Petko Hristov,defending,66.48644,68.0,1.5135574340820312
Simon Adingra,defending,27.48788,29.0,1.5121192932128906
George Thomas,defending,35.492245,37.0,1.5077552795410156
Cole Bassett,defending,57.495365,59.0,1.5046348571777344
Christian Theoharous,defending,27.495802,29.0,1.5041980743408203
Jan Mlakar,defending,26.498901,28.0,1.5010986328125
Andreas Müller,defending,63.499092,65.0,1.5009078979492188
Muhammed Gümüşkaya,defending,53.50089,52.0,1.5008888244628906
Jonathan Meier,defending,61.498997,60.0,1.4989967346191406
Liam Kitching,defending,63.504227,65.0,1.4957733154296875
Ask Tjærandsen-Skau,defending,49.504982,51.0,1.4950180053710938
Ashley Phillips,defending,58.50551,60.0,1.4944915771484375
Patryk Zaucha,defending,25.494211,24.0,1.494211196899414
Mateo Pellegrino,defending,28.50598,30.0,1.4940204620361328
James Furlong,defending,55.509293,57.0,1.4907073974609375
Maurice Dehler,defending,23.510145,25.0,1.4898548126220703
Andreas Bruus,defending,59.48914,58.0,1.4891395568847656
Marcel Zylla,defending,38.48911,37.0,1.4891090393066406
Giannis Papanikolaou,defending,61.5127,63.0,1.4873008728027344
Saïdou Sow,defending,67.51527,69.0,1.4847335815429688
Manolo Portanova,defending,53.515533,55.0,1.484466552734375
Mohammed Al Yami,defending,54.48366,53.0,1.4836616516113281
Allan Campbell,defending,67.51868,69.0,1.4813232421875
Tega Ikoba,defending,22.481117,21.0,1.4811172485351562
Mats Knoester,defending,65.51896,67.0,1.4810409545898438
Sam Sherring,defending,60.520947,62.0,1.4790534973144531
Vahan Bichakhchyan,defending,53.52836,55.0,1.4716415405273438
Tommy Conway,defending,21.471014,20.0,1.4710140228271484
Femi Azeez,defending,31.530102,33.0,1.4698982238769531
Emanuele Valeri,defending,63.533142,65.0,1.46685791015625
Ahmetcan Kaplan,defending,65.53402,67.0,1.4659805297851562
Federico Giraudo,defending,55.536186,57.0,1.4638137817382812
Adrián Sánchez,defending,61.536873,63.0,1.4631271362304688
Brahima Diarra,defending,32.462585,31.0,1.46258544921875
Couhaib Driouech,defending,27.456219,26.0,1.4562187194824219
Dennis Dressel,defending,59.54607,61.0,1.4539299011230469
Kristoffer Askildsen,defending,62.452354,61.0,1.4523544311523438
Jacob Bedeau,defending,60.547928,62.0,1.4520721435546875
Kiyan Nassiri,defending,22.451193,21.0,1.451192855834961
Jack Wells-Morrison,defending,50.54956,52.0,1.450439453125
Nikolas Veratschnig,defending,59.552433,61.0,1.4475669860839844
Marvin Senaya,defending,62.55488,64.0,1.4451217651367188
Garang Kuol,defending,26.443651,25.0,1.4436511993408203
Julian Hettwer,defending,31.557814,33.0,1.4421863555908203
Simon Asta,defending,62.56253,64.0,1.437469482421875
Nikola Djorić,defending,59.563786,61.0,1.4362144470214844
Niclas Thiede,defending,42.5658,44.0,1.4342002868652344
Niclas Stierlin,defending,62.565804,64.0,1.4341964721679688
Phillip Tietz,defending,31.573465,33.0,1.426534652709961
Hampus Finndell,defending,67.42443,66.0,1.4244308471679688
Baptiste Roux,defending,64.576126,66.0,1.4238739013671875
Aaron Rowe,defending,53.423607,52.0,1.4236068725585938
Maxime Bastian,defending,57.576603,59.0,1.4233970642089844
Tommy Lonergan,defending,22.420439,21.0,1.4204387664794922
Mason Toye,defending,28.586842,30.0,1.4131584167480469
Fabio Markelic,defending,51.587894,53.0,1.4121055603027344
Ion Gheorghe,defending,43.411747,42.0,1.4117469787597656
Jake Morris,defending,52.41071,51.0,1.4107093811035156
Michał Feliks,defending,25.410286,24.0,1.4102859497070312
Lewis Miller,defending,59.591427,61.0,1.4085731506347656
Halid Šabanović,defending,66.59305,68.0,1.406951904296875
Omar Faraj,defending,23.404846,22.0,1.40484619140625
Leon Dajaku,defending,22.403957,21.0,1.4039573669433594
Ilija Vukotić,defending,62.60018,64.0,1.3998184204101562
Mihajlo Ivančević,defending,60.600384,62.0,1.3996162414550781
Sebastian Nanasi,defending,30.39956,29.0,1.3995609283447266
Fabrizio Caligara,defending,65.60176,67.0,1.3982391357421875
Liam Scales,defending,61.60245,63.0,1.3975486755371094
Teden Mengi,defending,63.60355,65.0,1.3964500427246094
Cosmin Bucuroiu,defending,26.396181,25.0,1.3961811065673828
Nathan Tella,defending,31.607012,33.0,1.3929882049560547
Juan Pablo Pignani,defending,64.6077,66.0,1.392303466796875
Faris Pemi Moumbagna,defending,25.610485,27.0,1.3895149230957031
Oscar Uddenäs,defending,27.38611,26.0,1.3861103057861328
Boubacar Traoré,defending,61.617397,63.0,1.3826026916503906
Luca Bendel,defending,42.38146,41.0,1.3814582824707031
Jonathan Dubasin,defending,30.623528,32.0,1.3764724731445312
Santiago Toloza,defending,50.37476,49.0,1.3747596740722656
Aaron Basenach,defending,50.62555,52.0,1.37445068359375
Marvin Çuni,defending,21.374119,20.0,1.3741188049316406
Tom Bloxham,defending,28.371824,27.0,1.3718242645263672
Antoine Semenyo,defending,23.36606,22.0,1.3660602569580078
Cameron Dummigan,defending,60.364975,59.0,1.3649749755859375
Ben Paton,defending,51.63587,53.0,1.3641281127929688
Hayden Muller,defending,58.636387,60.0,1.3636131286621094
David Nemeth,defending,66.63738,68.0,1.3626174926757812
Nikita Iosifov,defending,27.35679,26.0,1.356790542602539
Domingos Quina,defending,45.350212,44.0,1.3502120971679688
Tyler Onyango,defending,51.65112,53.0,1.3488807678222656
Marko Bulat,defending,59.347755,58.0,1.3477554321289062
Mads Hansen,defending,39.65262,41.0,1.347381591796875
Melle Meulensteen,defending,66.65486,68.0,1.3451385498046875
Charlie McCann,defending,53.655827,55.0,1.3441734313964844
Pontus Almqvist,defending,36.656303,38.0,1.3436965942382812
Victor Larsson,defending,58.659748,60.0,1.3402519226074219
Agustín Vera,defending,34.660324,36.0,1.3396759033203125
Edward Chilufya,defending,28.339272,27.0,1.3392715454101562
Ezequiel Herrera,defending,58.66124,60.0,1.3387603759765625
Owen Dodgson,defending,55.664116,57.0,1.3358840942382812
Tawanda Maswanhise,defending,27.665493,29.0,1.3345069885253906
Victor Eriksson,defending,61.666462,63.0,1.3335380554199219
Alan Virginius,defending,25.66769,27.0,1.3323097229003906
Willum Þór Willumsson,defending,54.33206,53.0,1.332061767578125
Robbie McKenzie,defending,61.331345,60.0,1.3313446044921875
Ibrahima Camará,defending,64.67465,66.0,1.325347900390625
Ricky Shabong,defending,47.32529,46.0,1.3252906799316406
Lorenzo Colombo,defending,27.674734,29.0,1.325265884399414
Djenahro Nunumete,defending,54.32405,53.0,1.3240509033203125
Akor Jerome Adams,defending,27.67778,29.0,1.3222198486328125
Gabriele Piccinini,defending,58.321087,57.0,1.3210868835449219
Jamie Bynoe-Gittens,defending,25.319096,24.0,1.3190956115722656
Ángel Vaca,defending,28.682346,30.0,1.3176536560058594
Fabio Ponsi,defending,62.30888,61.0,1.3088798522949219
Luke Bolton,defending,55.306004,54.0,1.3060035705566406
Marcel Benger,defending,61.303894,60.0,1.30389404296875
Lameck Banda,defending,28.696695,30.0,1.303304672241211
Wiktor Długosz,defending,52.302532,51.0,1.3025321960449219
Adam Armstrong,defending,33.6982,35.0,1.3017997741699219
Santiago Ramos Mingo,defending,61.698647,63.0,1.3013534545898438
Matthew Nocita,defending,54.699272,56.0,1.3007278442382812
Toni Domgjoni,defending,62.702473,64.0,1.2975273132324219
Lequincio Zeefuik,defending,24.702856,26.0,1.2971439361572266
Lukas Schleimer,defending,39.70344,41.0,1.2965583801269531
Owen Gene,defending,57.70375,59.0,1.2962493896484375
Christian Dahle Borchgrevink,defending,60.295788,59.0,1.2957878112792969
Zac Williams,defending,58.294884,57.0,1.2948837280273438
Gabriele Ferrarini,defending,65.29474,64.0,1.29473876953125
Evan Weir,defending,53.705757,55.0,1.2942428588867188
Ștefan Pănoiu,defending,40.290623,39.0,1.2906227111816406
Jack Hannah,defending,51.71089,53.0,1.2891082763671875
Fardin Ali Molla,defending,19.288877,18.0,1.2888774871826172
Pragyan Gogoi,defending,47.283623,46.0,1.2836227416992188
Brandon Baiye,defending,61.281265,60.0,1.2812652587890625
Alec Georgen,defending,59.722683,61.0,1.2773170471191406
Anouar Ait El Hadj,defending,45.276268,44.0,1.2762680053710938
David Toure,defending,43.726498,45.0,1.2735023498535156
Mohamed Achi,defending,53.271423,52.0,1.27142333984375
Mattéo Tramoni,defending,46.72859,48.0,1.2714118957519531
Gabriel Charpentier,defending,26.731749,28.0,1.2682514190673828
Tyreeq Bakinson,defending,65.26708,64.0,1.2670822143554688
Declan Drysdale,defending,61.26694,60.0,1.2669410705566406
Makan Winkle Chothe,defending,22.265701,21.0,1.2657012939453125
Simone Davi,defending,59.25882,58.0,1.258819580078125
Mallik Wilks,defending,24.256836,23.0,1.2568359375
Gaurav Bora,defending,52.253395,51.0,1.2533950805664062
Sivert Heggheim Mannsverk,defending,62.750484,64.0,1.2495155334472656
Kayne Ramsay,defending,59.24944,58.0,1.2494392395019531
Bertram Kvist,defending,35.752186,37.0,1.2478141784667969
John Mahon,defending,61.24631,60.0,1.2463111877441406
Jitendra Singh,defending,54.244713,53.0,1.2447128295898438
Moussa Sylla,defending,25.24412,24.0,1.244119644165039
Þórir Jóhann Helgason,defending,49.244038,48.0,1.2440376281738281
Andy Breuer,defending,40.756435,42.0,1.2435646057128906
Abdoul Fessal Tapsoba,defending,23.241247,22.0,1.2412471771240234
Shane Farrell,defending,46.760605,48.0,1.2393951416015625
Alejo Veliz,defending,23.761816,25.0,1.2381839752197266
Sofiane Alakouch,defending,63.23813,62.0,1.238128662109375
Daniel Adshead,defending,53.233013,52.0,1.2330131530761719
Maren Haile-Selassie,defending,40.772053,42.0,1.2279472351074219
Serkan Asan,defending,61.77292,63.0,1.227081298828125
Sebastian Berhalter,defending,57.77354,59.0,1.2264595031738281
Bryce Duke,defending,44.774746,46.0,1.2252540588378906
Josef Brian Baccay,defending,54.22252,53.0,1.2225189208984375
Marvin De Lima,defending,25.222408,24.0,1.2224082946777344
Sander Svendsen,defending,34.77803,36.0,1.2219696044921875
Mark Dignam,defending,48.778637,50.0,1.2213630676269531
Amir Abdijanovic,defending,19.781857,21.0,1.2181434631347656
Anthony Oyono,defending,61.216763,60.0,1.2167625427246094
Maghnes Akliouche,defending,43.783367,45.0,1.2166328430175781
Louie Watson,defending,39.78353,41.0,1.2164688110351562
Godson Kyeremeh,defending,30.783928,32.0,1.2160720825195312
Evan McLaughlin,defending,34.7858,36.0,1.2141990661621094
Jordhy Thompson,defending,23.211948,22.0,1.2119483947753906
Peter Abimbola,defending,45.788628,47.0,1.2113723754882812
Brian Aguirre,defending,33.207043,32.0,1.2070426940917969
Anosike Ementa,defending,26.206837,25.0,1.2068367004394531
Noureddine El Bahhar,defending,31.205345,30.0,1.2053451538085938
Matt Baker,defending,58.794704,60.0,1.2052955627441406
Sascha Risch,defending,52.794754,54.0,1.2052459716796875
Yusuf Barası,defending,22.203344,21.0,1.2033443450927734
Mazeed Ogungbo,defending,59.202717,58.0,1.2027168273925781
Ante Palaversa,defending,66.200714,65.0,1.200714111328125
Daniel Maldini,defending,37.80013,39.0,1.1998710632324219
Besfort Zeneli,defending,23.197437,22.0,1.1974372863769531
Marco Antonio Angulo,defending,58.803303,60.0,1.1966972351074219
Reo Griffiths,defending,25.196033,24.0,1.1960334777832031
Abdullah Al Enazi,defending,26.194286,25.0,1.1942863464355469
Tom Bischof,defending,41.812183,43.0,1.1878166198730469
Tate Russell,defending,55.187164,54.0,1.187164306640625
Demeaco Duhaney,defending,59.186646,58.0,1.1866455078125
Ezequiel Alfonso,defending,26.18584,25.0,1.1858406066894531
Mamadou Doucouré,defending,60.815884,62.0,1.1841163635253906
Kian Fitz-Jim,defending,58.818836,60.0,1.1811637878417969
Frederik Recktenwald,defending,50.179718,49.0,1.179718017578125
Matthis Riou,defending,62.823097,64.0,1.1769027709960938
Kristoffer Velde,defending,41.82449,43.0,1.1755104064941406
Tomás Silva,defending,57.824577,59.0,1.1754226684570312
Anthony Fontana,defending,44.825607,46.0,1.1743927001953125
Elayis Tavşan,defending,25.17074,24.0,1.1707401275634766
Muharem Huskovic,defending,20.16684,19.0,1.166839599609375
Yukhym Konoplia,defending,62.833202,64.0,1.1667976379394531
Gavin Kilkenny,defending,61.164886,60.0,1.164886474609375
Carlos Gavilán,defending,34.8369,36.0,1.1631011962890625
George Thomason,defending,57.16121,56.0,1.1612091064453125
Roshan Singh,defending,49.839653,51.0,1.1603469848632812
Max Woltman,defending,22.160145,21.0,1.1601448059082031
Lassi Lappalainen,defending,54.159492,53.0,1.1594924926757812
Tobias Anselm,defending,39.84205,41.0,1.1579513549804688
Artem Bondarenko,defending,59.842125,61.0,1.1578750610351562
Ole Enersen,defending,45.842216,47.0,1.1577835083007812
Joshua Feeney,defending,56.84794,58.0,1.1520614624023438
Eli Adams,defending,33.150444,32.0,1.1504440307617188
Sam Sanna,defending,60.849678,62.0,1.1503219604492188
Deandre Kerr,defending,45.850513,47.0,1.1494865417480469
Kyan Vaesen,defending,33.148872,32.0,1.1488723754882812
Luca Petrasso,defending,56.148785,55.0,1.1487846374511719
Dawid Drachal,defending,26.85327,28.0,1.1467304229736328
Antoine Hainaut,defending,44.85411,46.0,1.1458892822265625
James Olayinka,defending,46.85413,48.0,1.1458702087402344
Amadou Dante,defending,62.854225,64.0,1.1457748413085938
Jack Lynn,defending,26.144075,25.0,1.1440753936767578
Haissem Hassan,defending,27.143303,26.0,1.1433029174804688
Damián Bobadilla,defending,61.857193,63.0,1.1428070068359375
Josh Williams,defending,57.141533,56.0,1.1415328979492188
Ryan Longman,defending,52.140488,51.0,1.1404876708984375
Fraser Murray,defending,51.14028,50.0,1.1402816772460938
Lucas Brumme,defending,44.862694,46.0,1.1373062133789062
Paul Omo Mukairu,defending,33.137268,32.0,1.13726806640625
Tyler Burey,defending,36.863026,38.0,1.1369743347167969
Aidan Keena,defending,35.86311,37.0,1.1368904113769531
David Otto,defending,28.13543,27.0,1.1354293823242188
Marley Aké,defending,37.868782,39.0,1.1312179565429688
Julian Eitschberger,defending,54.86937,56.0,1.1306304931640625
Jack Stretton,defending,26.128899,25.0,1.1288986206054688
Jelle Bataille,defending,61.872257,63.0,1.1277427673339844
Romaric Yapi,defending,58.12765,57.0,1.1276512145996094
Brooke Norton-Cuffy,defending,58.873493,60.0,1.1265068054199219
Noah Allen,defending,51.125732,50.0,1.125732421875
Alex Robertson,defending,48.875652,50.0,1.1243476867675781
Lucas Souto,defending,61.87607,63.0,1.123931884765625
Florian Wustinger,defending,56.12101,55.0,1.1210098266601562
Reyes Cleary,defending,30.117302,29.0,1.1173019409179688
Sebastián Quintana,defending,53.88273,55.0,1.1172714233398438
Jakub Lutostański,defending,19.116917,18.0,1.1169166564941406
Thomas Geris,defending,21.116186,20.0,1.1161861419677734
Dante Polvara,defending,53.884903,55.0,1.1150970458984375
Patricio Pizarro,defending,62.89036,64.0,1.1096382141113281
Zachary Brault-Guillard,defending,61.109013,60.0,1.1090126037597656
Jann-Fiete Arp,defending,29.891943,31.0,1.1080570220947266
Othmane Boussaid,defending,45.107952,44.0,1.1079521179199219
Luke Heeney,defending,52.892128,54.0,1.1078720092773438
Adrian Durrer,defending,56.107132,55.0,1.1071319580078125
Leonhard Münst,defending,52.89388,54.0,1.1061210632324219
Serafin Szota,defending,59.893883,61.0,1.1061172485351562
Alessandro Zanoli,defending,66.89405,68.0,1.1059494018554688
Loum Tchaouna,defending,35.89406,37.0,1.1059417724609375
Alexandro Calut,defending,55.105286,54.0,1.10528564453125
Rhys Bozinovski,defending,47.89574,49.0,1.1042594909667969
Jack Vale,defending,27.10156,26.0,1.1015605926513672
Jordon Garrick,defending,40.898464,42.0,1.1015357971191406
Laorent Shabani,defending,54.101078,53.0,1.1010780334472656
Ibrahim Cissoko,defending,30.899305,32.0,1.1006946563720703
Jusef Erabi,defending,26.099426,25.0,1.09942626953125
Marcelo Esponda,defending,60.099213,59.0,1.099212646484375
Ahmed Qasem,defending,35.096695,34.0,1.0966949462890625
Désiré Doué,defending,34.09529,33.0,1.0952911376953125
Ayman Aiki,defending,26.093157,25.0,1.0931568145751953
Florian Flick,defending,63.907204,65.0,1.0927963256835938
Joshua Cavallo,defending,52.092632,51.0,1.0926322937011719
Paxton Pomykal,defending,62.091354,61.0,1.0913543701171875
Berkan Taz,defending,32.09007,31.0,1.0900688171386719
Oisin Smyth,defending,46.91,48.0,1.0900001525878906
Duplexe Tchamba,defending,63.910763,65.0,1.0892372131347656
Bećir Omeragić,defending,64.91242,66.0,1.0875778198242188
Luca Kerber,defending,58.919003,60.0,1.0809974670410156
Killian Sardella,defending,59.920322,61.0,1.0796775817871094
Dylan Pierias,defending,51.07929,50.0,1.0792884826660156
Oisín McEntee,defending,56.921707,58.0,1.0782928466796875
John Kitolano,defending,56.076817,55.0,1.0768165588378906
Niklas May,defending,58.923656,60.0,1.0763435363769531
Jerry Skotadis,defending,54.0758,53.0,1.0758018493652344
Philipp Schulz,defending,57.924934,59.0,1.0750656127929688
Amin Farouk,defending,36.07383,35.0,1.0738296508789062
Marius Ștefănescu,defending,59.072887,58.0,1.0728874206542969
Sonny Cox,defending,22.92724,24.0,1.0727596282958984
Johan Karlsson,defending,53.92935,55.0,1.070648193359375
Efe-Kaan Sihlaroglu,defending,48.930717,50.0,1.0692825317382812
Angus Thurgate,defending,60.066353,59.0,1.0663528442382812
Henrik Heggheim,defending,63.934406,65.0,1.0655937194824219
Rémy Vita,defending,59.935078,61.0,1.0649223327636719
Paul Ramfangzauva,defending,48.06473,47.0,1.0647315979003906
Billy Koumetio,defending,59.93567,61.0,1.0643310546875
Abdourahmane Barry,defending,63.939888,65.0,1.0601119995117188
Jurgen Çelhaka,defending,61.059464,60.0,1.0594635009765625
Abdessamad Ezzalzouli,defending,28.05845,27.0,1.058450698852539
Marco Tilio,defending,38.945953,40.0,1.054046630859375
Phillip König,defending,35.94605,37.0,1.0539512634277344
Ciarán Kelly,defending,59.05259,58.0,1.0525894165039062
Paweł Olszewski,defending,59.052525,58.0,1.0525245666503906
Nathan Ferguson,defending,66.94894,68.0,1.0510635375976562
Brian Mansilla,defending,45.94901,47.0,1.0509910583496094
Marian Danciu,defending,30.048655,29.0,1.048654556274414
Ernest Boahene,defending,56.047913,55.0,1.04791259765625
Dion Krasniqi,defending,23.047722,22.0,1.0477218627929688
Ebrima Darboe,defending,61.955757,63.0,1.0442428588867188
Oskar van Hattum,defending,37.95626,39.0,1.0437393188476562
Matías Galarza,defending,59.95711,61.0,1.0428886413574219
Vedad Radonja,defending,59.96082,61.0,1.0391807556152344
Filippo Melegoni,defending,61.0386,60.0,1.0386009216308594
Agustín Baldi,defending,60.96226,62.0,1.0377388000488281
Franco Carboni,defending,58.962696,60.0,1.0373039245605469
Antonio Raimondo,defending,26.965612,28.0,1.0343875885009766
Zech Obiero,defending,34.966446,36.0,1.0335540771484375
Frederik Jäkel,defending,64.96737,66.0,1.0326309204101562
Jeremy Sarmiento,defending,30.03093,29.0,1.0309295654296875
Jerry Yates,defending,27.971708,29.0,1.0282917022705078
Dominic Solanke,defending,29.028276,28.0,1.0282764434814453
Nicholas Pennington,defending,60.027622,59.0,1.0276222229003906
Marvin Senger,defending,61.973312,63.0,1.0266876220703125
Dominic Thompson,defending,59.02501,58.0,1.0250091552734375
Juan Boselli,defending,24.024801,23.0,1.024801254272461
Marko Lazetić,defending,32.978386,34.0,1.0216140747070312
Tymoteusz Puchacz,defending,61.979588,63.0,1.0204124450683594
Valentín Gómez,defending,65.981804,67.0,1.0181961059570312
Cian Hayes,defending,27.017075,26.0,1.0170745849609375
Yaw Moses,defending,62.984356,64.0,1.0156440734863281
Ernest Terpiłowski,defending,26.015053,25.0,1.0150527954101562
Leo Greiml,defending,64.98587,66.0,1.014129638671875
Halil İbrahim Dervişoğlu,defending,37.98843,39.0,1.0115699768066406
Hormipam Ruivah,defending,56.989407,58.0,1.0105934143066406
Christopher Negele,defending,37.9903,39.0,1.0097007751464844
Sondre Fosnæss Hanssen,defending,59.990303,61.0,1.0096969604492188
Mohammed Tolba,defending,59.991272,61.0,1.00872802734375
Adam Wilk,defending,43.005085,42.0,1.0050849914550781
Samuel Folarin,defending,39.005047,38.0,1.0050468444824219
Andri Lucas Guðjohnsen,defending,27.003242,26.0,1.0032424926757812
Niklas Vesterlund,defending,59.000076,58.0,1.0000762939453125
Josué Escartin,defending,62.000546,63.0,0.9994544982910156
Emanuel Aiwu,defending,64.003105,65.0,0.9968948364257812
Paul Will,defending,61.00338,62.0,0.9966201782226562
Rory Jordan,defending,33.00427,34.0,0.9957313537597656
Mathieu Choinière,defending,60.0066,61.0,0.9934005737304688
Jibril Ibrahimi,defending,24.993073,24.0,0.993072509765625
Reda Khadra,defending,41.008453,42.0,0.991546630859375
Gonçalo Esteves,defending,64.99039,64.0,0.990386962890625
Amadou Sagna,defending,34.00982,35.0,0.9901809692382812
Ogechika Heil,defending,50.989075,50.0,0.98907470703125
Paul Lehmann,defending,55.01127,56.0,0.9887313842773438
Oliver Hammond,defending,48.01162,49.0,0.9883804321289062
Juan Arias,defending,59.012405,60.0,0.9875946044921875
Tani Oluwaseyi,defending,28.01321,29.0,0.9867897033691406
Ignacio Agustín Rodríguez,defending,52.01331,53.0,0.9866905212402344
Martin Šviderský,defending,62.01419,63.0,0.985809326171875
Nathan Bitumazala,defending,60.01501,61.0,0.9849891662597656
Kevin Ehlers,defending,66.98467,66.0,0.9846725463867188
Dominic Jefferies,defending,58.984398,58.0,0.9843978881835938
Jacob Wakeling,defending,21.983639,21.0,0.9836387634277344
Diego Calcaterra,defending,64.01787,65.0,0.9821319580078125
Gary Magnée,defending,60.01982,61.0,0.9801788330078125
Antoine Valério,defending,56.02198,57.0,0.9780197143554688
Yllan Okou,defending,62.022102,63.0,0.9778976440429688
Sorba Thomas,defending,49.973797,49.0,0.9737968444824219
Raphael Borges Rodrigues,defending,32.028313,33.0,0.9716873168945312
Paul-Philipp Besong,defending,28.029615,29.0,0.9703845977783203
Conor Noß,defending,31.029661,32.0,0.9703388214111328
Pat Jones,defending,29.969753,29.0,0.9697532653808594
Patryk Makuch,defending,26.965986,26.0,0.9659862518310547
Sofyan Chader,defending,22.965225,22.0,0.9652252197265625
Xander Martlé,defending,30.965145,30.0,0.9651451110839844
Jordan Williams,defending,62.96215,62.0,0.9621505737304688
Machop Chol,defending,26.959665,26.0,0.9596652984619141
Mehmet Ibrahimi,defending,29.04037,30.0,0.9596290588378906
Tommaso Baldanzi,defending,40.041405,41.0,0.9585952758789062
Alexandru Blidar,defending,37.95753,37.0,0.9575309753417969
Joseph Hungbo,defending,33.954777,33.0,0.9547767639160156
Komal Thatal,defending,26.954557,26.0,0.9545574188232422
Abderrahman Rebbach,defending,35.045715,36.0,0.95428466796875
Lars Lukas Mai,defending,64.04677,65.0,0.9532318115234375
Brandon Cooper,defending,62.049526,63.0,0.9504737854003906
Kik Pierie,defending,65.052246,66.0,0.94775390625
Killian Corredor,defending,24.945204,24.0,0.9452037811279297
Peter Kioso,defending,61.055904,62.0,0.9440956115722656
Sambou Soumano,defending,24.056232,25.0,0.9437675476074219
Josh Coburn,defending,22.93844,22.0,0.9384403228759766
Elies Mahmoud,defending,31.938437,31.0,0.9384365081787109
Fotis Ioannidis,defending,24.93815,24.0,0.9381504058837891
Youri Baas,defending,60.062077,61.0,0.9379234313964844
James McAtee,defending,40.062138,41.0,0.9378623962402344
Cristhian García,defending,59.06356,60.0,0.9364395141601562
Callum Slattery,defending,60.93567,60.0,0.9356689453125
Kyle Robinson,defending,25.065056,26.0,0.9349441528320312
Nathan Young-Coombes,defending,20.932808,20.0,0.9328079223632812
Mark Natta,defending,60.068336,61.0,0.9316635131835938
Szymon Czyż,defending,44.06864,45.0,0.9313583374023438
Lucas Rocrou,defending,26.930609,26.0,0.9306087493896484
Bartosz Slisz,defending,64.92716,64.0,0.9271621704101562
Harrison Ashby,defending,55.073322,56.0,0.9266777038574219
Oliver Fobassam,defending,59.075108,60.0,0.9248924255371094
Abdurrahim Dursun,defending,61.92468,61.0,0.9246788024902344
Bjarne Pudel,defending,60.07808,61.0,0.9219207763671875
Muhammed Uvais,defending,54.92051,54.0,0.9205093383789062
Grejohn Kyei,defending,26.083664,27.0,0.9163360595703125
Taylor Perry,defending,49.08469,50.0,0.9153099060058594
Thibaut Vargas,defending,62.084938,63.0,0.9150619506835938
Bradley Fink,defending,29.085157,30.0,0.9148426055908203
Aimen Moueffek,defending,64.085175,65.0,0.914825439453125
Karl Edouard Etta Eyong,defending,61.914776,61.0,0.9147758483886719
Felix Vrede Winther,defending,58.91441,58.0,0.9144096374511719
Suresh Wangjam,defending,49.914196,49.0,0.9141960144042969
Ali Makki,defending,56.086937,57.0,0.9130630493164062
Florian Hoxha,defending,54.912037,54.0,0.9120368957519531
Kacper Jodłowski,defending,55.90945,55.0,0.9094505310058594
Fabian Greilinger,defending,54.908394,54.0,0.9083938598632812
Thomas Williams,defending,51.094242,52.0,0.9057579040527344
Vesel Demaku,defending,62.904713,62.0,0.9047126770019531
Kamil Pestka,defending,63.097313,64.0,0.9026870727539062
Mukhair Al Rashidi,defending,55.901455,55.0,0.9014549255371094
Marko Johansson,defending,41.899174,41.0,0.8991737365722656
Abdulaziz Noor,defending,29.101099,30.0,0.8989009857177734
James Balagizi,defending,45.102535,46.0,0.8974647521972656
Daniel Chesters,defending,32.895832,32.0,0.8958320617675781
Thoiba Singh Moirangthem,defending,51.10455,52.0,0.8954505920410156
Kévin Cabral,defending,40.10536,41.0,0.8946418762207031
Michael Baldisimo,defending,58.893845,58.0,0.8938446044921875
Frank Junior Adjei,defending,24.106186,25.0,0.8938140869140625
Kevin Martin Krygård,defending,62.10696,63.0,0.8930397033691406
D'Mani Mellor,defending,41.10718,42.0,0.8928184509277344
Kelland Watts,defending,64.10928,65.0,0.890716552734375
Abdullah Al Shanqeeti,defending,52.110657,53.0,0.88934326171875
Hans Nicolussi Caviglia,defending,52.111633,53.0,0.88836669921875
John Ross Wilson,defending,54.112453,55.0,0.8875465393066406
Nohan Kenneh,defending,60.885845,60.0,0.8858451843261719
Di'Shon Bernard,defending,66.11795,67.0,0.882049560546875
Hussein Ali,defending,58.881386,58.0,0.8813858032226562
Kristers Tobers,defending,63.118702,64.0,0.8812980651855469
Gatlin O'Donkor,defending,25.881227,25.0,0.8812274932861328
Nabil Alioui,defending,27.878962,27.0,0.8789615631103516
Jesper Skau,defending,52.876556,52.0,0.876556396484375
Brahim Traoré,defending,62.12418,63.0,0.8758201599121094
Hugo Vetlesen,defending,60.12433,61.0,0.87567138671875
José Bolívar,defending,61.124577,62.0,0.8754234313964844
Luca Herrmann,defending,49.874496,49.0,0.8744964599609375
Tobias Kraulich,defending,62.87392,62.0,0.8739204406738281
Jonathan Afolabi,defending,23.871735,23.0,0.871734619140625
Luca Everink,defending,59.870533,59.0,0.8705329895019531
Dennis Jastrzembski,defending,34.13309,35.0,0.8669090270996094
Daniel Pereira,defending,58.862823,58.0,0.862823486328125
Jordi Osei-Tutu,defending,59.861523,59.0,0.8615226745605469
Mansour Al Shammari,defending,57.85919,57.0,0.85919189453125
Conor Masterson,defending,62.141754,63.0,0.858245849609375
Jordan Brown,defending,56.142017,57.0,0.8579826354980469
Benjamin Goller,defending,51.142334,52.0,0.857666015625
Caleb Wiley,defending,56.142357,57.0,0.8576431274414062
Sidi Sané,defending,42.14326,43.0,0.8567390441894531
Florent Muslija,defending,30.856712,30.0,0.8567123413085938
Jacky Donkor,defending,26.855688,26.0,0.8556880950927734
Amadou Keita,defending,37.144604,38.0,0.8553962707519531
Aniket Jadhav,defending,28.85481,28.0,0.8548107147216797
Mamadou Coulibaly,defending,63.146152,64.0,0.8538475036621094
Ibrahima Kébé,defending,64.146866,65.0,0.8531341552734375
Nathan Harriel,defending,63.147663,64.0,0.8523368835449219
Michael Ameyaw,defending,26.850828,26.0,0.8508281707763672
Žan Kolmanič,defending,56.14991,57.0,0.8500900268554688
Lisandru Tramoni,defending,38.150894,39.0,0.8491058349609375
Harry Van der Saag,defending,52.151073,53.0,0.8489265441894531
Nico Ochojski,defending,58.84877,58.0,0.8487701416015625
Cassius Mailula,defending,30.151524,31.0,0.8484764099121094
Casey Walls,defending,52.15194,53.0,0.8480606079101562
Zeno Ibsen Rossi,defending,61.841366,61.0,0.8413658142089844
Jeremy Ngakia,defending,67.158844,68.0,0.841156005859375
Mariusz Fornalczyk,defending,27.839424,27.0,0.8394241333007812
Ninthoi Meetei,defending,29.839226,29.0,0.8392257690429688
Lalrinliana Hnamte,defending,45.838215,45.0,0.8382148742675781
Felix Passlack,defending,65.162025,66.0,0.8379745483398438
Giordano Colli,defending,50.836807,50.0,0.8368072509765625
Juan José Giménez,defending,27.835796,27.0,0.8357963562011719
Ben Goodliffe,defending,61.16787,62.0,0.8321304321289062
Yari Otto,defending,41.169746,42.0,0.8302536010742188
Kolbeinn Birgir Finnsson,defending,60.170517,61.0,0.8294830322265625
Cody Johnson,defending,47.171627,48.0,0.8283729553222656
Marcus Ferkranus,defending,55.82746,55.0,0.8274612426757812
James Penrice,defending,58.174244,59.0,0.8257560729980469
Gabriel Vidović,defending,22.824768,22.0,0.82476806640625
Ahmed Longmire,defending,54.17855,55.0,0.8214492797851562
Jakub Myszor,defending,27.820873,27.0,0.8208732604980469
Joaquín Lavega,defending,26.82014,26.0,0.8201408386230469
Amario Cozier-Duberry,defending,28.819302,28.0,0.8193016052246094
Abdulelah Al Shammari,defending,33.81832,33.0,0.8183212280273438
Dujon Sterling,defending,64.183075,65.0,0.816925048828125
Tobi Omole,defending,53.183445,54.0,0.8165550231933594
Jack Rudoni,defending,59.184105,60.0,0.8158950805664062
Charlie Kelman,defending,26.815115,26.0,0.8151149749755859
Robbie Gotts,defending,54.812515,54.0,0.8125152587890625
Nigel Thomas,defending,27.811615,27.0,0.811614990234375
Teddy Alloh,defending,58.810802,58.0,0.8108024597167969
Jeriel Dorsett,defending,60.81032,60.0,0.8103218078613281
Brayann Pereira,defending,56.808674,56.0,0.8086738586425781
Maximilian Breunig,defending,24.19223,25.0,0.807769775390625
Yaw Ackah,defending,64.19304,65.0,0.8069610595703125
Achraf Douiri,defending,55.19475,56.0,0.8052482604980469
Owen Beck,defending,56.805077,56.0,0.8050765991210938
Maciej Rosołek,defending,26.802986,26.0,0.8029861450195312
Ousoumane Camara,defending,47.198334,48.0,0.801666259765625
Charlie Savage,defending,56.19872,57.0,0.8012809753417969
Tyler Goodrham,defending,41.202667,42.0,0.797332763671875
James Abankwah,defending,56.796623,56.0,0.7966232299804688
James Maxwell,defending,55.206905,56.0,0.7930946350097656
Enzo Cornelisse,defending,64.20947,65.0,0.79052734375
Fatih Kaya,defending,24.789402,24.0,0.7894020080566406
Hugo Vandermersch,defending,64.211075,65.0,0.7889251708984375
Aramide Oteh,defending,23.788538,23.0,0.7885379791259766
Robert Voloder,defending,59.21153,60.0,0.7884712219238281
Przemysław Wiśniewski,defending,65.78602,65.0,0.7860183715820312
Iván Flores,defending,56.216915,57.0,0.7830848693847656
Faride Alidou,defending,28.782183,28.0,0.7821826934814453
Alex Nolan,defending,35.781708,35.0,0.781707763671875
Juan José Heinze,defending,39.780334,39.0,0.78033447265625
Bruno Leyes,defending,60.22058,61.0,0.7794189453125
Victor Lind,defending,41.220673,42.0,0.779327392578125
Denilho Cleonise,defending,33.221527,34.0,0.778472900390625
Kamory Doumbia,defending,56.22322,57.0,0.7767791748046875
Nawaf Al Rashoudi,defending,31.776367,31.0,0.7763671875
Orest Lebedenko,defending,61.22372,62.0,0.7762794494628906
Mathis Lachuer,defending,55.775036,55.0,0.7750358581542969
Miloš Ćoćić,defending,32.22682,33.0,0.7731781005859375
Zidan Sertdemir,defending,46.226967,47.0,0.7730331420898438
Denis Benga,defending,51.2276,52.0,0.77239990234375
Brandon Soppy,defending,64.22901,65.0,0.7709884643554688
Billal Brahimi,defending,29.770063,29.0,0.7700634002685547
Markus Solbakken,defending,58.230015,59.0,0.7699851989746094
Emirhan İlkhan,defending,49.23275,50.0,0.7672500610351562
Harald Nilsen Tangen,defending,37.765663,37.0,0.7656631469726562
Betim Fazliji,defending,62.23458,63.0,0.7654190063476562
Jahkeele Marshall-Rutty,defending,51.236008,52.0,0.7639923095703125
Filip Olsson,defending,49.76396,49.0,0.7639617919921875
David Ajiboye,defending,38.763535,38.0,0.7635345458984375
Soyal Joshy,defending,50.763454,50.0,0.7634544372558594
Stefán Teitur Thórdarson,defending,59.237194,60.0,0.7628059387207031
Danny Amos,defending,55.762695,55.0,0.7626953125
Lasso Coulibaly,defending,34.758972,34.0,0.75897216796875
Liam Burt,defending,35.24113,36.0,0.7588691711425781
Paddy Lane,defending,53.757412,53.0,0.7574119567871094
Gustav Mortensen,defending,47.243343,48.0,0.7566566467285156
Eman Marković,defending,30.75559,30.0,0.7555904388427734
Waniss Taïbi,defending,52.245575,53.0,0.754425048828125
Muhammed Nemil,defending,35.751965,35.0,0.7519645690917969
Dylan Duffy,defending,43.24855,44.0,0.7514495849609375
Nikolaos Michelis,defending,62.248737,63.0,0.7512626647949219
Christian Saydee,defending,27.249025,28.0,0.7509746551513672
Ben Worman,defending,51.75082,51.0,0.7508201599121094
Dawid Kurminowski,defending,25.75056,25.0,0.7505607604980469
Abdoulaye Bakayoko,defending,63.250984,64.0,0.7490158081054688
Alexander Lind,defending,35.251884,36.0,0.7481155395507812
Joe-Loïc Affamah,defending,27.252157,28.0,0.7478427886962891
Can Keleş,defending,34.2524,35.0,0.7476005554199219
Matthew Dennis,defending,38.25299,39.0,0.74700927734375
Fraser Hornby,defending,24.253656,25.0,0.7463436126708984
Eirik Blikstad,defending,53.253864,54.0,0.7461357116699219
Jordan McEneff,defending,42.745995,42.0,0.7459945678710938
Rory Feely,defending,55.25426,56.0,0.7457389831542969
Franco Ortellado,defending,63.255295,64.0,0.7447052001953125
Lars Mogstad Ranger,defending,56.256153,57.0,0.7438468933105469
Stanisław Wawrzynowicz,defending,57.741123,57.0,0.7411231994628906
Lukas Gütlbauer,defending,41.740696,41.0,0.7406959533691406
Salvatore Esposito,defending,59.740486,59.0,0.7404861450195312
Donal Higgins,defending,49.259853,50.0,0.7401466369628906
Mimeirhel Benita,defending,57.260677,58.0,0.7393226623535156
Charlie Webster,defending,46.261223,47.0,0.7387771606445312
Jiteshwor Singh,defending,49.738453,49.0,0.7384529113769531
Jostin Alarcón,defending,61.262783,62.0,0.7372169494628906
Alex Saji,defending,53.735584,53.0,0.7355842590332031
Ayman Benarous,defending,38.735386,38.0,0.7353858947753906
Noah Smith,defending,54.7329,54.0,0.7328987121582031
Jewison Bennette,defending,27.731903,27.0,0.731903076171875
Jordan Meyer,defending,59.268364,60.0,0.7316360473632812
Kipp Keller,defending,56.73136,56.0,0.7313613891601562
Carl Gustafsson,defending,57.729885,57.0,0.7298851013183594
Manoj Mohammad,defending,48.729652,48.0,0.7296524047851562
Adam Carlén,defending,60.72896,60.0,0.7289581298828125
Matthew Bondswell,defending,55.27132,56.0,0.7286796569824219
Hussain Furayj,defending,52.72866,52.0,0.7286605834960938
Luca Hoole,defending,57.272247,58.0,0.727752685546875
Timur Gayret,defending,41.726612,41.0,0.7266120910644531
Jerry Lalrinzuala,defending,50.726254,50.0,0.7262535095214844
Anthony Markanich,defending,54.274746,55.0,0.7252540588378906
Eros Mancuso,defending,59.275208,60.0,0.72479248046875
Adrian Fein,defending,62.720818,62.0,0.7208175659179688
Musa Juwara,defending,28.720778,28.0,0.7207775115966797
Emil Kischka,defending,38.279606,39.0,0.7203941345214844
Bruno Gutiérrez,defending,56.2818,57.0,0.71820068359375
Dion Sanderson,defending,66.28199,67.0,0.7180099487304688
Tyrese Campbell,defending,32.2845,33.0,0.7154998779296875
Marlon Suliman Mustapha,defending,24.715271,24.0,0.71527099609375
Adrian Gryszkiewicz,defending,64.28478,65.0,0.7152175903320312
Felix Götze,defending,64.28484,65.0,0.7151565551757812
Rareș Ispas,defending,58.285797,59.0,0.714202880859375
Youri Regeer,defending,61.286392,62.0,0.7136077880859375
Marcel Wenig,defending,43.286545,44.0,0.7134552001953125
Dominik Reimann,defending,45.711147,45.0,0.7111473083496094
Tom Bayliss,defending,58.29012,59.0,0.7098808288574219
Mert Yusuf Torlak,defending,32.70696,32.0,0.7069587707519531
Denis Genreau,defending,64.70643,64.0,0.7064285278320312
Jonathan Leko,defending,34.294014,35.0,0.7059860229492188
Rijad Smajić,defending,60.295696,61.0,0.7043037414550781
Marco Nasti,defending,23.29605,24.0,0.7039508819580078
David Jaunegg,defending,55.296173,56.0,0.703826904296875
Tim Köther,defending,50.702637,50.0,0.70263671875
Thomas Himeur,defending,45.69936,45.0,0.6993598937988281
Jan Král,defending,62.301342,63.0,0.6986579895019531
Ludvig Carlius,defending,45.30298,46.0,0.697021484375
Victor Bobsin,defending,64.303665,65.0,0.6963348388671875
Jonas Sterner,defending,60.694687,60.0,0.6946868896484375
Brooklyn Ezeh,defending,59.69424,59.0,0.6942405700683594
Danylo Sikan,defending,25.306963,26.0,0.6930370330810547
Niklas Kölle,defending,59.692974,59.0,0.6929740905761719
Matúš Holíček,defending,31.689404,31.0,0.6894035339355469
Oscar Vilhelmsson,defending,28.31111,29.0,0.6888904571533203
Barry Cotter,defending,56.68884,56.0,0.6888389587402344
Filip Stevanović,defending,35.688744,35.0,0.6887435913085938
Kevin Bukusu,defending,61.312164,62.0,0.687835693359375
Aral Şimşir,defending,36.68724,36.0,0.6872406005859375
Manuel De Luca,defending,33.316433,34.0,0.6835670471191406
Kilian Ludewig,defending,58.68281,58.0,0.6828117370605469
Bartosz Białek,defending,34.317207,35.0,0.6827926635742188
Amin Sarr,defending,25.681936,25.0,0.6819362640380859
Pontus Kindberg,defending,47.319164,48.0,0.6808357238769531
Marius Ros,defending,57.319645,58.0,0.6803550720214844
Romeo Giovannini,defending,24.678717,24.0,0.6787166595458984
Frank Ronstadt,defending,61.322567,62.0,0.6774330139160156
Tyrhys Dolan,defending,41.324013,42.0,0.6759872436523438
Jack Nolan,defending,46.327892,47.0,0.6721076965332031
Brahian Palacios,defending,36.32901,37.0,0.670989990234375
Fritiof Hellichius,defending,44.329113,45.0,0.6708869934082031
Dominik Fitz,defending,32.329597,33.0,0.6704025268554688
Scott Wright,defending,28.329678,29.0,0.6703224182128906
Krystian Okoniewski,defending,24.329807,25.0,0.6701927185058594
Kenzo Goudmijn,defending,55.329838,56.0,0.6701622009277344
Rohit Danu,defending,25.329884,26.0,0.6701164245605469
Johan Kenneryd,defending,51.331112,52.0,0.6688880920410156
Yahya Al Najai,defending,27.33154,28.0,0.6684608459472656
Yan Dhanda,defending,42.665783,42.0,0.6657829284667969
Max Mata,defending,24.664074,24.0,0.6640739440917969
Odel Offiah,defending,61.33633,62.0,0.6636695861816406
Filip Stojilković,defending,28.339207,29.0,0.6607933044433594
Piotr Samiec-Talar,defending,28.34085,29.0,0.659149169921875
Alex Gilbert,defending,27.658194,27.0,0.6581935882568359
Tyler Walker,defending,35.342354,36.0,0.6576461791992188
Eniss Shabani,defending,53.3439,54.0,0.6561012268066406
Kerim Çalhanoğlu,defending,59.654285,59.0,0.6542854309082031
Aljoscha Kemlein,defending,55.653835,55.0,0.6538352966308594
Ben Bobzien,defending,28.346294,29.0,0.6537055969238281
Jobe Bellingham,defending,55.35043,56.0,0.6495704650878906
Kacper Smoliński,defending,58.64923,58.0,0.64923095703125
Halvor Rødølen Opsahl,defending,60.35217,61.0,0.6478309631347656
Freddie Draper,defending,25.647766,25.0,0.64776611328125
Muhammed Damar,defending,37.352352,38.0,0.6476478576660156
Noah Mbamba,defending,60.35254,61.0,0.6474609375
Jacob Shaffelburg,defending,51.35324,52.0,0.646759033203125
Brodie Spencer,defending,53.35328,54.0,0.6467208862304688
Tasos Douvikas,defending,33.35637,34.0,0.6436309814453125
Miles Leaburn,defending,26.643496,26.0,0.6434955596923828
Rico Richards,defending,26.64301,26.0,0.6430091857910156
Alexander Bernhardsson,defending,44.359512,45.0,0.6404876708984375
Ronan Boyce,defending,55.638523,55.0,0.6385231018066406
Daouda Guindo,defending,59.36231,60.0,0.6376914978027344
Cem Üstündag,defending,42.362408,43.0,0.6375923156738281
Isak Jansson,defending,40.36365,41.0,0.6363487243652344
Martin Samuelsen,defending,29.364338,30.0,0.6356620788574219
Faisal Ali,defending,29.63472,29.0,0.6347198486328125
Mario Šuver,defending,63.36817,64.0,0.6318283081054688
Marten Winkler,defending,23.369402,24.0,0.6305980682373047
Fisnik Asllani,defending,24.630098,24.0,0.6300983428955078
Omar El Hilali,defending,60.370533,61.0,0.6294670104980469
Carl Björk,defending,27.628004,27.0,0.6280040740966797
Tom Lacoux,defending,63.373264,64.0,0.6267356872558594
Harrison Burrows,defending,59.374897,60.0,0.6251029968261719
Giuseppe Caso,defending,27.623804,27.0,0.6238040924072266
Sakarias Opsahl,defending,60.376427,61.0,0.6235733032226562
James Connolly,defending,61.62268,61.0,0.6226806640625
Franco Orozco,defending,29.378508,30.0,0.6214923858642578
Fabian Nürnberger,defending,65.61676,65.0,0.61676025390625
Josh Earl,defending,64.383255,65.0,0.6167449951171875
Kyle Hurst,defending,29.61651,29.0,0.6165103912353516
Ramiro Sordo,defending,32.383846,33.0,0.6161537170410156
Kas de Wit,defending,39.38416,40.0,0.6158409118652344
Tomás Jacob,defending,60.384186,61.0,0.615814208984375
Gyan de Regt,defending,26.3842,27.0,0.6158008575439453
Samuel Giovane,defending,57.61477,57.0,0.6147689819335938
Milan Corryn,defending,48.38601,49.0,0.6139907836914062
Babajide Adeeko,defending,45.386745,46.0,0.6132545471191406
Andri Fannar Baldursson,defending,59.390217,60.0,0.6097831726074219
Ahmed Bahusayn,defending,48.391926,49.0,0.6080741882324219
Isaac Nuhu,defending,31.392889,32.0,0.6071109771728516
Carlos Esparragoza,defending,63.394302,64.0,0.6056976318359375
Kreshnik Krasniqi,defending,51.394646,52.0,0.6053543090820312
Alex Dunne,defending,47.39582,48.0,0.6041793823242188
Felix Strauss,defending,60.396294,61.0,0.6037063598632812
Cameron Peupion,defending,40.396694,41.0,0.6033058166503906
Tom Grivosti,defending,60.39839,61.0,0.6016082763671875
Youssef Amyn,defending,40.60154,40.0,0.6015396118164062
Viktor Widell,defending,50.601116,50.0,0.6011161804199219
Omari Hutchinson,defending,43.399067,44.0,0.6009330749511719
Daniel Hall,defending,63.595844,63.0,0.5958442687988281
Medon Berisha,defending,52.40416,53.0,0.5958404541015625
Jake Cain,defending,57.40451,58.0,0.595489501953125
Daan Rots,defending,33.407066,34.0,0.5929336547851562
Nicolas Popescu,defending,53.59283,53.0,0.5928306579589844
Magnus Warming,defending,32.40792,33.0,0.5920791625976562
Jack Moylan,defending,45.590973,45.0,0.590972900390625
Rafał Adamski,defending,20.589176,20.0,0.5891761779785156
Wisdom Amey,defending,59.41113,60.0,0.5888710021972656
Sebastian Kowalczyk,defending,43.58711,43.0,0.5871086120605469
Brian Jepthe Bayeye,defending,54.413334,55.0,0.5866661071777344
Gonzalo Nápoli,defending,63.58592,63.0,0.5859184265136719
Morgan Feeney,defending,61.414394,62.0,0.5856056213378906
Nicholas Bonfanti,defending,24.585041,24.0,0.5850410461425781
Antonios Papadopoulos,defending,63.41545,64.0,0.5845489501953125
Yayah Kallon,defending,22.584244,22.0,0.5842437744140625
Gonzalo Maroni,defending,42.583282,42.0,0.583282470703125
Agustín Chopitea,defending,63.58315,63.0,0.5831489562988281
Louis Breunig,defending,61.41834,62.0,0.5816612243652344
Julius Ertlthaler,defending,39.58114,39.0,0.5811386108398438
Javier Casas Jr.,defending,37.5779,37.0,0.5778999328613281
Csaba Bukta,defending,40.422432,41.0,0.5775680541992188
Magnus Christensen,defending,62.422646,63.0,0.5773544311523438
Valentín Sánchez,defending,42.4246,43.0,0.5754013061523438
José David Romero,defending,21.571024,21.0,0.5710239410400391
Omar Megeed,defending,27.570969,27.0,0.5709686279296875
Paul Kalambayi,defending,61.568966,61.0,0.5689659118652344
Simone Canestrelli,defending,64.43269,65.0,0.5673065185546875
Tolaji Bola,defending,56.56599,56.0,0.5659904479980469
Andrea Oliveri,defending,36.435146,37.0,0.5648536682128906
Kevin Wiethaup,defending,38.563156,38.0,0.5631561279296875
Devin Sür,defending,36.43727,37.0,0.5627288818359375
Philip Otele,defending,27.561508,27.0,0.5615081787109375
Logan Delaurier-Chaubet,defending,28.439531,29.0,0.5604686737060547
Osaze Urhoghide,defending,60.44133,61.0,0.5586700439453125
Lenny Joseph,defending,21.441463,22.0,0.5585365295410156
Michael Venturi,defending,65.44238,66.0,0.5576171875
Jamie Mullins,defending,28.557354,28.0,0.5573539733886719
Matthew Bozinovski,defending,52.44294,53.0,0.5570602416992188
John Nelson,defending,60.4433,61.0,0.55670166015625
Mathys Tel,defending,26.556597,26.0,0.5565967559814453
Narender Gahlot,defending,53.443665,54.0,0.55633544921875
Rodrigo Saravia,defending,63.443882,64.0,0.5561180114746094
Samuel Edozie,defending,28.555561,28.0,0.5555610656738281
Kwadwo Opoku,defending,36.553535,36.0,0.5535354614257812
Alexander Oroz,defending,27.553085,27.0,0.5530853271484375
Adrian Gantenbein,defending,56.44737,57.0,0.5526313781738281
Chris Sze,defending,22.551847,22.0,0.5518474578857422
Dylan Nealis,defending,61.44835,62.0,0.5516510009765625
Dru Yearwood,defending,65.54918,65.0,0.5491790771484375
Zinédine Ould Khaled,defending,60.547005,60.0,0.5470046997070312
Wouter Burger,defending,61.45314,62.0,0.5468597412109375
Cameron Congreve,defending,31.546415,31.0,0.5464153289794922
Ellis Taylor,defending,41.45379,42.0,0.5462112426757812
Thijs Dallinga,defending,26.454327,27.0,0.5456733703613281
Colm Whelan,defending,33.455505,34.0,0.54449462890625
Jhon Durán,defending,25.54358,25.0,0.5435791015625
Niko Vukancic,defending,56.45666,57.0,0.5433387756347656
Oliver Antman,defending,37.457684,38.0,0.5423164367675781
Marvin Mehlem,defending,50.459583,51.0,0.5404167175292969
Allan Linguet,defending,62.539772,62.0,0.5397720336914062
Jeakson Singh,defending,58.460236,59.0,0.539764404296875
Adrian Nilsen Pereira,defending,59.537968,59.0,0.5379676818847656
Issouf Sissokho,defending,65.537544,65.0,0.5375442504882812
Keke Topp,defending,25.462519,26.0,0.5374813079833984
Nishan Velupillay,defending,31.463715,32.0,0.536285400390625
Isaak Davies,defending,23.535818,23.0,0.5358180999755859
Sammie Szmodics,defending,47.465355,48.0,0.5346450805664062
Abdoulaye Kamara,defending,57.465763,58.0,0.5342369079589844
Aymen Boutoutaou,defending,32.466377,33.0,0.5336227416992188
Tobias Fleckstein,defending,63.46654,64.0,0.5334587097167969
Festy Ebosele,defending,56.469215,57.0,0.5307846069335938
Michael Halliday,defending,49.52909,49.0,0.5290908813476562
Daniel Eid,defending,57.52651,57.0,0.5265083312988281
Sascha Horvath,defending,48.5262,48.0,0.5261993408203125
Leandro Lozano,defending,64.473946,65.0,0.5260543823242188
Ibrahim El Kadiri,defending,22.47396,23.0,0.5260391235351562
Iván Leguizamón,defending,36.523735,36.0,0.5237350463867188
Finlay Pollock,defending,39.477016,40.0,0.5229835510253906
Tayo Adaramola,defending,53.52287,53.0,0.5228691101074219
Dean Williams,defending,25.477505,26.0,0.5224952697753906
Oliver Larraz,defending,45.52208,45.0,0.5220794677734375
Niklas Geyrhofer,defending,64.47841,65.0,0.5215911865234375
Oliver Valaker Edvardsen,defending,45.480976,46.0,0.5190238952636719
Jakob Breum,defending,34.518982,34.0,0.51898193359375
Görkem Sağlam,defending,53.48129,54.0,0.5187110900878906
Noah Weißhaupt,defending,32.51857,32.0,0.5185699462890625
Abdulkerim Çakar,defending,28.481564,29.0,0.5184364318847656
Valentin Ticu,defending,59.48257,60.0,0.5174293518066406
Miłosz Matysik,defending,63.483402,64.0,0.5165977478027344
Florian Dietz,defending,25.516487,25.0,0.5164871215820312
Robert Wagner,defending,58.484444,59.0,0.5155563354492188
Wungngayam Muirang,defending,51.48769,52.0,0.5123100280761719
Uran Bislimi,defending,54.511616,54.0,0.5116157531738281
Ervin Omić,defending,59.48913,60.0,0.5108718872070312
Tim Rossmann,defending,27.509455,27.0,0.5094547271728516
Johan Arath Gómez,defending,37.492977,38.0,0.5070228576660156
Samuel Shashoua,defending,38.493896,39.0,0.506103515625
Ibrahima Koné,defending,31.505945,31.0,0.5059452056884766
Bernhard Zimmermann,defending,30.494476,31.0,0.505523681640625
William Mikelbrencis,defending,60.501915,60.0,0.5019149780273438
Ethan Ingram,defending,51.499447,52.0,0.5005531311035156
Cian Kavanagh,defending,25.500439,25.0,0.5004386901855469
Konrad Matuszewski,defending,56.500504,57.0,0.4994964599609375
Richard Ledezma,defending,46.50212,47.0,0.4978790283203125
Szymon Włodarczyk,defending,21.502895,22.0,0.4971046447753906
Maksym Kucheriavyi,defending,32.50333,33.0,0.4966697692871094
Máximo Perrone,defending,67.4962,67.0,0.4962005615234375
Nasser Al Bishi,defending,34.49538,34.0,0.4953804016113281
Christoph Lang,defending,33.493656,33.0,0.4936561584472656
Ragnar Ache,defending,27.506891,28.0,0.49310874938964844
Jack MacKenzie,defending,60.491486,60.0,0.491485595703125
George Tanner,defending,61.50899,62.0,0.4910087585449219
Ernest Poku,defending,28.509403,29.0,0.4905967712402344
Cas Odenthal,defending,66.50978,67.0,0.4902191162109375
Joel Senior,defending,53.510075,54.0,0.4899253845214844
Iván Tapia,defending,52.510162,53.0,0.489837646484375
Marco Rus,defending,33.487617,33.0,0.48761749267578125
Lewis Billington,defending,50.48628,50.0,0.4862785339355469
August Mikkelsen,defending,33.485573,33.0,0.48557281494140625
Louis Torres,defending,56.51589,57.0,0.4841117858886719
Jusuf Gazibegović,defending,63.516304,64.0,0.48369598388671875
Billy Mitchell,defending,65.48162,65.0,0.48162078857421875
Ramy Najjarine,defending,38.47894,38.0,0.4789390563964844
Meiko Sponsel,defending,59.522724,60.0,0.4772758483886719
Cameron Duke,defending,50.522797,51.0,0.477203369140625
Tim Lemperle,defending,32.476696,32.0,0.4766960144042969
Jong-min Seo,defending,38.476696,38.0,0.4766960144042969
Anders Dahl,defending,50.523586,51.0,0.4764137268066406
Aaron Ramsey,defending,49.525314,50.0,0.4746856689453125
Noah Naujoks,defending,54.47428,54.0,0.47428131103515625
Simon Olsson,defending,55.4739,55.0,0.47389984130859375
Mohammed Abbas,defending,54.473145,54.0,0.47314453125
Andre Dozzell,defending,61.528145,62.0,0.47185516357421875
Steven Bradley,defending,25.528257,26.0,0.4717426300048828
Jay Stansfield,defending,25.528412,26.0,0.471588134765625
Vincenzo Millico,defending,30.471243,30.0,0.47124290466308594
Connor O'Toole,defending,55.5295,56.0,0.4705009460449219
Jonny Yull,defending,41.46905,41.0,0.4690513610839844
Reece Devine,defending,56.46791,56.0,0.4679107666015625
Noah Katterbach,defending,65.532936,66.0,0.46706390380859375
Mateusz Praszelik,defending,39.465614,39.0,0.46561431884765625
Jonathan Panzo,defending,67.46539,67.0,0.46539306640625
Suwailem Al Menhali,defending,49.537643,50.0,0.4623565673828125
Runar Norheim,defending,45.53836,46.0,0.461639404296875
Alexandru Jipa,defending,42.461395,42.0,0.461395263671875
Eduard Radaslavescu,defending,46.461212,46.0,0.461212158203125
Antonio Jonjić,defending,31.461143,31.0,0.46114349365234375
Bent Andresen,defending,53.53957,54.0,0.4604301452636719
Mattia Zanotti,defending,59.539635,60.0,0.46036529541015625
Kian Harratt,defending,23.459568,23.0,0.4595680236816406
Keanan Bennetts,defending,42.541977,43.0,0.4580230712890625
Sydney van Hooijdonk,defending,26.543005,27.0,0.45699501037597656
Agustín Sández,defending,63.454514,63.0,0.4545135498046875
Ryan Stirk,defending,57.451614,57.0,0.4516143798828125
Miguel Monsalve,defending,34.54935,35.0,0.4506492614746094
Benedict Hollerbach,defending,27.44771,27.0,0.4477100372314453
Max Melbourne,defending,58.44702,58.0,0.447021484375
Isaac Hutchinson,defending,54.444458,54.0,0.4444580078125
Connor McLennan,defending,45.55613,46.0,0.44387054443359375
Princeton Rebello,defending,50.443645,50.0,0.4436454772949219
Ayush Adhikari,defending,49.557198,50.0,0.44280242919921875
Ibrahima Baldé,defending,19.561033,20.0,0.4389667510986328
Timothy Tillman,defending,45.438923,45.0,0.4389228820800781
Hussain Sibyani,defending,47.43727,47.0,0.4372711181640625
Jubril Okedina,defending,63.4361,63.0,0.4361000061035156
Matthew Hoppe,defending,24.433905,24.0,0.43390464782714844
Kastriot Imeri,defending,56.56625,57.0,0.4337501525878906
Noel Törnqvist,defending,45.56782,46.0,0.4321784973144531
Lukas Boeder,defending,63.568336,64.0,0.43166351318359375
Serge Ngoma,defending,38.43092,38.0,0.4309196472167969
Erik Botheim,defending,27.430182,27.0,0.43018150329589844
Niklas Jessen,defending,41.4295,41.0,0.4295005798339844
Kyrylo Melichenko,defending,60.57052,61.0,0.42948150634765625
Kostyantyn Vivcharenko,defending,57.42896,57.0,0.4289588928222656
Yahya Kalley,defending,55.42807,55.0,0.428070068359375
Dženis Burnić,defending,63.572132,64.0,0.4278678894042969
Roko Šimić,defending,26.427073,26.0,0.42707252502441406
Johan Bakayoko,defending,29.573063,30.0,0.4269371032714844
Burak Kapacak,defending,49.573807,50.0,0.4261932373046875
Santiago Moreno,defending,51.42378,51.0,0.4237785339355469
George Horbury,defending,41.422764,41.0,0.4227638244628906
Anton Sorenson,defending,50.422295,50.0,0.42229461669921875
Ben Lederman,defending,55.42068,55.0,0.4206809997558594
Jayden Richardson,defending,55.42027,55.0,0.4202690124511719
Nicklas Shipnoski,defending,26.41954,26.0,0.4195404052734375
Souffian El Karouani,defending,61.580788,62.0,0.41921234130859375
Meritan Shabani,defending,34.581642,35.0,0.41835784912109375
Engson Singh,defending,34.417404,34.0,0.4174041748046875
Niclas Holm Pedersen,defending,25.416918,25.0,0.4169178009033203
Yvandro Borges Sanches,defending,52.585777,53.0,0.41422271728515625
Ari Leifsson,defending,62.58638,63.0,0.4136199951171875
Adrien Lebeau,defending,46.588078,47.0,0.4119224548339844
Abhishek Suryavanshi,defending,35.588146,36.0,0.4118537902832031
Fabian Rieder,defending,50.588184,51.0,0.4118156433105469
Warren Bondo,defending,58.41089,58.0,0.410888671875
Jacob Ondrejka,defending,45.58924,46.0,0.41075897216796875
Jack Aitchison,defending,25.41072,25.0,0.4107208251953125
Aaron Pressley,defending,23.589653,24.0,0.41034698486328125
Sidney Raebiger,defending,54.589836,55.0,0.41016387939453125
Fredrik Oppegård,defending,58.590103,59.0,0.4098968505859375
Yanis Cimignani,defending,51.59253,52.0,0.407470703125
Joel Cotterill,defending,46.59453,47.0,0.4054718017578125
Richard Chin,defending,49.595127,50.0,0.4048728942871094
Abdullah Al Hamdan,defending,33.595165,34.0,0.4048347473144531
Aleksander D. Nilsson,defending,50.596165,51.0,0.4038352966308594
Issa Fomba,defending,28.597454,29.0,0.4025459289550781
Lawrence Ennali,defending,27.599606,28.0,0.4003944396972656
El Hadji Dieye,defending,28.601526,29.0,0.39847373962402344
Nathanael Ogbeta,defending,60.398342,60.0,0.3983421325683594
Jesurun Rak-Sakyi,defending,24.396488,24.0,0.3964881896972656
Dženan Pejčinović,defending,23.603521,24.0,0.39647865295410156
Nils Rossen,defending,53.395485,53.0,0.39548492431640625
Lewis Richardson,defending,26.395037,26.0,0.3950366973876953
Gerrit Gohlke,defending,60.60583,61.0,0.3941688537597656
Ismet Lushaku,defending,50.606777,51.0,0.3932228088378906
Aldo Florenzi,defending,50.607243,51.0,0.3927574157714844
Josh Hawkes,defending,36.3923,36.0,0.3922996520996094
Kevin Felida,defending,60.39218,60.0,0.392181396484375
Thomas Van Den Keybus,defending,61.609505,62.0,0.39049530029296875
Oliver Burke,defending,37.387527,37.0,0.3875274658203125
Edvin Becirovic,defending,26.616854,27.0,0.3831462860107422
Collin Smith,defending,51.380913,51.0,0.38091278076171875
Robin Hack,defending,32.61973,33.0,0.3802680969238281
Laurenz Dehl,defending,45.619766,46.0,0.3802337646484375
Bünyamin Balcı,defending,63.620594,64.0,0.3794059753417969
Lucas Kåhed,defending,30.623005,31.0,0.3769950866699219
Niall Morahan,defending,54.625393,55.0,0.3746070861816406
Justin Rasmussen,defending,54.37439,54.0,0.3743896484375
Hassan Al Mohammed,defending,50.373795,50.0,0.3737945556640625
Sergio Oregel,defending,34.373608,34.0,0.3736076354980469
Arthur Zagré,defending,57.372185,57.0,0.37218475341796875
Luis Zárate,defending,63.62819,64.0,0.3718109130859375
Fabian Wilfinger,defending,43.62835,44.0,0.37165069580078125
Demba Seck,defending,30.371168,30.0,0.3711681365966797
Osame Sahraoui,defending,45.37043,45.0,0.37042999267578125
Sumit Rathi,defending,49.629665,50.0,0.3703346252441406
Aaron Zehnter,defending,56.630413,57.0,0.3695869445800781
Alex Monis,defending,28.63107,29.0,0.3689308166503906
Dirk Asare,defending,51.366585,51.0,0.36658477783203125
Luke Harris,defending,37.365177,37.0,0.3651771545410156
Igor Matanović,defending,32.635498,33.0,0.364501953125
Kenji Cabrera,defending,50.63641,51.0,0.3635902404785156
Julian Baas,defending,54.63666,55.0,0.3633384704589844
Nicholas Mickelson,defending,56.63719,57.0,0.3628082275390625
Kylian Kouassi,defending,33.362408,33.0,0.3624076843261719
Tomasz Makowski,defending,60.36169,60.0,0.3616905212402344
Juan Cruz Esquivel,defending,23.361311,23.0,0.3613109588623047
Gene Kennedy,defending,51.36126,51.0,0.36125946044921875
Doğucan Haspolat,defending,65.360596,65.0,0.360595703125
Sadou Diallo,defending,55.35989,55.0,0.3598899841308594
Folarin Balogun,defending,22.640627,23.0,0.3593730926513672
Allan Arigoni,defending,58.358078,58.0,0.3580780029296875
Casper Øyvann,defending,61.642097,62.0,0.35790252685546875
Rafik Guitane,defending,31.356884,31.0,0.3568840026855469
Sem Steijn,defending,33.64413,34.0,0.3558692932128906
Liam Thompson,defending,60.64441,61.0,0.3555908203125
Emmanuel Fernandez,defending,55.353474,55.0,0.3534736633300781
Florian Engelhardt,defending,53.646736,54.0,0.35326385498046875
Mark Doyle,defending,31.647373,32.0,0.3526268005371094
Akash Mishra,defending,55.350586,55.0,0.3505859375
Woyo Coulibaly,defending,58.349262,58.0,0.3492622375488281
Lion Semić,defending,55.34821,55.0,0.3482093811035156
Noel Niemann,defending,29.348026,29.0,0.3480262756347656
Jovan Marković,defending,30.652668,31.0,0.3473320007324219
Luca Oyen,defending,38.653065,39.0,0.3469352722167969
Luke Le Roux,defending,59.346928,59.0,0.3469276428222656
Jasper van der Werff,defending,67.34567,67.0,0.345672607421875
Georg Strauch,defending,55.34478,55.0,0.34477996826171875
Dominik Steczyk,defending,27.65541,28.0,0.3445892333984375
Łukasz Łakomy,defending,61.342598,61.0,0.34259796142578125
Jean-Mattéo Bahoya,defending,38.34254,38.0,0.3425407409667969
Kevin Doukoure,defending,61.65801,62.0,0.3419914245605469
Oleg Ocheretko,defending,35.341347,35.0,0.34134674072265625
Rhys Hughes,defending,45.659542,46.0,0.3404579162597656
Aleks Ławniczak,defending,62.65955,63.0,0.3404502868652344
Naatan Skyttä,defending,43.339493,43.0,0.3394927978515625
James Gale,defending,35.66182,36.0,0.3381805419921875
Nassim Boujellab,defending,50.338135,50.0,0.338134765625
Lennon Gill,defending,25.662098,26.0,0.3379020690917969
Bryan Okoh,defending,61.336555,61.0,0.33655548095703125
Derry John Murkin,defending,57.33634,57.0,0.33634185791015625
Slobodan Tedić,defending,24.665167,25.0,0.33483314514160156
Carlton Morris,defending,31.665293,32.0,0.33470726013183594
Abdulaziz Makin,defending,36.334675,36.0,0.3346748352050781
Yannis Letard,defending,63.334084,63.0,0.33408355712890625
Kyliane Dong,defending,22.665937,23.0,0.3340625762939453
Bendegúz Bolla,defending,59.66985,60.0,0.3301506042480469
Florian Miguel,defending,66.32977,66.0,0.32977294921875
Chem Campbell,defending,40.670803,41.0,0.3291969299316406
Cole Palmer,defending,45.671337,46.0,0.3286628723144531
Matthis Abline,defending,23.328354,23.0,0.3283538818359375
Federico Bonazzoli,defending,27.672464,28.0,0.32753562927246094
Lennart Czyborra,defending,61.324425,61.0,0.32442474365234375
Ross Tierney,defending,54.322575,54.0,0.3225746154785156
Semi Belkahia,defending,63.321754,63.0,0.32175445556640625
Anders Klynge,defending,61.3179,61.0,0.317901611328125
Samed Onur,defending,29.31453,29.0,0.3145294189453125
Gbemi Arubi,defending,24.685919,25.0,0.31408119201660156
Mario Bratu,defending,28.311546,28.0,0.31154632568359375
Ahmed Al Ghamdi,defending,41.311283,41.0,0.3112831115722656
Willem Geubbels,defending,25.68884,26.0,0.3111591339111328
Yunus Bahadır,defending,54.310997,54.0,0.31099700927734375
Eric Uhlmann,defending,55.689632,56.0,0.3103675842285156
Philippe Paulin Keny,defending,28.691017,29.0,0.30898284912109375
Quinn Sullivan,defending,47.308613,47.0,0.3086128234863281
Joe White,defending,50.692444,51.0,0.30755615234375
Tomás Galván,defending,35.30718,35.0,0.3071784973144531
Francis Momoh,defending,25.307066,25.0,0.3070659637451172
Adam Devine,defending,53.30686,53.0,0.30686187744140625
Emanuel Emegha,defending,30.306032,30.0,0.3060321807861328
Aaron Drewe,defending,50.694633,51.0,0.30536651611328125
Ishaq Abdulrazak,defending,58.30494,58.0,0.30493927001953125
Kyle Knoyle,defending,55.695366,56.0,0.30463409423828125
Callum Styles,defending,63.696827,64.0,0.3031730651855469
Dylan Mbayo,defending,28.697172,29.0,0.3028278350830078
Güven Yalçın,defending,23.302734,23.0,0.302734375
Sebastian Aigner,defending,57.30192,57.0,0.3019218444824219
Kacper Chodyna,defending,59.30184,59.0,0.30184173583984375
Lee Buchanan,defending,63.698803,64.0,0.3011970520019531
Emil Benny,defending,41.699318,42.0,0.30068206787109375
Julian Guttau,defending,38.30066,38.0,0.3006591796875
Paul Nebel,defending,29.297428,29.0,0.2974281311035156
Million Manhoef,defending,60.296585,60.0,0.2965850830078125
Marcus Forss,defending,38.70456,39.0,0.295440673828125
Hassan Ndam,defending,60.70546,61.0,0.2945404052734375
Theocharis Tsingaras,defending,66.70686,67.0,0.2931365966796875
Noa Savignac,defending,28.707136,29.0,0.2928638458251953
Taïryk Arconte,defending,28.291416,28.0,0.2914161682128906
Logan Ndenbe,defending,60.290543,60.0,0.2905426025390625
Gökhan Gül,defending,62.709705,63.0,0.2902946472167969
Patrick Sontheimer,defending,60.71025,61.0,0.2897491455078125
Dion Kacuri,defending,37.28965,37.0,0.28964996337890625
Hendry Antonay,defending,47.28945,47.0,0.28945159912109375
Anton Tsarenko,defending,34.71288,35.0,0.2871208190917969
Bastien Toma,defending,63.286636,63.0,0.2866363525390625
Jalen Hawkins,defending,24.285872,24.0,0.2858715057373047
Benjamin Böckle,defending,59.281868,59.0,0.28186798095703125
Anton Kade,defending,25.281534,25.0,0.28153419494628906
Dijon Kameri,defending,38.278954,38.0,0.27895355224609375
Jamie Shackleton,defending,64.27301,64.0,0.27301025390625
Dion De Neve,defending,49.27145,49.0,0.2714500427246094
Ben Knight,defending,28.270536,28.0,0.2705364227294922
Emir Tintiş,defending,56.729996,57.0,0.2700042724609375
Luca Kronberger,defending,35.268734,35.0,0.2687339782714844
Abdelwahed Wahib,defending,55.26704,55.0,0.2670402526855469
Salem Al Toiawy,defending,46.7344,47.0,0.2655982971191406
Leo Walta,defending,46.263687,46.0,0.2636871337890625
Nadir Zortea,defending,65.73666,66.0,0.26334381103515625
Göktan Gürpüz,defending,44.26276,44.0,0.2627601623535156
Vladislav Molchan,defending,60.737793,61.0,0.26220703125
Johannes Naschberger,defending,55.260006,55.0,0.2600059509277344
Matty Daly,defending,53.740257,54.0,0.25974273681640625
Joel Tabiner,defending,45.258724,45.0,0.2587242126464844
Michał Rakoczy,defending,42.257572,42.0,0.2575721740722656
Oskar Leśniak,defending,34.257423,34.0,0.25742340087890625
Marius Cioiu,defending,36.74271,37.0,0.2572898864746094
Róbert Boženík,defending,31.255344,31.0,0.2553443908691406
Tom Rothe,defending,59.745205,60.0,0.2547950744628906
Asish Rai,defending,54.74558,55.0,0.2544212341308594
Mounaïm El Idrissy,defending,28.745838,29.0,0.2541618347167969
Mohamed Amoura,defending,45.253952,45.0,0.2539520263671875
Sander Risan Mørk,defending,52.747883,53.0,0.2521171569824219
Cameron Windust,defending,55.251656,55.0,0.25165557861328125
Ziyad Larkeche,defending,53.250614,53.0,0.2506141662597656
Aventis Aventisian,defending,57.751095,58.0,0.24890518188476562
Calvin Harris,defending,32.752636,33.0,0.24736404418945312
Joscha Wosz,defending,49.247272,49.0,0.24727249145507812
Ricky-Jade Jones,defending,28.24327,28.0,0.2432708740234375
Nick Bätzner,defending,55.756977,56.0,0.24302291870117188
Tiago José Geralnik,defending,37.241577,37.0,0.2415771484375
Michael Obafemi,defending,22.758799,23.0,0.24120140075683594
Rodney Elongo-Yombo,defending,40.240414,40.0,0.24041366577148438
Sævar Atli Magnússon,defending,32.239204,32.0,0.23920440673828125
Karol Świderski,defending,31.761442,32.0,0.2385578155517578
Boubacar Fofana,defending,29.238222,29.0,0.2382221221923828
Maciej Żurawski,defending,50.237823,50.0,0.237823486328125
Bobby Adekanye,defending,30.237436,30.0,0.23743629455566406
Mamadou Jobe,defending,50.7637,51.0,0.23630142211914062
Gastón González,defending,39.76485,40.0,0.23514938354492188
Jacques Ekomié,defending,62.76674,63.0,0.2332611083984375
Ignace Van der Brempt,defending,59.767838,60.0,0.2321624755859375
Daniel Oyegoke,defending,59.23187,59.0,0.23186874389648438
Stefano Russo,defending,60.769077,61.0,0.23092269897460938
Bryan Nokoue,defending,58.229942,58.0,0.22994232177734375
Pablo Pagis,defending,20.770557,21.0,0.22944259643554688
Julian Gaines,defending,47.771263,48.0,0.22873687744140625
Junior Tchamadeu,defending,55.22866,55.0,0.22866058349609375
Jay Rich-Baghuelou,defending,56.228203,56.0,0.22820281982421875
Evan Ferguson,defending,21.226482,21.0,0.22648239135742188
Deroy Duarte,defending,60.774586,61.0,0.22541427612304688
Sajal Bag,defending,43.22509,43.0,0.22509002685546875
Sebastian Pasquali,defending,54.22486,54.0,0.22486114501953125
Lex-Tyger Lobinger,defending,27.775417,28.0,0.22458267211914062
Loris Mouyokolo,defending,60.775436,61.0,0.2245635986328125
Alex Méndez,defending,48.77547,49.0,0.22452926635742188
Obed Vargas,defending,54.775734,55.0,0.22426605224609375
Herbie Kane,defending,59.776974,60.0,0.22302627563476562
Belal Halbouni,defending,60.77768,61.0,0.222320556640625
Adam Long,defending,57.218937,57.0,0.21893692016601562
David Zalazar,defending,33.2189,33.0,0.21889877319335938
Arnór Sigurðsson,defending,41.21869,41.0,0.21868896484375
Ayrton Paz,defending,53.781506,54.0,0.21849441528320312
Samuel Loric,defending,63.216965,63.0,0.2169647216796875
Grégory Coelho,defending,59.21689,59.0,0.216888427734375
Marin Ljubičić,defending,24.216833,24.0,0.21683311462402344
Luca Bolay,defending,49.21682,49.0,0.21681976318359375
Habib Sylla,defending,61.785038,62.0,0.21496200561523438
Karim Zedadka,defending,57.214745,57.0,0.21474456787109375
Miguel Reichmuth,defending,52.787285,53.0,0.21271514892578125
Maciej Śliwa,defending,46.21178,46.0,0.21178054809570312
Josh Coley,defending,28.210934,28.0,0.21093368530273438
Agustín Cayetano,defending,65.789085,66.0,0.21091461181640625
Giacomo Quagliata,defending,61.789772,62.0,0.21022796630859375
Yadaly Diaby,defending,32.210197,32.0,0.21019744873046875
Tjay De Barr,defending,29.208542,29.0,0.2085418701171875
Jake Garrett,defending,60.791492,61.0,0.20850753784179688
Eber Moreno,defending,61.792465,62.0,0.2075347900390625
Francisco Marco,defending,61.205025,61.0,0.20502471923828125
William Osula,defending,22.204437,22.0,0.204437255859375
Josh Reid,defending,57.20391,57.0,0.20391082763671875
Ethan Chislett,defending,52.20385,52.0,0.20384979248046875
Adrian Benedyczak,defending,31.797152,32.0,0.2028484344482422
Evan Haddock,defending,49.797657,50.0,0.20234298706054688
Facundo Buonanotte,defending,25.201385,25.0,0.201385498046875
Torben Müsel,defending,28.200314,28.0,0.20031356811523438
Enzo Luna,defending,30.200043,30.0,0.200042724609375
Iron Gomis,defending,57.19911,57.0,0.19910812377929688
Randy Schneider,defending,35.19902,35.0,0.1990203857421875
Ciaran Brennan,defending,60.198883,60.0,0.198883056640625
Jackson Tchatchoua,defending,58.198654,58.0,0.1986541748046875
Deian Verón,defending,53.80248,54.0,0.19752120971679688
Fabian Holst-Larsen,defending,48.80304,49.0,0.19696044921875
Frankie Amaya,defending,63.803665,64.0,0.1963348388671875
Arquimides Ordoñez,defending,25.195713,25.0,0.19571304321289062
Drissa Camara,defending,50.80556,51.0,0.19443893432617188
Bruno Portugal,defending,31.805689,32.0,0.19431114196777344
Josh Campbell,defending,59.8057,60.0,0.19430160522460938
Luis Carlos Rodríguez,defending,55.80737,56.0,0.19263076782226562
Sarpreet Singh,defending,47.809555,48.0,0.1904449462890625
Filip Trpcevski,defending,26.186937,26.0,0.1869373321533203
Anass Zaroury,defending,26.813288,27.0,0.18671226501464844
Facundo Bruera,defending,28.185041,28.0,0.1850414276123047
Nick Otto,defending,58.815193,59.0,0.18480682373046875
Baba Alhassan,defending,58.81694,59.0,0.1830596923828125
Devendra Murgaonkar,defending,25.817762,26.0,0.1822376251220703
Juljan Shehu,defending,61.817932,62.0,0.18206787109375
Clarke Oduor,defending,56.81795,57.0,0.18204879760742188
Alexandru Ișfan,defending,34.181957,34.0,0.18195724487304688
Dean James,defending,59.818203,60.0,0.18179702758789062
Archie Goodwin,defending,24.178991,24.0,0.17899131774902344
Jonathan Rowe,defending,27.178946,27.0,0.17894554138183594
Jakub Kałuziński,defending,59.177803,59.0,0.17780303955078125
Daniel Karlsbakk,defending,27.177412,27.0,0.1774120330810547
Sylvester Jasper,defending,39.176895,39.0,0.1768951416015625
Ethan Hamilton,defending,60.17642,60.0,0.17641830444335938
Josh Tymon,defending,61.82441,62.0,0.17559051513671875
Mauro Méndez,defending,34.17541,34.0,0.17541122436523438
Kreshnik Hajrizi,defending,59.17508,59.0,0.175079345703125
Axel Guessand,defending,59.174637,59.0,0.1746368408203125
Rarmani Edmonds-Green,defending,66.17427,66.0,0.1742706298828125
Sam Greenwood,defending,52.17248,52.0,0.17248153686523438
Luc Ihorst,defending,28.829063,29.0,0.17093658447265625
Hugo Vogel,defending,53.168694,53.0,0.16869354248046875
Daniel Bunk,defending,33.16738,33.0,0.16738128662109375
Dion Pereira,defending,33.833126,34.0,0.16687393188476562
Shayne Pattynama,defending,55.16635,55.0,0.166351318359375
Ibrahima Cissé,defending,59.834156,60.0,0.16584396362304688
Sherel Floranus,defending,60.83423,61.0,0.165771484375
David Savic,defending,56.165207,56.0,0.1652069091796875
Richmond Tachie,defending,27.834919,28.0,0.16508102416992188
Scott Smith,defending,46.164375,46.0,0.16437530517578125
Dominik Becker,defending,61.836163,62.0,0.16383743286132812
Jonathan Tomkinson,defending,61.16342,61.0,0.163421630859375
Lars Olden Larsen,defending,51.837284,52.0,0.16271591186523438
Dylan Teves,defending,43.839684,44.0,0.16031646728515625
Lasse Sørensen,defending,59.8404,60.0,0.15959930419921875
Brandan Craig,defending,54.155872,54.0,0.15587234497070312
Oliver Batista Meier,defending,30.84418,31.0,0.1558208465576172
El Bilal Touré,defending,22.844511,23.0,0.1554889678955078
Kayden Pierre,defending,45.845108,46.0,0.1548919677734375
Olaus Jair Skarsem,defending,56.154682,56.0,0.15468215942382812
Yusuf Sarı,defending,31.845692,32.0,0.15430831909179688
Hicham Mahou,defending,38.84591,39.0,0.15409088134765625
Dixon Vera,defending,48.15372,48.0,0.15372085571289062
Abdoullah Ba,defending,54.1531,54.0,0.15309906005859375
Jesper Adolfsson,defending,56.152744,56.0,0.15274429321289062
Lewis Macari,defending,58.848892,59.0,0.1511077880859375
Ianis Stoica,defending,28.849968,29.0,0.15003204345703125
Shaqai Forde,defending,27.851088,28.0,0.1489124298095703
Pascal Müller,defending,53.85171,54.0,0.14828872680664062
Yehvann Diouf,defending,45.146835,45.0,0.1468353271484375
Cyrill Akono,defending,27.85321,28.0,0.14678955078125
Christian Viet,defending,59.145725,59.0,0.14572525024414062
Julián Malatini,defending,61.144672,61.0,0.14467239379882812
Thierry Lutonda,defending,58.855434,59.0,0.14456558227539062
Simone Panada,defending,60.143757,60.0,0.14375686645507812
Elias Achouri,defending,28.143671,28.0,0.14367103576660156
Anis Mehmeti,defending,53.857204,54.0,0.14279556274414062
Andrea Danzi,defending,59.857964,60.0,0.14203643798828125
Bryang Kayo,defending,57.13975,57.0,0.13975143432617188
Zico Buurmeester,defending,57.860554,58.0,0.13944625854492188
Ian Smeulers,defending,56.13726,56.0,0.13726043701171875
Oğuz Aydın,defending,31.13698,31.0,0.1369800567626953
Daniel Pik,defending,28.136908,28.0,0.13690757751464844
Kyle Taylor,defending,51.863605,52.0,0.13639450073242188
Julian Krahl,defending,31.134542,31.0,0.13454246520996094
Samba Lélé Diba,defending,45.133656,45.0,0.13365554809570312
Sunusi Ibrahim,defending,23.133575,23.0,0.133575439453125
Giuliano Simeone,defending,25.868368,26.0,0.13163185119628906
Vladyslav Vanat,defending,24.128582,24.0,0.12858200073242188
Stefan Škrbo,defending,43.128544,43.0,0.12854385375976562
Christian Schmidt,defending,24.128378,24.0,0.12837791442871094
Denis Rența,defending,49.8725,50.0,0.12749862670898438
Joe Tomlinson,defending,57.127045,57.0,0.127044677734375
Théo Magnin,defending,54.12664,54.0,0.12664031982421875
Badredine Bouanani,defending,31.125948,31.0,0.1259479522705078
Maximiliano González,defending,62.87432,63.0,0.12567901611328125
Silas Nwankwo,defending,27.125061,27.0,0.12506103515625
Callum Wright,defending,57.123528,57.0,0.12352752685546875
Cameron McJannet,defending,59.877487,60.0,0.1225128173828125
Greg Kiltie,defending,46.12207,46.0,0.1220703125
Michał Skóraś,defending,39.879116,40.0,0.12088394165039062
Connor Mahoney,defending,37.879402,38.0,0.12059783935546875
Jordan Lawrence-Gabriel,defending,63.118885,63.0,0.11888504028320312
Kaide Gordon,defending,25.11748,25.0,0.11747932434082031
Jack Armer,defending,57.117138,57.0,0.11713790893554688
Isaiah Parente,defending,45.11661,45.0,0.11661148071289062
Sanjeev Stalin,defending,50.88415,51.0,0.11584854125976562
Matías Pellegrini,defending,48.885147,49.0,0.1148529052734375
Merlin Röhl,defending,59.114357,59.0,0.11435699462890625
Erdon Daci,defending,25.110403,25.0,0.11040306091308594
Phillip Cancar,defending,60.10899,60.0,0.10898971557617188
Jojea Kwizera,defending,36.89255,37.0,0.10744857788085938
D'Margio Wright-Phillips,defending,27.893549,28.0,0.10645103454589844
Fisayo Dele-Bashiru,defending,57.105183,57.0,0.10518264770507812
Guillermo Balzi,defending,51.10501,51.0,0.105010986328125
Divin Mubama,defending,24.104656,24.0,0.10465621948242188
Brynjar Ingi Bjarnason,defending,63.104275,63.0,0.10427474975585938
Žan Celar,defending,27.10321,27.0,0.10321044921875
Finn Surman,defending,59.103172,59.0,0.10317230224609375
Kimberly Ezekwem,defending,60.897472,61.0,0.10252761840820312
Mert Yılmaz,defending,56.10162,56.0,0.10161972045898438
Maximilian Beier,defending,24.899076,25.0,0.10092353820800781
Albian Hajdari,defending,59.100266,59.0,0.1002655029296875
Naci Ünüvar,defending,36.90068,37.0,0.0993194580078125
Bilal Boutobba,defending,21.900839,22.0,0.09916114807128906
Evann Guessand,defending,25.098906,25.0,0.09890556335449219
Mirza Cihan,defending,33.098755,33.0,0.0987548828125
José Gómez,defending,62.90209,63.0,0.09791183471679688
Doru Andrei,defending,34.09785,34.0,0.09785079956054688
Dylan Williams,defending,54.902817,55.0,0.0971832275390625
Sékou Mara,defending,25.90477,26.0,0.0952301025390625
Gabriel Kirejczyk,defending,26.905937,27.0,0.09406280517578125
Patrick Vroegh,defending,56.094013,56.0,0.09401321411132812
Tom Zimmerschied,defending,36.093204,36.0,0.09320449829101562
Ben Jackson,defending,59.092785,59.0,0.09278488159179688
Abdul Fatawu Issahaku,defending,34.907234,35.0,0.09276580810546875
Abdoulaye Cissoko,defending,60.091633,60.0,0.09163284301757812
Brian Gutiérrez,defending,37.091248,37.0,0.09124755859375
Boris Singh,defending,49.088974,49.0,0.0889739990234375
Nawaf Boushal,defending,60.088276,60.0,0.08827590942382812
Elias Hoff Melkersen,defending,29.91231,30.0,0.08769035339355469
Tommaso Cassandro,defending,59.91302,60.0,0.08697891235351562
Casper Tengstedt,defending,30.913256,31.0,0.08674430847167969
Kacper Urbański,defending,40.916607,41.0,0.08339309692382812
Yankuba Minteh,defending,23.081942,23.0,0.08194160461425781
Julius Kade,defending,62.081238,62.0,0.08123779296875
Lukas Pinckert,defending,58.919,59.0,0.08100128173828125
Alan Nuñez,defending,53.920273,54.0,0.0797271728515625
Zack Farnsworth,defending,55.9243,56.0,0.0756988525390625
Ismaël Boura,defending,63.07494,63.0,0.07493972778320312
Jason Ceka,defending,27.925518,28.0,0.07448196411132812
Sebastian Saftig,defending,47.074364,47.0,0.07436370849609375
Karol Knap,defending,61.07322,61.0,0.07321929931640625
Sanders Ngabo,defending,46.071983,46.0,0.07198333740234375
Noah Rupp,defending,42.070026,42.0,0.07002639770507812
Adam Petersson,defending,53.93043,54.0,0.06956863403320312
Daniel Butterworth,defending,35.06886,35.0,0.06885910034179688
Darian Males,defending,36.068336,36.0,0.06833648681640625
Charles Boli,defending,45.068317,45.0,0.06831741333007812
Jack Milne,defending,50.934406,51.0,0.06559371948242188
Alexandre Phliponeau,defending,60.065525,60.0,0.06552505493164062
Franklin Tebo Uchenna,defending,58.065453,58.0,0.06545257568359375
Andy Cannon,defending,59.935673,60.0,0.06432723999023438
Oskar Wójcik,defending,56.936848,57.0,0.06315231323242188
Femi Seriki,defending,53.06283,53.0,0.06283187866210938
Abdul Rabeeh,defending,43.06257,43.0,0.06256866455078125
Vegard Kongsro,defending,54.93784,55.0,0.062160491943359375
Jordan Holsgrove,defending,53.93911,54.0,0.06089019775390625
Nathan Tjoe-A-On,defending,58.060856,58.0,0.060855865478515625
Chris Hegardt,defending,40.939457,41.0,0.060543060302734375
Santiago Herrera,defending,36.06026,36.0,0.060260772705078125
Arvin Appiah,defending,27.940094,28.0,0.059906005859375
Ellis Simms,defending,26.05894,26.0,0.058940887451171875
Sonny Perkins,defending,24.05811,24.0,0.058109283447265625
Maximilian Sellinger,defending,55.057953,55.0,0.057952880859375
Moritz Römling,defending,55.05773,55.0,0.05773162841796875
Mamady Diambou,defending,59.05562,59.0,0.0556182861328125
Malcolm Ebiowei,defending,38.055233,38.0,0.055233001708984375
Hady Camara,defending,60.055138,60.0,0.05513763427734375
Noah Shamoun,defending,37.94652,38.0,0.053478240966796875
Glenn McConnell,defending,42.047146,42.0,0.047145843505859375
Thomas Rekdal,defending,42.04656,42.0,0.046558380126953125
Luca D'Andrea,defending,38.953796,39.0,0.04620361328125
Alexander Ranacher,defending,54.041977,54.0,0.0419769287109375
Erencan Yardımcı,defending,26.958504,27.0,0.04149627685546875
Timothy Noor Ouma,defending,38.039543,38.0,0.03954315185546875
Paweł Stolarski,defending,57.960476,58.0,0.039524078369140625
Luca Jaquez,defending,53.96127,54.0,0.038730621337890625
Josh Benson,defending,60.038544,60.0,0.038543701171875
Alassana Jatta,defending,27.962088,28.0,0.03791236877441406
Caolán Boyd-Munce,defending,45.037533,45.0,0.037532806396484375
Justo Giani,defending,24.963087,25.0,0.03691291809082031
Antonio Nusa,defending,40.03608,40.0,0.03607940673828125
Deepak Tangri,defending,56.03599,56.0,0.035991668701171875
Cristian Volpato,defending,38.964256,39.0,0.03574371337890625
Tyrell Warren,defending,59.03552,59.0,0.035518646240234375
Kelvin Arase,defending,31.034136,31.0,0.03413581848144531
Alfie Lewis,defending,56.96791,57.0,0.0320892333984375
Martin Agnarsson,defending,47.032055,47.0,0.032054901123046875
Cameron Archer,defending,25.030348,25.0,0.030347824096679688
Nilson Angulo,defending,34.029915,34.0,0.02991485595703125
Max Thompson,defending,25.029684,25.0,0.029684066772460938
Oisin Gallagher,defending,40.970768,41.0,0.029232025146484375
Derry Scherhant,defending,23.027378,23.0,0.027378082275390625
Michael Ruhs,defending,40.97282,41.0,0.027179718017578125
Mohammed Al Abdullah,defending,41.974453,42.0,0.025547027587890625
Amadou Bakayoko,defending,41.024868,41.0,0.024868011474609375
Max Cleworth,defending,59.022484,59.0,0.02248382568359375
Mads Frøkjær-Jensen,defending,50.022453,50.0,0.02245330810546875
Ayman Azhil,defending,59.978725,60.0,0.021274566650390625
Erik Majetschak,defending,62.018684,62.0,0.01868438720703125
Emiliano Viveros,defending,45.01853,45.0,0.01853179931640625
David Bendrik,defending,49.017723,49.0,0.01772308349609375
Laurin Ulrich,defending,45.017395,45.0,0.01739501953125
Mohamed Farsi,defending,55.01635,55.0,0.01634979248046875
Lautaro Ovando,defending,22.983723,23.0,0.016277313232421875
Mehdi Loune,defending,43.015385,43.0,0.015384674072265625
Paxten Aaronson,defending,37.013138,37.0,0.0131378173828125
Gonzalo Álvez,defending,24.988016,25.0,0.011983871459960938
Oscar Schönfelder,defending,47.011913,47.0,0.011913299560546875
Jaylin Lindsey,defending,61.01184,61.0,0.0118408203125
Mika Biereth,defending,28.988382,29.0,0.011617660522460938
Dirk Proper,defending,64.01158,64.0,0.0115814208984375
Cemali Sertel,defending,63.011078,63.0,0.011077880859375
Nachon Nsingi,defending,25.989223,26.0,0.010776519775390625
Ryan Graydon,defending,32.010357,32.0,0.010356903076171875
Mario Stroeykens,defending,29.991438,30.0,0.008562088012695312
Igor Strzałek,defending,37.006767,37.0,0.00676727294921875
Daniel Stynes,defending,43.993385,44.0,0.00661468505859375
Nikolas Agrafiotis,defending,24.994244,25.0,0.005756378173828125
Oliver Alfonsi,defending,41.00567,41.0,0.00566864013671875
Kostandinos Grozos,defending,53.994488,54.0,0.005512237548828125
Nassim Innocenti,defending,60.00545,60.0,0.005451202392578125
Nigel Lonwijk,defending,65.00478,65.0,0.00478363037109375
Felipe Valencia,defending,22.995684,23.0,0.0043163299560546875
Simen Bolkan Nordli,defending,48.99649,49.0,0.003509521484375
Aaron Anthony Connolly,defending,21.000137,,
Aaron Braithwaite,defending,45.029472,,
Aaron Davis,defending,45.66023,,
Aaron Doran,defending,36.808064,,
Aaron Facundo Quiroz,defending,62.72776,,
Aaron Graham John Collins,defending,27.870548,,
Aaron Joseph McGowan,defending,60.204453,,
Aaron Leya Iseka,defending,25.21448,,
Aaron Maurice O'Driscoll,defending,57.338585,,
Aaron Nassur Kamardin,defending,60.837814,,
Aaron Opoku-Tiawiah,defending,38.748894,,
Aaron Paul Morley,defending,61.29692,,
Aaron Sebastián Astudillo Quiñones,defending,51.888687,,
Aarón Rodrigues,defending,56.920982,,
Ababacar Moustapha Lô,defending,59.316868,,
Abakar Loubadhe Sylla,defending,61.50895,,
Abasa Aremeyaw,defending,52.547916,,
Abbas Sadiq Al Hassan,defending,50.014996,,
Abd-Al-Ali Morakinyo Olaposi Koiki,defending,58.5011,,
Abdallah Basit,defending,44.28853,,
Abdallahi Mohamed Mahmoud,defending,60.907333,,
Abdel Zagré,defending,25.153316,,
Abdelkahar Kadri,defending,58.992878,,
Abdelrahman Saidi,defending,41.13312,,
Abdoulaye Niakhate Ndiaye,defending,59.527306,,
Abdoulaye Sissako,defending,63.500893,,
Abdoulaye Sylla,defending,61.116875,,
Abdoulie Jallow,defending,34.800682,,
Abdul Malik Abubakari,defending,27.205002,,
Abdulaziz Al Yousef,defending,20.768362,,
Abdulkadir Taşdan,defending,45.604866,,
Abdulkareem Al Muzayil,defending,46.942944,,
Abdullah Dijlan Aydın,defending,48.78909,,
Abdullah Hadi Radif,defending,22.960064,,
Abdullah Nahar Al Shammari,defending,49.206314,,
Abdullah Yiğiter,defending,36.40238,,
Abdulmohsen Al Qahtani,defending,25.5032,,
Abdulrahman Mutlaq Al-Dawsari,defending,53.654526,,
Abdulrahman Saad,defending,25.88298,,
Abel Alejandro Bustos,defending,58.016403,,
Abel Bretones Cruz,defending,45.70394,,
Abel Eric Moreno Vargas,defending,54.40762,,
Abel William Stensrud,defending,21.737793,,
Abou-Malal Ba,defending,63.55327,,
Aboubacar Dit Boubou Konté,defending,32.521595,,
Aboubacar Kobele Keita,defending,62.111897,,
Aboubakary Yeli Koita,defending,46.96117,,
Abraham Del Moral Rando,defending,60.190323,,
Abraham Ifoghale Odoh,defending,43.55609,,
Abu-Bekir Ömer El-Zein,defending,42.670383,,
Abzi Diyaeddine,defending,57.115143,,
Achraf Madi,defending,51.775784,,
Adalberto Eliécer Carrasquilla Alcázar,defending,58.82305,,
Adam Armour,defending,48.95789,,
Adam Daghim,defending,40.689262,,
Adam Esparza Saldaña,defending,50.547184,,
Adam Fletcher Randell,defending,56.319286,,
Adam Griger,defending,27.812563,,
Adam Jan Chrzanowski,defending,59.93182,,
Adam Jeremy Pavlesic,defending,45.70722,,
Adam John May,defending,55.38702,,
Adam Jozef Przybek,defending,23.377352,,
Adam Kieran O'Reilly,defending,56.43594,,
Adam Lovatt,defending,45.029877,,
Adam McCaffrey,defending,41.68388,,
Adam Porter,defending,42.916855,,
Adam Ratajczyk,defending,26.770828,,
Adam Uche Idah,defending,23.237902,,
Adama Fofana,defending,57.881058,,
Adan George,defending,21.295053,,
Aday Ercan,defending,56.10395,,
Ade Oguns,defending,34.781403,,
Ademipo Ibrahim Odubeko,defending,23.695091,,
Adisu Bayew,defending,26.546335,,
Admiral Dalindlela Muskwe,defending,29.631227,,
Adnan Ugur,defending,60.70411,,
Adnane Abid,defending,21.416012,,
Adrian Bukowski,defending,52.3753,,
Adrian Costi Marian Moescu,defending,53.632504,,
Adrian Gheorghe Șut,defending,64.38534,,
Adrian Mihai Gîdea,defending,30.29382,,
Adrian Mihai Ioniță,defending,54.62881,,
Adrian Sandach,defending,45.65523,,
Adrian Segecic,defending,32.95211,,
Adrian Soboń,defending,32.401554,,
Adrian Szczutowski,defending,25.46369,,
Adrian Sæther,defending,45.56818,,
Adrian Łyszczarz,defending,34.59175,,
Adriano Firmino da Silva,defending,59.184322,,
Adrien Delphis,defending,43.1506,,
Adrià Altimira Reynaldos,defending,59.56045,,
Adrián Bernabé García,defending,55.09017,,
Adrián Butzke Benavides,defending,22.894442,,
Adrián González Moyano,defending,45.664894,,
Adrián López Garrote,defending,29.304811,,
Adrián Rodríguez Giménez,defending,45.503113,,
Adrián de la Fuente Barquilla,defending,64.33753,,
Aeron Zinga,defending,22.747618,,
Afeez Aremu Olalekan,defending,67.283325,,
Afonso Gamelas De Pinho Sousa,defending,57.239212,,
Afonso Manuel Abreu Freitas,defending,59.76006,,
Agon Muçolli,defending,35.57984,,
Agustín Barcellos,defending,59.639072,,
Agustín Da Silveira Muñoa,defending,64.75887,,
Agustín Hausch,defending,28.606894,,
Agustín Lastra,defending,45.50914,,
Agustín Nicolás Mulet,defending,60.513077,,
Agustín Santurio,defending,34.17721,,
Agustín Univaso,defending,23.74568,,
Agustín Álvarez Wallace,defending,61.647964,,
Ahmad Toure Ngouyamsa Nounchil,defending,61.911583,,
Ahmed El Messaoudi,defending,64.365974,,
Ahmed Kutucu,defending,40.821518,,
Ahmet Ege Gürleyen,defending,60.130013,,
Ahmet Gülay,defending,57.12295,,
Ahmet Karademir,defending,33.561756,,
Ahoueke Steeve Kévin Denkey,defending,27.353947,,
Aidan Thomas Stone,defending,43.975384,,
Aidan Will Barlow,defending,40.378216,,
Aiden Connor O'Neill,defending,62.135876,,
Aiden McFadden,defending,56.89824,,
Ail Fuad Mohammed Hassan,defending,52.01003,,
Aimar Oroz Huarte,defending,51.142284,,
Aimar Sher,defending,50.76016,,
Aitor Paredes Casamichana,defending,61.902714,,
Akinkunmi Ayobami Amoo,defending,28.235243,,
Akinlolu Richard Olamide Famewo,defending,63.34651,,
Akinwale Joseph Odimayo,defending,61.959766,,
Akshunna Tyagi,defending,20.16628,,
Al Hassan Toure,defending,29.498846,,
Alaa Hamad Bakir,defending,31.639734,,
Alai Hussain Ghasem,defending,50.242077,,
Alan Francisco Rodríguez Armoa,defending,58.06516,,
Alan Godoy Domínguez,defending,28.697844,,
Alan Jonathan Patrício Botelho,defending,68.32942,,
Alan Madaliński,defending,45.59954,,
Alan Nicolás Marinelli,defending,35.30761,,
Alan Paredes,defending,58.18378,,
Alan Steve Minda García,defending,26.776295,,
Alan Steven Franco Palma,defending,60.707466,,
Alassane Sidibe,defending,52.37762,,
Albert Grønbæk Erlykke,defending,58.452976,,
Albert Palmberg Thorsen,defending,20.490858,,
Albert Tivadar Stahl,defending,39.601215,,
Albert-Nicolas Lottin,defending,58.88211,,
Alberto Hórreo Taveras,defending,45.613903,,
Alberto Martín Díaz,defending,51.443134,,
Alberto Moreno Rebanal,defending,52.774033,,
Alberto del Moral Saelices,defending,61.37538,,
Albie Robert Morgan,defending,55.29741,,
Albin Mörfelt,defending,40.109688,,
Albin Zackarias Lohikangas,defending,52.967926,,
Aldair Ccorahua,defending,27.40198,,
Aldair Edgardo Peña Torres,defending,45.729225,,
Aldair Neves Paulo Faustino,defending,64.85725,,
Aldreyby Parra,defending,52.13755,,
Alec Hugo Deneumostier Ortmann,defending,67.49921,,
Alejandro Alvarado,defending,43.563038,,
Alejandro Asensio Crespillo,defending,42.074898,,
Alejandro Balboa Bandeira,defending,46.65452,,
Alejandro Barbudo Lorenzo,defending,61.08844,,
Alejandro Blanco Sánchez,defending,36.65261,,
Alejandro Cantero Sánchez,defending,28.161177,,
Alejandro Carbonell Vallés,defending,61.207767,,
Alejandro Domingo Gómez,defending,54.76411,,
Alejandro Domínguez Romero,defending,45.582508,,
Alejandro Garnacho Ferreyra,defending,24.652206,,
Alejandro Iturbe Encabo,defending,45.657623,,
Alejandro José Marqués Méndez,defending,32.8419,,
Alejandro Millán Iranzo,defending,34.218605,,
Alejandro Orellana Gómez,defending,58.7852,,
Alejandro Pachón Párraga,defending,39.684734,,
Alejandro Padilla Pérez,defending,45.664864,,
Alejandro Primo Hernández,defending,45.697247,,
Alejandro Pérez Castroviejo,defending,31.358713,,
Alejandro Pérez Cea,defending,62.123074,,
Alejandro Ramos Rodríguez,defending,55.9117,,
Alejandro Revuelta Montero,defending,60.402534,,
Alejandro Rodríguez Lorite,defending,55.655285,,
Alejandro Sola López-Ocaña,defending,61.45518,,
Alejandro Suárez Cardero,defending,49.965965,,
Alejandro Zendejas Saavedra,defending,39.626328,,
Alejo Antilef,defending,53.695885,,
Aleksandar Boljević,defending,28.800188,,
Aleksander Biermann Stenseth,defending,26.200077,,
Aleksander Gajgier,defending,53.73279,,
Aleksander Pawlak,defending,57.829914,,
Alessandro Albanese,defending,47.026505,,
Alessandro Cortinovis,defending,54.787407,,
Alessandro Fiordaliso,defending,59.639465,,
Alessandro Lombardi,defending,55.890675,,
Alessandro Mallamo,defending,54.7973,,
Alessandro Russo,defending,45.496906,,
Alessandro Tripaldelli,defending,61.511116,,
Alex Aguilar,defending,61.37749,,
Alex Arthur Rufer,defending,58.919334,,
Alex Bangura,defending,61.75714,,
Alex Byrne,defending,47.38348,,
Alex Duncan Hartridge,defending,60.797836,,
Alex Emilio Timossi Andersson,defending,30.453848,,
Alex Forés Mendoza,defending,33.785793,,
Alex Juárez,defending,59.57288,,
Alex Matías Ibacache Mora,defending,59.409103,,
Alex Vigo Gamaliel,defending,62.10599,,
Alexandar Borković,defending,64.135315,,
Alexander Ballegaard Ammitzbøll,defending,27.82435,,
Alexander Díaz,defending,31.52315,,
Alexander Ernesto Aravena Guzmán,defending,25.380615,,
Alexander García,defending,55.410385,,
Alexander John Hunt,defending,51.217823,,
Alexander Joseph Gersbach,defending,60.641197,,
Alexander Larsson,defending,23.982382,,
Alexander Michael Bass,defending,26.348104,,
Alexander Munksgaard Nielsen,defending,61.521152,,
Alexander Parsons,defending,25.552202,,
Alexander Prokopenko,defending,25.405664,,
Alexander Sosa,defending,21.636522,,
Alexander William Cochrane,defending,63.200436,,
Alexandre Penetra Correia,defending,67.7672,,
Alexandro Ezequiel Bernabei,defending,59.729233,,
Alexandros Safarikas,defending,45.550148,,
Alexandru Constantin Chilili,defending,52.548473,,
Alexandru Crivac,defending,53.09557,,
Alexandru Despa,defending,22.516739,,
Alexandru Florescu,defending,20.049995,,
Alexandru Grigoraș Pantea,defending,58.615894,,
Alexandru Irinel Mățan,defending,35.428875,,
Alexandru Laurențiu Oroian,defending,28.55004,,
Alexandru Mihai Ilie,defending,32.427326,,
Alexandru Petre,defending,47.182346,,
Alexandru Pătlăgică,defending,48.003544,,
Alexi Paul Pitu,defending,28.856834,,
Alexis Adelin Beka Beka,defending,66.6415,,
Alexis Amadeo Sabella,defending,54.909576,,
Alexis Antunes Gomez,defending,33.391594,,
Alexis David Duarte Pereira,defending,68.503006,,
Alexis Francisco Flores,defending,61.708767,,
Alexis Steimbach,defending,48.7314,,
Alexis Trouillet,defending,59.873867,,
Alexsandro de Souza Ribeiro,defending,63.72565,,
Alfie Bridgman,defending,37.498447,,
Alfie Burnett,defending,45.65472,,
Alfie Malik Whiteman,defending,34.255188,,
Alfons Amade,defending,61.616013,,
Alfons Nygaard,defending,20.961203,,
Alfonso González Martínez,defending,30.685041,,
Alfonso Ocampo-Chávez,defending,25.927273,,
Alfonso Simarra,defending,59.44588,,
Alfonso Trezza Hernández,defending,52.317146,,
Alfred Lalroutsang,defending,26.834578,,
Alhagi Marie Touray Sisay,defending,35.311474,,
Alhassan Yusuf Abdullahi,defending,62.82567,,
Ali Al Salem,defending,51.624973,,
Ali Demirel,defending,39.214767,,
Ali Ibrahim Karim Ali Al-Hamadi,defending,20.006033,,
Aliou Badara Traore,defending,53.60815,,
Alistair Edward McCann,defending,65.61952,,
Alistair Oluwashaun Smith,defending,56.0928,,
Almoatasim Siddiq,defending,24.963509,,
Alois Dominik Oroz,defending,62.343723,,
Aloyayari Abdulmalik,defending,52.582535,,
Aloïs Penin,defending,57.368057,,
Amad Diallo Traoré,defending,24.67052,,
Amadou Dia Ndiaye,defending,27.545963,,
Amadou Doumbouya,defending,23.658327,,
Amankwaa Akurugu,defending,57.07617,,
Amar Ahmed Fatah,defending,28.485985,,
Amar Gerxhaliu,defending,54.00189,,
Amay Caprice,defending,57.312973,,
Ameen Al-Dakhil,defending,60.79152,,
Amel Mujanić,defending,40.584072,,
Amin Al-Hamawi,defending,22.056793,,
Amir Ismaïl,defending,21.904043,,
Amirhossein Hosseinzadeh,defending,38.534557,,
Amjhad Nazih,defending,45.43876,,
Anargyros Kampetsis,defending,27.58402,,
Anas Bakhat,defending,43.94851,,
Ander Iruarrizaga Díez,defending,45.676754,,
Ander Martín Odriozola,defending,50.496513,,
Anders Bloch Bærtelsen,defending,60.88357,,
Anders Hartveit Ryste,defending,25.244081,,
Anderson Arroyo Córdoba,defending,66.92898,,
Anderson Cordeiro Costa,defending,26.234356,,
Anderson de Oliveira da Silva,defending,29.36727,,
Andi Avdi Zeqiri,defending,23.711203,,
Andre Reynolds II,defending,55.16224,,
Andrea Papetti,defending,60.738667,,
Andrea Sorrentino,defending,45.694614,,
Andreas Klausen Helmersen,defending,27.681816,,
Andreas Mircea Mihaiu,defending,25.490553,,
Andreas Poulsen,defending,61.23425,,
Andreas Rædergård Schjelderup,defending,35.407238,,
Andreas Schjølberg Hanche-Olsen,defending,63.915535,,
Andreas Skjold,defending,31.780893,,
Andrei Chindriș,defending,63.913418,,
Andrei Daniel Vlad,defending,36.53976,,
Andrei Dragoș Șerban,defending,26.043823,,
Andrei Gabriel Ureche,defending,45.15486,,
Andrei Ioan Cordea,defending,37.34389,,
Andrei Jercălău,defending,45.651093,,
Andrei Motoc,defending,59.908695,,
Andres Mihai Dumitrescu,defending,59.90827,,
Andres Moreno,defending,54.58056,,
Andrew Abiola Omobamidele,defending,67.59122,,
Andrew Christopher Teuten Ponzoni,defending,63.62157,,
Andrew Draper,defending,46.96356,,
Andrew Irving,defending,58.861607,,
Andrew Lyons,defending,59.185715,,
Andrew Thomas,defending,45.61711,,
Andriy Kulakov,defending,27.288158,,
André Barbosa da Silva,defending,58.16714,,
André Filipe Rio Liberal,defending,22.918825,,
André Fonseca Amaro,defending,64.38794,,
André Leipold,defending,24.671587,,
André Miguel Lapa Ricardo,defending,32.70578,,
Andrés Alberto Andrade Cedeño,defending,66.31981,,
Andrés Carlos Caro Serrano,defending,65.35791,,
Andrés Enrique Ferro Peña,defending,65.371994,,
Andrés Felipe Balanta Cifuentes,defending,62.779575,,
Andrés Felipe Perea Castañeda,defending,63.433258,,
Andrés Felipe Reyes Ambuila,defending,65.95885,,
Andrés López Gallo,defending,61.078537,,
Andrés Martín García,defending,26.993746,,
Andrés Souper De La Cruz,defending,35.102245,,
Andy Musayev,defending,27.517082,,
Ange Chibozo,defending,22.646069,,
Ange-Yoan Bonny,defending,24.36806,,
Angelo Bačić,defending,43.291214,,
Anis Ben Slimane,defending,59.078934,,
Anselmo Túlio Marques Barni,defending,67.55055,,
Antal Bencze,defending,45.661774,,
Antef Tsoungui,defending,61.69193,,
Anthony Aires,defending,22.833876,,
Anthony Chigaemezu Uzodimma,defending,55.570404,,
Anthony Driscoll-Glennon,defending,56.985268,,
Anthony Hartigan,defending,59.55631,,
Anthony Kenneth Evans,defending,50.624737,,
Anthony Kevin Descotte,defending,28.643446,,
Anthony Lenin Valencia Bajaña,defending,43.506737,,
Anthony Maisonnial,defending,42.81029,,
Anthony Richard Scully,defending,34.466976,,
Anthony Tite Musaba,defending,24.74675,,
Antoine Benjamin Colassin,defending,29.731049,,
Antoine Joseph Emmanuel Bernède,defending,65.8426,,
Anton Mlinaric,defending,60.00496,,
Anton Skipper Hendriksen,defending,59.658524,,
Anton Vladimirovich Mitryushkin,defending,26.18874,,
Anton Willy Tanghe,defending,66.59087,,
Anton Ziegler,defending,34.311954,,
Antoni Kozubal,defending,51.977726,,
Antoni Mikułko,defending,45.67708,,
Antonio Cortés Heredia,defending,22.673943,,
Antonio Espigares Morillas,defending,59.11119,,
Antonio Galeano,defending,60.625942,,
Antonio Gomis Alemañ,defending,45.673786,,
Antonio Iervolino,defending,47.381546,,
Antonio Jeremiah Leone,defending,54.09409,,
Antonio Marchena Millán,defending,46.15841,,
Antonio Marín Colmán,defending,23.648,,
Antonio Mihai Stan,defending,32.84337,,
Antonio Pacheco Ruiz,defending,57.791195,,
Antonio Sandoval,defending,59.53505,,
Antonio Sefer,defending,32.79917,,
Antonio Sola Villalba,defending,60.206,,
Antonio Yakoub,defending,22.84115,,
Antonio Zarzana Pérez,defending,23.138924,,
Antonis Aidonis,defending,61.906418,,
Antonis Makatounakis,defending,45.706394,,
Antony Alves Santos,defending,38.034355,,
Anyelberth Vera,defending,22.63056,,
Aodh Dervin,defending,54.01864,,
Apostolos Tsilingiris,defending,45.64372,,
Aqeel Al Dhafeeri,defending,45.485325,,
Arbnor Muja,defending,36.690685,,
Archie Finn Collins,defending,59.807175,,
Archie Mark Procter,defending,51.58947,,
Archie Meekison,defending,47.144947,,
Arda Okan Kurtulan,defending,41.351852,,
Aribim Pepple,defending,28.348288,,
Aridon Racaj,defending,21.476147,,
Ariel Alfonso Uribe Lepe,defending,40.3657,,
Arif Kocaman,defending,54.847385,,
Aristide Wam,defending,58.951065,,
Aritz Aldasoro Sarriegi,defending,60.10136,,
Arlind Dakaj,defending,50.708508,,
Armand Smrcka,defending,59.003494,,
Armando Shashoua,defending,45.344612,,
Armstrong Echezolachukwu Inya Okoflex,defending,25.710539,,
Arnaldo Zambrano,defending,54.119156,,
Arnau Comas Freixas,defending,64.51971,,
Arnau Puigmal Martínez,defending,57.13387,,
Arnau Tenas Ureña,defending,45.641483,,
Arnaud Dony,defending,54.240032,,
Arnaud Nkodi Luzayadio,defending,57.275726,,
Arne Rühlemann,defending,46.01865,,
Artem Onischenko,defending,51.604706,,
Arthur James Read,defending,53.04267,,
Arthur Vitelli,defending,56.59824,,
Arthur de Oliveira Sales,defending,33.368492,,
Aryan Romaní,defending,45.258118,,
Arón David Rodríguez Franco,defending,42.820618,,
Asad Kasumovic,defending,24.114412,,
Asif Khan,defending,31.956211,,
Aske Sampers,defending,22.078423,,
Asker Beck,defending,44.9862,,
Ateef Konaté,defending,28.90443,,
Atem Dor Jok,defending,25.42979,,
Attila Mocsi,defending,61.131638,,
Attilio Morosoli,defending,45.70245,,
Audenirton Soares da Silva,defending,45.571033,,
Augustin Drakpe,defending,59.85372,,
Augusto Alcorcel,defending,45.670567,,
Aurel Loubongo-M'Boungou,defending,24.645504,,
Aurelian Eusebio Păun,defending,44.83626,,
Aurélien Nguiamba,defending,60.674282,,
Auston Levi-Jesaiah Trusty,defending,67.37056,,
Avan Jones,defending,47.220493,,
Awad Haidar Al Nashri,defending,54.17178,,
Awer Bul Mabil,defending,30.982166,,
Awn Mutlaq Al Slaluli,defending,60.93948,,
Axel Prado,defending,64.04383,,
Aylan Benyahia-Tani,defending,21.576109,,
Ayman Yahya Salem,defending,30.638628,,
Ayman Yusef Al-Hujaili,defending,39.173042,,
Ayodeji Sotona,defending,28.023771,,
Ayomide Akinola,defending,22.262281,,
Ayotomiwa Dele-Bashiru,defending,60.81727,,
Ayoub Assal,defending,36.61963,,
Ayoub Jabbari,defending,27.254349,,
Ayrthon Quintana,defending,60.232666,,
Ayrton Enrique Costa,defending,67.85699,,
Ayush Dev Chhetri,defending,47.812477,,
Aziz Ouattara Mohammed,defending,59.795013,,
Azzeddine Toufiqui,defending,47.19673,,
Baba Oulen Souare,defending,55.097183,,
Bader Al Huwaidi,defending,50.50218,,
Bader Mohammed Munshi,defending,57.01928,,
Baltazar Costa Rodrigues de Oliveira,defending,55.464214,,
Barry Thomas Crowe,defending,48.566326,,
Bartosz Bida,defending,22.191788,,
Bartosz Cybulski,defending,25.002796,,
Bartłomiej Ciepiela,defending,34.780144,,
Bartłomiej Gradecki,defending,45.664967,,
Bartłomiej Mruk,defending,58.12036,,
Baruj Aburto,defending,30.89262,,
Barış Əkinçiər,defending,40.02875,,
Bassekou Diabaté,defending,23.444061,,
Bastian Bsullak,defending,50.833282,,
Bastián Jean Yañez Miranda,defending,30.262665,,
Bastián Pino,defending,57.586647,,
Bastián Sagal,defending,44.712524,,
Batuhan Ahmet Şen,defending,45.659714,,
Beckham Sunderland,defending,45.621162,,
Beka Dartsmelia,defending,60.739235,,
Belmin Beganović,defending,27.680992,,
Ben Alexander Voll,defending,45.71547,,
Ben Collins,defending,50.815815,,
Ben Curtis,defending,51.370518,,
Ben Easton Close,defending,60.848454,,
Ben Edward Stevenson,defending,58.079,,
Ben Engdahl,defending,46.393513,,
Ben Klefisch,defending,58.87419,,
Ben Lloyd,defending,30.709394,,
Ben Nelson,defending,56.403236,,
Ben Reveno,defending,54.898804,,
Ben Scholte,defending,41.702965,,
Benas Šatkus,defending,56.8101,,
Bendik Kristiansen,defending,52.671013,,
Benedikt Paul Grawe,defending,45.586586,,
Beni Redžić,defending,27.330378,,
Benjamin Acquah,defending,55.152107,,
Benjamin Bender,defending,42.358234,,
Benjamin Cabango,defending,67.838165,,
Benjamin Craig Old,defending,43.59368,,
Benjamin Faraas,defending,39.072277,,
Benjamin Hemcke,defending,50.82751,,
Benjamin House,defending,27.530214,,
Benjamin Jack Wiles,defending,61.24792,,
Benjamin Kikanovic,defending,25.63495,,
Benjamin Leneis,defending,45.700848,,
Benjamin Lhassine Kone,defending,31.515781,,
Benjamin Luke Woodburn,defending,25.254488,,
Benjamin Mbunga-Kimpioka,defending,28.844713,,
Benjamin Mines,defending,45.239193,,
Benjamin Peter Waine,defending,39.065292,,
Benjamin Steenfeldt Hvidt,defending,60.729706,,
Benjamin Warland,defending,60.533733,,
Benjamin Williams,defending,60.651234,,
Benjamín Antonio Garré,defending,37.138443,,
Benjamín Dominguez,defending,28.796204,,
Benjamín Ignacio Galdames Millán,defending,34.28368,,
Bennet Schieber,defending,52.45149,,
Benni Smales-Braithwaite,defending,22.127222,,
Benno Dietze,defending,57.610424,,
Berat Kalkan,defending,29.824768,,
Berkan Küpelikılınç,defending,56.48962,,
Berkay Vardar,defending,60.33891,,
Berke Özer,defending,25.476192,,
Bernardo Gouveia da Silva,defending,57.861946,,
Bernardo Martins Sousa,defending,31.588202,,
Bernardo Oliveira,defending,34.53768,,
Bernardo Silva Conceição,defending,51.815277,,
Bertuğ Yıldırım,defending,30.794632,,
Besard Šabović,defending,51.019028,,
Besart Topalloj,defending,59.005695,,
Beto Avila,defending,24.41049,,
Beyhan Ametov,defending,26.459974,,
Beñat Prados Díaz,defending,60.272846,,
Beñat Turrientes Imaz,defending,59.404247,,
Biel Farrés del Castillo,defending,60.829144,,
Bijoy Varghese,defending,50.25742,,
Bilal Bayazit,defending,45.695423,,
Bilal El Khannous,defending,32.137604,,
Bilal Nadir,defending,56.628162,,
Billy Brooks,defending,44.763096,,
Billy John Sass-Davies,defending,60.097485,,
Billy van Duijl,defending,58.37665,,
Bjørn Martin Kristensen,defending,25.119265,,
Blas Esteban Armoa Núñez,defending,23.720829,,
Bleiner David Agrón Mosquera,defending,64.65904,,
Blás Miguel Riveros Galeano,defending,61.69088,,
Bobby-Emmanuel Kamwa,defending,44.678787,,
Bojan Radulović Samouković,defending,26.90966,,
Bong Soo Kim,defending,58.320763,,
Bongokuhle Hlongwane,defending,43.981968,,
Boon-Cheul Goo,defending,42.795223,,
Boris Popović,defending,62.87055,,
Borislav Ivaylov Stankov,defending,28.434643,,
Borja Garcés Moreno,defending,28.511244,,
Borja Manuel Llarena Barroso,defending,33.67518,,
Borja Sainz Eguskiza,defending,38.698624,,
Boubacar Rafael Neto Hanne,defending,36.048054,,
Boureima Hassane Bandé,defending,28.68982,,
Brad Kelly,defending,45.706314,,
Bradley Holmes,defending,21.77905,,
Bradley House,defending,45.572968,,
Bradley Matufueni M'bondo,defending,60.135307,,
Bradley Walker,defending,54.203865,,
Brady Canfield Scott,defending,45.45912,,
Braian Alejandro Galván,defending,41.47859,,
Braian Ezequiel Mansilla,defending,31.027,,
Braian Miguel Angel Martínez,defending,40.16954,,
Braian Nahuel Aguirre,defending,64.96787,,
Braian Óscar Ojeda Rodríguez,defending,64.85944,,
Branco Antonio Provoste Ovalle,defending,49.893623,,
Brandon Anthony Austin,defending,36.51484,,
Brandon Iván Servania,defending,60.83053,,
Brandon Joel Gaetano Borrello,defending,24.495544,,
Brandon Michael Clarke Thomas-Asante,defending,30.958847,,
Brandon Pursall,defending,53.250443,,
Brandon Vázquez Toledo,defending,32.022038,,
Branislav Knežević,defending,37.016026,,
Brayan Garrido,defending,59.56906,,
Brayan Medina,defending,60.887188,,
Brayan Parada,defending,37.080227,,
Brayan Yohangel Hurtado Cortesía,defending,29.092146,,
Brendan Joel Zibusiso Galloway,defending,64.02534,,
Brendan Nana Sarpong-Wiredu,defending,60.71392,,
Brenner Souza da Silva,defending,28.134638,,
Brent Vugts,defending,29.77645,,
Brett Minnema,defending,45.679108,,
Brian Alexis Leizza,defending,61.21781,,
Brian Oddei,defending,33.845215,,
Brian Philip Maher,defending,25.995232,,
Brian Rocha Araújo,defending,45.577,,
Briant D'Altoe,defending,26.540949,,
Bright Enobakhare,defending,27.987535,,
Brody Paterson,defending,48.332,,
Brooklyn Lyons-Foster,defending,57.049274,,
Brooklyn Raines,defending,45.670208,,
Bruno André Cavaco Jordão,defending,47.842545,,
Bruno Báez Panero,defending,28.302103,,
Bruno Henrique Marques Torres,defending,26.485317,,
Bruno Luiz Fagundeiro Cardenas,defending,54.093517,,
Bruno Miguel Carapeto dos Reis,defending,48.790867,,
Bruno Miguel Ferreira Rodrigues,defending,64.47333,,
Bruno Onyemaechi,defending,66.424866,,
Bruno Pachito,defending,41.80117,,
Bruno Poveda,defending,45.682533,,
Bruno Recalde,defending,41.973103,,
Bruno Rivas Reyes,defending,45.64146,,
Bryan David Castrillón Gómez,defending,40.773388,,
Bryan Fiabema,defending,26.14721,,
Bryan González,defending,42.598423,,
Bryan Javier Caicedo Jurado,defending,60.30784,,
Bryan Silva Teixeira,defending,46.290928,,
Bryan Soumaré,defending,55.972027,,
Bryan Zaragoza Martínez,defending,29.647385,,
Bryant Albizo,defending,20.90531,,
Bryant Nieling,defending,62.011616,,
Bryant Ortega,defending,35.457764,,
Bryce Washington,defending,56.64019,,
Bryn Andrew Morris,defending,59.94804,,
Brynjar Johnsplass,defending,50.95259,,
Brynjólfur Darri Willumsson,defending,37.18042,,
Bum Su Kim,defending,25.010542,,
Burak Ince,defending,30.630178,,
Béni Makouana,defending,30.709318,,
Bénie Adama Traoré,defending,31.288822,,
Cade Dylan Cowell,defending,35.053814,,
Caden Clark,defending,45.473957,,
Cagan Kayra Erciyas,defending,59.080643,,
Caleb Cassius Watts,defending,49.288177,,
Callan Rennie Elliot,defending,53.427586,,
Callum Alex David Burton,defending,45.358955,,
Callum Damian Peter Morton,defending,34.441338,,
Callum Jason Noel Camps,defending,57.790302,,
Callum Joseph Lang,defending,37.09968,,
Callum Thomas Ainley,defending,57.37236,,
Callum William McCowatt,defending,52.3386,,
Calum Kavanagh,defending,21.529474,,
Calvin William Ramsay,defending,56.96629,,
Cameron Bradley John,defending,59.312275,,
Cameron Dunbar,defending,19.727627,,
Cameron James Evans,defending,57.011227,,
Cameron Lisceous Humphreys-Grant,defending,66.44881,,
Cameron MacPherson,defending,58.093967,,
Cameron Mark Thomas Brannagan,defending,60.73505,,
Cameron Puertas Castro,defending,66.52418,,
Cameron Rooney,defending,41.26973,,
Cameron Terry Coxe,defending,54.295734,,
Camilo Hernán Albornoz,defending,58.316746,,
Can Hayri Özkan,defending,60.985924,,
Caoimhin Porter,defending,43.759007,,
Caolan McLaughlin,defending,20.233658,,
Carl Adam Andersson,defending,60.265095,,
Carl Adam Jonathan Hellborg,defending,59.827374,,
Carl Robert Johnston,defending,53.76073,,
Carlo Adriano García Prades,defending,49.480797,,
Carlo Gregor Boukhalfa,defending,60.195232,,
Carlo Johan Holse Justesen,defending,54.343674,,
Carlo Roberto Casap,defending,44.619972,,
Carlos Alberto Lucumi González,defending,44.551823,,
Carlos Alberto Villanueva Fuentes,defending,38.297478,,
Carlos Andrés Chore Aguilera,defending,58.92881,,
Carlos Augusto Rojas,defending,57.488895,,
Carlos Beitia Cardos,defending,45.9918,,
Carlos Daniel Calzadilla Durán,defending,29.82706,,
Carlos Daniel Meza Villa,defending,63.17032,,
Carlos Domínguez Cáceres,defending,67.9142,,
Carlos Gabriel Villalba Rivas,defending,67.48119,,
Carlos Jhilmar Lora Saavedra,defending,63.319237,,
Carlos Joao Montoya García,defending,62.494877,,
Carlos Manuel Díaz Ferrer,defending,60.5166,,
Carlos Manuel Insaurralde Ochart,defending,57.08262,,
Carlos Martín Domínguez,defending,27.443613,,
Carlos Mateo Abastoflor Aguilera,defending,40.91386,,
Carlos Miguel Harvey Cesneros,defending,50.781845,,
Carlos Niño Junior Espinola Díaz,defending,60.77516,,
Carlos Paraco,defending,29.095993,,
Carlos Percy Liza Espinoza,defending,38.976116,,
Carlos Raúl Olses Quijada,defending,45.640366,,
Carlos Romero Serrano,defending,57.461914,,
Carlos Terán Díaz,defending,62.270584,,
Carmine Soel Chiappetta,defending,20.692846,,
Carney Chibueze Chukwuemeka,defending,49.49659,,
Carson Buschman-Dormond,defending,31.592348,,
Casper Kaarsbo Winther,defending,54.022236,,
Casper Staring,defending,60.435745,,
Celton Ansumane Biai,defending,45.705368,,
Cem Tuna Türkmen,defending,57.56369,,
Cem Çelik,defending,49.500862,,
Cenk Özkaçar,defending,65.8311,,
Cezary Miszta,defending,45.676334,,
Chan Yong Kim,defending,45.541756,,
Chang Hwan Park,defending,43.944973,,
Chanka Zimba,defending,35.415577,,
Charbel Codjo Gomez,defending,19.773125,,
Charles Mutawe,defending,53.844666,,
Charles Nathan Abi,defending,28.678638,,
Charley Kendall,defending,25.214111,,
Charlie Caton,defending,34.100697,,
Charlie Daniel Brown,defending,24.661646,,
Charlie David Kirk,defending,30.118809,,
Charlie Patrick Jolley,defending,21.338507,,
Charlie Seaman,defending,52.01556,,
Charlie Williams,defending,22.875349,,
Check Oumar Diakité,defending,60.907284,,
Cheick Aymar Timité,defending,34.16155,,
Cheick Tiemoko Diabate,defending,59.841934,,
Cheikh Ahadou Tidiane Thiam,defending,54.942688,,
Cheikh Ahmet Tidian Niasse,defending,64.47467,,
Cheikh Tidiane Sabaly,defending,20.222334,,
Chiekh Thiam,defending,50.884113,,
Chigozier Caleb Chukwuemeka,defending,41.24932,,
Chinonso Offor Nnamdi,defending,32.35218,,
Chris Donovan,defending,32.937435,,
Chris Forino-Joseph,defending,62.09157,,
Chris Kouakou,defending,48.18221,,
Chris Lotefa,defending,27.60392,,
Chris Vianney Bedia,defending,31.132374,,
Chrislain Iris Aurel Matsima,defending,65.95859,,
Christian Acella,defending,43.34548,,
Christian Adán Larotonda Adán,defending,65.342964,,
Christian Capone,defending,25.11634,,
Christian Diego Pastina,defending,65.00366,,
Christian Dominick Torres,defending,23.993446,,
Christian Fernandes Marques,defending,59.270374,,
Christian Franco,defending,36.32049,,
Christian Frederick Bayoi Makoun Reyes,defending,64.80361,,
Christian Jaeger Cappis,defending,59.26245,,
Christian Joe Conteh,defending,28.158728,,
Christian Joel Sánchez Leal,defending,45.4086,,
Christian Kouan Oulaï,defending,60.912106,,
Christian Mork Breivik,defending,47.286224,,
Christian Norton,defending,30.805199,,
Christian Rivera Hernández,defending,65.90608,,
Christian Schiavone Modica,defending,30.542866,,
Christian Tapia,defending,45.64994,,
Christián Herc,defending,51.611572,,
Christopher Brady,defending,45.635334,,
Christopher Cadden,defending,55.813213,,
Christopher Francis Merrie,defending,57.81167,,
Christopher Gavin Scott,defending,26.143734,,
Christopher Giuliani,defending,42.539692,,
Christopher Gloster,defending,56.422512,,
Christopher James Durkin,defending,64.02961,,
Christopher Lungoyi,defending,32.06232,,
Christopher Maurice Wooh,defending,64.798546,,
Christopher Robin Olivares Burga,defending,33.20631,,
Cian William Thomas Harries,defending,60.17651,,
Ciaran Patrick Gilligan,defending,58.087116,,
Cillian Heaney,defending,28.339281,,
Ciro Panico,defending,60.33894,,
Claudio Espinoza,defending,43.020164,,
Claudiu Adrian Mihai Petrila,defending,34.836952,,
Clayton Fernandes Silva,defending,26.065542,,
Cleilton Monteiro da Costa,defending,21.789059,,
Clelio Gustavo Nnachi Espinoza,defending,27.744019,,
Clemente José Montes Barroilhet,defending,24.807343,,
Clinton Mola,defending,61.623016,,
Clyde Nick García Segura,defending,59.46126,,
Clément Bayiha,defending,54.151173,,
Clément Billemaz,defending,36.661327,,
Cody Callum Pierre Drameh,defending,61.9543,,
Cody Collins,defending,52.667355,,
Cole Turner,defending,53.968018,,
Collins Sichenje,defending,55.910557,,
Connor Isaac Metcalfe,defending,59.718216,,
Connor Pye,defending,48.55304,,
Connor Smith,defending,38.079872,,
Conor Mark Chaplin,defending,35.133488,,
Conor Michael Grant,defending,55.334915,,
Constantin Cristian Dima,defending,63.079384,,
Corrie Richard Ndaba,defending,60.21477,,
Cosimo Marco Da Graca,defending,22.74501,,
Cosmin Gabriel Atănase,defending,30.790268,,
Cosmin Tucaliuc,defending,25.693275,,
Cottrell Ezekwem,defending,61.963417,,
Cristhian David Riveros Silvero,defending,45.661877,,
Cristhian Mosquera Ibargüen,defending,65.41744,,
Cristhian Penayo,defending,43.29277,,
Cristian Cosmin Dumitru,defending,39.790127,,
Cristian Enrique Cruz Meleán,defending,54.41396,,
Cristian Estaban Trujillo Riascos,defending,57.64639,,
Cristian Ezequiel Ferreira,defending,57.39818,,
Cristian Gonzalo Torres,defending,29.240913,,
Cristian Ignat,defending,54.726845,,
Cristian Maxim,defending,47.312614,,
Cristian Riquelme,defending,58.984673,,
Cristián Alexander Zavala Briones,defending,37.202015,,
Cristián Díaz,defending,55.22868,,
Cristián Díaz Ferrada,defending,52.02544,,
Cristo Ramón González Pérez,defending,38.64492,,
Cristopher Alejandro Medina García,defending,54.538864,,
Cristopher Javier Varela Caicedo,defending,26.608873,,
Cristóbal Ignacio Finch Barrios,defending,58.90925,,
Cyril Etoga,defending,55.43411,,
Cyrus Dehmie,defending,25.921234,,
César Alejandro Menacho Claros,defending,34.715084,,
César Gelabert Piña,defending,46.320732,,
César Pérez,defending,43.44247,,
César Roman Ibáñez,defending,62.963757,,
César Tárrega Requeni,defending,60.750923,,
César Valero Álvarez,defending,59.426334,,
Călin Popescu,defending,40.574512,,
Cătălin Albu,defending,37.44726,,
Daam Wonnebald Foulon,defending,61.68666,,
Daan Reiziger,defending,45.666573,,
Dae Woo Kim,defending,54.952805,,
Daishawn Orpheo Marvin Redan,defending,23.682484,,
Daithí McCallion,defending,51.503628,,
Dalibor Markovic,defending,49.561337,,
Dalisson de Almeida Leite,defending,40.832314,,
Damaitphang Lyngdoh,defending,32.845062,,
Damian Daniel Isac,defending,54.348694,,
Damian Duffy,defending,44.373055,,
Damiano Pecile,defending,52.995007,,
Damir Redzic,defending,25.269472,,
Damián Ariel Fernández,defending,63.264755,,
Damián Moreno,defending,21.572659,,
Dan Assane Ndoye,defending,33.980488,,
Dan Davies,defending,46.885235,,
Dana Amaral,defending,53.96442,,
Dane James Ingham,defending,47.986546,,
Dane Murray,defending,59.031242,,
Dane Pharrell Scarlett,defending,21.575012,,
Dango Aboubacar Faissal Ouattara,defending,23.849874,,
Daniel Albiar Serrano,defending,55.053337,,
Daniel Alejandro Pérez Córdova,defending,26.989777,,
Daniel Alonso Aceves Patiño,defending,62.342712,,
Daniel Andrés Luna García,defending,33.901268,,
Daniel David Jebbison,defending,30.18162,,
Daniel Dodds,defending,54.04571,,
Daniel Dumbravanu,defending,55.03432,,
Daniel Esmorís Tasende,defending,58.981075,,
Daniel Esteban Ríos,defending,34.35328,,
Daniel Filipe Bandeira e Silva,defending,44.400867,,
Daniel Francis Anyembe,defending,56.63115,,
Daniel George Ballard,defending,67.82369,,
Daniel González,defending,65.5823,,
Daniel González Flores,defending,21.576654,,
Daniel González García,defending,43.10749,,
Daniel Grant,defending,41.03308,,
Daniel Happe,defending,59.99642,,
Daniel Harry Kemp,defending,29.976837,,
Daniel Hawkins,defending,31.008612,,
Daniel Håkans,defending,22.750412,,
Daniel Leyva,defending,56.61776,,
Daniel Lorenzo Guerrero,defending,58.977737,,
Daniel Lønne Iversen,defending,45.04323,,
Daniel Mandroiu,defending,50.694977,,
Daniel Martín Fernández,defending,45.445564,,
Daniel Mesenhöler,defending,42.73079,,
Daniel Mosquera,defending,27.187906,,
Daniel Namaso Edi-Mesumbe Loader,defending,24.289206,,
Daniel Neil,defending,62.250843,,
Daniel Nkrumah,defending,26.228958,,
Daniel Polanco,defending,64.852585,,
Daniel Queipo Menéndez,defending,29.46359,,
Daniel Rebollo Franco,defending,45.3117,,
Daniel Rojas Céspedes,defending,61.175514,,
Daniel Shaquille Jabari Phillips,defending,59.532192,,
Daniel Steven Devine,defending,56.046032,,
Daniel Szelągowski,defending,20.358244,,
Daniel Tiefenbach,defending,47.550724,,
Daniel Toma,defending,53.911358,,
Daniel Veiby Held,defending,45.662228,,
Daniel Vidal Martínez,defending,60.26506,,
Daniel Villahermosa,defending,59.05244,,
Daniel William Harvie,defending,60.503933,,
Daniel dos Santos Penha,defending,33.84767,,
Daniel Ściślak,defending,45.83483,,
Daniel Štefulj,defending,58.675995,,
Daniels Ontužāns,defending,30.647537,,
Danilo Acosta,defending,61.180008,,
Danilo Filipe Melo Veiga,defending,65.68375,,
Daniël De Silva,defending,33.68425,,
Daniël van Kaam,defending,60.060482,,
Danny Cashman,defending,21.57701,,
Dantouma Yaya Toure,defending,24.659874,,
Dany Jean,defending,23.348188,,
Dapo Mebude,defending,22.936634,,
Dara Costelloe,defending,28.824703,,
Darijo Grujcic,defending,56.159897,,
Dario Kreiker,defending,35.0095,,
Dario Oger,defending,53.948742,,
Darius Constantin Grosu,defending,47.112465,,
Dariusz Pawłowski,defending,62.48378,,
Darlin Alberto Leiton Lamilla,defending,28.773968,,
Darlin Zidane Yongwa Ngameni,defending,59.81245,,
Darluis Paz,defending,38.272457,,
Darnell Tobias Jack Johnson,defending,60.697998,,
Darrell Kamdem Tibell,defending,22.265772,,
Darren Collins,defending,31.051205,,
Darren Watson,defending,21.301989,,
Darío Ramos Pinazo,defending,45.677975,,
David Agbo,defending,54.76388,,
David Alba Fernández,defending,63.94521,,
David Argüelles Álvarez,defending,57.837566,,
David Atanga,defending,38.337498,,
David Ayomide Kasumu,defending,62.70568,,
David Bremang,defending,22.522552,,
David Concha Salas,defending,32.05126,,
David Cuenca Barreno,defending,57.054157,,
David Djigla,defending,30.95316,,
David Edvardsson,defending,43.10978,,
David Fisher,defending,24.115772,,
David Iordache,defending,54.899857,,
David Jacovic,defending,59.002094,,
David Kjær Kruse,defending,51.337086,,
David Lennart Philipp,defending,38.85456,,
David Ochoa,defending,45.70454,,
David Odumosu,defending,44.02402,,
David Peter Kopacz,defending,38.77125,,
David Poreba,defending,50.06226,,
David Puntigam,defending,45.69494,,
David Raul Miculescu,defending,34.197445,,
David Ribera,defending,38.677094,,
David Rodríguez Ramos,defending,59.698673,,
David Samuel Custódio Lima,defending,60.946064,,
David Sousa Albino,defending,60.114555,,
David Strelec,defending,31.692705,,
David Torres Ortiz,defending,62.531452,,
David Ungar,defending,54.665062,,
David Vogt,defending,54.913692,,
David Vraciu,defending,39.568726,,
David-Marian Croitoru,defending,31.145424,,
Davide Merola,defending,22.991423,,
Davide-Jerome Itter,defending,60.050945,,
Dawid Kocyła,defending,26.458157,,
Daykol Romero,defending,55.96846,,
Dayler Quintela,defending,45.57675,,
Dean Graeme Campbell,defending,55.163994,,
Declan David Glass,defending,46.896282,,
Degnand Wilfried Gnonto,defending,29.80091,,
Deiber Jair Caicedo Mideros,defending,36.243233,,
Dejan Tetek,defending,61.7461,,
Delano Vianello,defending,59.565742,,
Denilson Josué Ovando Ramírez,defending,24.79062,,
Denis Graţian Haruţ,defending,63.100296,,
Denis Lucian Hrezdac,defending,53.62681,,
Denis Mihai Drăguş,defending,20.725025,,
Denizcan Cosgun,defending,34.101997,,
Dennis Emmanuel Abiodun Adeniran,defending,61.77582,,
Dennis Olsson,defending,27.727478,,
Dennis-Adam Gorka,defending,45.605503,,
Dennis-Dorian Politic,defending,31.280811,,
Denver Jay Hume,defending,57.094196,,
Derek Agyakwa,defending,55.077637,,
Derek Germano Kutesa,defending,39.381416,,
Derik Gean Severino Lacerda,defending,30.67037,,
Derlis Darío Martínez González,defending,23.077097,,
Derrick Arthur Köhn,defending,58.21361,,
Des Kunst,defending,33.656456,,
Devansh Dabas,defending,45.709667,,
Devante James Parker,defending,35.605,,
Devid Eugene Bouah,defending,46.108467,,
Devin Remie,defending,45.654667,,
Devinson Martínez,defending,54.125324,,
Didier Bueno,defending,60.81821,,
Didrik Hafstad,defending,22.753473,,
Diego Acevedo,defending,49.945244,,
Diego Alende López,defending,63.962006,,
Diego Alessandro Guillén Alarcón,defending,59.253227,,
Diego Alexander Gómez,defending,51.212692,,
Diego Altube Suárez,defending,45.613297,,
Diego Ariel Duarte Garcete,defending,21.663685,,
Diego Augusto Rodríguez Carreño,defending,52.889793,,
Diego Collado Raya,defending,30.48486,,
Diego Gabriel Silva Rosa,defending,59.120895,,
Diego Gustavo Rodrigues de Lima,defending,42.58275,,
Diego Gutierrez,defending,19.051275,,
Diego Gutiérrez Chinea,defending,60.25811,,
Diego Hernández,defending,46.070194,,
Diego José Conde Alcolado,defending,45.58215,,
Diego López Noguerol,defending,32.847095,,
Diego Manuel J. da Silva Moreira,defending,32.4621,,
Diego Martín Valencia Morello,defending,26.168941,,
Diego Medina,defending,58.313496,,
Diego Moreno Garbayo,defending,59.84893,,
Diego Nicolás Aranda Rojas,defending,45.626484,,
Diego Sánchez Pérez,defending,60.873207,,
Diego Valentín Rodríguez Alonso,defending,58.444923,,
Diego Varela Pampín,defending,56.16832,,
Diego Vicente Bri Carrazoni,defending,24.715334,,
Dikeni Salifou,defending,59.148243,,
Dilan Kumar Markanday,defending,26.024672,,
Dillan Solomons,defending,64.325264,,
Dimitri Joseph Oberlin Mfomo,defending,40.849117,,
Dinis L. Casals Pinto,defending,58.916706,,
Dino Salihovic,defending,50.365017,,
Dioggo Isita,defending,43.66588,,
Diogo Costa Pinto,defending,25.405205,,
Diogo Filipe Pacheco Abreu,defending,46.055492,,
Diogo Lucas Queirós,defending,64.68672,,
Diogo Nathan Peixe Barreto,defending,25.69419,,
Diogo Pinheiro Monteiro,defending,53.303345,,
Diogo dos Santos Cabral,defending,62.25753,,
Diosdany Goncalves,defending,56.91082,,
Dipu Mirdha,defending,21.328203,,
Djamal Moussadek,defending,54.27206,,
Djeidi Gassama,defending,25.275118,,
Djibril Thialaw Diop,defending,62.477787,,
Djorkaeff Neicer Reasco González,defending,32.62581,,
Do Yun Choi,defending,53.147175,,
Dom Ballard,defending,21.733507,,
Dominic David Telford,defending,25.501705,,
Dominic Thomas,defending,51.576473,,
Dominik Bauer,defending,54.31932,,
Dominik Bilogrević,defending,40.849842,,
Dominik Florian Klann,defending,61.03768,,
Dominik Franke,defending,61.09209,,
Dominik Piła,defending,26.01057,,
Dominik Prpić,defending,59.800804,,
Dominik Sokół,defending,27.159075,,
Dorian Ciezkowski,defending,45.697815,,
Douglas Matías Arezo Martínez,defending,34.81196,,
Douglas Tharme,defending,54.84445,,
Doğukan Kaya,defending,45.6243,,
Dragoljub Savić,defending,28.558413,,
Dragoș Sebastian Tescan,defending,27.67429,,
Drew Baker,defending,52.97488,,
Dries Wouters,defending,64.646645,,
Duccio Degli Innocenti,defending,55.073925,,
Duncan Nosahaere Idehen,defending,56.110687,,
Dylan Adjei-Hersey,defending,26.851046,,
Dylan Barkers,defending,52.194023,,
Dylan Demuynck,defending,28.26482,,
Dylan Duncan,defending,48.202747,,
Dylan Durivaux,defending,53.222088,,
Dylan Felipe Borrero Caicedo,defending,24.677208,,
Dylan G'Beuly,defending,38.273956,,
Dylan James Christopher Levitt,defending,59.708534,,
Dylan José Perera Plasencia,defending,47.63969,,
Dylan Lobban,defending,38.080914,,
Dylan Louis Ange Ouédraogo,defending,64.09765,,
Dylan Molloy,defending,47.223484,,
Dylan Murugesapillai,defending,52.107437,,
Dylan Reid,defending,50.347095,,
Dynel Brown Kembo Simeu,defending,59.584457,,
Dário Cassia Luís Essugo,defending,62.89253,,
Dêniro Rubens Prestes Cadete,defending,26.665651,,
Ebeguowen Owen Otasowie,defending,59.22921,,
Ebrima-Dominique N’dure,defending,54.751587,,
Ed McJannet,defending,33.174137,,
Eddie Anthony Salcedo Mora,defending,36.197834,,
Eddie Munjoma,defending,52.901707,,
Eddy Sylvestre Negadi,defending,26.082796,,
Edenildo Eloi Lagoas Regalo,defending,64.53319,,
Ederson Salomón Rodríguez Lima,defending,29.281292,,
Edgar Alberto Olivares Villarroel,defending,59.041954,,
Edgar Eyffer Lastre Mercado,defending,54.30694,,
Edgar Joel Elizalde Ferreira,defending,65.96413,,
Edi Sylisufaj,defending,28.451029,,
Edin Omeragic,defending,45.680164,,
Edison Alexander Azcona Vélez,defending,23.012081,,
Edison Mero,defending,59.236103,,
Edmond-Paris Maghoma,defending,53.962757,,
Edoardo Iannoni,defending,54.620502,,
Edoardo Piana,defending,45.198215,,
Edoardo Pierozzi,defending,55.871407,,
Edson Acevedo,defending,56.46387,,
Edson Armando Rivas Vielma,defending,41.093853,,
Eduard Dutu,defending,59.760475,,
Eduard Kozik,defending,61.030273,,
Eduard Probst,defending,21.463112,,
Eduardo Dos Santos Haesler,defending,45.682034,,
Eduardo Enrique Fereira Peñaranda,defending,58.958794,,
Eduardo Filipe Quaresma Vieira Coimbra Simões,defending,67.50145,,
Eduardo Oliveira Borges,defending,62.078575,,
Eduards Daškevičs,defending,33.4772,,
Edvin Austbø,defending,20.534252,,
Edvin Tellgren,defending,54.937717,,
Edward James Bishop,defending,52.536366,,
Edward Kizza,defending,28.344913,,
Edwin Stiven Mosquera Palacios,defending,30.726515,,
Edwin Valencia,defending,24.208094,,
Efe Arda Koyuncu,defending,57.14588,,
Efe Tatlı,defending,60.87175,,
Efraín Álvarez,defending,28.185844,,
Egoitz Arana Aizpurua,defending,45.49254,,
Eiran Cashin,defending,64.64395,,
Eivind Helgeland,defending,41.20781,,
Ejaita Ifoni,defending,26.466017,,
Ekin Çelebi,defending,58.27682,,
El Mehdi Moubarik,defending,61.514835,,
Eleutherios Lyratzis,defending,65.33871,,
Elias Aarflot,defending,21.622183,,
Elias Imed Damergy,defending,45.66379,,
Elias Jona Bördner,defending,45.633053,,
Elias Kratzer,defending,53.211678,,
Elias Kristoffersen Hagen,defending,61.60846,,
Elias Löder,defending,38.43744,,
Elias Manoel,defending,22.802614,,
Elias Sebastian Solberg,defending,34.469646,,
Elicha Ahui,defending,46.623596,,
Elija Wohlgemuth,defending,45.706615,,
Elijah Henry Just,defending,38.5906,,
Elio Salazar,defending,48.734394,,
Elione Fernandes Neto,defending,58.90839,,
Eliézer Meléndez,defending,59.5304,,
Ellery Ronald Balcombe,defending,28.999077,,
Elliot John Embleton,defending,54.042725,,
Elliot Jorge Simões Inácio,defending,26.936378,,
Elliot Morgan Thorpe,defending,46.798843,,
Elliot William Watt,defending,59.13914,,
Elliott Anderson,defending,54.57621,,
Elliott Michael Bonds,defending,57.793945,,
Elliott Ricardo Wignal List,defending,28.225294,,
Ellis Carlo Iandolo,defending,59.464603,,
Ellis Darren Chapman,defending,54.007164,,
Elvis Kevin Velasco,defending,59.56522,,
Elyas Al Biladi,defending,49.322227,,
Elías Alejandro Arias Rengel,defending,57.42251,,
Elías Alejandro Ramos Castillo,defending,63.153305,,
Elías Britez,defending,58.908028,,
Elías Iván Pereyra,defending,62.76576,,
Elías Rafn Ólafsson,defending,22.11303,,
Elías Sebastián López,defending,59.624004,,
Emanuel Dat,defending,43.08935,,
Emanuel Lalchhanchhuaha,defending,35.458298,,
Emerson Hyndman,defending,54.14098,,
Emerson Rivaldo Rodríguez Valois,defending,24.755455,,
Emerson Velasquez,defending,61.47758,,
Emil Alfons Holm,defending,59.531094,,
Emil Hellman,defending,56.328857,,
Emil Konradsen Ceïde,defending,33.31675,,
Emil Nestved Kornvig,defending,57.275158,,
Emil Roback,defending,20.215036,,
Emil Varhaugvik Breivik,defending,61.20304,,
Emilian Metu,defending,52.642826,,
Emiliano Agustín Villar Vidal,defending,30.076271,,
Emiliano Brienza,defending,22.715427,,
Emiliano Clavijo,defending,59.799637,,
Emiliano Martínez Toranza,defending,65.64664,,
Emiliano Vidart,defending,59.306774,,
Emilio Kehrer,defending,24.59961,,
Emir Kaan Gültekin,defending,32.597565,,
Emmanuel Attipoe,defending,56.033936,,
Emmanuel Danso,defending,45.670506,,
Emmanuel Delan Junior Latte Lath,defending,34.41365,,
Emmanuel Ebuka Osadebe,defending,51.505424,,
Emmanuel Ilesanmi,defending,24.051077,,
Emmanuel Longelo Mbule,defending,51.19296,,
Emmanuel Matuta,defending,57.634163,,
Emmanuel Ogura,defending,45.535038,,
Emre Demir,defending,36.99313,,
Emre Topcu,defending,40.138004,,
Emrecan Uzunhan,defending,56.637028,,
Emrehan Gedikli,defending,23.389614,,
Enis Çokaj,defending,66.56455,,
Enmerson Geovanny Batalla Martínez,defending,28.761063,,
Enric Llansana Beuse,defending,61.940067,,
Enrico Celeghin,defending,54.85532,,
Enrico Del Prato,defending,61.310154,,
Enrico Erick Dueñas Hernández,defending,23.433184,,
Enrique Achahuanco,defending,51.507782,,
Enrique Barja Afonso,defending,32.112843,,
Enrique Camargo,defending,60.369816,,
Enrique Clemente Maza,defending,64.588486,,
Enrique Jesús Salas Valiente,defending,61.182625,,
Enrique Manuel Peña Zauner,defending,34.427956,,
Enrique Ríos Vega,defending,60.071404,,
Enrique Taborga,defending,54.13546,,
Enzo Camille Alain Millot,defending,51.086697,,
Enzo Joaquín Sosa Romañuk,defending,68.203514,,
Enzo López,defending,45.727215,,
Enzo Martín Roldán,defending,61.598377,,
Ephron Jardell Mason-Clark,defending,29.029926,,
Eren Sami Dinkçi,defending,27.290474,,
Eric Anders Smith,defending,59.471172,,
Eric Andre Kahl,defending,60.48846,,
Eric Junior Bocat,defending,58.781696,,
Eric Ocansey,defending,44.855892,,
Erick Perleche,defending,60.75219,,
Erick Steven Ferigra Burnham,defending,65.59558,,
Erik Benjamin Nygren,defending,23.23786,,
Erik Centeno,defending,46.8747,,
Erik Jorgens de Menezes,defending,61.675705,,
Erik Nicolás López Samaniego,defending,24.721657,,
Erik Ring,defending,33.502365,,
Erik Ross Palmer-Brown,defending,63.871353,,
Erik Shuranov,defending,27.541456,,
Erik Sorga,defending,22.48,,
Erik Tallig,defending,50.757854,,
Erik Tobias Tangen Sandberg,defending,58.317116,,
Eris Abedini,defending,60.305813,,
Erison Danilo de Souza,defending,24.669281,,
Erolind Krasniqi,defending,35.35358,,
Ertuğrul Çetin,defending,45.694515,,
Esey Gebreyesus,defending,27.457445,,
Esmir Bajraktarevic,defending,34.141403,,
Esteban Cristóbal Valencia Reyes,defending,59.722973,,
Esteban Kirkman,defending,45.68413,,
Esteban Petignat,defending,53.159035,,
Ethan Christopher Dobbelaere,defending,37.746414,,
Ethan Craig Brierley,defending,52.68657,,
Ethan Stuart William Galbraith,defending,60.70906,,
Ethyan Jesús González Morales,defending,29.161074,,
Euan Henderson,defending,29.970148,,
Eusebio Monzó Alfonso,defending,64.83618,,
Evan Marley Khouri,defending,45.686283,,
Evan Ovendale,defending,45.679367,,
Evidence Makgopa,defending,30.635939,,
Evren Eren Elmalı,defending,64.213684,,
Ewan Henderson,defending,54.011776,,
Exon Gustavo Vallecilla Godoy,defending,62.01934,,
Eylon Almog,defending,26.706694,,
Ezequiel Busquets Sanguinetti,defending,60.204433,,
Ezequiel Cannavó,defending,46.424835,,
Ezequiel Emanuele,defending,53.815983,,
Fabian Daniel Rohner,defending,49.938805,,
Fabian Herbst,defending,59.26052,,
Fabian Tauchhammer,defending,55.522808,,
Fabiano Cibi,defending,47.179672,,
Fabiano Josué de Souza Silva,defending,62.449104,,
Fabio Blanco Gómez,defending,28.827682,,
Fabio Rojas,defending,65.81769,,
Fabio Schneider,defending,54.010223,,
Fabián Steven Ángel Bernal,defending,67.32257,,
Fabrice Daniel Hartmann,defending,24.31626,,
Fabricio Mariaca,defending,48.376152,,
Fabrizio Nicolás Correa González,defending,45.703968,,
Facundo Daniel Kruspzky,defending,51.5231,,
Facundo Ezequiel Almada,defending,66.77356,,
Facundo Fabián Trinidad Carballo,defending,37.58836,,
Facundo Leonel Mater,defending,65.50749,,
Facundo Martín Pérez,defending,64.118385,,
Facundo Pellistri Rebollo,defending,32.69746,,
Fahad Khalid Al-Dossari,defending,45.817116,,
Faisal Al Mutairi,defending,41.86109,,
Falah Waleed Juma Alsouri Aljneibi,defending,57.679913,,
Fares Al Garzae,defending,24.016096,,
Farick Haddad,defending,42.82583,,
Farrend James Rawson,defending,62.642197,,
Faruk Can Genç,defending,59.77725,,
Fatih Yiğit Şanlıtürk,defending,45.2824,,
Fatih Yılmaz,defending,60.058414,,
Faustino Adebola Rasheed Anjorin,defending,47.176167,,
Fedde de Jong,defending,48.843674,,
Federico Agustín Gattoni,defending,67.08073,,
Federico Darío Navarro,defending,66.236786,,
Federico Girotti Bonazza,defending,34.355377,,
Federico Pace,defending,59.49643,,
Felipe Tomás Zenobio,defending,45.644985,,
Felix Brand,defending,54.559746,,
Felix Eriksson,defending,50.533974,,
Felix Kalu Nmecha,defending,43.74291,,
Felix Karl-Ernst Gebhardt,defending,37.41366,,
Felix Khonde Mambimbi,defending,24.576674,,
Felix Lange,defending,60.006332,,
Felix Omoruyi Irorere,defending,58.19425,,
Felix Wennergrund,defending,50.533627,,
Fernando Andrés Prado Avelino,defending,61.28268,,
Fernando Aurelio Román Villalba,defending,62.761703,,
Fernando David Cardozo Paniagua,defending,28.045221,,
Fernando Díaz,defending,52.39955,,
Fernando Fabián Ovelar Martínez,defending,47.377373,,
Fernando Medrano Gastañaga,defending,57.47784,,
Fernando Pacheco,defending,43.607075,,
Fernando Raúl Romero González,defending,24.800018,,
Fernando Ruiz Díaz,defending,41.73751,,
Fernán Faerron,defending,56.90234,,
Filip Bundgaard Kristensen,defending,35.84658,,
Filip Chalupniczak,defending,45.65727,,
Filip Filipos Lars Sachpekidis,defending,37.604294,,
Filip Koperski,defending,59.20849,,
Filip Kramarz,defending,45.635864,,
Filip Rønningen Jørgensen,defending,56.225918,,
Filip Wojciech Jagiełło,defending,49.925827,,
Filip Zawadzki,defending,32.044983,,
Filipe De Carvalho,defending,23.822937,,
Filipe Miguel Barros Soares,defending,55.252064,,
Filippo Delli Carri,defending,64.74606,,
Filippo Palazzino,defending,35.477116,,
Filippo Tripi,defending,63.36802,,
Finley Bell,defending,39.638844,,
Finley Stevens,defending,57.629078,,
Finn Isaac Azaz,defending,56.639713,,
Finn-Dominik Porath,defending,45.86535,,
Firas Tariq Nasser Al-Buraikan,defending,28.467945,,
Fisnik Isaki,defending,25.281534,,
Flamur Dzelili,defending,28.672802,,
Flavio Bianchi,defending,24.871054,,
Florent Da Silva,defending,48.79411,,
Florentin Lucien Jean Bloch,defending,45.63842,,
Florian Butscher,defending,43.424213,,
Florian Krüger,defending,23.293514,,
Florian Nichita Haită,defending,25.077059,,
Florian-Horst Carstens,defending,62.20146,,
Florin Gheorghe Borţa,defending,56.501266,,
Floris Smand,defending,61.865036,,
Flynn Clarke,defending,32.48869,,
Flávio Basilua Jacinto Nazinho,defending,63.720707,,
Fortune Bassey,defending,23.051903,,
Francesco Antonucci,defending,32.38193,,
Francesco Donati,defending,60.397377,,
Francho Serrano Gracia,defending,56.92909,,
Francis Florin Bălan,defending,47.699806,,
Francisco Agustín González,defending,26.588358,,
Francisco Bregante,defending,52.802666,,
Francisco Delgado Rojano,defending,55.977226,,
Francisco Fabián Álvarez,defending,66.15027,,
Francisco Ginella Dabezies,defending,59.04668,,
Francisco Javier Chaverra Angulo,defending,41.214066,,
Francisco Javier Montero Rubio,defending,67.86238,,
Francisco Joel Gerometta,defending,63.630104,,
Francisco Jorge Tavares Oliveira,defending,34.35911,,
Francisco José Rodríguez Araya,defending,35.53724,,
Francisco José Villalba Rodrigo,defending,47.609417,,
Francisco Manuel Gonzalez Verjara,defending,61.395065,,
Francisco Meira Meixedo,defending,45.70663,,
Francisco Sampaio Moura,defending,65.39362,,
Francisco Sebastián Moyano Jiménez,defending,34.687984,,
Francisco Vidal Bareiro Muñoz,defending,21.585712,,
Franck Cédric Tsadjout,defending,30.340643,,
Franck Elimane Kanouté,defending,61.52803,,
Franck Junior Evina,defending,33.82719,,
Franco Agustín Quinteros,defending,62.100723,,
Franco Baldassarra,defending,60.66123,,
Franco Daryl Tongya Heubang,defending,37.084965,,
Franco Gabriel Ibarra,defending,63.235798,,
Franco Herrera,defending,45.53353,,
Franco Manuel Saravia Rojas,defending,45.61662,,
Franco Nicolás Fragueda,defending,45.664745,,
Frank Stople,defending,45.562172,,
Frankarlos Benítez,defending,45.41428,,
Fred Marcos Cardouso Pombal,defending,39.715466,,
Freddie Carter,defending,54.020626,,
Freddy Alejandro Oncoy Huarote,defending,61.439068,,
Freddy Andrés Roca Vivancos,defending,22.643448,,
Freddy Kleemann,defending,58.45078,,
Frederik Alves Ibsen,defending,61.258816,,
Frederik Franck Winther,defending,64.70625,,
Frederik Rahn,defending,48.917774,,
Fredrik Sjøvold,defending,44.94146,,
Fredy Valencia,defending,59.1624,,
Friday Etim,defending,27.898804,,
Fryderyk Gerbowski,defending,54.595448,,
Fynn Otto,defending,59.911697,,
Fábio André Freitas Vianna,defending,55.20163,,
Fábio André Tavares Desidério,defending,26.834385,,
Fábio Daniel Soares Silva,defending,25.201544,,
Fábio Pereira Baptista,defending,59.43071,,
Fábio Ronaldo Costa Conceição,defending,26.483677,,
Félix Alexandre Andrade Sanches Correia,defending,32.750187,,
Fıratcan Üzüm,defending,28.658024,,
Gabriel Agustín Sotomayor Cardozo,defending,42.477623,,
Gabriel Colmenárez,defending,60.506207,,
Gabriel Dănuleasă,defending,54.31741,,
Gabriel Fernandes Castro,defending,53.145374,,
Gabriel Julien Dominique Barès,defending,59.18926,,
Gabriel Norambuena,defending,27.635344,,
Gabriel Pereira dos Santos,defending,34.38901,,
Gabriel Silva Vieira,defending,24.961922,,
Gabriel Veiga Novas,defending,39.947796,,
Gabriele Gori,defending,23.336084,,
Gaby Jean,defending,60.628254,,
Gali Balanta,defending,40.838715,,
Garis Mina,defending,58.410122,,
Gary Moya,defending,45.78407,,
Gaspar Campos Ansó Fernández,defending,33.54719,,
Gassan Ahadme Yahyai,defending,29.13018,,
Gastón Alejandro Pérez Conde,defending,54.695614,,
Gastón Benítez,defending,60.195305,,
Gastón Luciano Ávila,defending,67.40554,,
Gastón Nicolás Martirena Torres,defending,63.537846,,
Gastón Nicolás Verón,defending,28.854645,,
Gaultiér Overman,defending,56.341896,,
Gaute Høberg Vetti,defending,60.116974,,
Gavin Okeroghene Bazunu,defending,45.628815,,
Geani Mihai Crețu,defending,56.824703,,
Gedion Zelalem,defending,43.373253,,
Gennaro Borrelli,defending,24.849777,,
Geny Cipriano Catamo,defending,34.02223,,
Geon Woo Park,defending,45.051956,,
George Acosta,defending,35.174255,,
George Alexandru Cîmpanu,defending,35.5191,,
George Asomani,defending,48.643604,,
George Blackwood,defending,39.955853,,
George Burroughs,defending,53.63185,,
George Christopher Williams,defending,33.49925,,
George Cowmeadow,defending,23.21653,,
George Cristian Merloi,defending,39.4157,,
George Damien Nurse,defending,62.7494,,
George David Dobson,defending,62.00933,,
George David Eric Hirst,defending,31.095093,,
George Dănuț Ganea,defending,29.911198,,
George Iain Cooper,defending,48.043003,,
George Ionuț Dragomir,defending,39.455334,,
George Lewis,defending,32.90626,,
George Mihai Micle,defending,45.597725,,
George Oluwaseun Bello,defending,61.817974,,
George Owen Marsh,defending,61.542217,,
George Robert Lawrence Lloyd,defending,29.58465,,
George Thomas Maris,defending,57.46259,,
Georgi Tunjov,defending,50.698658,,
Gerald Martin Távara Mogollón,defending,64.15645,,
Gerard Fdez. Castellano,defending,34.633656,,
Gerard Garner,defending,25.550886,,
Gerard Yepes Laut,defending,50.09065,,
Germán Fernández Hidalgo,defending,45.5837,,
Germán Valera Karabinaite,defending,26.379276,,
Gerónimo Plada,defending,31.709175,,
Geykel Gabriel Parra Arias,defending,45.551655,,
Gi Hyeok Lee,defending,46.620728,,
Giacomo Gambetta,defending,45.47859,,
Giacomo Olzer,defending,32.43202,,
Gian Franco Cabezas Rodríguez,defending,54.57991,,
Gian-Luca Itter,defending,66.06705,,
Gianfranco Chávez Massoni,defending,66.06427,,
Gianluca Gaudino,defending,49.28479,,
Gianluca Saro,defending,45.637253,,
Gianmarco Cangiano,defending,28.393524,,
Gianni De Nitti,defending,45.59269,,
Gianni Ryan Stensness,defending,62.691628,,
Giannis Sardelis,defending,35.16424,,
Gilbert Fuentes,defending,39.711353,,
Gilles Richard,defending,56.256893,,
Gilmar Paredes,defending,51.612595,,
Gilson Benchimol Tavares,defending,21.64463,,
Giorgi Kokhreidze,defending,43.14569,,
Giotto Giuseppe Morandi,defending,49.90287,,
Giovanni Bordón,defending,39.88015,,
Giovanni Crociata,defending,31.324123,,
Giovanni Grotta,defending,45.67112,,
Giuseppe Ciocci,defending,45.66565,,
Giuseppe Di Serio,defending,24.064466,,
Giuseppe Marcianò,defending,45.670856,,
Glenn Bell Dollar Middleton,defending,29.926277,,
Gloire Amanda,defending,22.394238,,
Gnantin Yann Gboho,defending,34.858498,,
Godwin Kobby Bentil,defending,41.70957,,
Gontie Junior Diomandé,defending,28.830118,,
Gonzalo Andrés Tapia Dubournais,defending,27.108322,,
Gonzalo Damián Abrego,defending,60.058216,,
Gonzalo Gabriel Sánchez Franco,defending,23.14839,,
Gonzalo Germán Pérez Corbalán,defending,65.73806,,
Gonzalo Gonzalez,defending,60.733177,,
Gonçalo Bento Soares Cardoso,defending,62.2983,,
Gonçalo Faria Costa,defending,59.594246,,
Gonçalo Oscar Albuquerque Borges,defending,27.820274,,
Gonçalo Pinto,defending,45.596928,,
Goodman Mosele,defending,61.76435,,
Gor Manvelyan,defending,32.717087,,
Gorka San Nicolás Gil,defending,45.666866,,
Grant Dean Horton,defending,55.523083,,
Gregorio Gracia Sánchez,defending,58.335186,,
Gregorio José Tanco,defending,61.564857,,
Griffin McDorman Yow,defending,22.530622,,
Guilherme Araújo Soares,defending,62.516884,,
Guilherme Borges Guedes,defending,57.529613,,
Guilherme Silva Souza,defending,61.53118,,
Guilherme da Silva,defending,63.51406,,
Guillaume Laurent Dietsch,defending,45.523495,,
Guillermo Bueno López,defending,50.167725,,
Guillermo Duhalde,defending,58.108128,,
Guillermo Gajardo,defending,45.68594,,
Guillermo Rosas Alonso,defending,60.27869,,
Guillermo Wagner,defending,63.0861,,
Guilmer Giro,defending,58.187256,,
Gurmukh Singh,defending,54.322174,,
Gustav Lillienberg,defending,45.659996,,
Gustav Mogensen,defending,24.46201,,
Gustav Molin,defending,43.09079,,
Gustav Tang Isaksen,defending,38.60569,,
Gustavo Adolfo Carvajal Gómez,defending,55.377808,,
Gustavo Elvis Loayza,defending,52.926468,,
Gustavo Enrique Giordano Amaro Assunção da Silva,defending,66.50085,,
Gustavo Filipe Azevedo Sá,defending,51.01955,,
Gustavo Klismahn D Miranda,defending,56.99154,,
Gustavo Peralta,defending,22.603888,,
Gustavo Peredo Ortíz,defending,42.899845,,
Gustavo Verón,defending,48.724354,,
Guus Gertsen,defending,58.41175,,
Guy Carel Mbenza Kamboleke,defending,22.597624,,
Guy Dahan,defending,23.14685,,
Gyeong Jun Byun,defending,26.627937,,
Gyu Hyeong Kim,defending,34.62849,,
Gyung Hyun Min,defending,56.816727,,
Gökdeniz Bayrakdar,defending,36.21939,,
Habib Ali Keita,defending,54.66723,,
Haitam Abaida El Achhab,defending,26.993452,,
Haji Mnoga,defending,53.724632,,
Hak-Yoon Lee,defending,45.63521,,
Hakeeb Adeola Jerome Adelakun,defending,26.244123,,
Halldor Østervold Stenevik,defending,46.46737,,
Hamad Abdan Al Abdan,defending,28.22722,,
Hamad Fayez Alsayyaf,defending,51.964813,,
Hamad Turki Al Tuhayfan Al Yami,defending,54.589428,,
Hamed Abdullah Al Ghamdi,defending,50.340416,,
Hampus Gustafsson,defending,45.518585,,
Hamza Bahaïd,defending,55.59245,,
Hamza Yiğit Akman,defending,46.199738,,
Han Beom Lee,defending,60.761,,
Han Min Jeong,defending,27.43154,,
Han-Noah Massengo,defending,64.459274,,
Hani Ismaeel Al-Sebyani,defending,53.529213,,
Hannes Küng,defending,59.20252,,
Hans Nunoo Sarpei,defending,64.54025,,
Haralambie Mociu,defending,45.6573,,
Harmanpreet Singh,defending,24.953655,,
Harrison Bright,defending,47.419502,,
Harrison Clarke,defending,61.144775,,
Harrison James Chapman,defending,31.000256,,
Harrison James Holgate,defending,60.368114,,
Harrison Joshua Perritt,defending,51.974957,,
Harrison Neal,defending,54.146664,,
Harrison Sohna,defending,46.675396,,
Harry Birtwistle,defending,49.104797,,
Harry George Kite,defending,52.60114,,
Harry Jack Darling,defending,65.480774,,
Harry Jewitt-White,defending,46.957935,,
Harry John Anderson,defending,46.060204,,
Harry Kyprianou,defending,60.049595,,
Harry Lee,defending,45.693707,,
Harry McCarthy,defending,26.37936,,
Harry Nicolson,defending,50.617115,,
Harry William Brockbank,defending,58.84139,,
Harun Alpsoy,defending,60.452316,,
Harvey Andrew Knibbs,defending,43.469555,,
Harvey David White,defending,59.21885,,
Harvey Giles,defending,45.660843,,
Harvey James Bunker,defending,50.52391,,
Harvey Jay Cartwright,defending,45.706028,,
Harvey William St Clair,defending,31.295303,,
Hassan Mohammed Al-Tambakti,defending,64.19223,,
Hatim Far,defending,21.814959,,
Hayden Lindley,defending,52.89525,,
Hayrullah Erkip,defending,33.554638,,
Hazazi Sulaiman Yahya,defending,48.451347,,
Hazim Hassan Al Zahrani,defending,49.61545,,
Hazzaa Ahmed Al-Ghamdi,defending,27.477123,,
Hector Matthew Kyprianou,defending,59.34325,,
Hee Seung Kim,defending,40.76918,,
Heine Gikling Bruseth,defending,35.673225,,
Heitor Rodrigues Fonseca,defending,61.454517,,
Henri Koudossou,defending,47.307785,,
Henricus Gerardus Hubertus Maria Linthorst,defending,60.63121,,
Henrik Rørvik Bjørdal,defending,50.574677,,
Henrique Jocú,defending,62.780926,,
Henry Atola,defending,22.644962,,
Henry Lawrence,defending,57.064095,,
Herman Johan Haugen,defending,58.822792,,
Herman Sørby Stengel,defending,57.279476,,
Hermann Tebily,defending,23.204357,,
Hernandes Rodrigues Da Silva,defending,28.671848,,
Hernán Darío López Muñoz,defending,34.96107,,
Hiang'a Mananga Mbock,defending,60.913494,,
Hidde Willem ter Avest,defending,65.699,,
Hillary Chukwah Gong,defending,33.59635,,
Hiram Kojo Kwarteng Boateng,defending,59.65717,,
Hisham Al Dubais,defending,22.864376,,
Hmar Pialtu Lalremruata,defending,35.151184,,
Ho Jae Lee,defending,26.04203,,
Ho Jin Jeong,defending,55.752434,,
Homam Ahmed,defending,62.71932,,
Hoo Sung Oh,defending,39.78964,,
Hristu Sofianu,defending,27.794151,,
Hrithik Tiwari,defending,45.666378,,
Hubert Matynia,defending,60.663963,,
Hugo Anglada Gutiérrez,defending,62.586327,,
Hugo Bueno López,defending,51.28215,,
Hugo Claudio Vallejo Avilés,defending,36.635468,,
Hugo Denar Salvatierra Saucedo,defending,53.07438,,
Hugo Fabián Franco Schlender,defending,60.878883,,
Hugo Javier Martínez Cantero,defending,64.25275,,
Hugo Lorenzo Quintana Escobar,defending,54.14672,,
Hugo Novoa Ramos,defending,22.705292,,
Hugo Ozée,defending,56.420258,,
Hugo Pérez Balderas,defending,58.968304,,
Hugo Redón Almela,defending,46.312508,,
Hugo Silva Oliveira,defending,59.00109,,
Hugo Sotelo Gómez,defending,26.750675,,
Hun Min Kim,defending,49.725742,,
Hussain Ahmed Al-Eisa,defending,43.105858,,
Hyeon Bin Seol,defending,45.437378,,
Hyeon Joon Yang,defending,35.457245,,
Hyun Muk Kang,defending,42.87828,,
Håkan Gustaf Nilsson,defending,26.938469,,
Håkan Rasmus Wiedesheim-Paul,defending,26.765617,,
Hélder Gomes Morim,defending,62.060055,,
Hélder José Oliveira Sá,defending,60.1205,,
Iago Domínguez Rodríguez,defending,44.423798,,
Ian Carlo Poveda-Ocampo,defending,34.201973,,
Ibrahim Al Ali,defending,49.507065,,
Ibrahim Danlad,defending,45.663166,,
Ibrahim Jamal,defending,46.626263,,
Ibrahim Mahnashi,defending,58.731697,,
Ibrahim Sulemana Kakari,defending,62.4902,,
Ibrahim Yalatif Diabate,defending,23.203096,,
Ibrahima Bamba,defending,60.16475,,
Ibrahima Cissokho,defending,38.71288,,
Ibraima José Barry Pérez,defending,54.601097,,
Idris Kanu,defending,60.42033,,
Idrissa Thiam,defending,20.159203,,
Ignacio Antonio Saavedra Pino,defending,60.734467,,
Ignacio Castillo Ameyugo,defending,45.601414,,
Ignacio Daniel Maestro Puch,defending,23.009413,,
Ignacio Laquintana,defending,31.217592,,
Ignacio Nahuel Suárez Ferreira,defending,44.54641,,
Ignacio Santiago Aliseda,defending,39.03343,,
Ignasi Vilarrasa Palacios,defending,66.189644,,
Igor Drapiński,defending,54.934223,,
Igor Lewandowski,defending,54.192707,,
Igor Lucatelli,defending,45.575188,,
Iker Benito Sánchez,defending,34.54657,,
Iker Bravo Solanilla,defending,22.862913,,
Iker Goujón Pozuelo,defending,42.87011,,
Iker Losada Aragunde,defending,32.769436,,
Iker Piedra Blanco,defending,45.54645,,
Iker Álvarez de Eulate,defending,45.68814,,
Ilan Benjamin Sauter,defending,53.77249,,
Ilario Monterisi,defending,61.909077,,
Ilay Eliyau Elmkies,defending,56.764465,,
Ilhan Altuntas,defending,54.270817,,
Ilia Iliev Gruev,defending,65.82344,,
Ilias Akhomach Chakkour,defending,22.739164,,
Ilias Koutsoupias,defending,54.64411,,
Ilya Pomazun,defending,41.287632,,
Ilyas Chouaref,defending,28.490583,,
Ilyas Lefrancq,defending,27.469318,,
Iman Griffith,defending,29.065128,,
Imanol Baz Berganza,defending,64.63145,,
Imanol García de Albéniz,defending,62.85552,,
Imanol Machuca,defending,39.74281,,
Immanuël-Johannes Pherai,defending,37.642357,,
Indiana Denchev Vassilev,defending,31.534325,,
Indy Boonen,defending,46.976078,,
Ioan Andrei Vasile Dumiter,defending,37.344788,,
Ioan Tolea,defending,51.257942,,
Ionuț Zanfir,defending,52.564133,,
Iroy Eckenfelder,defending,26.194996,,
Irvyn Lomami,defending,61.348686,,
Isaac Annan,defending,53.821625,,
Isaac Karamoko,defending,28.000055,,
Isaac Lihadji,defending,26.905651,,
Isac Alexi Sivert Lidberg,defending,37.26937,,
Isaiah Parker,defending,40.382137,,
Isak Bjerkebo,defending,23.581743,,
Isak Dybvik Määttä,defending,55.8287,,
Isak Kjelsrud Vik,defending,54.867798,,
Isak Ssali Ssewankambo,defending,60.63472,,
Ismael García,defending,55.930714,,
Ismael Quispe,defending,45.56896,,
Ismael Ruiz Sánchez,defending,61.421955,,
Ismael Saibari Ben El Basra,defending,41.467495,,
Ismaila Cheick Coulibaly,defending,63.141987,,
Ismaël Aaneba,defending,65.26289,,
Ismaël Gharbi,defending,39.785492,,
Ismaël Landry Doukouré,defending,64.859764,,
Iulian Zamfir,defending,34.60746,,
Ivan Krolo,defending,53.727623,,
Ivan Lepinjica,defending,64.63035,,
Ivan Mesík,defending,59.680454,,
Ivan Toney,defending,39.038902,,
Ivan Šarić,defending,20.421831,,
Iverson Contreras,defending,55.24439,,
Iván Azón Monzón,defending,35.940365,,
Iván Bonifazi,defending,45.64688,,
Iván Darío Angulo Cortés,defending,39.091713,,
Iván Fresneda Corraliza,defending,62.058044,,
Iván Gil Calero,defending,35.32997,,
Iván Martín Núñez,defending,40.632847,,
Iván Martínez Gonzálvez,defending,27.923605,,
Iván Morante Ruiz,defending,46.519627,,
Iván René Franco Díaz,defending,34.971462,,
Iván Romero de Ávila,defending,22.937529,,
Iván San José Cantalejo,defending,34.433956,,
Iván Villar Martínez,defending,45.530087,,
Jack Alexander Stevens,defending,41.720497,,
Jack David Vincent Whatmough,defending,63.90618,,
Jack Hinchy,defending,46.28087,,
Jack James Earing,defending,58.88637,,
Jack Jamie Arthur,defending,45.646946,,
Jack Jenkins,defending,55.95507,,
Jack Karadogan,defending,42.943607,,
Jack Levi Sutton,defending,57.828102,,
Jack McMillan,defending,58.86369,,
Jack Moore,defending,48.511982,,
Jack Newman,defending,45.689632,,
Jack Richard Lankester,defending,42.403767,,
Jack Robert Tucker,defending,63.92402,,
Jack Stephen Burroughs,defending,59.173237,,
Jack Tyler Diamond,defending,32.56775,,
Jack Wakely,defending,57.830753,,
Jack Walton,defending,27.407892,,
Jack Williams,defending,38.892994,,
Jack Young,defending,49.914925,,
Jack de Vries,defending,25.873604,,
Jackson Gabriel Porozo Vernaza,defending,67.22254,,
Jackson Gabriel Rodríguez Perlaza,defending,62.99175,,
Jackson Hopkins,defending,39.52668,,
Jackson Joseph Fitzwater,defending,62.64689,,
Jackson João Crusso Mutto,defending,21.600037,,
Jackson Ragen,defending,60.255283,,
Jacob Anthony Chapman,defending,45.684284,,
Jacob Carney,defending,45.658325,,
Jacob Christian Maddox,defending,54.613064,,
Jacob Jones,defending,49.735928,,
Jacob Michael Italiano,defending,45.813095,,
Jacob Mikael Widell Zetterström,defending,45.696648,,
Jacob Slater,defending,45.994926,,
Jacob Steen Christensen,defending,65.55421,,
Jacopo Da Riva,defending,54.244633,,
Jaden Bevan,defending,45.639797,,
Jaden Philogene-Bidace,defending,29.113005,,
Jaden Wavey Brown,defending,56.56943,,
Jae Hun Cho,defending,23.483797,,
Jae Hwan Hwang,defending,33.039864,,
Jae Sung Kim,defending,38.97522,,
Jae Won Hwang,defending,55.067,,
Jae Won Shin,defending,47.80816,,
Jae Woo Kang,defending,46.04957,,
Jahnoah Markelo,defending,29.03374,,
Jaime Durán Jiménez,defending,45.60464,,
Jaimy Buter,defending,59.282185,,
Jair Veiga Vieira Tavares,defending,26.723667,,
Jairo Quinteros Sierra,defending,65.292984,,
Jairo Ralph Farnias Almeida,defending,45.495922,,
Jake Alan Young,defending,26.57212,,
Jake Alexander Hesketh,defending,39.18436,,
Jake Billy Doyle-Hayes,defending,62.60474,,
Jake Hastie,defending,30.450129,,
Jake Jon Taylor,defending,53.151787,,
Jake Joshua Burton,defending,22.92754,,
Jake Matthew Hull,defending,54.05533,,
Jakob Axel Krister Voelkerling-Persson,defending,56.648045,,
Jakob Bookjans,defending,32.256466,,
Jakob Odehnal,defending,45.64962,,
Jakub Kisiel,defending,56.82978,,
Jakub Niedbała,defending,43.26675,,
Jakub Nowakowski,defending,46.994953,,
Jakub Ojrzyński,defending,41.873592,,
Jakub Piotrowski,defending,62.43861,,
Jakub Rajczykowski,defending,45.682117,,
Jakub Sypek,defending,43.267117,,
Jamal Baptiste,defending,55.953873,,
James Andrew Cumming,defending,29.667007,,
James Anthony Wilson,defending,27.45818,,
James Carragher,defending,52.133465,,
James Charles Jones,defending,44.94354,,
James Clayton Hill,defending,62.211483,,
James Golding,defending,54.52094,,
James Hoban Sands,defending,67.58897,,
James Melhado,defending,47.350082,,
James Norris,defending,57.436165,,
James Pardington,defending,45.551674,,
James Pradic,defending,45.707077,,
James Samuel Morton,defending,54.88839,,
James Taylor,defending,49.18173,,
James Tyler Waite,defending,46.176865,,
James William Hanson,defending,64.314926,,
Jamie Bowden,defending,59.846554,,
Jamir Berdecio,defending,54.119667,,
Jan Alexandre Bamert,defending,63.30562,,
Jan Boller,defending,63.07058,,
Jan Ciućka,defending,22.147024,,
Jan Fortelný,defending,54.99263,,
Jan Hoekstra,defending,45.43864,,
Jan Jakob Olschowsky,defending,45.361664,,
Jan Jurcec,defending,27.273039,,
Jan Luca Schuler,defending,31.925919,,
Jan Niklas Beste,defending,59.380764,,
Jan Schröder,defending,53.192417,,
Jan de Boer,defending,45.63639,,
Jan Žambůrek,defending,42.430984,,
Jan-Rafael Shcherbakovski,defending,34.286762,,
Jang Woo Hong,defending,43.26823,,
Jankat Yılmaz,defending,45.69553,,
Jannes Luca Wieckhoff,defending,55.863377,,
Jannik Horz,defending,45.683254,,
Jannik Zahmel,defending,23.166962,,
Janus Guillermo Vivar Estrella,defending,31.624708,,
Janusz Nojszewski,defending,37.33065,,
Jared Harlock,defending,45.00332,,
Jari Vlak,defending,61.238277,,
Jashar Beluli,defending,18.588192,,
Jasin-Amin Assehnoun,defending,35.442318,,
Jason Bahamboula,defending,33.4075,,
Jason Eyenga-Lokilo,defending,27.639069,,
Jason Law,defending,50.43513,,
Jason Mbock,defending,19.786575,,
Jason Meerstadt,defending,58.825977,,
Jason Ngouabi Lougagui,defending,56.258698,,
Jason Paul Knight,defending,62.861095,,
Jasper ter Heide,defending,61.210358,,
Jaume Albert Cuéllar Mendoza,defending,25.668152,,
Jaume Tovar Seguí,defending,25.204409,,
Javain Okemio Brown,defending,63.5258,,
Javier Agustín Obando,defending,29.89696,,
Javier Ajenjo Hyjek,defending,48.383965,,
Javier Almerge Viñuales,defending,60.665115,,
Javier Alonso Bello,defending,60.9533,,
Javier Cueto Suárez,defending,25.411201,,
Javier Enrique Delgado Saverio,defending,39.92474,,
Javier Garrido López,defending,45.656464,,
Javier Guerra Moreno,defending,51.819717,,
Javier Gómez Castroverde,defending,28.52304,,
Javier Hernández Tarroc,defending,61.275677,,
Javier Iván Cazal Báez,defending,29.249594,,
Javier Llabrés Exposito,defending,31.906675,,
Javier López Carballo,defending,65.409706,,
Javier López-Pinto Dorado,defending,28.4353,,
Javier Marquez,defending,53.94849,,
Javier Martínez Calvo,defending,56.158825,,
Javier María Vázquez López,defending,59.463497,,
Javier Mier Martínez,defending,63.718857,,
Javier Nicolas Vallejo,defending,41.217194,,
Javier Rubio Haro,defending,57.026882,,
Javier Serrano Martínez,defending,59.555317,,
Jay Benn,defending,49.334038,,
Jay Mingi,defending,54.92026,,
Jay Turner-Cooke,defending,51.439754,,
Jay-Dee Geusens,defending,42.202446,,
Jay-Roy Grot,defending,47.907814,,
Jayden Andrew Reid,defending,22.267868,,
Jayden Davis,defending,28.76393,,
Jayden Deslandes Sweeney,defending,50.1402,,
Jayden Jezairo Braaf,defending,39.81448,,
Jayden John-Lloyd Harris,defending,53.8139,,
Jayden Wareham,defending,25.431837,,
Jayson Patrick Molumby,defending,60.682735,,
Jaziel Orozco,defending,51.42827,,
Je Ho Yu,defending,43.330166,,
Jean Baptiste Gorby,defending,59.756668,,
Jean Bone,defending,53.512436,,
Jean Botué,defending,23.994194,,
Jean Harisson Marcelin,defending,67.97222,,
Jean Paul Madera,defending,50.8052,,
Jean Pierre Chalá,defending,26.39591,,
Jean Thierry Lazare Amani,defending,51.284218,,
Jean Torres,defending,54.934116,,
Jean-Jacques Danley,defending,60.50971,,
Jeando Pourrat Fuchs,defending,66.83315,,
Jeff Dewsnup,defending,45.69734,,
Jefferson José Gómez Genes,defending,62.319874,,
Jefferson Justo Cáceres Chávez,defending,22.829916,,
Jeison Andrés Angulo Trujillo,defending,63.273827,,
Jeisson Andrés Vargas Salazar,defending,34.521797,,
Jeizon Jesús Ramírez Chacón,defending,28.352064,,
Jelle Duin,defending,26.06114,,
Jens Jakob Dyhr Thomasen,defending,60.634354,,
Jensen Guy Weir,defending,56.609154,,
Jeong Hoon Kim,defending,45.286705,,
Jeppe Møldrup Okkels,defending,38.541576,,
Jeppe Pedersen,defending,43.519165,,
Jeppe Ørris Nielsen,defending,45.709274,,
Jeremy Nicolás Silva González,defending,34.27524,,
Jeremy Rafanello,defending,28.347744,,
Jeremy Sivi,defending,26.395615,,
Jeremy van Mullem,defending,63.630547,,
Jeremías Perales,defending,22.098595,,
Jeriel Nicolás De Santis Córdova,defending,31.993023,,
Jermaine Anderson,defending,47.746536,,
Jerónimo Pourtau,defending,43.193005,,
Jesper Bergset Robertsen,defending,47.903904,,
Jesper Dickman,defending,26.197319,,
Jesper Strand Isaksen,defending,58.066917,,
Jesse Edem Tugbenyo,defending,59.417618,,
Jessic Gaïtan Ngankam,defending,26.336708,,
Jesús Abdallah Castillo Molina,defending,63.57473,,
Jesús Alejandro Quintero,defending,60.3403,,
Jesús Alvarado,defending,50.98484,,
Jesús Areso Blanco,defending,60.39496,,
Jesús Armando Vargas Rojas,defending,26.41387,,
Jesús Castellano,defending,42.866894,,
Jesús Daniel Bueno Áñez,defending,65.09153,,
Jesús Emanuel Pretell Panta,defending,61.93868,,
Jesús Fernández Alonso,defending,58.55086,,
Jesús Lázaro Owono Ngua Akeng,defending,45.681572,,
Jesús Manuel Orozco Hernández,defending,26.517048,,
Jesús Vázquez Alcalde,defending,65.72969,,
Jetmir Topalli,defending,27.013079,,
Jeyson Alejandro Rojas Orellana,defending,62.53944,,
Jeyson Ariel Chura Almanza,defending,22.916954,,
Jhoanner Stalin Chávez Quintero,defending,59.473835,,
Jhohan Sebastián Romaña Espitia,defending,59.81542,,
Jhohann Sebastián Yabur Perea,defending,59.580215,,
Jhon Jairo Cuellar Vaca,defending,45.515724,,
Jhon Jairo Espinoza Izquierdo,defending,62.55016,,
Jhon Jairo Velasco,defending,54.118645,,
Jhonder Gómez,defending,62.342464,,
Jhondly van der Meer,defending,63.27797,,
Jhonny Peitzmeier,defending,45.66869,,
Ji Han Lee,defending,28.015495,,
Ji Hoon Lee,defending,30.569927,,
Ji Moog Choi,defending,57.025875,,
Ji Sol Lee,defending,58.884407,,
Ji Soo Kim,defending,57.905376,,
Ji Yong Lee,defending,25.563032,,
Ji won Park,defending,23.788055,,
Jimmy Knowles,defending,27.74989,,
Jin Ho Kim,defending,56.22036,,
Jin Hyun Kim,defending,46.08563,,
Jin Seong Park,defending,56.133083,,
Jin Woo Jo,defending,61.987316,,
Jin Yong Lee,defending,60.77083,,
Joan García Pons,defending,45.604282,,
Joan González Cañellas,defending,50.545418,,
Joan Manuel Cruz Castro,defending,24.211126,,
Joan Onofre López Reina,defending,45.628967,,
Joan Stiven Ramírez Martínez,defending,59.107506,,
Joao Alberto Grimaldo Ubidia,defending,36.494267,,
Joaquin Bigo,defending,45.602867,,
Joaquín Gabriel Trasante Hernández,defending,62.955345,,
Joaquín Indacoechea,defending,56.263878,,
Joaquín López,defending,59.00979,,
Joaquín Matías Ardaiz de los Santos,defending,23.500647,,
Joaquín Muñoz Benavides,defending,25.009592,,
Joaquín Nicolás Pereyra,defending,60.080246,,
Joe Cameron Lewis,defending,59.730576,,
Joe Grey,defending,23.556686,,
Joe James Powell,defending,53.51673,,
Joe O'Shaughnessy,defending,45.721367,,
Joe Zen Robert Bell,defending,63.024467,,
Joe Zoherliana,defending,48.976723,,
Joel Bruce King,defending,61.50407,,
Joel Filipe Organista da Silva,defending,52.966488,,
Joel Gerezgiher,defending,37.941124,,
Joel Ideho,defending,34.104034,,
Joel John Randall,defending,30.10893,,
Joel Joshghene Asoro,defending,22.92299,,
Joel Matthew Bagan,defending,61.959156,,
Joel Mumbongo,defending,24.189608,,
Joel Persson,defending,29.819662,,
Joel Poiso,defending,55.284946,,
Joel Quispe,defending,51.873802,,
Joel Steven Quintero Nazareno,defending,63.988403,,
Joel Sundström,defending,40.19415,,
Jofre Carreras Pagès,defending,34.20694,,
Johan Armando Micolta Ruiz,defending,59.679955,,
Johan Bengtsson,defending,22.217785,,
Johan Hove,defending,59.76596,,
Johan Rojas,defending,52.30688,,
Johan Stenmark,defending,55.767426,,
Johan Stiven Carbonero Balanta,defending,31.098644,,
Johandry Jericoth Hidalgo Mora,defending,58.93581,,
Johannes Manske,defending,21.603188,,
Johannes Tartarotti,defending,54.86514,,
John Elian García Sossa,defending,37.28586,,
John George McAtee,defending,37.187794,,
John Gunnar Björkengren,defending,59.15109,,
John Joe Patrick Finn Benoa,defending,23.212898,,
John Mayanga Nekadio,defending,57.17251,,
John Nwankwo Chetauya Donald Okeh,defending,60.88362,,
John Ryan,defending,47.203598,,
John Yeboah Zamora,defending,25.798143,,
Joider Micolta,defending,26.192966,,
Joiner Moreno Montero,defending,48.796223,,
Jomaine Ellay Consbruch,defending,53.587524,,
Jon Ander Olasagasti Imizcoz,defending,63.083244,,
Jon Karrikaburu,defending,25.842295,,
Jon Pacheco Dozagarat,defending,67.00503,,
Jonah Osabutey,defending,24.572323,,
Jonaldo Kauã Monteiro Moura,defending,63.340736,,
Jonas Antonius Auer,defending,61.63526,,
Jonas Benjamin Chimezie David,defending,64.62217,,
Jonas Fedl,defending,61.939075,,
Jonas Welson Orsi de Meneses,defending,38.39017,,
Jonas Wendlinger,defending,45.58276,,
Jonas-Janko Weyand,defending,45.66549,,
Jonatan Carmona Álamo,defending,59.767544,,
Jonathan Alexánder Pérez,defending,26.533403,,
Jonathan Arriba Monroy,defending,54.21388,,
Jonathan Capuz,defending,54.958145,,
Jonathan Corozo,defending,60.0867,,
Jonathan Daniel Benítez Benítez,defending,26.999483,,
Jonathan Fernando Castillo Aguirre,defending,37.234127,,
Jonathan Montiel Caballero,defending,50.389427,,
Jonathan Risbjerg Ægidius,defending,45.343388,,
Jonathan Ruque,defending,60.37245,,
Jonathan Russell,defending,61.77989,,
Jonathan Turra,defending,59.49315,,
Jonathan Villagra,defending,65.37748,,
Jong Beom Baek,defending,45.595238,,
Jong Mu Han,defending,40.04494,,
Jonier Medina,defending,58.959763,,
Joon Beom Park,defending,21.613895,,
Joon Ho Lee,defending,21.798687,,
Jordan Alan Courtney-Perkins,defending,55.611626,,
Jordan Andrew Davies,defending,54.91882,,
Jordan Bernard Rossiter,defending,63.689568,,
Jordan Bhekithemba Zemura,defending,64.024025,,
Jordan Carrillo Rodríguez,defending,32.798424,,
Jordan Cropper,defending,49.743073,,
Jordan Doherty,defending,58.897926,,
Jordan Lewis Helliwell,defending,51.356323,,
Jordan O'Doherty,defending,57.557373,,
Jordan Perruzza,defending,32.025665,,
Jordan Scanlon,defending,43.306236,,
Jordan Stevens,defending,50.50575,,
Jordi Escobar Fernández,defending,20.794474,,
Jordi González-Pola,defending,62.69937,,
Jordi Mboula Queralt,defending,32.15284,,
Jordy José Alcívar Macías,defending,59.293297,,
Jordy Schelfhout,defending,45.653183,,
Jorge Andrés Marsiglia Carrascal,defending,60.957966,,
Jorge Benito Peña Canales,defending,45.68057,,
Jorge Damián González,defending,54.27267,,
Jorge Denilson Cabezudo Ormeño,defending,45.42766,,
Jorge Hernandez,defending,40.75026,,
Jorge Martín Aruga Torales,defending,58.928932,,
Jose María Pérez García,defending,61.704666,,
Josef John Bursik,defending,28.308,,
Joseff John Morrell,defending,49.90227,,
Josep Gayà Martínez,defending,63.13838,,
Joseph Adams,defending,31.120604,,
Joseph Alejandro Espinoza Montenegro,defending,61.556797,,
Joseph Amoako,defending,29.376371,,
Joseph Charles Wildsmith,defending,41.930885,,
Joseph Fabrice Ondoa Ebogo,defending,42.31177,,
Joseph Gubbins,defending,53.357563,,
Joseph Minala,defending,62.049084,,
Joseph Olugbenga Olowu,defending,60.65795,,
Joseph Redmond,defending,60.340076,,
Joseph Shaun Hodge,defending,47.463966,,
Joseph Tetteh Anang,defending,45.36914,,
Josh Barlow,defending,42.52011,,
Josh Blunkell,defending,45.670944,,
Josh Brooking,defending,61.24912,,
Josh Edwards,defending,41.592915,,
Josh Giurgi,defending,46.046448,,
Josh O'Brien,defending,51.611458,,
Josh Thomas Doig,defending,63.20423,,
Joshua Akinola Ogunfaolu-Kayode,defending,25.529297,,
Joshua Atencio,defending,62.20936,,
Joshua Eijgenraam,defending,61.989685,,
Joshua Emmanuel,defending,61.533005,,
Joshua Eze,defending,59.135456,,
Joshua Felix Okpoda Eppiah,defending,30.133785,,
Joshua Gaston Kitolano,defending,59.725742,,
Joshua James Griffiths,defending,45.64666,,
Joshua Michael Blainey Davison,defending,25.240194,,
Joshua Myles Abraham Key,defending,55.989723,,
Joshua Nisbet,defending,53.070717,,
Joshua Oluwayemi,defending,45.695465,,
Joshua Saul Martin,defending,39.306576,,
Joshua Sims,defending,31.376064,,
Joshua Tapia,defending,45.70356,,
Joshua Thomas Sargent,defending,45.0283,,
Joshua William Grant,defending,59.407722,,
Joshué Jampier Quiñónez Rodriguez,defending,61.196262,,
José Aguilar Martinez,defending,48.63909,,
José Alberto Barreto,defending,22.255552,,
José Alonso Lara,defending,31.735008,,
José Antonio Devecchi,defending,33.588295,,
José Antonio Paradela,defending,58.139683,,
José Antonio Ángel García,defending,60.77028,,
José Ardila,defending,38.37281,,
José Ataupillco,defending,60.97479,,
José Caldera,defending,65.93406,,
José Carlos Martínez Garzón,defending,39.691837,,
José Carlos Natário Ferreira,defending,60.81169,,
José Daniel Lasso,defending,45.658436,,
José David Menargues,defending,59.48962,,
José David Álvarez Adsuar,defending,65.37806,,
José Francisco dos Santos Júnior,defending,29.448282,,
José Gragera Amado,defending,66.35269,,
José Hernando Estupiñan Riascos,defending,61.428474,,
José Manuel Arias Copete,defending,67.74487,,
José Manuel Fontán Mondragón,defending,67.679436,,
José Marcos Costa Martins,defending,28.501017,,
José Martín Ballesteros Vera,defending,45.437435,,
José Martínez Marsà,defending,63.38819,,
José Mijares,defending,55.588837,,
José Ndong Machín Dicombo,defending,53.093334,,
José Pedro Ferreira Oliveira,defending,32.458168,,
José Racchumick,defending,61.637493,,
José Ricardo Avelar,defending,58.46058,,
José Salinas Morán,defending,59.469196,,
José Sánchez Martínez,defending,61.850727,,
José Ángel Carmona Navarro,defending,59.595886,,
Jovan Manev,defending,62.879524,,
Jovanny David Bolívar Alvarado,defending,29.260897,,
Jozef Pukaj,defending,45.66334,,
João Diogo Fonseca Ferreira,defending,64.24236,,
João Henrique Oliveira Veras,defending,33.89211,,
João Manuel Neves Virgínia,defending,45.496346,,
João Marcelo Messias Ferreira,defending,64.34942,,
João Marcos Lima Cândido,defending,22.689526,,
João Miguel Teixeira Mendes,defending,55.549904,,
João Nuno Figueiredo Valido,defending,45.709587,,
João Paulo dos Santos Pereira,defending,31.419165,,
João Pedro E. Santo Oliveira,defending,45.628693,,
João Pedro Eira Antunes Silva,defending,60.58383,,
João Pedro Ferreira Silva,defending,29.203144,,
João Pedro Loureiro da Costa,defending,63.23432,,
João Pedro Oliveira Gonçalves,defending,45.669693,,
João Pedro Teixeira Silva,defending,45.684902,,
João Rodolfo Botelho Maia,defending,66.82131,,
Joël Latibeaudiere,defending,66.76561,,
Joël Monteiro Almada,defending,23.648056,,
Joël Pascal Schmied,defending,64.82212,,
Joël van Kaam,defending,58.039417,,
Ju Yeop Kim,defending,55.134308,,
Juan Alberto Mosquera Álvarez,defending,60.83918,,
Juan Andrés Meli,defending,49.717876,,
Juan Artola Canales,defending,44.917263,,
Juan Berrocal González,defending,65.700775,,
Juan Brandáriz Movilla,defending,67.981155,,
Juan Camilo Portilla Orozco,defending,65.427055,,
Juan Carlos Arana Gómez,defending,30.866241,,
Juan Castilla,defending,45.52892,,
Juan Cruz Díaz Espósito,defending,31.70139,,
Juan David Cabal Murillo,defending,67.05469,,
Juan David Mosquera López,defending,59.592377,,
Juan Durán Dueñas,defending,60.814857,,
Juan Familia-Castillo,defending,55.93261,,
Juan Felipe Moreno,defending,25.8186,,
Juan Franco,defending,61.197323,,
Juan Gilbert Sánchez,defending,53.582546,,
Juan Guasone,defending,64.90091,,
Juan Ignacio Martín Nardoni,defending,55.9673,,
Juan Ignacio Miramon,defending,41.395573,,
Juan José Echave Turri,defending,37.48349,,
Juan José Mina,defending,57.805553,,
Juan José Perea Mendoza,defending,26.432562,,
Juan José Uribe Colorado,defending,45.63725,,
Juan Larios López,defending,55.07987,,
Juan Luis Sánchez Velasco,defending,47.79541,,
Juan Macías,defending,53.11765,,
Juan Manuel Cruz,defending,27.084633,,
Juan Manuel Cuesta Baena,defending,34.390965,,
Juan Manuel Gutiérrez Freire,defending,39.67531,,
Juan María Alcedo Serrano,defending,61.421032,,
Juan Miguel Latasa Fernández,defending,31.667875,,
Juan Nazareno,defending,54.334793,,
Juan Nicolás Carrera Zarzar,defending,57.777184,,
Juan Pablo Barinaga,defending,51.378307,,
Juan Pablo Cisternas,defending,45.60131,,
Juan Pedro Navarro Valverde,defending,45.65944,,
Juan Ramón Cáceres,defending,51.967922,,
Juan Sebastian González Arza,defending,47.551464,,
Juan Sebastián Sforza,defending,59.796688,,
Juan Sebastián Vargas Melgarejo,defending,59.909348,,
Juan Soriano Oropesa,defending,44.223373,,
Juan de Dios Rivas Margalef,defending,65.48454,,
Juergen Farid Elitim Sepúlveda,defending,29.110727,,
Julen Agirrezabala,defending,45.577404,,
Julen Fernández Díaz,defending,45.658466,,
Julen Jon Guerrero Landabaso,defending,38.431595,,
Julen Lobete Cienfuegos,defending,22.713387,,
Jules Christ Eboue Kouassi,defending,63.729576,,
Julian Bauer,defending,45.708946,,
Julian Dunn-Johnson,defending,56.505634,,
Julian Huertas,defending,45.66853,,
Julian Rekdahl Faye Lund,defending,29.023575,,
Julian Tobias Emilio von Moos,defending,26.619291,,
Julian Turi,defending,59.64324,,
Julian Vincente Araujo,defending,64.40142,,
Julien Vetro,defending,23.788342,,
Julio Alonso Sosa,defending,62.487617,,
Julio Augusto Dabo,defending,57.256,,
Julio César Enciso Espínola,defending,31.64272,,
Julio Esteban Fierro Díaz,defending,45.682796,,
Julio Martínez Cortés,defending,20.02623,,
Julius Dirksen,defending,59.44459,,
Julius Hoffmann,defending,25.099705,,
Julián Alejo López,defending,60.29607,,
Julián Brea,defending,29.534502,,
Julián Eduardo Palacios,defending,53.221546,,
Julián Eseiza,defending,60.444515,,
Julián Ezequiel Aude Bernardi,defending,60.6461,,
Julián Romero,defending,33.994865,,
Julián Simón Carranza,defending,39.702095,,
Junior Chukwubuike Adamu,defending,24.952139,,
Junior Diaz,defending,59.170403,,
Junior Morau Kadile,defending,23.13087,,
Junior Olaitan Ishola,defending,51.718056,,
Jurich Christopher Alexander Carolina,defending,60.66554,,
Justin Antonius Lonwijk,defending,59.7886,,
Justin Cameron McMaster,defending,27.195206,,
Justin Che,defending,61.491158,,
Justin Gerard Rennicks,defending,23.85854,,
Justin Plautz,defending,55.50557,,
Justin Smith,defending,56.993797,,
Justin Steinkötter,defending,26.785328,,
Justo D'Angelo,defending,59.63094,,
Ján Bernát,defending,34.29924,,
Jérôme Déom,defending,58.915825,,
Jóhannes K. Bjarnason,defending,43.198746,,
Józef Burta,defending,45.60696,,
Jørgen Sveinhaug,defending,45.658157,,
Kacper Kostorz,defending,38.209427,,
Kacper Lepczyński,defending,53.57373,,
Kacper Sezonienko,defending,28.260214,,
Kacper Skibicki,defending,48.40621,,
Kacper Tabiś,defending,56.508327,,
Kade Craig,defending,52.055916,,
Kadin Chung,defending,54.234818,,
Kadir Seven,defending,55.797672,,
Kai Clifton Trewin,defending,61.66212,,
Kai Evans,defending,39.17383,,
Kai Fotheringham,defending,36.989628,,
Kaiky Fernandes Melo,defending,66.463585,,
Kaine Kessler Hayden,defending,59.82188,,
Kaj van der Veldt,defending,59.849426,,
Kalifa Manneh,defending,24.764734,,
Kalil ElMedkhar,defending,28.367306,,
Kameron Malcolm Ledwidge,defending,53.685,,
Kamil Ogorzały,defending,45.556885,,
Kamohelo Mahlatsi,defending,55.35469,,
Kane Leo Wilson,defending,56.82765,,
Kang Han Lee,defending,49.6052,,
Kang Hyeon Lee,defending,59.194344,,
Kangni Frederic Ananou,defending,64.10277,,
Karamoko Kader Dembélé,defending,19.638285,,
Karl Jakob Hein,defending,45.60664,,
Karl O’Sullivan,defending,40.5511,,
Karlo Sentić,defending,40.387283,,
Karol Stanisław Niemczycki,defending,45.669865,,
Kartal Kayra Yılmaz,defending,61.024036,,
Kasper Kaan Özden Kairinen,defending,61.090458,,
Kasper Lunding Jakobsen,defending,28.843122,,
Kasper Poul Mølgaard Jørgensen,defending,58.98908,,
Kasper Waarst Høgh,defending,27.796028,,
Kaveh Rad,defending,55.058628,,
Kayky da Silva Chagas,defending,28.13865,,
Kays Ruiz-Atil,defending,44.768604,,
Keanin Ayer Boya,defending,52.16414,,
Kebba Badjie,defending,30.308012,,
Keesean Ferdinand,defending,50.592968,,
Keiber Lamadrid,defending,59.396667,,
Kelechi John,defending,65.58359,,
Kelvin John,defending,22.897419,,
Kelvin Kwarteng Yeboah,defending,24.96637,,
Kelvin Ofori,defending,40.45825,,
Kelyan Guessoum,defending,65.33896,,
Ken Nkuba Tshiend,defending,51.91051,,
Kenny Nagera,defending,23.18822,,
Kenny Rocha Santos,defending,59.89007,,
Kerem Atakan Kesgin,defending,52.17604,,
Kerem Şen,defending,48.012512,,
Kerr McInroy,defending,56.320023,,
Kerrin Stokes,defending,52.95389,,
Kervin Andrade,defending,45.095642,,
Kerwin Vargas,defending,22.11437,,
Kevin Amir Isa Luna,defending,22.987387,,
Kevin Andres Minda Ruales,defending,63.57183,,
Kevin Andrés Zenón,defending,40.180912,,
Kevin Carlos Omoruyi Benjamin,defending,26.649323,,
Kevin Costinha,defending,21.83693,,
Kevin Egell-Johnsen,defending,54.523663,,
Kevin Fernández,defending,25.364925,,
Kevin Goden,defending,56.622227,,
Kevin Halabaku,defending,28.15879,,
Kevin Holmén,defending,43.440533,,
Kevin Joacid Moreno Sinisterra,defending,60.872833,,
Kevin Lankford,defending,28.207878,,
Kevin Mouanga,defending,61.50714,,
Kevin Nana Yaw Berkoe,defending,49.17653,,
Kevin O'Toole,defending,25.976372,,
Kevin Parra,defending,32.666122,,
Kevin Raphael Diaz,defending,25.248852,,
Kevin Rivera,defending,44.91942,,
Kevin Rolón,defending,63.588917,,
Kevin Simone Sessa,defending,60.048805,,
Kevin Villodres Medina,defending,33.76916,,
Keyendrah Simmonds,defending,23.274622,,
Khaleel Rafiq Salah-Edine,defending,30.370686,,
Khalid Essa Al Ghannam,defending,28.71169,,
Khalid Mohammed Husain Mousa Al-Blooshi,defending,42.858017,,
Khalifah Adel Al-Dawsari,defending,58.50825,,
Ki-Jana Delano Hoever,defending,63.265713,,
Kian Slor,defending,29.871244,,
Kieran Ewan Freeman,defending,58.489655,,
Kieran James Phillips,defending,32.49481,,
Kieran Lloyd,defending,51.137047,,
Kilian Bauernfeind,defending,39.88129,,
Killian Corenthin,defending,51.32969,,
Kingsley Dogo Michael,defending,50.56769,,
Kion Reece Etete,defending,31.706276,,
Kjell Dennis Collander,defending,58.404644,,
Kleber David Pinargote Lara,defending,45.648468,,
Koa Santos,defending,54.305588,,
Koca Manu Agro,defending,45.706177,,
Konan Ignace Jocelyn N’Dri,defending,55.6839,,
Koray Dag,defending,21.53107,,
Korede Yemi Adedoyin,defending,33.72187,,
Kosta Petratos,defending,36.585236,,
Kouya Mabea,defending,55.417522,,
Kristall Máni Ingason,defending,42.730286,,
Kristian Fredrik Malt Arnstad,defending,56.048374,,
Kristian Šekularac,defending,34.86955,,
Kristoffer Paulsen,defending,55.252464,,
Kristoffer-August Sundquist Klaesson,defending,45.02387,,
Krystian Kardyś,defending,30.02779,,
Kryštof Daněk,defending,28.182848,,
Krzysztof Kubica,defending,63.70217,,
Kwadwo Kyeremeh Baah,defending,31.49375,,
Kwaku Bonsu Osei,defending,25.813543,,
Kwaku Oduroh,defending,50.015976,,
Kwame Afriyie Adubofour Poku,defending,44.12779,,
Kwame Peprah,defending,35.184708,,
Kyan van Dorp,defending,45.64463,,
Kye Francis Rowles,defending,59.718864,,
Kyle Alex John,defending,60.878193,,
Kyle Alexander Jameson,defending,56.89638,,
Kyle Ferguson,defending,54.068832,,
Kyle Leon Wootton,defending,26.749361,,
Kyle Michael Dempsey,defending,41.737907,,
Kyle O'Connor,defending,38.20607,,
Kyoung-Bae Park,defending,26.018759,,
Kyron Gordon,defending,54.216217,,
Kyu Min Park,defending,24.020744,,
Kélian Nsona Wa Saka,defending,27.263302,,
L. Henrique Rosa da Silva,defending,37.846813,,
Lachlan Ricky Brook,defending,34.83818,,
Lalbiakhlua Jongte,defending,45.65134,,
Lalchungnunga Lalchungnunga,defending,51.185898,,
Lalengmawia Ralte,defending,56.97207,,
Lalhrezuala Sailung,defending,48.39602,,
Lamin Jawara,defending,53.50933,,
Lamine Diack,defending,61.80125,,
Lamine Sy,defending,54.652317,,
Lars Erik Oskar Fallenius,defending,20.493832,,
Lars Kramer,defending,66.67236,,
Lars Markmanrud,defending,59.47995,,
Lassana Sy,defending,45.652836,,
Lasse Selvåg Nordås,defending,27.648962,,
Laurenz Beckemeyer,defending,45.697144,,
Laurit Krasniqi,defending,57.70189,,
Lautaro Amadé,defending,30.115025,,
Lautaro Emanuel Blanco,defending,63.87421,,
Lautaro Marco Spatz,defending,62.444168,,
Lautaro Nicolás Ríos,defending,62.351948,,
Lautaro Pastrán,defending,25.420198,,
Lautaro Rodrigo Valenti,defending,63.620285,,
Lautaro Tomás Escalante,defending,54.823067,,
Lautaro de León Billar,defending,25.68295,,
Lawrence Nicholas,defending,54.382526,,
Layan Loor,defending,56.52477,,
Layonel Figueroa,defending,51.022568,,
Leandro Antonetti,defending,22.711048,,
Leandro Fernandes da Cunha,defending,53.068623,,
Leandro Frroku,defending,50.52682,,
Leandro Ojeda,defending,62.058098,,
Leandro Sanca,defending,29.804995,,
Leandro Zbinden,defending,45.585842,,
Lee Patrick O'Connor,defending,60.43292,,
Lehlogonolo Matlou,defending,49.14707,,
Lennart Franklin Moser,defending,45.464428,,
Lennart Schulze-Kökelsum,defending,45.64144,,
Lennert Hallaert,defending,25.216969,,
Lenny Jean-Pierre Pintor,defending,26.68833,,
Lenín Checco,defending,56.17845,,
Lenín Usca,defending,45.587814,,
Leo Erik Jean Cornic,defending,54.771267,,
Leo Friedrich Oppermann,defending,45.68654,,
Leo Fuhr Hjelde,defending,62.933105,,
Leon Bürger,defending,56.87421,,
Leon Damer,defending,39.7875,,
Leon Kugland,defending,48.208218,,
Leon Maximilian Flach,defending,66.20745,,
Leon Thomson King,defending,55.986767,,
Leon Valentin Schaffran,defending,45.286976,,
Leonardo Adelino da Silva Lopes,defending,63.82785,,
Leonardo Alves Chú,defending,30.208582,,
Leonardo Borges da Silva,defending,59.424553,,
Leonardo Campana Romero,defending,28.319435,,
Leonardo Daniel Rivas Conge,defending,57.39775,,
Leonardo Daniel Ulineia Buta,defending,55.766766,,
Leonardo Filipe Cruz Lelo,defending,62.20397,,
Leonardo Loria,defending,42.115486,,
Leonardo Morosini,defending,31.039747,,
Leonardo Mosquera,defending,56.810284,,
Leonardo Román Riquelme,defending,45.57373,,
Leonardo Scienza,defending,28.22177,,
Leonardo Yánez,defending,43.048367,,
Leonardo da Costa Bolgado,defending,67.52569,,
Leonel Bucca,defending,48.699413,,
Leonel Marcelo Picco,defending,65.21582,,
Leonhard von Schroetter,defending,56.848328,,
Leonid Srdic,defending,56.808804,,
Leroy Abanda Mfomo,defending,54.624226,,
Lesley Chimuanya Ugochukwu,defending,61.622974,,
Lesly Rebello,defending,50.380188,,
Levi Jeremiah Lumeka,defending,26.004326,,
Lewis Graham Cass,defending,60.327805,,
Lewis Jack Gibson,defending,64.172874,,
Lewis Jay Freestone,defending,57.634556,,
Lewis Leigh,defending,43.375874,,
Lewis Neilson,defending,58.99487,,
Lewis Paul Jimmy Richards,defending,54.725357,,
Lewis Payne,defending,51.714413,,
Lewis Rhys Collins,defending,38.4644,,
Lewis Robert Page,defending,62.760128,,
Lewis Temple,defending,50.41145,,
Leôncio Roger Lobeiro Cunha,defending,32.517025,,
Liam Alan Millar,defending,25.123928,,
Liam Cross,defending,44.00024,,
Liam Darren Shaw,defending,55.42972,,
Liam Harvey,defending,20.210316,,
Liam Mark Kinsella,defending,62.15817,,
Liam McCarron,defending,50.620567,,
Liam McGing,defending,57.49117,,
Liam Mullan,defending,36.395824,,
Liam Spencer Gordon,defending,54.311104,,
Liam Vincent,defending,47.689915,,
Liam van Gelderen,defending,60.64368,,
Liberman Bryan Torres Nazareno,defending,57.35679,,
Lilian Niclas Egloff,defending,34.202538,,
Lino Sousa,defending,55.265682,,
Linus Carlstrand,defending,22.289343,,
Linus Schäfer,defending,46.964012,,
Linus Tagesson,defending,47.082848,,
Lleyton Brooks,defending,28.24817,,
Lluc Matas García,defending,45.686985,,
Lluís Recasens Vives,defending,60.7315,,
Logan Chalmers,defending,21.827227,,
Lorent Tolaj,defending,33.08272,,
Lorenz Knöferl,defending,31.542072,,
Lorenzo Maria Dickmann,defending,67.10497,,
Lorenzo Zúñiga Owono,defending,23.487577,,
Lorik Emini,defending,64.81996,,
Louie Mark Barry,defending,23.722805,,
Louis Chadwick,defending,45.642036,,
Louis D'Arrigo,defending,59.102764,,
Louis George Appéré,defending,38.78205,,
Louis Samuel Reed,defending,59.351795,,
Lourival Adnan Diniz Prazeres,defending,67.821396,,
Loué Bayéré Junior,defending,29.628159,,
Loïc Anthony Bessile,defending,63.524357,,
Luan Vágner Simões Eustáquio,defending,43.309753,,
Luca Bastian Plogmann,defending,41.339134,,
Luca Crecco,defending,57.290318,,
Luca Cristian Andronache,defending,30.737837,,
Luca Daniel de la Torre,defending,55.704506,,
Luca John Connell,defending,50.670902,,
Luca Leovino Martínez Dupuy,defending,24.967735,,
Luca Menke,defending,56.018787,,
Luca Petzold,defending,27.018751,,
Luca Sonzogni,defending,45.651424,,
Luca Stellwagen,defending,56.3001,,
Luca Wollschläger,defending,26.43695,,
Luca-Milan Zander,defending,62.80379,,
Lucas Agustín Besozzi,defending,27.757729,,
Lucas Barros da Cunha,defending,65.528336,,
Lucas Becker,defending,45.693726,,
Lucas Bergström,defending,45.673588,,
Lucas Bernadou,defending,59.834667,,
Lucas Calodat,defending,55.401608,,
Lucas Cañizares Conchello,defending,45.629414,,
Lucas Chrubasik,defending,22.635683,,
Lucas Emanuel Brochero,defending,29.089022,,
Lucas Esteves Souza,defending,59.030186,,
Lucas Felix Krüger,defending,26.670513,,
Lucas Flores de Oliveira,defending,45.648228,,
Lucas Galarza,defending,45.568684,,
Lucas Hiemann,defending,45.426224,,
Lucas Jozef Lissens,defending,60.944073,,
Lucas Larade,defending,58.674984,,
Lucas Laso Gutiérrez,defending,60.878384,,
Lucas Lionel Dias,defending,45.634365,,
Lucas Maciel Felix,defending,61.802418,,
Lucas Margueron,defending,45.645836,,
Lucas Maximiliano Lemos Mayuncaldi,defending,64.47039,,
Lucas Mika Wolf,defending,35.13863,,
Lucas Nahuel González Martínez,defending,57.523872,,
Lucas Nahuel Morales,defending,61.348324,,
Lucas Queiroz Canteiro,defending,34.65937,,
Lucas Varaldo,defending,25.285255,,
Lucas Zahaczewski,defending,45.65129,,
Lucas Ángel Esquivel,defending,58.333393,,
Luciano Daniel Arriagada Garcia,defending,25.822514,,
Luciano Fernández,defending,60.1519,,
Luciano Ismael Ferreyra,defending,25.406897,,
Luciano Valente,defending,36.434475,,
Luciano Vega,defending,50.335663,,
Ludvig Nåvik,defending,44.19284,,
Ludwig Francillette,defending,59.478058,,
Luis Abelardo Vargas,defending,56.919308,,
Luis Alfredo Montero Ruíz,defending,23.60927,,
Luis Barco,defending,57.010853,,
Luis Bilbao Arechaga,defending,23.13427,,
Luis David González Torres,defending,35.5005,,
Luis Eduardo Demiquel Banegas,defending,62.710365,,
Luis Federico López Andúgar,defending,45.664783,,
Luis Fernando Casiani Zúñiga,defending,55.447994,,
Luis Francisco Sánchez Mosquera,defending,44.929745,,
Luis Gerardo Chávez Magallón,defending,59.344654,,
Luis Hernán Franco Fariña,defending,45.630898,,
Luis Ignacio Ingolotti,defending,45.421085,,
Luis Lopes,defending,26.627523,,
Luis Mario Díaz Espinoza,defending,31.087378,,
Luis Mateo Ortíz Lara,defending,61.76924,,
Luis Miguel Barrios,defending,20.421543,,
Luis Thomas Binks,defending,65.83492,,
Luiz Skraback,defending,43.860878,,
Luka Pršo,defending,51.41306,,
Luka Stankovski,defending,39.477062,,
Lukas Ahlefeld Engel,defending,59.479694,,
Lukas Bornhøft Jensen,defending,45.461777,,
Lukas Emanuel Petkov,defending,54.908592,,
Lukas Mazagg,defending,60.49792,,
Lukas Prokop,defending,55.094616,,
Lukas Rhöse,defending,48.924824,,
Lukas Sedlak,defending,45.67365,,
Lukas Sparre Klitten,defending,51.31243,,
Lukas Stephan Horst Daschner,defending,46.54467,,
Lukas Willen,defending,58.29875,,
Luke Alexander Matheson,defending,54.351818,,
Luke Badley-Morgan,defending,54.093758,,
Luke Boore,defending,53.112717,,
Luke Gerald Michael Thomas,defending,35.856438,,
Luke James Cundle,defending,51.020763,,
Luke Jenkins,defending,52.125153,,
Luke Joshua Bodnar,defending,58.18366,,
Luke Mariette,defending,44.020138,,
Luke Matthew Woolfenden,defending,65.424255,,
Luke Oresti,defending,34.245075,,
Luke Owen Jephcott,defending,28.386318,,
Luke Philip McCormick,defending,54.97827,,
Luke Rudden,defending,18.172863,,
Luke William Offord,defending,61.136456,,
Luke Đuzel,defending,42.820015,,
Lukáš Horníček,defending,45.66913,,
Luuk Wouters,defending,61.614403,,
Luís Miguel Castelo Santos,defending,44.57137,,
Luís Pedro Alves Bastos,defending,60.206535,,
Lyle Brent Foster,defending,34.099854,,
Lynden Jack Gooch,defending,51.941635,,
Léider Andrés Riascos Suárez,defending,60.269344,,
Léon Delpech,defending,50.398838,,
Lévi Ntumba,defending,45.457664,,
Maciej Bortniczuk,defending,22.144854,,
Mads Hedenstad Christiansen,defending,44.394783,,
Mads Juhl Kikkenborg,defending,45.56192,,
Mads Roerslev Rasmussen,defending,63.009254,,
Madyen El Jaouhari,defending,48.376514,,
Magnus Elkjær Mattsson,defending,30.539434,,
Magnus Isager,defending,49.97676,,
Magnus Kaastrup Refstrup Lauritsen,defending,30.540907,,
Magnus Nordengen Knudsen,defending,60.608723,,
Mahamadou Dembélé,defending,60.463036,,
Mahamadou Doucouré,defending,29.954206,,
Mahamadou Doumbia,defending,38.50351,,
Mahlon Beresford Baker Romeo,defending,64.24862,,
Maico Alejandro Quiroz,defending,58.635212,,
Maicol Gil,defending,55.369923,,
Maicol Ruiz,defending,57.61875,,
Maiker Alfonzo Rivas González,defending,55.593353,,
Maissa Ndiaye,defending,61.26245,,
Malcolm Viltard,defending,58.946907,,
Malcom Adu Ares Djaló,defending,23.18198,,
Malik Sawadogo,defending,49.25492,,
Malthe Højholt,defending,63.791836,,
Mamadi Caba Camará,defending,41.762856,,
Mamadou Ibra Mbacke Fall,defending,65.30735,,
Mamadou Kaly Sène,defending,27.602905,,
Mamady Alex Bangré,defending,43.708576,,
Mamady Diarra,defending,48.793335,,
Mamoudou Karamoko,defending,24.487833,,
Mansor Faiez Al-Beshe,defending,43.213776,,
Manuel Duarte,defending,28.435364,,
Manuel Garrido Álvarez,defending,25.448606,,
Manuel Lama Maroto,defending,60.190853,,
Manuel Mama Samba Baldé,defending,45.69332,,
Manuel Monzeglio Velázquez,defending,25.711721,,
Manuel Morillo León,defending,21.253412,,
Manuel Osifo,defending,54.620106,,
Manuel Paul Wintzheimer,defending,27.242682,,
Manuel Rico Del Valle,defending,35.53689,,
Manuel Sulbarán,defending,39.71125,,
Manuel Tadeo Llano Massa,defending,56.003937,,
Manuel Thurnwald,defending,55.405014,,
Maodo Malick M'Baye,defending,59.437923,,
Marc Aguado Pallarés,defending,47.689404,,
Marc Llinares Barragán,defending,52.984913,,
Marc Lutz,defending,49.847042,,
Marc Pubill Pagès,defending,62.165554,,
Marc Tenas Ureña,defending,23.000809,,
Marc Vidal Girona,defending,45.70694,,
Marcel Edwin Rodrigues Lavinier,defending,59.048306,,
Marcel Mansfeld,defending,35.448647,,
Marcel Zapytowski,defending,45.642063,,
Marcelo Flores,defending,33.8452,,
Marcelo Iván Allende Bravo,defending,35.954315,,
Marcelo Palomino,defending,33.553047,,
Marcelo Rubén Acosta Ríos,defending,54.979244,,
Marcelo Suárez,defending,61.478462,,
Marcin Szpakowski,defending,54.822567,,
Marco Alexandru Dulca,defending,63.634483,,
Marco Bosisio,defending,62.841904,,
Marco Campagnaro,defending,57.163643,,
Marco Camus Muñoz,defending,32.986446,,
Marco Genare Di Cesare,defending,65.76211,,
Marco Moreno Ojeda,defending,60.24042,,
Marco Olivieri,defending,26.248598,,
Marco Pašalić,defending,33.35185,,
Marcos Ezequiel Gómez Paredes,defending,61.192005,,
Marcos García Trabanco,defending,35.18899,,
Marcos Gonzalo Goñi,defending,66.084366,,
Marcos Hernán Peano,defending,45.656807,,
Marcos Johan López Lanfranco,defending,63.32034,,
Marcos Luna Luna Ruiz,defending,64.38755,,
Marcos Nahuel Enrique,defending,61.813896,,
Marcos Paulo Costa do Nascimento,defending,40.150414,,
Marcus Ellingsen Andersen,defending,45.708706,,
Marcus Maier,defending,58.3405,,
Marcus Samuel Michael McGuane,defending,56.53336,,
Marcus Serup Hannesbo,defending,54.415287,,
Marian Fernando Huja,defending,61.93449,,
Marian Obedeanu,defending,35.669006,,
Marinus Larsen,defending,39.8856,,
Mario Gila Fuentes,defending,60.60252,,
Mario Hernández Fernández,defending,67.11685,,
Mario Jorrín González,defending,56.184887,,
Marios Tsaousis,defending,57.38949,,
Marius Broholm,defending,51.181625,,
Marius Mihai Marin,defending,63.283,,
Marius Tollefsen,defending,45.42229,,
Mark James McGuinness,defending,63.926346,,
Mark Nnamdi Ugboh,defending,45.66801,,
Mark Thomas Harris,defending,39.599506,,
Marko Brkljača,defending,33.91317,,
Marko Dijakovic,defending,57.22288,,
Marko Marić,defending,33.046047,,
Marko Seufatu Nikola Stamenic,defending,58.469578,,
Markus André Kaasa,defending,55.61135,,
Marlon Perea,defending,26.90699,,
Marokhy Ndione,defending,34.659744,,
Martial Godo,defending,28.07291,,
Martijn Beernaert,defending,45.63285,,
Martim Miguel Carneiro Tavares,defending,25.09547,,
Martin Adeline,defending,55.766506,,
Martin Yankov Minchev,defending,33.860733,,
Martí Vilà García,defending,56.137665,,
Martín Ezequiel Cañete,defending,49.895355,,
Martín Garay,defending,65.00521,,
Martín Gianoli,defending,62.084255,,
Martín Manuel Calderón Gómez,defending,63.638226,,
Martín Ortega,defending,59.204838,,
Martín Pascual Castillo,defending,63.652615,,
Martín Suárez,defending,52.204437,,
Marvin Ayhan Obuz,defending,27.43603,,
Marvin Lee Rittmüller,defending,60.59782,,
Marvin Olawale Akinlabi Park,defending,21.807144,,
Marvin Tshibuabua,defending,62.729797,,
Maryan Faryna,defending,56.164967,,
Masimiliano Doda,defending,51.81073,,
Massimo Bertagnoli,defending,61.04171,,
Matchoi Bobó Djaló,defending,38.556725,,
Matei Moraru,defending,36.62877,,
Mateo Agustín Coronel,defending,34.793804,,
Mateo Klimowicz,defending,32.61521,,
Mateus Gonçalo Espanha Fernandes,defending,50.110435,,
Mateus Santos Barbosa,defending,25.466497,,
Mateusz Kowalski,defending,26.912825,,
Mateusz Letkiewicz,defending,54.840084,,
Mateusz Piotr Bogusz,defending,39.190464,,
Mateusz Stefan Lewandowski,defending,26.65843,,
Matheus Bueno Batista,defending,55.00393,,
Matheus Nunes Fagundes de Araújo,defending,34.037098,,
Matheus Pereira de Souza,defending,60.784157,,
Matheus Salgueiro Pains,defending,63.107433,,
Mathew Antony Stevens,defending,23.811214,,
Mathias Damm Kvistgaarden,defending,35.46043,,
Mathias Daniel Pinto Mell,defending,24.03064,,
Mathias De Wolf,defending,48.643196,,
Mathias Johnsrud Emilsen,defending,52.465126,,
Mathias Knutsen Rasmussen,defending,59.546795,,
Mathias Ross Jensen,defending,65.160545,,
Mathias Ullereng Kjølø,defending,58.950687,,
Mathieu Cachbach,defending,58.88673,,
Mathis Bruns,defending,57.133224,,
Mathis Christophe Picouleau,defending,53.48579,,
Mathys Saban,defending,33.99486,,
Mathías Bernatene,defending,45.51178,,
Mathías Carpio,defending,55.450645,,
Mathías Nicolás Laborda Malseñido,defending,65.44926,,
Matias Flores,defending,32.13817,,
Matija Horvat,defending,62.407726,,
Matis Carvalho,defending,45.545555,,
Matisse Didden,defending,57.19919,,
Matko Babić,defending,20.236874,,
Matko Mijael Miljevic,defending,42.13789,,
Matondo-Merveille Papela,defending,55.919514,,
Mats Lemmens,defending,59.4597,,
Matteo Anzolin,defending,59.788593,,
Matteo Arena,defending,51.535282,,
Matteo Chiacig,defending,45.70092,,
Matteo Emilio Di Giusto,defending,22.529615,,
Matteo Piacentini,defending,63.18177,,
Matthew Alexander Sorinola,defending,57.89515,,
Matthew Anim Cudjoe,defending,31.199627,,
Matthew Ben Longstaff,defending,56.784817,,
Matthew David Butcher,defending,57.64899,,
Matthew David Hundley,defending,24.743275,,
Matthew Freese,defending,45.65743,,
Matthew Gerrard Smith,defending,60.15095,,
Matthew Hatch,defending,47.25985,,
Matthew Hudson,defending,42.309906,,
Matthew Jimmy David Garbett,defending,50.754543,,
Matthew Pollock,defending,62.8798,,
Matthew Real,defending,60.04467,,
Matthew Ridenton,defending,57.253117,,
Matthew Robert Smith,defending,60.740017,,
Matthew Ryan Wolfe,defending,57.249134,,
Matthew Scott,defending,42.733814,,
Matthias Gragger,defending,54.17058,,
Matthias Jean Phaeton,defending,29.544592,,
Matthis Harsman,defending,45.523518,,
Matthäus Taferner,defending,59.85102,,
Mattia Ciucci,defending,55.242023,,
Mattia Motolese,defending,58.82511,,
Mattia Pagliuca,defending,22.308804,,
Mattia Viviani,defending,62.966785,,
Mattéo Ahlinvi,defending,59.292503,,
Mattéo Rabuel,defending,56.151302,,
Matías Cedrés Batista,defending,50.650246,,
Matías Damián Palacios,defending,44.852,,
Matías Damián Pérez,defending,67.04197,,
Matías Eduardo Esquivel,defending,53.311687,,
Matías Fernando Lazo Zapata,defending,63.50403,,
Matías Fredes,defending,26.4134,,
Matías Morello,defending,56.58446,,
Matías Nahuel Borgogno,defending,26.006557,,
Matías Nahuel González,defending,49.277054,,
Matías Nicolás Miranda,defending,56.282085,,
Matías Ocampo,defending,39.984467,,
Matías Romero Andrade,defending,28.912434,,
Matías Vesprini,defending,61.698696,,
Maurice Maximilian Malone,defending,30.528412,,
Maurice Michael Multhaup,defending,39.600845,,
Maurilio de Lannoy,defending,31.844875,,
Mauro Silveira,defending,45.688538,,
Max Alves da Silva,defending,34.44337,,
Max Anchor,defending,45.705044,,
Max Delyfer,defending,47.326965,,
Max Dyche,defending,55.03063,,
Max Harrison Sanders,defending,57.831486,,
Max James Watters,defending,27.947514,,
Max Johannes Whitta Fenger,defending,22.620241,,
Max Kulke,defending,53.60185,,
Max McMillan,defending,22.1358,,
Max Murphy,defending,49.17623,,
Max Normann Williamsen,defending,58.861397,,
Max Taylor,defending,58.987476,,
Max Wolfs,defending,45.669006,,
Maxim Deman,defending,45.69726,,
Maxim Gullit,defending,60.94729,,
Maximilian Franzke,defending,26.894138,,
Maximilian Neuberger,defending,59.433186,,
Maximilian Neutgens,defending,45.581028,,
Maximilian Sprang,defending,45.69956,,
Maximiliano David Ayala,defending,62.65135,,
Maximiliano Samuel Romero,defending,29.790775,,
Maximiliano Torrealba,defending,26.233232,,
Maykol Antonio Sánchez Arancibia,defending,33.988537,,
Maïdine Douane,defending,27.826834,,
Mduduzi Shabalala,defending,27.955627,,
Mehdi Baaloudj,defending,20.19703,,
Mehdi Bariki,defending,24.71528,,
Mehdi Lehaire,defending,45.101414,,
Mehmet Albayrak,defending,51.29095,,
Mehmet Ataberk Dadakdeniz,defending,45.68446,,
Mehmet Can Aydin,defending,60.353455,,
Melker Ellborg,defending,45.59892,,
Melvin Aladin Ramusović,defending,59.427837,,
Melvin Sitti,defending,58.37623,,
Mender García Torres,defending,27.355143,,
Mert Arslan,defending,42.438934,,
Mert Kurt,defending,23.302116,,
Metehan Baltacı,defending,58.89323,,
Metehan Güçlü,defending,22.88195,,
Michael Andrew Johnston,defending,28.635468,,
Michael John Cooper,defending,45.356827,,
Michael Joseph Edwards,defending,51.422012,,
Michael Kostka,defending,56.60247,,
Michael Martin,defending,45.517704,,
Michael Ndiweni,defending,22.492872,,
Michael Ologo Inainfe,defending,63.220768,,
Michael Thomas Tallaksen Crowe,defending,43.90957,,
Michael Wyparło,defending,50.85969,,
Michalis Kosidis,defending,23.606657,,
Michał Rostkowski,defending,48.916264,,
Michel De Jesus Sousa,defending,28.183933,,
Miguel Angel Cornejo Loli,defending,62.577724,,
Miguel Angel Martínez Irala,defending,45.70344,,
Miguel Azeez,defending,43.556763,,
Miguel Baeza Pérez,defending,43.185158,,
Miguel Colque,defending,58.080482,,
Miguel Ferreira de Sousa,defending,40.717857,,
Miguel Gutiérrez Ortega,defending,63.775948,,
Miguel Maria Mariano Falé,defending,41.773766,,
Miguel Mariz Luís,defending,57.439857,,
Miguel Puche García,defending,40.49884,,
Miguel Raimundo Nóbrega,defending,64.744385,,
Miguel Rodríguez Vidal,defending,34.459766,,
Miguel Silva Reisinho,defending,58.51981,,
Miguel Sánchez Tabares,defending,45.675037,,
Miguel de la Fuente Escudero,defending,29.890862,,
Miguel Ángel Atienza Villa,defending,62.793797,,
Miguel Ángel Morro Muñoz,defending,45.53546,,
Miguel Ángel Navarro Zárate,defending,59.636097,,
Miguel Ángel Ruiz Herráiz,defending,56.76925,,
Miguel Ângelo Ferreira Magalhães,defending,62.286705,,
Mihai Alexandru Dobre,defending,43.611523,,
Mihai Alexandru Eşanu,defending,44.230583,,
Mihai Daniel Lixandru,defending,58.342667,,
Mihai Marian Aioani,defending,45.53316,,
Mihai Maximilian Popa,defending,28.125523,,
Mihai Velisar,defending,60.630436,,
Mika Godts,defending,38.02094,,
Mika Mármol Medina,defending,61.206635,,
Mika Schröers,defending,34.561085,,
Mikael Ugland,defending,44.514732,,
Mike Johannes Hendrikus Josephus van Beijnen,defending,60.341766,,
Mikel Carro Fandiño,defending,59.995464,,
Mikey O'Neill,defending,24.689684,,
Mikkel Duelund Poulsen,defending,41.137344,,
Mikkel Juhl Andersen,defending,53.152004,,
Mikkel Kallesøe Andreasen,defending,50.67144,,
Mikkel Kaufmann Sørensen,defending,26.563038,,
Mikkel Konradsen Ceide,defending,57.596687,,
Mikkel Møller Lassen,defending,57.17506,,
Mikkel Rakneberg,defending,30.500053,,
Mikołaj Rakowski,defending,52.729256,,
Milan Smit,defending,24.954496,,
Miliano Jonathans,defending,22.542208,,
Miloš Bočić,defending,22.480627,,
Milton Marcelo Maciel Brítez,defending,46.208298,,
Milton Nahuel Valenzuela,defending,61.438793,,
Min Geol Woo,defending,49.305202,,
Min Gyu Kim,defending,52.760677,,
Min Jun Kim,defending,28.750912,,
Min Woo Jung,defending,34.95986,,
Mirko Tomianovic,defending,60.32308,,
Miroslav Gono,defending,47.81163,,
Mitchell Reece Clark,defending,58.16123,,
Mitchell Roberts,defending,56.5193,,
Moataz Zemzemi,defending,48.904526,,
Modou Tambedou,defending,58.017593,,
Mohamad Al-Taay,defending,53.70413,,
Mohamed Airam Ramos Wade,defending,45.558777,,
Mohamed Ben Fredj,defending,19.873215,,
Mohamed Berte,defending,23.500948,,
Mohamed Bouchouari,defending,56.608635,,
Mohamed Kefing Kanté,defending,20.332956,,
Mohamed Salah El Boukammiri,defending,27.633562,,
Mohamed Taabouni,defending,43.873077,,
Mohamed Toure,defending,30.55356,,
Mohamed Traore,defending,55.066856,,
Mohamed Youla,defending,50.70358,,
Mohammed Abo Abd,defending,32.729046,,
Mohammed Al Biladi,defending,45.66276,,
Mohammed Al Khaibari,defending,50.862087,,
Mohammed Al Kunaydiri,defending,53.13802,,
Mohammed Al Mosabbah,defending,48.957687,,
Mohammed Al Qahtani,defending,29.366196,,
Mohammed Bassam Alhurayji,defending,38.02702,,
Mohammed Boudiaf,defending,47.1709,,
Mohammed Furaih,defending,21.475197,,
Mohammed Khalil Maran,defending,22.362127,,
Mohammed Tahiri,defending,26.744194,,
Mohammed Waad,defending,62.838154,,
Moises Castillo Mosquera,defending,60.848377,,
Moisés Isaac Caicedo Corozo,defending,68.60805,,
Momodou Bojang,defending,23.076008,,
Monsuru Opeyemi,defending,47.67909,,
Montasser Lahtimi,defending,28.885746,,
Moonga Simba,defending,31.058928,,
Morgan Boyes,defending,57.21236,,
Morgan Elliot Roberts,defending,35.407307,,
Morgan Elliot Rogers,defending,40.196903,,
Morgan Faßbender,defending,25.657354,,
Morgan Paul Poaty,defending,61.99311,,
Moritz Berg,defending,50.252865,,
Moritz Heinrich,defending,29.470339,,
Moteb Saad Al-Harbi,defending,60.478607,,
Moubarack Compaoré,defending,28.53564,,
Moudi Najjar,defending,50.87231,,
Mouhamed Niang,defending,55.844757,,
Mounir Chouiar,defending,34.677998,,
Moussa Kalilou Djitté,defending,28.801647,,
Moustapha Cissé,defending,22.509235,,
Moïse Sahi Dion,defending,28.534113,,
Muhammed Enes Kiprit,defending,28.991993,,
Muhammed-Cham Saračević,defending,25.66734,,
Muhammet Arslantaş,defending,26.254965,,
Muhammet Taha Tepe,defending,23.112679,,
Muhannad Mustafa Al-Shanqeeti,defending,61.290627,,
Muheet Shabir Khan,defending,45.683964,,
Murat Cem Akpınar,defending,60.154755,,
Musab Habkoor,defending,52.161613,,
Mustafa Eser,defending,61.994778,,
Mustafa Kapı,defending,51.032486,,
Mustafa Kizza,defending,57.307278,,
Muzaffer Cem Kablan,defending,45.60238,,
Mykola Kukharevych,defending,23.15708,,
Myung Sun Kim,defending,53.830105,,
Máximo David Alonso Fontes,defending,40.331715,,
Mücahit Serbest,defending,45.539482,,
Münir Levent Mercan,defending,48.08916,,
N'Dri Philippe Koffi,defending,24.149176,,
Nabili Zoubdi Touaizi,defending,29.790583,,
Nacim El Hassani,defending,41.940536,,
Nadhir Benbouali,defending,23.959436,,
Nahuel Casasola,defending,60.637554,,
Nahuel Manganelli,defending,45.355865,,
Nahuel Soria,defending,27.674887,,
Naif Saeed Almas,defending,54.760506,,
Naim García García,defending,32.58522,,
Nana Boateng,defending,32.894936,,
Nando Toggenburger,defending,22.043776,,
Nando Zen Pijnaker,defending,63.184696,,
Nasser Al Shikaili,defending,32.23912,,
Nasser Djiga,defending,57.63324,,
Nasser Eissa Shafi Al-Dawsari,defending,59.639107,,
Natanas Žebrauskas,defending,53.562748,,
Nathan Broome,defending,45.500286,,
Nathan Fogaça,defending,21.604626,,
Nathan Kenneth Patterson,defending,62.32396,,
Nathan Logue Cunningham,defending,41.288128,,
Nathan Monzango,defending,61.750652,,
Nathan N'Goumou Minpole,defending,33.731155,,
Nathan Sheppard,defending,45.69004,,
Nathan Wicht,defending,42.72368,,
Nathan Wood-Gordon,defending,61.771027,,
Nathanael Kukanda,defending,43.60113,,
Nathanaël Saintini,defending,54.309036,,
Nathaneal Blair,defending,27.002869,,
Nathangelo Alexandro Markelo,defending,60.154903,,
Nathaniel Caleb Atkinson,defending,60.617134,,
Nawaf Al Saadi,defending,28.509918,,
Nawaf Dhahi Faisal Al Suweiti Al-Aqidi,defending,45.688126,,
Nawaf Hazazi,defending,25.08046,,
Nazareno Funez,defending,33.40493,,
Nazareno Romero,defending,59.85423,,
Naël Jaby,defending,55.47294,,
Nelson Quiñónes,defending,33.750534,,
Nemanja Celic,defending,63.858376,,
Neraysho Meritchio Kasanwirjo,defending,67.278725,,
Nermin Karić,defending,48.099716,,
Nestor Jiménez,defending,22.93026,,
Neven Djurasek,defending,61.124607,,
Niall Nathan Michael Ennis,defending,38.23182,,
Nic Bollado,defending,22.783506,,
Niccolò Pierozzi,defending,36.848217,,
Nicholas D'Agostino,defending,34.27147,,
Nicholas Markanich,defending,22.738956,,
Nicholas Michael Hayes,defending,45.666016,,
Nicholas Suman,defending,45.595425,,
Nicholas Tsaroulla,defending,55.541714,,
Nicky Clescenco,defending,25.703661,,
Nicky Hernandez,defending,42.90506,,
Nicky Medja Beloko,defending,61.315823,,
Niclas Eliasson Santana,defending,34.822956,,
Nico Gordon,defending,61.005363,,
Nico Gorzel,defending,58.19991,,
Nico Moos,defending,55.082256,,
Nicolas Galazzi,defending,40.88983,,
Nicolas Martin Hautorp Madsen,defending,59.595596,,
Nicolas Thierry Raskin,defending,63.5884,,
Nicolo Tresoldi,defending,23.199558,,
Nicolás Agustín Demartini,defending,67.08,,
Nicolás Alejandro Thaller,defending,66.23109,,
Nicolás Bastián Guerra Ruz,defending,23.07655,,
Nicolás Brian Acevedo Tabárez,defending,63.863186,,
Nicolás Delgadillo Godoy,defending,35.018124,,
Nicolás Ezequiel Fernández Mercau,defending,60.971565,,
Nicolás Federico Castro,defending,47.95671,,
Nicolás Fernando Cordero,defending,29.209301,,
Nicolás Ferreira,defending,28.91954,,
Nicolás Figueroa,defending,24.436068,,
Nicolás Gudiño Castilla,defending,60.523964,,
Nicolás Quagliata,defending,38.077217,,
Nicolás Serrano Galdeano,defending,24.142216,,
Niels Patrick Nkounkou,defending,59.27108,,
Nigel van Haveren,defending,45.69836,,
Nika Gagnidze,defending,59.62385,,
Nikita Fedotov,defending,45.675488,,
Niklas Jahn,defending,45.334896,,
Niklas Jeck,defending,60.22298,,
Niklas Lübcke,defending,45.675594,,
Nikodem Niski,defending,53.609005,,
Nikola Stevanović,defending,64.31244,,
Nikola Stosic,defending,59.799397,,
Nikolai Baden Frederiksen,defending,25.047892,,
Nikolai Rohde Laursen,defending,34.054745,,
Nikolas Korzeniecki,defending,55.51454,,
Nikolas Langberg Dyhr,defending,62.0737,,
Nikolas Polster,defending,45.69904,,
Nikolas Terkelsen Nartey,defending,64.309166,,
Nikoloz Kutateladze,defending,26.381105,,
Nikos Zografakis,defending,31.427813,,
Nils Arvidsson,defending,45.582836,,
Nils Gustav Georg Fröling,defending,38.13534,,
Nils Hahne,defending,45.586857,,
Nils Mortimer Moreno,defending,20.899853,,
Nils Wallenberg,defending,51.44522,,
Nils-Jonathan Körber,defending,45.5329,,
Nino Žugelj,defending,26.744835,,
Nishan Connell Burkart,defending,26.852781,,
Nkosingiphile Ngcobo,defending,41.649487,,
Noah Awuku,defending,25.246193,,
Noah Christopher Chilvers,defending,55.848045,,
Noah De Queiroz Pacheco,defending,54.206993,,
Noah Diliberto,defending,51.9103,,
Noah Emmanuel Jean Holm,defending,28.07772,,
Noah James,defending,45.678284,,
Noah Kemeseng Sonko-Sundberg,defending,61.39968,,
Noah König,defending,59.287693,,
Noah Raveyre,defending,45.67209,,
Noah Sadiki,defending,57.105648,,
Noah Shawn Agbaje,defending,26.831903,,
Noah Wagner,defending,54.132256,,
Noble Okello,defending,54.724087,,
Noel Hansson,defending,53.11048,,
Noel López de la Fuente,defending,27.133574,,
Nongdamba Naorem,defending,32.089058,,
Norbert Pacławski,defending,23.029037,,
Norbert Wojtuszek,defending,48.297905,,
Nordin Musampa,defending,61.5964,,
Novatus Miroshi Dismas,defending,59.16783,,
Nuno Gonçalo Rocha Moreira,defending,32.272896,,
Nuno Miguel Reis Lima,defending,66.10648,,
Nurettin Korkmaz,defending,29.793875,,
Odin Ohray Bailey,defending,34.29298,,
Olaf Kobacki,defending,43.144337,,
Olamide Shodipo,defending,27.03001,,
Ole Martin Lekven Kolskogen,defending,61.455017,,
Ole ter Haar Romeny,defending,32.455154,,
Oleksandr Drambaev,defending,59.309517,,
Oleksandr Yatsyk,defending,55.58769,,
Oleksiy Sych,defending,57.30015,,
Oliver Bjerrum Jensen,defending,44.352917,,
Oliver Bundgaard Kristensen,defending,58.74534,,
Oliver Casey,defending,61.216194,,
Oliver Denham,defending,56.26228,,
Oliver Kamdem,defending,56.393436,,
Oliver Lukas Dozae Nnonyelu Dovin,defending,45.658672,,
Oliver Marc Rose-Villadsen,defending,59.868717,,
Oliver Olsson,defending,55.16806,,
Oliver Ross,defending,31.010664,,
Oliver Samuel Crankshaw,defending,39.516598,,
Oliver Younger,defending,59.441257,,
Olivier Boissy,defending,26.846296,,
Olivier Wypart,defending,52.790993,,
Oliwier Sławiński,defending,23.573875,,
Oliwier Wojciechowski,defending,50.140553,,
Oliwier Zych,defending,45.709324,,
Oluwarotimi Mark Odusina,defending,60.952232,,
Oluwaseyi Babajide Ojo,defending,31.741693,,
Omar Damen Al Ruwaili,defending,21.265312,,
Omar Hamad Al-Owdah,defending,53.634327,,
Omar Jebali,defending,59.568104,,
Omar Khalid Dakhel Al-Jadani,defending,26.94069,,
Omar Kolawole Olufemi Sowunmi,defending,60.913555,,
Omar Rekik,defending,63.146137,,
Omar Saeed,defending,56.33445,,
Omar-Šarif Sijarić,defending,44.08099,,
Omir Guadalupe Fernandez Mosso,defending,42.942886,,
Onel Acosta,defending,59.278717,,
Onurhan Babuscu,defending,29.562828,,
Orges Bunjaku,defending,53.480354,,
Oriol Busquets Mas,defending,62.21905,,
Orlando David Colmán,defending,52.88098,,
Orrin McLaughlin,defending,39.22108,,
Osazee Aghatise,defending,35.03231,,
Oscar Aga,defending,22.879076,,
Oscar Camilo Salomón,defending,64.96408,,
Oscar Carl Linnér,defending,45.406796,,
Oscar Halls,defending,50.214085,,
Oscar Massey,defending,24.592052,,
Oscar Ramón Toledo Acosta,defending,45.68201,,
Oscar Thore Hedvall,defending,42.53861,,
Osher Davida,defending,27.51531,,
Oskar Aron Opsahl,defending,51.824,,
Oskar Lodziński,defending,45.6937,,
Oskar Mielcarz,defending,45.434868,,
Oskar Sewerzyński,defending,56.092667,,
Oskar Siira Sivertsen,defending,27.210003,,
Oslimg Roberto Mora Pasache,defending,45.101055,,
Osman Bukari,defending,37.467495,,
Osvaldo Rodríguez del Portal,defending,63.913456,,
Oswaldo Josué Valenzuela Dileo,defending,62.084553,,
Othman Awadh,defending,46.996376,,
Otis Jan Mohammed Khan,defending,40.79281,,
Otto Lindell,defending,43.949257,,
Ousmane Ba,defending,45.68168,,
Ovidiu Horșia,defending,37.969284,,
Ovidiu Ioan Perianu,defending,59.830505,,
Owen Bevan,defending,58.58366,,
Owura Edwards,defending,32.519142,,
Oğuzhan Akgün,defending,22.721237,,
P. Justiniano Almeida Gomes,defending,61.166428,,
Pablo Agustín Minissale,defending,66.83649,,
Pablo Alejandro Bonilla Serrada,defending,53.723156,,
Pablo Antonio Ortiz Cabezas,defending,61.75048,,
Pablo Cuñat Campos,defending,45.574833,,
Pablo Enrique Ruíz,defending,67.79465,,
Pablo Felipe Pereira de Jesus,defending,25.426876,,
Pablo Gozálbez Gilabert,defending,46.670097,,
Pablo Gálvez Miranda,defending,23.401226,,
Pablo Ibáñez Lumbreras,defending,57.999996,,
Pablo López Gallo,defending,60.695297,,
Pablo Moreno Taboada,defending,25.570911,,
Pablo Pérez Rico,defending,57.092937,,
Pablo Rodríguez Delgado,defending,22.297203,,
Pablo Tomeo Félez,defending,60.403946,,
Pablo Torre Carral,defending,42.3517,,
Pablo Vaca,defending,56.651653,,
Pablo Valencia García,defending,45.552532,,
Pacifique Niyongabire,defending,35.968056,,
Panagiotis Panagiotou,defending,59.65221,,
Pantelis Chatzidiakos,defending,65.04141,,
Paolo Alessandro Reyna Lea,defending,60.910236,,
Paolo Gozzi,defending,61.266617,,
Paolo Marco Leima Donatelo,defending,62.038097,,
Paolo Medina Etienne,defending,60.84567,,
Paolo Sciortino,defending,59.860157,,
Pape Habib Guèye,defending,22.22839,,
Pape Samba Thiam,defending,26.493092,,
Pascal Hammer,defending,51.525875,,
Patricio Alessandro Flores Bascur,defending,58.770016,,
Patrick Brouwer,defending,47.36827,,
Patrick Gilmar Sequeira,defending,45.42115,,
Patrick Kpozo,defending,54.382195,,
Patrick Moser,defending,45.62133,,
Patrick Scheder,defending,46.04612,,
Patrick Weah,defending,26.122505,,
Patrik Sigurður Gunnarsson,defending,45.452442,,
Patriot Sejdiu,defending,30.409655,,
Patryk Klimala,defending,29.610296,,
Patryk Peda,defending,59.502865,,
Pau Casadesús Castro,defending,60.446148,,
Paul Asiedu Osew,defending,55.33447,,
Paul Bourdelle,defending,45.650608,,
Paul Grave,defending,45.32202,,
Paul Manske,defending,28.543928,,
Paul Milton Glatzel,defending,28.235434,,
Paul Méliande,defending,50.494907,,
Paulo Eduardo Ferreira Godinho,defending,63.952793,,
Paulo Estrela Moreira Alves,defending,60.44479,,
Paulo Guilherme Gonçalves Bernardo,defending,53.252483,,
Paulo Vitor Fernandes Pereira,defending,37.67465,,
Paulos Abraham,defending,28.355595,,
Pavle Vagić,defending,61.43285,,
Pawel Chrupalla,defending,49.930046,,
Paweł Sokół,defending,45.668716,,
Paweł Żuk,defending,53.67952,,
Paya Pichkah,defending,57.50821,,
Peder Klausen,defending,45.69313,,
Pedro Bernardo González Ojeda,defending,45.62315,,
Pedro David Brazão Teixeira,defending,38.80145,,
Pedro Emmanuel Ojeda,defending,59.88262,,
Pedro Guillermo Ibáñez Gálvez,defending,60.429184,,
Pedro Henrique Rodrigues Bicalho,defending,59.036385,,
Pedro Injai Gomes,defending,61.264507,,
Pedro Jeampierre Vite Uca,defending,53.355736,,
Pedro Jorge Gonçalves Malheiro,defending,57.331707,,
Pedro Luís Machado Ganchas,defending,64.42782,,
Pedro Miguel Almeida Lopes Pereira,defending,66.80033,,
Pedro Miguel Costa Álvaro,defending,65.92321,,
Pedro Navarro,defending,57.364376,,
Pedro Ortiz Bernat,defending,48.21226,,
Pedro Pablo Campos Olavarría,defending,27.728416,,
Pedro Ruiz Delgado,defending,28.320873,,
Pedro Trujillo,defending,45.486336,,
Pelayo González Rey,defending,57.982494,,
Pelayo Morilla Cabal,defending,26.789375,,
Pelle Elkjær Mattsson,defending,54.67812,,
Per Kristian Worre Bråtveit,defending,45.233677,,
Pere Joan García Bauzà,defending,45.690304,,
Perry Ng Tian-Hee,defending,58.739994,,
Peru Nolaskoain Esnal,defending,66.79483,,
Petar Pušić,defending,45.09891,,
Peter González Carmona,defending,37.341057,,
Peter Maguire,defending,50.149754,,
Peter Urminský,defending,45.695866,,
Philipp Birglehner,defending,55.38561,,
Philipp Ochs,defending,54.387745,,
Philipp Sonn,defending,43.608788,,
Philipp Sturm,defending,42.47519,,
Phrangki Buam,defending,28.092447,,
Pierluigi Cappelluzzo,defending,28.49243,,
Piero Antonio Vivanco Ayala,defending,60.093594,,
Pierre-Emmanuel Ekwah Elimby,defending,54.70352,,
Pietro Rovaglia,defending,27.805513,,
Pim Saathof,defending,46.415043,,
Plamedi Buni Jorge,defending,45.25058,,
Pol Bassa Mora,defending,58.648598,,
Pontus Jacob Ragne Dahlberg,defending,25.783833,,
Pontus Texel,defending,53.05323,,
Presley Pululu,defending,27.246183,,
Prince Isaac Kouame,defending,30.092623,,
Przemysław Kapek,defending,20.427326,,
Przemysław Maj,defending,32.595474,,
Quaine Bartley,defending,28.057365,,
Quinn McNeill,defending,49.03909,,
Radinio Balker,defending,64.09805,,
Radosław Cielemęcki,defending,45.65598,,
Radosław Seweryś,defending,57.670624,,
Radu Matei Drăgușin,defending,67.3222,,
Radu Ștefăniță Boboc,defending,62.54589,,
Rafael António Pereira,defending,62.662918,,
Rafael Castrillo,defending,50.82689,,
Rafael Ferrario,defending,45.612476,,
Rafael Julián Lutiger Vidalón,defending,64.699974,,
Rafael Mascarenhas Moreira,defending,25.059221,,
Rafael Obrador Burguera,defending,59.873604,,
Rafael Sebastián Mújica García,defending,32.448864,,
Rafael Sousa Gancho Brito,defending,55.5852,,
Rafael Tavares Gomes Fernandes,defending,60.86727,,
Rafael Tresaco Blasco,defending,19.340694,,
Raffaele Celia,defending,61.420357,,
Rafiki Said Ahamada,defending,23.313066,,
Rahmat Akbari,defending,59.34918,,
Rahmetullah Berişbek,defending,46.155476,,
Rahul Kannoly Praveen,defending,34.37523,,
Rakan Shamlan Al-Enezi,defending,38.567333,,
Ralph Priso-Mbongue,defending,59.937813,,
Ramón Enríquez Rodríguez,defending,57.848602,,
Ramón Juan Ramírez,defending,45.689205,,
Ramón Sosa Acosta,defending,48.204945,,
Ramón Terrats Espacio,defending,64.84833,,
Raphael Assibey-Mensah,defending,27.300611,,
Raphael Radtke,defending,45.35984,,
Rareș Bălan,defending,58.943302,,
Rashawn Scott,defending,24.692577,,
Rashed Al Muwainea,defending,45.696396,,
Rasmus Winther Højlund,defending,28.715717,,
Raul Șteau,defending,40.699295,,
Rayan Al Qahtani,defending,26.542534,,
Rayan Darwish Albloushi,defending,23.568636,,
Rayan Ny Aina Arnaldo Raveloson,defending,62.499462,,
Rayane El Khamali,defending,28.77507,,
Rayane Falchou,defending,45.591846,,
Rayhaan Rahim Amari Tulloch,defending,24.96928,,
Raymond Owusu,defending,25.842377,,
Raúl Arias Arias,defending,23.634924,,
Raúl Blanco Juncal,defending,48.543243,,
Raúl García de Haro,defending,22.75066,,
Raúl Moro Prescoli,defending,27.26853,,
Raúl Parra Artal,defending,63.518974,,
Raúl Rubio Romero,defending,28.162695,,
Raúl Torrente Navarro,defending,65.69931,,
Reda Benchaa,defending,56.74128,,
Redwan Bourlès,defending,47.41434,,
Reece Byrne,defending,41.834602,,
Regan Donelon,defending,52.77885,,
Regan Jon Griffiths,defending,47.142746,,
Reinier Jesus Carvalho,defending,41.70994,,
Rekeem Jordan Harper,defending,57.242943,,
Remco Balk,defending,27.790688,,
Remeao Andrew Hutton,defending,53.97428,,
Remi van Ekeris,defending,38.613846,,
Renat Oleq Oğlu Dadaşov,defending,23.83882,,
Rene Kriwak,defending,27.255144,,
Renné Alejandro Rivas Alezones,defending,60.726948,,
Renzo Damián Bacchia Rodríguez,defending,45.428284,,
Renzo Giampaoli,defending,63.6243,,
Rey Manaj,defending,29.643719,,
Rhian Joel Brewster,defending,21.752632,,
Rhys Llewelyn Norrington-Davies,defending,64.14643,,
Ricard Artero Ruiz,defending,56.0175,,
Ricard Sánchez Sendra,defending,60.731342,,
Ricardo Azevedo Alves,defending,46.6304,,
Ricardo Bettocchi Matallana,defending,42.15846,,
Ricardo Daniel Pepi,defending,36.705936,,
Ricardo Florin Grigore,defending,58.11024,,
Ricardo Hernández,defending,57.73469,,
Ricardo Jorge Oliveira António,defending,39.067017,,
Ricardo Manuel Pinho Matos,defending,27.250156,,
Ricardo Manuel Vieira da Silva,defending,45.67532,,
Ricardo Phillips,defending,51.019993,,
Riccardo Capellini,defending,62.4355,,
Richard Fernández,defending,50.548306,,
Richard Nartey,defending,60.0281,,
Richard Odada,defending,46.80783,,
Richet Gómez Miranda,defending,63.786186,,
Ricky Aguiar,defending,47.971,,
Rida Zouhir,defending,49.87461,,
Rigoberto Manuel Rivas Vindel,defending,28.743038,,
Rildo G. de Amorim Filho,defending,37.498604,,
Riley-Jay Harbottle,defending,58.0428,,
Rio Adesola Frederick Adebisi,defending,57.330433,,
Rishabh Dobriyal,defending,19.961395,,
Rob Nizet,defending,52.613907,,
Robbie D'Haese,defending,53.635746,,
Robbie Mahon,defending,24.680914,,
Robbie Robinson Belmar,defending,31.725471,,
Robbie Van Hauter,defending,54.003048,,
Robert Andrei Ion,defending,40.9947,,
Robert Atkinson,defending,67.176384,,
Robert Lee Burton,defending,51.364586,,
Robert Ljubičić,defending,63.222775,,
Robert Marian Moldoveanu,defending,26.253912,,
Robert Mejía,defending,62.006405,,
Robert Navarro Muñoz,defending,34.434902,,
Robert Slevin,defending,53.826546,,
Roberto Arroyo Gregorio,defending,20.557323,,
Roberto Bardales,defending,56.33937,,
Roberto Carlos Ramírez,defending,59.685997,,
Roberto Fabián Ramírez,defending,39.595257,,
Roberto Fernández Jaén,defending,34.072094,,
Roberto González Bayón,defending,26.390985,,
Roberto Joaquín García,defending,58.85281,,
Roberto López Alcaide,defending,42.567127,,
Robin Amin Tihi,defending,60.324493,,
Robin Dahl Østrøm,defending,57.286983,,
Robin Luca Kehr,defending,28.264597,,
Robin Maximilian Meißner,defending,22.379429,,
Robin Risser,defending,45.703686,,
Robin Tim Becker,defending,62.87883,,
Robin Ungerath,defending,31.977371,,
Robson Alves Reis,defending,64.928154,,
Rocco Robert Shein,defending,58.714542,,
Rocco Ríos Novo,defending,45.6883,,
Rockson Alexander Renteria Ovando,defending,62.422752,,
Rocky Bushiri Kisonga,defending,61.997585,,
Rodney Iván Redes Cáceres,defending,46.377205,,
Rodrigo Alonso Martín,defending,45.782936,,
Rodrigo Andrés Piñeiro Silva,defending,45.05932,,
Rodrigo Cisterna,defending,34.115307,,
Rodrigo Duarte Ribeiro,defending,27.526752,,
Rodrigo Díaz Desidel,defending,41.528976,,
Rodrigo Elías Delvalle Noguera,defending,60.04636,,
Rodrigo Esteban Cancino Herrera,defending,45.687904,,
Rodrigo Ezequiel Cabral,defending,30.041916,,
Rodrigo F. Conceição,defending,61.45053,,
Rodrigo Gareca,defending,49.228527,,
Rodrigo Marcos Rodrigues Andrade,defending,55.339584,,
Rodrigo Mario Morínigo Acosta,defending,45.697407,,
Rodrigo Martins Gomes,defending,51.262318,,
Rodrigo Miguel Forte Paes Martins,defending,27.20651,,
Rodrigo Montes,defending,55.79105,,
Rodrigo Muniz Carvalho,defending,32.57805,,
Rodrigo Ribeiro Valente,defending,40.43815,,
Rodrigo Riquelme Reche,defending,37.903,,
Rodrigo Román Villagra,defending,66.23461,,
Rodrigo Saucedo,defending,60.17205,,
Roger Martínez Santamaría,defending,58.877934,,
Rohan Luthra,defending,45.71017,,
Rok Vodišek,defending,45.673374,,
Roko Jureskin,defending,59.795986,,
Rolando Lautaro Chávez,defending,24.966026,,
Roman Fernández,defending,31.90438,,
Rommell Ibarra,defending,60.31119,,
Romário Manuel Silva Baró,defending,46.511433,,
Ronaldo Damus,defending,24.149288,,
Ronan Maher,defending,35.46586,,
Ronan Thomas Darcy,defending,27.004253,,
Ronny Rikal,defending,29.052597,,
Roque Ramírez,defending,61.281174,,
Rory Holden,defending,39.87572,,
Rosaire Longelo-Mbule,defending,39.80576,,
Roshaun Omar Stuart Williams,defending,61.390312,,
Ross Fay,defending,46.685013,,
Ross Graham,defending,61.635212,,
Ross James Sykes,defending,63.93949,,
Roy Kuijpers,defending,30.572908,,
Ruan Tressoldi Netto,defending,66.86018,,
Ruben Kluivert,defending,62.085785,,
Rubin James Colwill,defending,40.213673,,
Rubén Gómez Peris,defending,45.60862,,
Rubén Iranzo Lendínez,defending,61.486393,,
Rubén Pulido Peñas,defending,61.59359,,
Rubén Sánchez Sáez,defending,59.98771,,
Rubén de Tomás Gómez,defending,30.027994,,
Ruel Dimitrios Sotiriou,defending,22.849644,,
Rufino Lucero,defending,59.263527,,
Rui Jorge Monteiro Mendes,defending,29.72946,,
Runar Hauge,defending,47.613934,,
Rushian Marcus Amari Hepburn-Murphy,defending,23.480196,,
Ruwen Werthmüller,defending,24.139048,,
Ruyery Alfonso Blanco Yus,defending,47.41637,,
Ryan Alebiosu,defending,59.4588,,
Ryan Astley,defending,62.43252,,
Ryan Austin,defending,52.552082,,
Ryan Bakayoko,defending,28.896536,,
Ryan Burke,defending,53.004326,,
Ryan Carr,defending,40.178356,,
Ryan Clampin,defending,56.960014,,
Ryan David Edmondson,defending,26.633942,,
Ryan Finnigan,defending,46.489845,,
Ryan Henry East,defending,50.413887,,
Ryan James Broom,defending,58.281185,,
Ryan James Law,defending,55.25793,,
Ryan Johansson,defending,57.118732,,
Ryan Matthew Haynes,defending,58.5356,,
Ryan Sandford,defending,45.29875,,
Ryan Spaulding,defending,54.666737,,
Ryan Steven Rydel,defending,52.591717,,
Ryan Thomas Cooney,defending,61.45558,,
Ryley Ben Towler,defending,57.376644,,
Ryun Seong Kim,defending,46.752724,,
Róbert Orri Thorkelsson,defending,55.77825,,
Răzvan Covaci,defending,42.189865,,
Saad Al Muwallad,defending,22.989836,,
Saad Fahad Al Nasser,defending,28.107365,,
Saad Yaslam Balobaid,defending,54.42196,,
Sabelo Radebe,defending,46.324013,,
Saberto Josué Botelho Rios,defending,68.27531,,
Sabit Abdulai,defending,57.575054,,
Sadat Anaku,defending,20.851624,,
Saeed Juma Hasan Juma Alsaadi,defending,60.496597,,
Saidu Salisu,defending,27.959883,,
Saku Tuomas Severi Ylätupa,defending,29.258358,,
Salah-Eddine Oulad M'Hand,defending,51.925797,,
Salem Abdullah Salmeen Mubarak Al-Jaberi,defending,54.781513,,
Salifo Caropitche Mendes,defending,29.135584,,
Salifou Soumah,defending,22.949606,,
Salih Kavrazlı,defending,23.232376,,
Salim Ben Seghir,defending,27.551212,,
Salomon Junior Sambia,defending,61.501354,,
Salvatore Elia,defending,55.467484,,
Salvatore Marrone,defending,50.439377,,
Sam Alan Stubbs,defending,62.206913,,
Sam Bowen,defending,51.98827,,
Sam Francis Schreck,defending,59.802074,,
Sam Harrry Sutton,defending,55.382835,,
Sam O'Brien,defending,51.139313,,
Sam Tinubu,defending,48.26836,,
Sambou Sissoko,defending,59.34571,,
Samir Sophian Chergui,defending,64.871086,,
Samir Valverde,defending,55.274193,,
Sammy Braybrooke,defending,49.745358,,
Sammy Robinson,defending,54.12865,,
Samuel Bone,defending,59.48085,,
Samuel Careaga,defending,57.913715,,
Samuel George Alan Edmundson,defending,64.290146,,
Samuel George Dalby,defending,22.215714,,
Samuel Graham,defending,59.60953,,
Samuel John Bell,defending,22.670912,,
Samuel Jumpe Soares,defending,32.55882,,
Samuel Leo Beat Ballet,defending,23.402313,,
Samuel Marqus Lloyd Vines,defending,66.20564,,
Samuel Mischitz,defending,55.768307,,
Samuel Nongoh,defending,29.018671,,
Samuel Peter Barnes,defending,57.738605,,
Samuel Renel,defending,38.81669,,
Samuel Tshiayima Nombe,defending,27.502323,,
Samuel Wikman,defending,43.29135,,
Samuel Yepie Yepie,defending,23.528542,,
Samuele Righetti,defending,57.083153,,
Samuele Spalluto,defending,23.515516,,
Samy Benchamma,defending,57.810787,,
Samy El Khiar,defending,26.349203,,
Samy Faraj,defending,41.97619,,
Sanasi Sy,defending,63.59483,,
Sander Johan Christiansen,defending,59.377113,,
Sandi Lovrić,defending,60.82047,,
Sandip Mandi,defending,46.998768,,
Sandro Plínio Rosa da Cruz,defending,56.85308,,
Sandro Trémoulet,defending,60.816307,,
Sang Bin Jeong,defending,24.766684,,
Sang Hoon Paik,defending,44.704292,,
Sang Hyeok Lee,defending,28.581097,,
Sanoussy Ba,defending,54.2146,,
Santiago Ayala,defending,34.445557,,
Santiago Daniel Pierotti,defending,60.678127,,
Santiago Gabriel Zamora Araujo,defending,59.896652,,
Santiago Ignacio Bueno Sciutto,defending,67.19918,,
Santiago Laquidain,defending,60.082825,,
Santiago Moya,defending,62.730873,,
Santiago Naveda Lara,defending,64.5432,,
Santiago Paiva,defending,23.923214,,
Santiago Valentín Ramírez Polero,defending,22.038588,,
Santiago Vera,defending,34.111794,,
Saqer Al Enazi,defending,47.98833,,
Saud Saad Zidan,defending,54.395546,,
Saul Shotton,defending,52.934975,,
Saïd Hamulic,defending,27.361122,,
Saúl Alejandro Guarirapa Briceño,defending,25.589733,,
Saúl Basilio Coco Bassey Oubiña,defending,66.36683,,
Saúl del Cerro García,defending,59.34682,,
Scott Brian Banks,defending,31.234575,,
Scott Burgess,defending,57.44303,,
Scott Connor Kashket,defending,23.89838,,
Scott John High,defending,59.585148,,
Scott Lynch,defending,46.056847,,
Scott McMann,defending,60.235428,,
Scott Simons,defending,45.556904,,
Scott van der Sluis,defending,45.66052,,
Seamas Keogh,defending,54.823826,,
Sean Brennan,defending,46.59228,,
Sean Dominic Robertson,defending,41.511868,,
Sean Jones-Carey,defending,43.99999,,
Sebastian Bergier,defending,24.599174,,
Sebastian Gonzáles,defending,23.006329,,
Sebastian Guerra Soto,defending,22.614937,,
Sebastian Jarl,defending,58.8715,,
Sebastian Lagerlund,defending,55.054577,,
Sebastian Lund Hausner,defending,63.06829,,
Sebastian Mellack,defending,45.507828,,
Sebastian Müller,defending,22.79264,,
Sebastian Otoa,defending,54.043854,,
Sebastian Stahlfest,defending,41.340603,,
Sebastian Sun Anderson,defending,47.746357,,
Sebastian Søraas Sebulonsen,defending,59.075413,,
Sebastian Thangmuansang,defending,50.54547,,
Sebastian Tounekti,defending,26.83257,,
Sebastian Wiktor Walukiewicz,defending,67.88873,,
Sebastien Pineau,defending,41.337074,,
Sebastián Ariel Lomónaco,defending,27.572138,,
Sebastián Dávila,defending,57.158146,,
Sebastián Figueredo,defending,55.97602,,
Sebastián Guerrero Martínez,defending,29.377254,,
Sebastián Jaurena,defending,54.75441,,
Sebastián Matías Claure Sanz,defending,40.040817,,
Sebastián Medina,defending,49.240314,,
Sebastián Parra,defending,44.403183,,
Sebastián Saucedo Mondragón,defending,43.03173,,
Sebastián Tomás Meza,defending,45.548542,,
Sebbe Augustijns,defending,57.504894,,
Sef Van Damme,defending,45.660595,,
Sekou Sylla,defending,59.164074,,
Selimcan Temel,defending,51.16002,,
Seong Jin Kang,defending,27.842657,,
Serge Atakayi,defending,26.202269,,
Sergej Grubač,defending,28.346367,,
Sergi Canós Tenés,defending,52.640636,,
Sergi García Pérez,defending,51.699265,,
Sergio Akieme Rodríguez,defending,64.093254,,
Sergio Arribas Calvo,defending,33.777927,,
Sergio Barboza,defending,41.523045,,
Sergio Barcia Larenxeira,defending,61.74386,,
Sergio Carreira Vilariño,defending,61.399166,,
Sergio Daniel Fretes Galeano,defending,43.237007,,
Sergio Fabián Ortíz,defending,59.09247,,
Sergio Gil Latorre,defending,60.380352,,
Sergio Guerrero Romero,defending,61.089397,,
Sergio Kalaj,defending,59.723015,,
Sergio Lozano Lluch,defending,54.22784,,
Sergio López Galache,defending,60.735928,,
Sergio Moreno Martínez,defending,21.834831,,
Sergio Santos Fernández,defending,59.794346,,
Setigui Karamoko,defending,58.998035,,
Severino Pedro Santos Hermes,defending,29.469137,,
Seydou Saeed Issah,defending,54.023254,,
Seymour Fünger,defending,57.0743,,
Seán Patrick Roughan,defending,54.063812,,
Shadrach Nosa Ogie,defending,59.81771,,
Shaquil Delos,defending,59.207912,,
Sharon Padattil,defending,45.67753,,
Shaun Daniel McWilliams,defending,61.187595,,
Shawn Blum,defending,24.348984,,
Shayne Francis Lavery,defending,24.070765,,
Shayr Mohamed González,defending,36.378105,,
Sheikh Sahil,defending,50.570763,,
Shola Maxwell Shoretire,defending,39.371323,,
Shubham Sarangi,defending,49.063576,,
Si Hoo Hong,defending,29.583708,,
Siad Haji,defending,27.619883,,
Sibiry Keita,defending,32.80867,,
Sidi Cissé,defending,20.380913,,
Sidiki Camara,defending,44.08356,,
Siebe Wylin,defending,56.90559,,
Sieben Dewaele,defending,62.009655,,
Sigurd Kvile,defending,58.09484,,
Sil Swinkels,defending,55.040646,,
Silvan Eli Sidler,defending,59.92084,,
Simen Vidtun Nilsen,defending,37.71609,,
Simon Alonso Ramírez Cuevas,defending,60.293137,,
Simon Beccari,defending,45.669304,,
Simon Brady Ngapandouetnbu,defending,45.70977,,
Simon Fabio Stehle,defending,28.50796,,
Simon Graves Jensen,defending,65.3549,,
Simon Solomon Junior Sohm,defending,62.685314,,
Simon van Duivenbooden,defending,23.359085,,
Simone Ghidotti,defending,45.70988,,
Simone Giordano,defending,53.57177,,
Simone Rabbi,defending,38.809284,,
Simone Santoro,defending,60.279556,,
Simone Trimboli,defending,48.638783,,
Simón Alonso González Montalban,defending,59.85918,,
Siro Ignacio Cabral Rosane,defending,63.656033,,
Sivert Stenseth Gussiås,defending,24.226505,,
Slavi Spasov,defending,20.170076,,
Sofiane Djeffal,defending,51.048058,,
Sofus Berger,defending,49.225784,,
Solomon Brynn,defending,45.62143,,
Sondre Auklend,defending,34.162468,,
Sondre Buskerud Tronstad,defending,57.669197,,
Sondre Løvseth Rossbach,defending,41.44456,,
Sonny Hilton,defending,40.368526,,
Sonny Patrick Laiton,defending,41.67731,,
Sorin Dănuț Șerban,defending,54.598972,,
Souleymane Cissé,defending,55.918404,,
Souleymane Isaak Touré,defending,62.336193,,
Stan Braem,defending,22.170734,,
Stan Van Dessel,defending,55.329075,,
Stanislav Ivanov,defending,23.42487,,
Stanley Flaherty,defending,39.37181,,
Stefan Bajić,defending,45.70736,,
Stefan Mauk,defending,53.624157,,
Stefano Alessandro Guidotti,defending,54.606483,,
Stefano Marino,defending,22.547098,,
Stephan Kofi Ambrosius,defending,65.98375,,
Stephan Vinicius Seiler,defending,51.541412,,
Stephen Christopher Wearne,defending,36.393692,,
Stephen Ewange,defending,51.158306,,
Stephen Walker,defending,32.929787,,
Stephen Welsh,defending,66.25624,,
Stephen Winston Duke-McKenna,defending,36.723957,,
Stevan Stanic-Floody,defending,30.234295,,
Steven Jesús Pabón Delgao,defending,59.875553,,
Stipe Vulikić,defending,62.971844,,
Stuart McKinstry,defending,38.65584,,
Stève Regis Mvoué,defending,53.011234,,
Stéphane Imad Diarra,defending,42.99465,,
Subha Ghosh,defending,24.92149,,
Suk Ju Yoon,defending,46.109573,,
Suleiman Camara Sanneh,defending,30.791098,,
Sultan Al Harbi,defending,51.514874,,
Svante Ulf Ingel Ingelsson,defending,59.116394,,
Sylla Morlaye,defending,59.022705,,
Syver Aas,defending,45.934956,,
Szymon Sarbinowski,defending,42.535236,,
Sávio Moreira de Oliveira,defending,29.738808,,
Sérgio Pereira Andrade,defending,25.297384,,
Tae Suk Lee,defending,54.78843,,
Tae Yang Kim,defending,21.703123,,
Tafari Lalibela Moore,defending,59.87819,,
Taha Altıkardeş,defending,59.172886,,
Taher Al Hajji,defending,45.694427,,
Talha Ülvan,defending,53.32015,,
Tanguy Coulibaly,defending,42.932163,,
Tao Sako,defending,54.44905,,
Taofeek Ismaheel,defending,24.468306,,
Tareiq Holmes-Dennis,defending,59.7042,,
Tariq Maddad,defending,22.67565,,
Tashan Oakley-Boothe,defending,59.463955,,
Tate Campbell,defending,45.27838,,
Taylor Anthony Booth,defending,50.751324,,
Taylor Ellis Allen,defending,49.35863,,
Taylor Ryan Charters,defending,49.023254,,
Tayyib Talha Sanuç,defending,63.86652,,
Ted Ku-DiPietro,defending,35.702473,,
Ted-Jonathan Tattermusch,defending,27.482677,,
Teddy Christopher Graham Jenks,defending,55.55951,,
Telasco Segovia,defending,47.14912,,
Teodor Stenshagen,defending,57.2662,,
Terence Charles Taylor,defending,59.78471,,
Terry Ablade,defending,27.682476,,
Thabiso James Monyane,defending,56.99405,,
Thakgalo Khanya Leshabela,defending,46.279068,,
Thanawat Suengchitthawon,defending,41.139755,,
Thelo Gerard Aasgaard,defending,38.03189,,
Thelonius Bair,defending,27.747728,,
Themi Antonoglou,defending,49.435413,,
Theo Gunnar Martens,defending,20.668943,,
Theodor Alexander Corbeanu,defending,46.665627,,
Theodosis Machairas,defending,27.394892,,
Thiago Eduardo de Andrade,defending,44.033848,,
Thiago Ezequiel Ojeda,defending,42.017555,,
Thiago Fernandes Rodrigues,defending,24.525959,,
Thiago Nicolás Borbas Silva,defending,24.733826,,
Thiago Thomas Nuss,defending,32.72248,,
Thiago Vecino Berriel,defending,27.920307,,
Thibault Tamas,defending,59.224026,,
Thierno Mamadou Lamarana Ballo,defending,38.982174,,
Thierry Ambrose,defending,28.164156,,
Thierry Nevers,defending,28.502264,,
Thijmen Joel Sander Nijhuis,defending,45.5994,,
Thijs van Leeuwen,defending,43.259315,,
Thody Élie Youan,defending,30.324905,,
Thom van Bergen,defending,24.984234,,
Thoma Monney,defending,53.864597,,
Thomas Andrew Knowles,defending,34.069416,,
Thomas Battistella,defending,46.719387,,
Thomas Callens,defending,45.346027,,
Thomas Clayton,defending,56.676308,,
Thomas David Bannatyne-Billson,defending,45.604523,,
Thomas Edwards,defending,62.97946,,
Thomas Ferdinand Rausch,defending,49.5658,,
Thomas Glyn Doyle,defending,59.17706,,
Thomas Gutierrez,defending,60.272873,,
Thomas Holmes,defending,64.6368,,
Thomas Ignacio Galdames Millán,defending,62.29385,,
Thomas James O'Connor,defending,59.88249,,
Thomas Kofler,defending,59.095947,,
Thomas Leon Keller,defending,64.0141,,
Thomas Liene Ness,defending,54.11583,,
Thomas McGill,defending,45.52228,,
Thomas Mcintyre,defending,65.203125,,
Thomas Palmer Thompson,defending,55.866333,,
Thomas Philip Hamer,defending,61.2562,,
Thomas Richard Lowery,defending,56.719883,,
Thomas Roberts,defending,44.298943,,
Thomas Roche,defending,45.675632,,
Thomas Sang,defending,59.780567,,
Thorbjørn Kristiansen,defending,50.530663,,
Théo Luis Fonseca,defending,22.82817,,
Théo Ndicka Matam,defending,59.358425,,
Tiago Carvalho Santos,defending,56.525608,,
Tiago Filipe Alves Araújo,defending,42.463696,,
Tiago Filipe Oliveira Dantas,defending,43.255955,,
Tiago Galletto López,defending,60.809525,,
Tiago Manuel Maio Matos,defending,59.993614,,
Tiago Maria Antunes Gouveia,defending,29.760077,,
Tiago Miguel Hora Ribeiro,defending,61.691685,,
Tiago Nahuel Banega,defending,47.81851,,
Tiago Nathan Pombeira Gesser,defending,32.483765,,
Tician Tushi,defending,23.206038,,
Tidiane Malbec,defending,45.641296,,
Tijany Atallah,defending,57.942997,,
Till Streller,defending,55.45234,,
Tim Latteier,defending,54.15911,,
Tim Luis Maciejewski,defending,45.725395,,
Tim Prica,defending,23.464695,,
Tim Stanislaw Schreiber,defending,45.498875,,
Tim Stappmann,defending,60.684853,,
Tim Walbrecht,defending,60.822136,,
Tim van Assema,defending,52.85946,,
Timm Koch,defending,52.34607,,
Timmy Abraham,defending,23.826132,,
Timo Bornemann,defending,25.391163,,
Timo Zaal,defending,59.080532,,
Timon Moritz Weiner,defending,45.536552,,
Timothy Bruce Fayulu,defending,45.700726,,
Timothy Galjé,defending,45.703625,,
Timothy Joel Eyoma,defending,60.530247,,
Timothy Martin,defending,45.6468,,
Timothé Nkada,defending,22.233915,,
Timothée Joseph Pembélé,defending,63.138634,,
Timur Zhamaletdinov,defending,32.14575,,
Tino Andrés Danesi Cammarano,defending,60.14216,,
Titas Krapikas,defending,45.65175,,
Tivonge Rushesha,defending,51.1707,,
Tobi Ogundega,defending,52.28159,,
Tobias Borchgrevink Børkeeiet,defending,62.590202,,
Tobias Christensen,defending,47.592022,,
Tobias Fjeld Gulliksen,defending,49.115635,,
Tobias Hafstad,defending,54.698074,,
Tobias Heintz,defending,37.05158,,
Tobias Klysner Breuner,defending,50.22252,,
Tobias Mißner,defending,54.646442,,
Tobias Okiki Lawal,defending,45.531017,,
Tobias Stockinger,defending,41.016026,,
Tobias-Mbunjiro Knost,defending,57.949482,,
Toby Peter Sibbick,defending,65.414825,,
Tochi Phil Chukwuani,defending,54.38898,,
Toluwalase Emmanuel Arokodare,defending,28.73122,,
Tom Bierschenk,defending,35.46557,,
Tom Crawford,defending,53.14844,,
Tom George Sawyer Conlon,defending,54.99206,,
Tom Jenkins,defending,40.53403,,
Tom Kretzschmar,defending,45.69821,,
Tom Sparrow,defending,50.188915,,
Tom Stokes,defending,22.945812,,
Tom van de Looi,defending,63.325497,,
Tomas Giraldo,defending,44.44313,,
Tomas Lían Romero Keubler,defending,45.708714,,
Tomas Olai Totland,defending,55.80056,,
Tomas Ángel Gutiérrez,defending,41.61062,,
Tomasz Neugebauer,defending,56.016808,,
Tommaso Aglietti,defending,45.662918,,
Tommi O'Reilly,defending,49.937397,,
Tommy St. Jago,defending,67.76758,,
Tomás Agustín Pozzo,defending,44.826702,,
Tomás Aresta Branco Machado Ribeiro,defending,66.75627,,
Tomás Carvalho Domingos,defending,59.53416,,
Tomás Costa Silva,defending,56.020405,,
Tomás David Sandoval,defending,28.158468,,
Tomás Lemos Araújo,defending,65.22847,,
Tomás Leonardo Lecanda,defending,62.725784,,
Tomás Mascarenhas Lemos Reymão Nogueira,defending,60.77833,,
Tomás Mendes Mendes,defending,50.335075,,
Tomás Moschión,defending,59.586926,,
Tomás Muro,defending,30.407084,,
Tomás Oscar Badaloni,defending,28.393269,,
Tomás Romano dos Santos Händel,defending,63.16171,,
Tomás Romero Cejudo,defending,45.670074,,
Tomás do Lago Pontes Esteves,defending,61.028545,,
Toni Fuidias Ribera,defending,45.69486,,
Torben Bjarne Rhein,defending,42.991467,,
Tote António Gomes,defending,67.548996,,
Travis Joel Gary Johnson,defending,53.124233,,
Trent Jordan Ostler,defending,30.66421,,
Troy Daniel Parrott,defending,42.144573,,
Tunahan Taşçı,defending,29.37714,,
Turki Al Dhafeeri,defending,28.845228,,
Turki Marwan Al-Ammar,defending,48.35557,,
Tyla Dickinson,defending,23.089933,,
Tyler Jayden Frost,defending,39.762817,,
Tyler Jordan Magloire,defending,60.42981,,
Tyreece Romayo John-Jules,defending,23.33671,,
Tyreece Tyson Nesbett Simpson,defending,25.203846,,
Tyreek Magee,defending,30.376194,,
Tyreik Samuel Wright,defending,32.676117,,
Tyrese Momodu Fornah,defending,61.507607,,
Tyrese Sinclair,defending,28.739204,,
Tyrone Tormin,defending,28.01867,,
Téva Gardies,defending,45.71913,,
Udoka Favour Godwin-Malife,defending,62.036232,,
Ugo Bertelli,defending,53.063244,,
Ulises Rivas Gilio,defending,61.945694,,
Ulisses Alexandre Garcia Lopes,defending,62.93184,,
Ulrich Meleke,defending,64.39683,,
Ulrick Brad Eneme Ella,defending,40.635876,,
Ulrik Syversen,defending,53.207985,,
Ulrik Tillung Fredriksen,defending,61.590916,,
Unai Dufur Espelosín,defending,62.22231,,
Unai Marrero Larrañaga,defending,45.716743,,
Unai Ruiz Almandzo,defending,45.644028,,
Uriel Jové Balero,defending,61.0389,,
Urko González de Zárate Quirós,defending,64.243004,,
Uros Milovanović,defending,27.15867,,
Valdemar Byskov,defending,38.08062,,
Valdemar Lund Jensen,defending,57.98911,,
Valentin Guillaume,defending,54.716,,
Valentin Ionuț Costache,defending,28.563507,,
Valentine James Ozornwafor,defending,62.603394,,
Valentino Vermeulen,defending,32.00344,,
Valentín Adamo,defending,26.383331,,
Valentín Alberto Burgoa,defending,54.282593,,
Valentín Demateis,defending,47.53689,,
Valery Fernández Estrada,defending,63.032387,,
Valgeir Lunddal Friðriksson,defending,60.44811,,
Valmir Veliu,defending,32.85227,,
Valton Behrami,defending,52.764965,,
Vasilios Sourlis,defending,59.474533,,
Vasilios Zagaritis,defending,59.462948,,
Vassilis Chatziemmanouil,defending,45.58101,,
Vaughn Patrick Covil,defending,22.12727,,
Vebjørn Hagen,defending,50.908092,,
Vefa Temel,defending,43.17936,,
Vicente Andrés Felipe Federico Besuijen,defending,20.9424,,
Vicente Conelli,defending,24.477034,,
Vicente Esquerdo Santas,defending,47.93574,,
Vicente Tomás Pizarro Durcudoy,defending,60.994946,,
Victor Akinwale,defending,20.738377,,
Victor Alexander da Silva,defending,61.95268,,
Victor Backman,defending,38.936363,,
Victor Bernth Kristiansen,defending,64.05909,,
Victor Blixt,defending,54.365692,,
Victor Christoffer Jensen,defending,54.81734,,
Victor Gabriel Moura de Oliveira,defending,53.735004,,
Victor Göransson,defending,46.293865,,
Victor Méndez Exposito,defending,45.62936,,
Victor Okoh Boniface,defending,28.89748,,
Victor Torp Overgaard,defending,53.40321,,
Viktor Andersson,defending,45.53984,,
Viktor Tobias Johansson,defending,45.693794,,
Viljar Røsholt Myhra,defending,42.703747,,
Vincent Angelini,defending,45.670418,,
Vincent Carsten Maria Müller,defending,45.66882,,
Vincent Gembalies,defending,59.02524,,
Vincent Schwab,defending,56.041893,,
Vincent Thill,defending,30.842154,,
Vincent Trummer,defending,60.508743,,
Vincenzo Ciriello,defending,55.496075,,
Vincenzo Garofalo,defending,41.635822,,
Vinicius Silveira de Mello,defending,22.583818,,
Vinícius Tobías da Silva,defending,60.457775,,
Vitalie Damaşcan,defending,22.59853,,
Vittorio Agostinelli,defending,33.67479,,
Vlad Nicolae Mitrea,defending,49.772266,,
Vladan Dekić,defending,45.399757,,
Vladimir Ionuț Screciu,defending,65.74176,,
Vladyslav Ostrovskyi,defending,21.909542,,
Volkan Rona,defending,45.642883,,
Víctor Alejandro Dávila Zavala,defending,31.705242,,
Víctor Andrés Meseguer Cavas,defending,62.511265,,
Víctor Gómez Perea,defending,62.99921,,
Víctor Mollejo Carpintero,defending,37.599632,,
Víctor Wehbi Aznar Ussen,defending,41.00129,,
Víctor Álvarez Rozada,defending,44.78073,,
Wahidullah Faghir,defending,28.250746,,
Walid Jarmouni,defending,26.974531,,
Walid Nassi,defending,22.769867,,
Walid Ould-Chikh,defending,53.943665,,
Wally Njie,defending,25.450197,,
Walter Angello Tandazo Silva,defending,64.53769,,
Walter Antelo,defending,61.034756,,
Walter Gabriel Pérez,defending,61.926758,,
Walter Martínez Tauda,defending,37.288048,,
Walter Mora,defending,42.867634,,
Wanya Marçal Madivádua,defending,33.50856,,
Warren Håkon Christofer Kamanzi,defending,55.509586,,
Warren Patrick O'Hora,defending,65.33593,,
Washington Bryan Corozo Becerra,defending,31.00998,,
Wassim Keddari Boulif,defending,62.42619,,
Weimar Asprilla,defending,45.481953,,
Wellington Moisés Ramírez Preciado,defending,45.627117,,
Welliton Edson Helmes Junqueira,defending,30.556198,,
Wenderson Oliviera,defending,35.514675,,
Wikelman José Carmona Torres,defending,39.101467,,
Wiktor Marek Pleśnierowicz,defending,58.408276,,
Wilbert Miguel Hernández Torrealba,defending,45.62197,,
Wilfredo Rivera Cepeda,defending,25.233839,,
Wilfrid Jaures Kaptoum,defending,60.469124,,
Will Jonathan Swan,defending,22.987247,,
William Adipepe Pandi Bapaga,defending,27.665958,,
William Agada,defending,24.524849,,
William Akio,defending,25.837133,,
William Anthony Patrick Smallbone,defending,60.125004,,
William Blackmore,defending,45.67417,,
William Bøving Vick,defending,30.266586,,
William Fitzgerald,defending,34.716675,,
William Forrester,defending,58.181255,,
William Jenkins Davies,defending,45.50168,,
William Joel Pacho Tenorio,defending,64.56789,,
William John Robert Nightingale,defending,62.614895,,
William Jääskeläinen,defending,45.53171,,
William Ludovic Brandon Bianda,defending,61.614872,,
William Luke Patching,defending,49.008152,,
William Mbongo Desire Hondermarck,defending,50.015217,,
William Smith,defending,60.6259,,
William Velasco,defending,59.2724,,
Williams Alarcón,defending,54.25324,,
Williams Kokolo,defending,59.406273,,
Williams Tortolero,defending,45.458546,,
Williot Theo Swedberg,defending,48.12918,,
Wilson José Barrios Rondón,defending,27.909618,,
Wilson Ramírez,defending,45.64323,,
Wilson Vernaza,defending,56.317673,,
Wladimir Wagner,defending,22.381914,,
Wojciech Kamiński,defending,59.752518,,
Won Ho Shin,defending,52.43203,,
Won Woo Lee,defending,49.740345,,
Xander Parke,defending,45.597393,,
Xavi Moreno,defending,52.29544,,
Xavier Casmier Amaechi,defending,26.388412,,
Xian Ghislaine Emmers,defending,50.745003,,
Yackson Stiven Rivas,defending,27.953247,,
Yacoub Al Hassan,defending,26.182552,,
Yago Cariello Ribeiro,defending,23.64957,,
Yahya Nader Moustafa Elsharif,defending,65.889946,,
Yahya Soumaré,defending,24.177631,,
Yair González,defending,24.735209,,
Yanis Maronne,defending,45.414337,,
Yanis Massolin,defending,54.146122,,
Yann Aurel Ludger Bisseck,defending,66.869774,,
Yannic Voigt,defending,42.369156,,
Yannick Kevin Marchand,defending,58.793407,,
Yannik Möker,defending,59.464256,,
Yannis Lagha,defending,22.745111,,
Yaroslav Meykher,defending,45.596554,,
Yasin Abbas Ayari,defending,49.55671,,
Yavuz Buğra Boyar,defending,45.689793,,
Yaya Dukuly,defending,27.156963,,
Yeferson Paz,defending,56.004745,,
Yehor Yarmoliuk,defending,42.342472,,
Yerco Abraham Oyanedel Hernández,defending,56.816616,,
Yerson Mosquera Valdelamar,defending,62.222034,,
Yerson Ronaldo Chacón Ramírez,defending,27.80386,,
Yesit Martínez,defending,51.81955,,
Ylan Gomes,defending,21.510136,,
Yong Hui Park,defending,31.121588,,
Younes Bakiz,defending,29.18607,,
Young Joon Lee,defending,21.511984,,
Young Jun Goh,defending,33.119144,,
Young Woo Seol,defending,61.84819,,
Yousef Fawaz,defending,22.9195,,
Youssouf Amouda Assogba,defending,54.9798,,
Youssouph Mamadou Badji,defending,27.906431,,
Youssuf Sylla,defending,23.233774,,
Yuliwes Bellache,defending,21.356451,,
Yusuf Abdulazeez,defending,22.170063,,
Yusuf Bamidele,defending,31.280436,,
Zac Guinan,defending,19.506672,,
Zach Ryan,defending,36.938713,,
Zachary Duncan,defending,58.994278,,
Zachary Hemming,defending,44.502277,,
Zachary Jeacock,defending,45.708473,,
Zachary Swanson,defending,58.642715,,
Zaid Abner Romero,defending,66.033325,,
Zak Emmerson,defending,22.612167,,
Zakaria Silini,defending,28.94735,,
Zander Mateo Cassierra Cabezas,defending,32.20371,,
Zechariah Joshua Henry Medley,defending,64.55602,,
Zeno Van Den Bosch,defending,56.66898,,
Zeze Steven Sessegnon,defending,62.06528,,
Zico Bailey,defending,54.876328,,
Zinedine Labyad,defending,22.592924,,
Zito André Sebastião Luvumbo,defending,32.64648,,
Ziyad Maher Al Jari,defending,50.48141,,
Zohran Ludovic Bassong,defending,50.62513,,
Zuriko Davitashvili,defending,27.648445,,
Àlex Baño Canellas,defending,45.570747,,
Ákos Nistor,defending,29.143261,,
Álex Bermejo Escribano,defending,52.46547,,
Álex Collado Gutiérrez,defending,57.733334,,
Álex Pastor Carayol,defending,62.775936,,
Álvaro Aceves Catalina,defending,32.202435,,
Álvaro Agustín Lagos,defending,61.775894,,
Álvaro Bastida Moya,defending,64.43142,,
Álvaro Djaló Dias Fernandes,defending,48.6542,,
Álvaro Fernández Carreras,defending,54.917244,,
Álvaro García Segovia,defending,63.34407,,
Álvaro Mantilla Pérez,defending,58.926155,,
Álvaro Martín Barreal,defending,41.203335,,
Álvaro Roncal Rivera,defending,61.46801,,
Álvaro Santamaría Arenas,defending,24.31319,,
Álvaro Sanz Catalán,defending,62.054134,,
Ángel Algobia Esteves,defending,53.01904,,
Ángel Baena Pérez,defending,29.890017,,
Ángel De La Cruz,defending,41.732704,,
Ángel Fortuño Viñas,defending,45.3342,,
Ángel Jiménez Gallego,defending,45.697365,,
Çağtay Kurukalıp,defending,56.285748,,
Édouard Michut,defending,57.643093,,
Ían Jairo Misael Torres Ramírez,defending,50.070435,,
Óli Ómarsson,defending,50.601353,,
Óscar Arribas Pasero,defending,34.109352,,
Óscar Clemente Mues,defending,39.56565,,
Óscar Coronel,defending,45.266605,,
Óscar Pinto,defending,38.60879,,
Óscar Segura,defending,52.523952,,
Óscar Ureña García,defending,32.20894,,
Ömer Faruk Beyaz,defending,46.58986,,
Ömürcan Artan,defending,60.87996,,
Özkan Yiğiter,defending,54.090004,,
Łukasz Zjawiński,defending,22.703772,,
Şahverdi Çetin,defending,55.563656,,
Șerban Tomache,defending,45.68028,,
Ștefan Marinel Vlădoiu,defending,60.876877,,
アペルカンプ 真大 カール,defending,37.59045,,
ルシアン リトバルスキー,defending,30.053207,,
万隶楷,defending,46.31786,,
上田 綺世,defending,27.015676,,
中井 卓大,defending,31.762642,,
中坂 勇哉,defending,40.84859,,
中村 敬斗,defending,31.91048,,
任康康,defending,38.044247,,
伊斯坎达·布格拉汗,defending,29.515308,,
伍承儒,defending,41.60772,,
何友族,defending,23.098131,,
何宇鹏,defending,44.994457,,
何统帅,defending,38.482765,,
何鑫杰,defending,40.061836,,
侯煜,defending,46.18305,,
俸泽源,defending,21.218586,,
内野 貴史,defending,58.951782,,
冉伟枫,defending,45.677956,,
凌杰,defending,19.710114,,
刘俊贤,defending,19.179287,,
刘国博,defending,39.06038,,
刘家辉,defending,51.03613,,
刘柏杨,defending,28.003937,,
刘浩帆,defending,48.991394,,
刘润楠,defending,50.206516,,
刘祝润,defending,21.99179,,
刘若钒,defending,39.772865,,
刘邵子洋,defending,45.64862,,
初瀬 亮,defending,60.976147,,
化铭灿,defending,36.856766,,
单欢欢,defending,28.249992,,
原 大智,defending,26.850498,,
史成龙,defending,34.931774,,
叶利江·什那尔,defending,50.852955,,
吴俊杰,defending,48.382133,,
吴少聪,defending,56.08566,,
周俊辰,defending,25.830914,,
奥抜 侃志,defending,23.67295,,
姚旭臣,defending,41.67471,,
孙健祥,defending,45.592632,,
孙学龙,defending,39.59512,,
孙宏伟,defending,50.627884,,
孟俊杰,defending,23.101418,,
季家葆,defending,45.694107,,
安部 裕葵,defending,33.084873,,
宋鑫涛,defending,41.68314,,
川﨑 修平,defending,26.30765,,
庞嘉俊,defending,45.628025,,
廖伟,defending,46.95058,,
廖垒,defending,45.908066,,
廖家骏,defending,44.001564,,
张俊业,defending,23.496317,,
张华峻,defending,23.281164,,
张威,defending,44.645008,,
张家辉,defending,42.507458,,
张建生,defending,21.958147,,
张星亮,defending,24.141735,,
张焯傲,defending,49.649094,,
张祥硕,defending,47.163326,,
张禹,defending,51.232246,,
张越,defending,28.339964,,
张辉,defending,37.155777,,
张锦梁,defending,57.49722,,
徐世龙,defending,45.536278,,
徐浩峰,defending,51.845085,,
徐浩洋,defending,48.92832,,
徐磊,defending,50.431217,,
徐越,defending,47.863182,,
慈恒龙,defending,45.641434,,
戴伟浚,defending,49.901775,,
文达,defending,26.358982,,
斉藤 光毅,defending,24.533741,,
曹孝义,defending,48.26857,,
木塔力甫·依明卡日,defending,45.051437,,
朱辰杰,defending,61.83843,,
李一嘉,defending,45.203903,,
李亚伦,defending,21.836884,,
李佳恒,defending,42.5855,,
李冠希,defending,42.777607,,
李永佳,defending,45.820786,,
李沛楠,defending,49.63964,,
李达,defending,49.69779,,
杜智轩,defending,43.793053,,
杜月徵,defending,21.895546,,
杨意林,defending,33.527863,,
杨梓豪,defending,50.26988,,
杨翼璇,defending,39.19327,,
杨辰禹,defending,44.728474,,
梁国桥,defending,50.016304,,
梁少文,defending,50.705128,,
橋岡 大樹,defending,62.523933,,
檀崎 竜孔,defending,31.620808,,
檜尾 昂樹,defending,38.2401,,
段刘愚,defending,39.276802,,
毕浩洋,defending,48.590134,,
水多 海斗,defending,28.71286,,
汪海健,defending,50.479366,,
渡井 理己,defending,43.762455,,
温家宝,defending,55.80996,,
温永骏,defending,44.03018,,
瀬古 歩夢,defending,66.327774,,
牛梓屹,defending,52.86937,,
王世龙,defending,57.18561,,
王华鹏,defending,52.67889,,
王振澳,defending,30.715408,,
王政豪,defending,49.443302,,
王文轩,defending,51.936634,,
王浩然,defending,42.93861,,
王献钧,defending,53.121567,,
王金帅,defending,45.35276,,
田中 聡,defending,61.908916,,
田川 亨介,defending,31.61544,,
町田 浩樹,defending,63.052242,,
皮梓杨,defending,39.365997,,
石炎,defending,36.957474,,
肖开提江·塔依尔,defending,53.115574,,
胡家笠,defending,58.251675,,
胡荷韬,defending,48.687256,,
胡靖,defending,50.919395,,
艾沙江·库尔班,defending,24.130259,,
艾菲尔丁·艾斯卡尔,defending,25.530647,,
苏宇亮,defending,22.811668,,
范恒博,defending,26.909576,,
蒋圣龙,defending,53.721394,,
蔡明民,defending,35.544796,,
蔡浩畅,defending,47.06854,,
赵健博,defending,21.810175,,
赵剑非,defending,54.00999,,
赵文哲,defending,50.436665,,
赵梓业,defending,25.066257,,
赵越政,defending,43.193848,,
迪力依米提·土地,defending,53.25378,,
遠藤 渓太,defending,46.5183,,
邓雄涛,defending,45.67521,,
郑圣雄,defending,32.473022,,
郑雪健,defending,52.955185,,
郭瀚儒,defending,44.606216,,
郭田雨,defending,35.050323,,
阮奇龙,defending,53.058903,,
阿布力克木·阿布都沙拉木,defending,41.29135,,
阿布拉汗·哈力克,defending,43.751694,,
陈克强,defending,46.450813,,
陈国抗,defending,30.980066,,
陈宇浩,defending,48.066666,,
陈序煌,defending,46.760616,,
陈彦朴,defending,27.468943,,
陈日金,defending,54.973625,,
陈泉江,defending,54.000973,,
陈祥煜,defending,22.384205,,
陈运华,defending,35.701614,,
陈雅俊,defending,50.41295,,
霍深坪,defending,45.59462,,
韦丰,defending,26.831425,,
韩东,defending,21.823862,,
韩佳奇,defending,26.24347,,
韵程,defending,51.30725,,
马昆越,defending,45.646263,,
马辅渔,defending,31.278868,,
高天语,defending,55.880917,,
高玉男,defending,46.915497,,
高翔,defending,45.151955,,
魏洺赫,defending,50.83165,,
麦高崚,defending,44.97826,,
麦麦提热依木·麦麦提艾力,defending,24.39424,,
黄光亮,defending,50.672615,,
黄家辉,defending,54.753403,,
黄锐烽,defending,49.68404,,
고재현 Jae Hyeon Ko,defending,28.322008,,
김주성 Joo-Sung Kim,defending,59.124527,,
김태환 Tae Hwan Kim,defending,60.80438,,
박지민 Ji Min Park,defending,42.163036,,
송민규 Min Kyu Song,defending,27.437803,,
오현규 Hyeon-Gyu Oh,defending,28.229958,,
유주안 Ju An You,defending,35.246117,,
이광연 Gwang Yeon Lee,defending,45.546055,,
이광혁 李光赫,defending,35.808514,,
이수빈 Soo Bin Lee,defending,56.694527,,
이준석 Joon Suk Lee,defending,56.717216,,
전세진 Jin Woo Jeon,defending,22.234962,,
조영욱 Young Wook Cho,defending,28.612232,,
천성훈 Seong Hoon Cheon,defending,29.25695,,
홍현석 Hyeon Seok Hong,defending,60.76487,,
