Nome,Target,Previsto,Effettivo (2024),Differenza
Faisal Al Ghamdi,Physicality,47.157215,75.0,27.842784881591797
Julián Fernández,Physicality,50.547836,76.0,25.452163696289062
Alfie Jones,Physicality,52.398834,76.0,23.601165771484375
Jacob Farrell,Physicality,53.6687,76.0,22.331298828125
George Hall,Physicality,42.952484,65.0,22.047515869140625
Matías González,Physicality,59.59509,38.0,21.595088958740234
Bruno Valdez,Physicality,58.495472,80.0,21.504528045654297
Daniel Arzani,Physicality,40.61933,61.0,20.38066864013672
Jordhy Thompson,Physicality,37.699837,58.0,20.30016326904297
Matěj Jurásek,Physicality,49.97263,70.0,20.02737045288086
Calem Nieuwenhof,Physicality,47.195297,67.0,19.804702758789062
Richard Neudecker,Physicality,48.691437,68.0,19.308563232421875
Barış Alper Yılmaz,Physicality,64.98736,84.0,19.01264190673828
Matěj Kovář,Physicality,59.166965,78.0,18.83303451538086
Kegs Chauke,Physicality,43.538967,62.0,18.46103286743164
Issa Soumaré,Physicality,43.12231,61.0,17.877689361572266
Nicolò Cambiaghi,Physicality,54.124123,72.0,17.875877380371094
Lucas Chevalier,Physicality,59.27281,77.0,17.727188110351562
Cheick Conde,Physicality,59.592907,77.0,17.407093048095703
Hugo Larsson,Physicality,57.593258,75.0,17.406742095947266
Connor Barron,Physicality,53.684116,71.0,17.31588363647461
Arianit Ferati,Physicality,49.70339,67.0,17.296611785888672
Keegan Jelacic,Physicality,50.743805,68.0,17.256195068359375
Luca Langoni,Physicality,49.154247,66.0,16.845752716064453
Seedy Jatta,Physicality,50.282948,67.0,16.717052459716797
Christian Saydee,Physicality,62.411396,79.0,16.588603973388672
Aiden O'Neill,Physicality,60.624702,77.0,16.37529754638672
Václav Černý,Physicality,47.706543,64.0,16.29345703125
Jordan Bos,Physicality,60.81241,77.0,16.187591552734375
Daniel Paraschiv,Physicality,55.01976,71.0,15.980239868164062
Dmytro Riznyk,Physicality,59.20013,75.0,15.799869537353516
Yehvann Diouf,Physicality,59.23604,75.0,15.763961791992188
Samuel Silvera,Physicality,43.356087,59.0,15.643913269042969
Tommaso Milanese,Physicality,39.382,55.0,15.618000030517578
Reece James,Physicality,65.50849,81.0,15.491508483886719
Gabriele Zappa,Physicality,56.55355,72.0,15.446449279785156
Jens Odgaard,Physicality,64.35083,79.0,14.649169921875
Connor Malley,Physicality,49.363663,64.0,14.636337280273438
Ibrahim Sadiq,Physicality,57.65899,72.0,14.341011047363281
Nunzio Lella,Physicality,59.753227,74.0,14.246772766113281
Frederik Lauenborg,Physicality,59.824375,74.0,14.17562484741211
Sinan Karweina,Physicality,43.851055,58.0,14.148944854736328
Jacen Russell-Rowe,Physicality,48.931515,63.0,14.068485260009766
Freddie Woodman,Physicality,56.969612,71.0,14.030387878417969
Edoardo Bove,Physicality,58.055023,72.0,13.944976806640625
Oday Dabbagh,Physicality,60.061363,74.0,13.938636779785156
Isaac Hutchinson,Physicality,55.06359,69.0,13.936408996582031
Jason Sraha,Physicality,53.16306,67.0,13.83694076538086
Stefano Turati,Physicality,59.19679,73.0,13.803211212158203
Ruben Providence,Physicality,39.2131,53.0,13.78689956665039
Ștefan Târnovanu,Physicality,59.222942,73.0,13.777057647705078
Luca Belardinelli,Physicality,56.226997,70.0,13.773002624511719
Dominik Kotarski,Physicality,59.245186,73.0,13.754814147949219
Nicolas Milanovic,Physicality,48.274418,62.0,13.725582122802734
Ardon Jashari,Physicality,65.43571,79.0,13.564292907714844
Nicolás Rossi,Physicality,55.4597,69.0,13.540298461914062
Tom Fellows,Physicality,44.540478,58.0,13.459522247314453
Franco Díaz,Physicality,60.715008,74.0,13.284992218017578
Ted Cann,Physicality,59.24472,46.0,13.244720458984375
Nicolas Vouilloz,Physicality,62.77312,76.0,13.226879119873047
Conor McGrandles,Physicality,63.899147,77.0,13.100852966308594
Dimitry Bertaud,Physicality,58.957386,72.0,13.042613983154297
Stefano Surdanović,Physicality,57.0798,70.0,12.92020034790039
Aidomo Emakhu,Physicality,46.178555,59.0,12.82144546508789
Arnaud Lusamba,Physicality,57.263653,70.0,12.736347198486328
Sonny Cox,Physicality,45.45735,58.0,12.542648315429688
Darragh Markey,Physicality,39.51727,52.0,12.482730865478516
Romeo Lavia,Physicality,61.528854,74.0,12.471145629882812
Evan Ferguson,Physicality,57.568504,70.0,12.431495666503906
Kyle Knoyle,Physicality,56.697372,69.0,12.302627563476562
Yaw Yeboah,Physicality,40.79723,53.0,12.202770233154297
Cieran Slicker,Physicality,59.160946,47.0,12.160945892333984
Hunter Sulte,Physicality,59.157715,47.0,12.15771484375
Sachin Suresh,Physicality,59.147247,47.0,12.147247314453125
Franck Honorat,Physicality,47.861065,60.0,12.138935089111328
Jakub Szymański,Physicality,72.11464,60.0,12.114639282226562
Damián Pizarro,Physicality,58.909176,71.0,12.090824127197266
Pablo Pagis,Physicality,42.936256,55.0,12.063743591308594
Jhon Solís,Physicality,60.944717,73.0,12.055282592773438
Jacob Davenport,Physicality,67.04984,55.0,12.049842834472656
Federico Dimarco,Physicality,58.98737,71.0,12.012630462646484
Nicolás Garayalde,Physicality,56.07414,68.0,11.925861358642578
Radosław Majecki,Physicality,58.10293,70.0,11.897071838378906
Max Caputo,Physicality,49.14684,61.0,11.853160858154297
Dylan Kadji,Physicality,57.147686,69.0,11.852313995361328
Nathan Baxter,Physicality,59.17192,71.0,11.828079223632812
Sem Steijn,Physicality,53.220303,65.0,11.77969741821289
Elia Caprile,Physicality,59.224606,71.0,11.775394439697266
Alfie Doughty,Physicality,53.249523,65.0,11.750476837158203
Đorđe Petrović,Physicality,59.25567,71.0,11.744331359863281
Franco Israel,Physicality,59.256695,71.0,11.743305206298828
Allan Tchaptchet,Physicality,65.278046,77.0,11.721954345703125
Sam Long,Physicality,59.29959,71.0,11.700408935546875
Tomás Durso,Physicality,59.335667,71.0,11.66433334350586
Alex Badolato,Physicality,44.479862,56.0,11.520137786865234
Alejo Veliz,Physicality,61.498898,73.0,11.501102447509766
Sascha Horvath,Physicality,46.536774,58.0,11.463226318359375
Oscar Uddenäs,Physicality,50.596233,62.0,11.403766632080078
Ernest Nuamah,Physicality,48.635063,60.0,11.364936828613281
Daniel Kanu,Physicality,46.672363,58.0,11.32763671875
Zac Ashworth,Physicality,53.738846,65.0,11.261154174804688
Harvey Wiles-Richards,Physicality,59.188747,48.0,11.18874740600586
Saad Al Mousa,Physicality,61.8163,73.0,11.183700561523438
Mohammed Al Dawsari,Physicality,53.818592,65.0,11.181407928466797
Josh Coburn,Physicality,58.826412,70.0,11.173587799072266
Élysée Logbo,Physicality,44.828884,56.0,11.17111587524414
Stephan Negru,Physicality,52.86466,64.0,11.13534164428711
Mats Wieffer,Physicality,68.02542,79.0,10.974578857421875
Nathan Moriah-Welsh,Physicality,52.055344,63.0,10.944656372070312
Idris El Mizouni,Physicality,63.09812,74.0,10.901878356933594
Riccardo Calafiori,Physicality,68.13028,79.0,10.869720458984375
Luca Jaquez,Physicality,55.135822,66.0,10.864177703857422
Furkan Bayır,Physicality,60.141964,71.0,10.858036041259766
James Trafford,Physicality,59.148663,70.0,10.851337432861328
Hayden Hackney,Physicality,61.17413,72.0,10.825870513916016
Filip Jörgensen,Physicality,59.178673,70.0,10.821327209472656
Matheo Raab,Physicality,59.18547,70.0,10.814529418945312
Kaan Caliskaner,Physicality,62.22548,73.0,10.774520874023438
Noah Atubolu,Physicality,59.22958,70.0,10.77042007446289
Connor Roberts,Physicality,63.244183,74.0,10.755817413330078
Alessio Buttaro,Physicality,61.276894,72.0,10.723106384277344
Tyler Roberts,Physicality,59.31031,70.0,10.689689636230469
Dominik Reimann,Physicality,59.334206,70.0,10.665794372558594
Amadou Mbengue,Physicality,57.342506,68.0,10.657493591308594
Erlend Dahl Reitan,Physicality,63.360138,74.0,10.639862060546875
Alex Scott,Physicality,57.360817,68.0,10.639183044433594
Ivan Nevistić,Physicality,59.411182,70.0,10.588817596435547
Isaac Schmidt,Physicality,50.415703,61.0,10.584297180175781
Cameron Carter-Vickers,Physicality,72.4168,83.0,10.583198547363281
Christian Witzig,Physicality,53.438267,64.0,10.56173324584961
Miguel Reichmuth,Physicality,49.505726,39.0,10.505725860595703
Luka Romero,Physicality,44.517418,55.0,10.482582092285156
Conrad Wallem,Physicality,55.550774,66.0,10.449226379394531
Jez Lofthouse,Physicality,46.559456,57.0,10.440544128417969
August Mikkelsen,Physicality,49.577366,60.0,10.42263412475586
Fabian Reese,Physicality,67.62713,78.0,10.372871398925781
Nikhil Deka,Physicality,59.34213,49.0,10.34212875366211
Emin Bayram,Physicality,57.67078,68.0,10.329219818115234
Sven Jansen,Physicality,59.32852,49.0,10.328521728515625
Nesta Guinness-Walker,Physicality,54.701305,65.0,10.298694610595703
Kazeem Olaigbe,Physicality,48.749115,59.0,10.250885009765625
Ștefan Mușat,Physicality,59.238754,49.0,10.238754272460938
James Gale,Physicality,58.79237,69.0,10.207630157470703
Steven Hall,Physicality,59.18932,49.0,10.189319610595703
Amrit Gope,Physicality,59.186684,49.0,10.186683654785156
Agustín Cayetano,Physicality,51.817917,62.0,10.182083129882812
Amar Dedić,Physicality,62.819862,73.0,10.180137634277344
Joe Whitworth,Physicality,59.17261,49.0,10.172611236572266
Santiago Núñez,Physicality,69.829445,80.0,10.170555114746094
Murphy Mahoney,Physicality,59.14132,49.0,10.141319274902344
Hakim Guenouche,Physicality,47.869503,58.0,10.130496978759766
Nelson Palacio,Physicality,60.92776,71.0,10.07223892211914
Yusuf Erdoğan,Physicality,53.975006,64.0,10.024993896484375
Trent Buhagiar,Physicality,55.97755,66.0,10.022449493408203
Mamadou Fofana,Physicality,63.985306,74.0,10.014694213867188
Nicolás Valentini,Physicality,63.997665,74.0,10.002334594726562
Jean Lambert Evan's,Physicality,53.05581,63.0,9.944190979003906
Giannis Konstantelias,Physicality,44.082645,54.0,9.917354583740234
Mohamed Kaba,Physicality,67.08667,77.0,9.913330078125
Faris Pemi Moumbagna,Physicality,69.10462,79.0,9.895378112792969
Dominic Solanke,Physicality,69.10681,79.0,9.8931884765625
Joaquín Blázquez,Physicality,59.134983,69.0,9.86501693725586
Amir Saipi,Physicality,59.145523,69.0,9.854476928710938
Marcel Lotka,Physicality,59.175823,69.0,9.824176788330078
Oliver Christensen,Physicality,59.17973,69.0,9.820270538330078
Peter Vindahl Jensen,Physicality,59.18546,69.0,9.81454086303711
Morten Ågnes Konradsen,Physicality,58.19036,68.0,9.809638977050781
Ron-Thorben Hoffmann,Physicality,59.19783,69.0,9.802169799804688
Anthony Racioppi,Physicality,59.203438,69.0,9.796562194824219
Georgios Vagiannidis,Physicality,54.221546,64.0,9.778453826904297
Kieron Bowie,Physicality,66.22275,76.0,9.777252197265625
Conor Bradley,Physicality,59.225365,69.0,9.774635314941406
Guillaume Restes,Physicality,59.231403,69.0,9.768596649169922
Naorem Mahesh Singh,Physicality,48.233612,58.0,9.766387939453125
Mauro Luna Diale,Physicality,55.23851,65.0,9.761489868164062
Kobe Hernández-Foster,Physicality,50.249424,60.0,9.75057601928711
Hannibal Mejbri,Physicality,61.250294,71.0,9.749706268310547
Lucas Lund,Physicality,59.258595,69.0,9.741405487060547
Roman Celentano,Physicality,59.262352,69.0,9.737648010253906
Rafał Strączek,Physicality,59.262753,69.0,9.737247467041016
Cameron Harper,Physicality,46.298813,56.0,9.701187133789062
Mario Stroeykens,Physicality,52.332546,62.0,9.66745376586914
Linton Maina,Physicality,45.34195,55.0,9.658050537109375
Alieu Fadera,Physicality,59.34712,69.0,9.652881622314453
Kevin Schade,Physicality,54.35343,64.0,9.646568298339844
Mateo Gamarra,Physicality,59.372494,69.0,9.627506256103516
Myles Peart-Harris,Physicality,58.42657,68.0,9.573429107666016
Ethan Bristow,Physicality,61.445816,71.0,9.554183959960938
Kylian Kaïboué,Physicality,59.45193,69.0,9.54806900024414
Mamadou Camara,Physicality,55.476738,65.0,9.523262023925781
Facundo Bruera,Physicality,67.4824,77.0,9.517601013183594
Sebastián González,Physicality,53.488403,63.0,9.5115966796875
Jean N'Guessan,Physicality,57.50504,67.0,9.49496078491211
Tadeo Allende,Physicality,60.525326,70.0,9.474674224853516
Thibo Somers,Physicality,68.52974,78.0,9.470260620117188
Leon Dajaku,Physicality,51.590336,61.0,9.409664154052734
Brian Aguirre,Physicality,48.59283,58.0,9.407169342041016
James Nieuwenhuizen,Physicality,59.397297,50.0,9.397296905517578
Julian Stark,Physicality,56.635124,66.0,9.364875793457031
Lennard Maloney,Physicality,74.63873,84.0,9.36126708984375
Niraj Kumar,Physicality,59.335526,50.0,9.335525512695312
Gonzalo Luján,Physicality,66.685555,76.0,9.314445495605469
Antonino Gallo,Physicality,58.703285,68.0,9.296714782714844
Mutlaq Al Hurayji,Physicality,59.292904,50.0,9.292903900146484
Armin Abaz,Physicality,59.28769,50.0,9.287689208984375
Liam Bennett,Physicality,54.716537,64.0,9.283462524414062
Leander Øy,Physicality,59.27029,50.0,9.27029037475586
Alexandru Utiu,Physicality,59.26708,50.0,9.267078399658203
José Arbio,Physicality,59.24844,50.0,9.24843978881836
Bela Dumrath,Physicality,59.241367,50.0,9.24136734008789
Hampus Finndell,Physicality,66.79051,76.0,9.209487915039062
Zac Sapsford,Physicality,43.79468,53.0,9.205318450927734
Joe Hilton,Physicality,59.189354,50.0,9.189353942871094
Nathan Harness,Physicality,59.18571,50.0,9.185710906982422
Jack Lemoignan,Physicality,59.18294,50.0,9.182941436767578
İsmail Yüksek,Physicality,66.81908,76.0,9.180923461914062
Emanuel Emegha,Physicality,64.83253,74.0,9.167472839355469
Osama Al Mermish,Physicality,59.156883,50.0,9.156883239746094
Isaac Olaofe,Physicality,57.849083,67.0,9.150917053222656
Lara Sharma,Physicality,59.14,50.0,9.139999389648438
Alexis Tibidi,Physicality,55.874695,65.0,9.12530517578125
Anuj Kumar,Physicality,59.12341,50.0,9.123409271240234
Franco Fagúndez,Physicality,58.877975,68.0,9.122024536132812
Owen Wolff,Physicality,43.88004,53.0,9.11996078491211
Filip Szymczak,Physicality,57.89549,67.0,9.104511260986328
Anton Krivotsyuk,Physicality,67.91319,77.0,9.086807250976562
Jake Rooney,Physicality,57.913273,67.0,9.086727142333984
José Bolívar,Physicality,58.935448,68.0,9.064552307128906
Kelvin Ehibhatiomhan,Physicality,56.94838,66.0,9.051620483398438
Nigel Lonwijk,Physicality,62.961967,72.0,9.038032531738281
Lohann Doucet,Physicality,53.006786,62.0,8.993213653564453
Harold Moukoudi,Physicality,77.00964,86.0,8.9903564453125
Ole Pohlmann,Physicality,60.03546,69.0,8.96453857421875
Antwoine Hackford,Physicality,44.055714,53.0,8.944286346435547
Eric Martel,Physicality,71.09924,80.0,8.9007568359375
Stephen Kelly,Physicality,55.118492,64.0,8.881507873535156
Mandela Keita,Physicality,62.12524,71.0,8.874759674072266
Evan McLaughlin,Physicality,43.86948,35.0,8.86948013305664
Steve Ngoura,Physicality,44.146355,53.0,8.853645324707031
Carl Rushworth,Physicality,59.156567,68.0,8.843433380126953
Lucas Souto,Physicality,55.16469,64.0,8.835311889648438
Hakon Valdimarsson,Physicality,59.172462,68.0,8.827537536621094
Nicolas Kristof,Physicality,59.18602,68.0,8.813980102539062
Ben Knight,Physicality,46.809322,38.0,8.809322357177734
Quentin Braat,Physicality,59.19839,68.0,8.80160903930664
Jostin Alarcón,Physicality,59.21324,68.0,8.786758422851562
Bartosz Mrozek,Physicality,59.21681,68.0,8.783191680908203
Mathias Løvik,Physicality,54.217583,63.0,8.782417297363281
Bart Verbruggen,Physicality,59.225433,68.0,8.774566650390625
Hákon Arnar Haraldsson,Physicality,60.234715,69.0,8.76528549194336
Justin Forst,Physicality,48.261555,57.0,8.738445281982422
Liam Ravenhill,Physicality,57.2956,66.0,8.704399108886719
Yusuf Özdemir,Physicality,56.30503,65.0,8.694969177246094
Bradley Barcola,Physicality,53.33224,62.0,8.66775894165039
Matija Šarkić,Physicality,59.356678,68.0,8.643321990966797
Alex Palmer,Physicality,59.359608,68.0,8.640392303466797
Saikou Touray,Physicality,55.362095,64.0,8.63790512084961
Paul Nebel,Physicality,49.37351,58.0,8.62649154663086
Frankie Kent,Physicality,66.38933,75.0,8.610671997070312
Vesel Demaku,Physicality,68.59317,60.0,8.593170166015625
Brian Mansilla,Physicality,50.435455,59.0,8.564544677734375
Oliver Cooper,Physicality,51.46856,60.0,8.531440734863281
Maximilien Balard,Physicality,50.475033,59.0,8.524967193603516
Thijs Dallinga,Physicality,57.508125,66.0,8.491874694824219
Björn Meijer,Physicality,72.58951,81.0,8.410491943359375
Adamo Nagalo,Physicality,68.60659,77.0,8.393409729003906
Philipp Treu,Physicality,52.61488,61.0,8.385120391845703
Brahian Palacios,Physicality,53.61503,62.0,8.384971618652344
Sebastian Banozic,Physicality,59.37119,51.0,8.37118911743164
Eliezer Mayenda,Physicality,50.633457,59.0,8.36654281616211
Oskar Zawada,Physicality,66.64335,75.0,8.356651306152344
Sven Mijnans,Physicality,60.643616,69.0,8.35638427734375
Antonio Carrera,Physicality,59.35196,51.0,8.351959228515625
Lorcan Healy,Physicality,58.35056,50.0,8.35055923461914
Ahmad Taleb,Physicality,59.340405,51.0,8.340404510498047
Arsh Shaikh,Physicality,59.33637,51.0,8.336368560791016
Mamadou Doucouré,Physicality,67.33523,59.0,8.335227966308594
Oliver Arblaster,Physicality,57.66609,66.0,8.333911895751953
Mads Døhr Thychosen,Physicality,67.67645,76.0,8.32354736328125
Adam Sørensen,Physicality,51.677967,60.0,8.322032928466797
Heath Richardson,Physicality,59.32134,51.0,8.321338653564453
Meshari Sanyor,Physicality,59.32059,51.0,8.32059097290039
Jacopo Fazzini,Physicality,57.695892,66.0,8.304107666015625
Yannis Letard,Physicality,71.29564,63.0,8.295639038085938
Noel Eichinger,Physicality,53.70727,62.0,8.292728424072266
Bandar Al Shahrani,Physicality,59.28933,51.0,8.289329528808594
Nathan Bitumazala,Physicality,60.277264,52.0,8.277263641357422
Justin Hammel,Physicality,59.245056,51.0,8.24505615234375
Greg Docherty,Physicality,70.75828,79.0,8.241722106933594
Tommy Leigh,Physicality,62.76927,71.0,8.230728149414062
Ross Munro,Physicality,59.228664,51.0,8.22866439819336
Anton Gaaei,Physicality,52.77592,61.0,8.224079132080078
Jay Stansfield,Physicality,54.77892,63.0,8.221080780029297
Ethan Erhahon,Physicality,63.779457,72.0,8.220542907714844
Andrea Pinamonti,Physicality,64.790886,73.0,8.209114074707031
Bilal Brahimi,Physicality,48.795975,57.0,8.204025268554688
Adrien Louveau,Physicality,64.201744,56.0,8.201744079589844
Georgios Theocharis,Physicality,59.196613,51.0,8.196613311767578
Mohammad Nawaz,Physicality,59.187157,51.0,8.187156677246094
John Tolkin,Physicality,59.815594,68.0,8.184406280517578
Maciej Kowal,Physicality,59.15914,51.0,8.159141540527344
Jordan Meyer,Physicality,62.159092,54.0,8.15909194946289
Storm Strand-Kolbjørnsen,Physicality,59.15123,51.0,8.151229858398438
Anthony Marcucci,Physicality,59.150883,51.0,8.150882720947266
Damian Las,Physicality,59.138195,51.0,8.138195037841797
Louis Fortin,Physicality,59.131237,51.0,8.131237030029297
Toms Leitis,Physicality,59.1303,51.0,8.130298614501953
Lazar Samardžić,Physicality,55.87074,64.0,8.129261016845703
Rune Paeshuyse,Physicality,59.87388,68.0,8.126121520996094
Ethan Bartlow,Physicality,62.87391,71.0,8.126091003417969
Max Johnston,Physicality,56.88583,65.0,8.11417007446289
Jasper Pattenden,Physicality,62.076553,54.0,8.076553344726562
Nectarios Triantis,Physicality,61.97218,70.0,8.027820587158203
Maxwell Gyamfi,Physicality,68.977715,77.0,8.022285461425781
Folarin Balogun,Physicality,60.98666,69.0,8.01333999633789
CJ Egan-Riley,Physicality,65.992096,74.0,8.007904052734375
Ramy Najjarine,Physicality,54.974434,47.0,7.974433898925781
Rayyan Baniya,Physicality,69.0409,77.0,7.959098815917969
Daniel Hall,Physicality,65.044846,73.0,7.9551544189453125
Sam McClelland,Physicality,64.06459,72.0,7.9354095458984375
Jerry Yates,Physicality,60.081524,68.0,7.918476104736328
Sebastian Nanasi,Physicality,54.10042,62.0,7.899578094482422
Giuliano Simeone,Physicality,72.10254,80.0,7.8974609375
Arda Güler,Physicality,42.11216,50.0,7.887840270996094
William Osula,Physicality,53.113255,61.0,7.886745452880859
Alexander Ranacher,Physicality,55.128696,63.0,7.871303558349609
Niklas Hedl,Physicality,59.130646,67.0,7.869354248046875
Gaëtan Poussin,Physicality,59.131752,67.0,7.868247985839844
Damián Bobadilla,Physicality,60.14878,68.0,7.851219177246094
Leopold Wahlstedt,Physicality,59.150917,67.0,7.849082946777344
Kacper Tobiasz,Physicality,59.151237,67.0,7.848762512207031
Marco Burch,Physicality,67.155685,75.0,7.8443145751953125
Anthony Patterson,Physicality,59.15667,67.0,7.843330383300781
Oumar Ngom,Physicality,57.15899,65.0,7.841011047363281
Couhaib Driouech,Physicality,56.162346,64.0,7.837654113769531
Filip Stanković,Physicality,59.176826,67.0,7.823173522949219
Quilindschy Hartman,Physicality,67.19515,75.0,7.804847717285156
Frederik Recktenwald,Physicality,43.80429,36.0,7.804290771484375
Kjell Scherpen,Physicality,59.197845,67.0,7.802154541015625
Fabian de Keijzer,Physicality,59.224007,67.0,7.775993347167969
Arthur Okonkwo,Physicality,59.224625,67.0,7.7753753662109375
Phillip Menzel,Physicality,59.224636,67.0,7.775363922119141
William Balikwisha,Physicality,49.2313,57.0,7.768699645996094
Cédric Zesiger,Physicality,73.233055,81.0,7.766944885253906
Luca Philipp,Physicality,59.255253,67.0,7.744747161865234
Mile Svilar,Physicality,59.255825,67.0,7.744174957275391
Willum Þór Willumsson,Physicality,69.26018,77.0,7.7398223876953125
Nico Mantl,Physicality,59.27015,67.0,7.729850769042969
Oliver Antman,Physicality,50.29228,58.0,7.707721710205078
Moritz Oswald,Physicality,54.322895,62.0,7.677104949951172
Robin Voisine,Physicality,70.67699,63.0,7.6769866943359375
Federico Ravaglia,Physicality,59.323483,67.0,7.676517486572266
Luca Moro,Physicality,54.327106,62.0,7.672893524169922
Rory Feely,Physicality,61.33161,69.0,7.668388366699219
Eirik Blikstad,Physicality,57.66828,50.0,7.668281555175781
Mazeed Ogungbo,Physicality,62.335938,70.0,7.6640625
Kader Keïta,Physicality,63.358982,71.0,7.641017913818359
David Sala,Physicality,56.63299,49.0,7.632991790771484
Felipe Valencia,Physicality,36.62621,29.0,7.626209259033203
Japhet Sery Larsen,Physicality,66.38054,74.0,7.6194610595703125
Lars Olden Larsen,Physicality,54.384487,62.0,7.615512847900391
Maxim De Cuyper,Physicality,62.418083,70.0,7.581916809082031
David Ajiboye,Physicality,60.426956,68.0,7.5730438232421875
Andy Diouf,Physicality,67.427055,75.0,7.572944641113281
Gabriel Kobylak,Physicality,59.431313,67.0,7.568687438964844
Jarrod Carluccio,Physicality,51.446106,59.0,7.55389404296875
Justin Haak,Physicality,58.55076,51.0,7.550758361816406
Daniel Bunk,Physicality,40.54484,33.0,7.544841766357422
Maximilian Wittek,Physicality,65.49172,73.0,7.508277893066406
Paul Joly,Physicality,61.494595,69.0,7.505405426025391
Valentino Müller,Physicality,60.505253,68.0,7.494747161865234
Anass Zaroury,Physicality,53.506863,61.0,7.493137359619141
Felix Bacher,Physicality,71.51768,79.0,7.482322692871094
Ed Turns,Physicality,62.528446,70.0,7.471553802490234
Kyan Vaesen,Physicality,57.53045,65.0,7.469551086425781
Tobias Berger,Physicality,63.531094,71.0,7.468906402587891
Daniel Samek,Physicality,66.45916,59.0,7.459159851074219
Mirko Antonucci,Physicality,52.5446,60.0,7.4553985595703125
Owen Dale,Physicality,49.57577,57.0,7.424228668212891
Tijjani Noslin,Physicality,50.577747,58.0,7.422252655029297
Janis Antiste,Physicality,53.587772,61.0,7.412227630615234
Elias Jelert,Physicality,64.591255,72.0,7.408744812011719
Joachim Imbrechts,Physicality,59.398205,52.0,7.398204803466797
Lewis Bate,Physicality,57.389477,50.0,7.389476776123047
Julian Ryerson,Physicality,72.61167,80.0,7.388328552246094
Julien Ponceau,Physicality,51.640327,59.0,7.359672546386719
Celestin De Schrevel,Physicality,59.355083,52.0,7.355083465576172
Ishaq Abdulrazak,Physicality,54.651035,62.0,7.348964691162109
Henry Hore,Physicality,53.65979,61.0,7.3402099609375
Akash Mishra,Physicality,62.66439,70.0,7.335609436035156
Óscar Zambrano,Physicality,60.67171,68.0,7.328289031982422
Amankwah Forson,Physicality,42.67926,50.0,7.32073974609375
Tomi Horvat,Physicality,58.68,66.0,7.319999694824219
Freddie Draper,Physicality,64.68119,72.0,7.318809509277344
Aleksandar Jukic,Physicality,61.688667,69.0,7.311332702636719
Ben Bottomley,Physicality,59.30856,52.0,7.308559417724609
Nik Prelec,Physicality,61.69536,69.0,7.3046417236328125
Anton Eriksson,Physicality,59.703728,67.0,7.296272277832031
Malik Tillman,Physicality,57.70795,65.0,7.292049407958984
Yanis Begraoui,Physicality,53.713722,61.0,7.286277770996094
Justin Ferizaj,Physicality,47.72895,55.0,7.271049499511719
David Skubl,Physicality,59.270496,52.0,7.270496368408203
Leif Davis,Physicality,58.744556,66.0,7.255443572998047
Kayne van Oevelen,Physicality,59.251087,52.0,7.251087188720703
Malik Batmaz,Physicality,52.75517,60.0,7.244831085205078
Bruno Leyes,Physicality,64.75903,72.0,7.240966796875
Matthew Connelly,Physicality,59.237274,52.0,7.237274169921875
Soyal Joshy,Physicality,52.76588,60.0,7.234119415283203
Emmanuel Iyoha,Physicality,62.76647,70.0,7.233528137207031
Lenny Joseph,Physicality,51.767345,59.0,7.232654571533203
Ryan Flamingo,Physicality,66.76837,74.0,7.23162841796875
Luke Heeney,Physicality,67.221756,60.0,7.2217559814453125
Jonathan Afolabi,Physicality,56.7788,64.0,7.221199035644531
Magnus Rugland Ree,Physicality,59.20665,52.0,7.2066497802734375
Ragnar Ache,Physicality,67.798615,75.0,7.201385498046875
Amadou Sagna,Physicality,41.801613,49.0,7.198387145996094
Conor Brann,Physicality,59.196144,52.0,7.196144104003906
Hunor Gedő,Physicality,59.172222,52.0,7.172222137451172
Joel Tabiner,Physicality,49.830994,57.0,7.16900634765625
Karl Edouard Etta Eyong,Physicality,68.16636,61.0,7.166358947753906
Casper Andersson,Physicality,59.164204,52.0,7.164203643798828
James Holden,Physicality,59.156143,52.0,7.1561431884765625
Jack Warshawsky,Physicality,59.155758,52.0,7.155757904052734
Kyle Robinson,Physicality,52.844288,60.0,7.155712127685547
Max Weiß,Physicality,59.149467,52.0,7.149467468261719
Cian Tyler,Physicality,59.14911,52.0,7.14910888671875
Edoardo Corvi,Physicality,59.139263,52.0,7.139263153076172
Leonidas Stergiou,Physicality,69.87763,77.0,7.122367858886719
Donal Higgins,Physicality,51.87812,59.0,7.121879577636719
Antonio Candela,Physicality,61.888885,69.0,7.111114501953125
Kristoffer Lund Hansen,Physicality,63.89838,71.0,7.101619720458984
Marcus Browne,Physicality,68.08773,61.0,7.087730407714844
Justin Butler,Physicality,57.918694,65.0,7.081306457519531
Giovanni Fabbian,Physicality,55.920837,63.0,7.07916259765625
Kenzo Goudmijn,Physicality,48.921875,56.0,7.078125
Tony Springett,Physicality,44.925247,52.0,7.0747528076171875
Anthony Schmid,Physicality,59.926147,67.0,7.0738525390625
Franklin Tebo Uchenna,Physicality,70.93711,78.0,7.062889099121094
Raphael Borges Rodrigues,Physicality,53.937485,61.0,7.0625152587890625
Moritz Jenz,Physicality,73.96673,81.0,7.033271789550781
Lindrit Kamberi,Physicality,65.973335,73.0,7.026664733886719
Adam Obert,Physicality,57.97376,65.0,7.026241302490234
Juan José Cáceres,Physicality,62.987137,70.0,7.0128631591796875
Yassin Belkhdim,Physicality,59.99325,53.0,6.993251800537109
Frank Magri,Physicality,56.043568,63.0,6.956432342529297
Josh Campbell,Physicality,66.05315,73.0,6.9468536376953125
Dembo Sylla,Physicality,51.057007,58.0,6.9429931640625
Jules Gaudin,Physicality,51.059975,58.0,6.940025329589844
Jack Armer,Physicality,61.064667,68.0,6.935333251953125
Matej Maglica,Physicality,75.075806,82.0,6.9241943359375
Tyler Walker,Physicality,56.077633,63.0,6.922367095947266
Mehdi Boukamir,Physicality,54.087025,61.0,6.912975311279297
Grejohn Kyei,Physicality,73.0986,80.0,6.901397705078125
Noah Smith,Physicality,60.105755,67.0,6.894245147705078
Cameron Dummigan,Physicality,59.11088,66.0,6.889118194580078
Sonny Perkins,Physicality,55.117916,62.0,6.882083892822266
Caspar Jander,Physicality,58.118317,65.0,6.881683349609375
Arthur Lyska,Physicality,59.14258,66.0,6.857421875
Steven Benda,Physicality,59.149952,66.0,6.850048065185547
Yaimar Medina,Physicality,51.1547,58.0,6.845298767089844
Adam Carlén,Physicality,72.157745,79.0,6.842254638671875
Kacper Bieszczad,Physicality,59.16101,66.0,6.8389892578125
Komal Thatal,Physicality,39.838345,33.0,6.838344573974609
Michele Cerofolini,Physicality,59.162193,66.0,6.837806701660156
Taylor Luvambo,Physicality,68.822235,62.0,6.822235107421875
Max Ejdum,Physicality,45.18856,52.0,6.811439514160156
Tobias Schützenauer,Physicality,59.192482,66.0,6.807518005371094
Yasser Larouci,Physicality,57.1926,64.0,6.807399749755859
Manuel Roffo,Physicality,59.194794,66.0,6.805206298828125
Jan-Christoph Bartels,Physicality,59.200554,66.0,6.799446105957031
Diant Ramaj,Physicality,59.213634,66.0,6.786365509033203
Orri Óskarsson,Physicality,59.219055,66.0,6.78094482421875
Thoiba Singh Moirangthem,Physicality,65.23329,72.0,6.7667083740234375
Marvin Çuni,Physicality,63.238564,70.0,6.761436462402344
Josh Earl,Physicality,72.24039,79.0,6.759613037109375
Michał Rakoczy,Physicality,54.2621,61.0,6.7378997802734375
Kajetan Szmyt,Physicality,42.268467,49.0,6.731533050537109
Guy-Marcelin Kilama,Physicality,68.26991,75.0,6.7300872802734375
Jojea Kwizera,Physicality,39.7219,33.0,6.721900939941406
Liam Kitching,Physicality,71.284256,78.0,6.7157440185546875
Yahia Fofana,Physicality,59.296005,66.0,6.7039947509765625
Abiel Osorio,Physicality,75.30453,82.0,6.695472717285156
Adam Buksa,Physicality,65.31047,72.0,6.6895294189453125
Baïla Diallo,Physicality,43.68701,37.0,6.68701171875
Johan Bakayoko,Physicality,56.31375,63.0,6.686248779296875
Marlon Fossey,Physicality,58.313957,65.0,6.686042785644531
Hugo Vogel,Physicality,56.67906,50.0,6.6790618896484375
Othman Al Othman,Physicality,39.673687,33.0,6.673686981201172
Iván Tapia,Physicality,65.35386,72.0,6.646141052246094
Enrico Brignola,Physicality,51.389572,58.0,6.6104278564453125
Bryan Lasme,Physicality,68.3947,75.0,6.6053009033203125
Neil Farrugia,Physicality,59.407158,66.0,6.592842102050781
Bonke Innocent,Physicality,77.419,84.0,6.581001281738281
Norman Bassette,Physicality,53.42342,60.0,6.576580047607422
Bradley Fink,Physicality,68.43828,75.0,6.5617218017578125
Matisse Samoise,Physicality,65.44337,72.0,6.556632995605469
Phillip Tietz,Physicality,69.450134,76.0,6.54986572265625
Jack Robinson,Physicality,61.45245,68.0,6.547550201416016
Medon Berisha,Physicality,69.53371,63.0,6.5337066650390625
John Martin,Physicality,53.488277,60.0,6.511722564697266
Tim Breithaupt,Physicality,64.4916,71.0,6.508399963378906
Nathan Tella,Physicality,51.495975,58.0,6.504024505615234
Greg Kiltie,Physicality,62.49321,56.0,6.4932098388671875
Gautier Lloris,Physicality,68.517395,75.0,6.48260498046875
Mohammed Al Abdullah,Physicality,51.4768,45.0,6.476799011230469
Adam Dźwigała,Physicality,67.52361,74.0,6.476387023925781
Aidan Keena,Physicality,58.541058,65.0,6.458942413330078
Adam Gnezda Čerin,Physicality,57.543484,64.0,6.456516265869141
Griffin Dorsey,Physicality,61.54612,68.0,6.453880310058594
Matthias Bader,Physicality,62.548195,69.0,6.451805114746094
Marcel Wędrychowski,Physicality,42.54825,49.0,6.451751708984375
Marvin Mehlem,Physicality,54.553658,61.0,6.446342468261719
Igoh Ogbu,Physicality,75.55423,82.0,6.445770263671875
Nene Dorgeles,Physicality,47.55537,54.0,6.444629669189453
Mohammed Al Oufi,Physicality,58.55795,65.0,6.442050933837891
Dominik Steczyk,Physicality,57.559692,64.0,6.4403076171875
Isak Jansson,Physicality,61.56315,68.0,6.436851501464844
George Miller,Physicality,68.57026,75.0,6.429740905761719
Ethan Cox,Physicality,59.41323,53.0,6.413230895996094
Tyler Smith,Physicality,52.60508,59.0,6.394920349121094
Bryan Okoh,Physicality,73.6087,80.0,6.39129638671875
Tyler Onyango,Physicality,68.61948,75.0,6.380523681640625
Azzedine Ounahi,Physicality,62.61999,69.0,6.380008697509766
Carlos Mendes Gomes,Physicality,52.621376,59.0,6.378623962402344
Morten Thorsby,Physicality,74.62493,81.0,6.375068664550781
Matthis Abline,Physicality,48.62556,55.0,6.374439239501953
Olivier Deman,Physicality,64.63576,71.0,6.3642425537109375
Jan Schöppner,Physicality,73.642075,80.0,6.3579254150390625
Allahyar Sayyadmanesh,Physicality,70.64355,77.0,6.356452941894531
Bendegúz Bolla,Physicality,57.64722,64.0,6.352779388427734
Tim Skarke,Physicality,48.651512,55.0,6.348487854003906
Blondy Nna Noukeu,Physicality,59.340477,53.0,6.340476989746094
Tom Lacoux,Physicality,59.670788,66.0,6.329212188720703
Magnus Nielsen,Physicality,59.32267,53.0,6.322669982910156
Bryan Reynolds,Physicality,60.68294,67.0,6.317058563232422
Oscar Taty Maritu,Physicality,59.696754,66.0,6.303245544433594
Nils Rossen,Physicality,52.297417,46.0,6.297416687011719
Isak Vanlalruatfela,Physicality,48.293144,42.0,6.293144226074219
Matthew Sutton,Physicality,59.28998,53.0,6.289981842041016
Waniss Taïbi,Physicality,58.73434,65.0,6.265659332275391
Casper Terho,Physicality,48.735306,55.0,6.2646942138671875
Phillip Cancar,Physicality,62.741913,69.0,6.258087158203125
Mads Bidstrup,Physicality,68.74356,75.0,6.256439208984375
Brayann Pereira,Physicality,51.255615,45.0,6.255615234375
Andreas Gülstorff,Physicality,59.255318,53.0,6.255317687988281
Xander Martlé,Physicality,43.251945,37.0,6.251945495605469
CJ dos Santos,Physicality,59.249374,53.0,6.2493743896484375
Cameron Peupion,Physicality,55.242752,49.0,6.2427520751953125
Moustapha Mbow,Physicality,68.75852,75.0,6.241477966308594
Ezequiel Alfonso,Physicality,52.777756,59.0,6.2222442626953125
Kévin Boma,Physicality,62.79793,69.0,6.202068328857422
Samik Mitra,Physicality,59.19137,53.0,6.191368103027344
Rasmus Örqvist,Physicality,72.81643,79.0,6.183570861816406
Nicola Bagnolini,Physicality,59.170376,53.0,6.170375823974609
Juan Alexander Franco,Physicality,60.831394,67.0,6.168605804443359
Joe Walsh,Physicality,59.167004,53.0,6.167003631591797
Adam Long,Physicality,66.83519,73.0,6.1648101806640625
Gavin Beavers,Physicality,59.153435,53.0,6.153434753417969
El Hadji Dieye,Physicality,57.847595,64.0,6.15240478515625
Jordan Amissah,Physicality,59.14252,53.0,6.142520904541016
Mike Eerdhuijzen,Physicality,68.87142,75.0,6.128578186035156
Jamie Searle,Physicality,59.128475,53.0,6.128475189208984
Jorne Spileers,Physicality,62.893288,69.0,6.106712341308594
Facundo Colidio,Physicality,48.89509,55.0,6.104911804199219
Ismajl Beka,Physicality,69.89847,76.0,6.101531982421875
Doru Andrei,Physicality,54.101143,48.0,6.101142883300781
Sekou Sidibe,Physicality,48.90243,55.0,6.097568511962891
Billal Brahimi,Physicality,62.904507,69.0,6.095493316650391
Charlie McCann,Physicality,53.090668,47.0,6.090667724609375
Ion Gheorghe,Physicality,55.91634,62.0,6.083660125732422
Michael Venturi,Physicality,60.082897,54.0,6.082897186279297
Finn Ole Becker,Physicality,53.919983,60.0,6.08001708984375
Johan Kenneryd,Physicality,63.0655,57.0,6.065498352050781
James Clarke,Physicality,57.951744,64.0,6.048255920410156
Casper Tengstedt,Physicality,57.957726,64.0,6.042274475097656
Ryan Trevitt,Physicality,53.96882,60.0,6.031181335449219
Killian Corredor,Physicality,55.975574,62.0,6.024425506591797
Ángel Vaca,Physicality,54.97922,61.0,6.020778656005859
Sajal Bag,Physicality,55.980114,62.0,6.019886016845703
Matte Smets,Physicality,54.985126,61.0,6.014873504638672
Rhys Byrne,Physicality,59.011547,53.0,6.011547088623047
Alessandro Fontanarosa,Physicality,68.00549,62.0,6.0054931640625
Mason Toye,Physicality,69.000496,63.0,6.000495910644531
Marius Ros,Physicality,59.001854,65.0,5.998146057128906
Evan Haddock,Physicality,55.99707,50.0,5.9970703125
Suresh Wangjam,Physicality,67.00455,73.0,5.995452880859375
Fatih Kaya,Physicality,58.01332,64.0,5.9866790771484375
Eber Moreno,Physicality,62.014442,68.0,5.985557556152344
Aaron Rowe,Physicality,53.02085,59.0,5.979148864746094
Alou Kuol,Physicality,58.02305,64.0,5.976951599121094
Gabriel Slonina,Physicality,59.035328,65.0,5.964672088623047
Isaiah Parente,Physicality,48.947964,43.0,5.947963714599609
Crysencio Summerville,Physicality,48.0622,54.0,5.937801361083984
Tega Ikoba,Physicality,68.93188,63.0,5.931877136230469
Mert Yusuf Torlak,Physicality,44.926376,39.0,5.9263763427734375
Dominik Fitz,Physicality,48.07696,54.0,5.923038482666016
Jacob Eng,Physicality,43.090744,49.0,5.9092559814453125
Alberto Dossena,Physicality,71.09554,77.0,5.904457092285156
Alex Greive,Physicality,52.102398,58.0,5.897602081298828
Noel Buck,Physicality,55.104996,61.0,5.8950042724609375
Joe Mendes,Physicality,54.12505,60.0,5.874950408935547
Marc Leonard,Physicality,59.142986,65.0,5.857013702392578
Gaëtan Coucke,Physicality,59.147247,65.0,5.852752685546875
Jonas Kersken,Physicality,59.153652,65.0,5.846347808837891
Liam Cullen,Physicality,48.15769,54.0,5.842311859130859
Fabricio Vidal,Physicality,57.16322,63.0,5.836780548095703
Tolaji Bola,Physicality,61.16659,67.0,5.833408355712891
Patrick Schulte,Physicality,59.168007,65.0,5.831993103027344
Ernest Poku,Physicality,42.18123,48.0,5.8187713623046875
Conan Noonan,Physicality,41.186848,47.0,5.813152313232422
Marcel Benger,Physicality,66.80607,61.0,5.806068420410156
Lennart Grill,Physicality,59.196815,65.0,5.803184509277344
Quinn Sullivan,Physicality,56.799885,51.0,5.799884796142578
Tobe Leysen,Physicality,59.20219,65.0,5.797809600830078
Gastón González,Physicality,68.206924,74.0,5.7930755615234375
Luca Gemello,Physicality,59.207237,65.0,5.792762756347656
Caleb Taylor,Physicality,65.21251,71.0,5.7874908447265625
Christian Früchtl,Physicality,59.21471,65.0,5.785289764404297
Samuel Brolin,Physicality,59.21845,65.0,5.781551361083984
Dominique Youfeigane,Physicality,59.22251,65.0,5.777488708496094
Josh Flint,Physicality,57.222847,63.0,5.777153015136719
Patrick Sutter,Physicality,51.223885,57.0,5.776115417480469
Will Fish,Physicality,69.22476,75.0,5.775238037109375
Nicholas Gioacchini,Physicality,64.22575,70.0,5.7742462158203125
Jens Castrop,Physicality,56.22656,62.0,5.773441314697266
Eoghan O'Connell,Physicality,74.22763,80.0,5.772369384765625
Mark O'Hara,Physicality,68.234695,74.0,5.7653045654296875
Othmane Boussaid,Physicality,44.24273,50.0,5.757270812988281
Akor Jerome Adams,Physicality,70.242905,76.0,5.7570953369140625
Ruslan Neshcheret,Physicality,59.24489,65.0,5.7551116943359375
Besfort Zeneli,Physicality,48.751503,43.0,5.751502990722656
Nathan Trott,Physicality,59.261406,65.0,5.738594055175781
Robert Popa,Physicality,59.26547,65.0,5.734531402587891
Ionuț Gurău,Physicality,59.266342,65.0,5.7336578369140625
Woyo Coulibaly,Physicality,71.27247,77.0,5.727531433105469
Dara Keane,Physicality,59.296947,65.0,5.703052520751953
Agustín Giay,Physicality,59.298042,65.0,5.701957702636719
Christos Zafeiris,Physicality,66.29896,72.0,5.701042175292969
Julián Malatini,Physicality,58.305622,64.0,5.694377899169922
Manoj Mohammad,Physicality,57.30794,63.0,5.692058563232422
Lewis Fiorini,Physicality,55.325623,61.0,5.67437744140625
Morgan Whittaker,Physicality,54.339264,60.0,5.660736083984375
Jusuf Gazibegović,Physicality,65.3461,71.0,5.653900146484375
Moussa Diarra,Physicality,66.357414,72.0,5.642585754394531
Francisco Perruzzi,Physicality,64.35905,70.0,5.640953063964844
Kyle Joseph,Physicality,52.374832,58.0,5.6251678466796875
Marvin Pieringer,Physicality,69.376755,75.0,5.6232452392578125
Ryan Longman,Physicality,65.37676,71.0,5.623237609863281
Reo Griffiths,Physicality,66.613785,61.0,5.6137847900390625
Marco Curto,Physicality,72.390144,78.0,5.609855651855469
Alexandru Ișfan,Physicality,61.40537,67.0,5.594631195068359
Antoine Hainaut,Physicality,53.593822,48.0,5.593822479248047
Steven Bradley,Physicality,49.411938,55.0,5.588062286376953
Aidan Morris,Physicality,70.413414,76.0,5.586585998535156
Marco John,Physicality,51.414955,57.0,5.585044860839844
Nick Woltemade,Physicality,62.415253,68.0,5.584747314453125
Maximilian Beier,Physicality,51.418858,57.0,5.581142425537109
Colm Whelan,Physicality,59.424553,65.0,5.575447082519531
Alidu Seidu,Physicality,52.427235,58.0,5.572765350341797
Max Christiansen,Physicality,74.42791,80.0,5.572090148925781
Gift Links,Physicality,59.44282,65.0,5.557178497314453
Junior Tchamadeu,Physicality,65.45211,71.0,5.547889709472656
Samba Lélé Diba,Physicality,65.45322,71.0,5.546783447265625
Zac Williams,Physicality,68.540535,63.0,5.540534973144531
Shady Oukhadda,Physicality,65.46908,71.0,5.530921936035156
Morgan Feeney,Physicality,73.478355,79.0,5.521644592285156
Magnus Riisnæs,Physicality,57.488182,63.0,5.511817932128906
Sayfallah Ltaief,Physicality,56.492844,62.0,5.5071563720703125
Patrick Yazbek,Physicality,64.49394,70.0,5.5060577392578125
Kazımcan Karataş,Physicality,64.51353,70.0,5.486473083496094
Robin Hack,Physicality,46.518177,52.0,5.481822967529297
Hormipam Ruivah,Physicality,62.52246,68.0,5.4775390625
Andre Dozzell,Physicality,58.539043,64.0,5.460956573486328
Shurandy Sambo,Physicality,67.54025,73.0,5.459747314453125
Festy Ebosele,Physicality,70.54358,76.0,5.4564208984375
Jakov Medić,Physicality,77.54409,83.0,5.455909729003906
Eskil Edh,Physicality,56.552254,62.0,5.447746276855469
Fabio Markelic,Physicality,51.437,46.0,5.437000274658203
Ben Goodliffe,Physicality,73.56465,79.0,5.4353485107421875
Marco Sala,Physicality,57.568832,63.0,5.4311676025390625
Danny McNamara,Physicality,64.57525,70.0,5.424751281738281
Jérémy Blasco,Physicality,67.57916,73.0,5.42083740234375
Florian Engelhardt,Physicality,54.420303,49.0,5.4203033447265625
Agustín Sández,Physicality,73.58401,79.0,5.415992736816406
Lion Schuster,Physicality,68.415924,63.0,5.415924072265625
Thomas Gillier,Physicality,59.402542,54.0,5.4025421142578125
Emil Kischka,Physicality,53.39758,48.0,5.397579193115234
Rhys Bozinovski,Physicality,50.613186,56.0,5.386814117431641
David Brekalo,Physicality,75.61661,81.0,5.383392333984375
Carlos Esparragoza,Physicality,67.61744,73.0,5.382560729980469
David Robson,Physicality,59.38016,54.0,5.380161285400391
Josh Koroma,Physicality,51.627262,57.0,5.372737884521484
Fabian Greilinger,Physicality,54.63478,60.0,5.3652191162109375
Jackson Tchatchoua,Physicality,74.63634,80.0,5.3636627197265625
Rodrigo Saravia,Physicality,70.6411,76.0,5.3589019775390625
Caleb Wiley,Physicality,52.641415,58.0,5.358585357666016
Ilyes Hamache,Physicality,45.645203,51.0,5.35479736328125
Ben Folami,Physicality,60.646824,66.0,5.353176116943359
Tanner Tessmann,Physicality,68.65155,74.0,5.34844970703125
Marcus Ferkranus,Physicality,65.34797,60.0,5.347969055175781
Miloš Ćoćić,Physicality,47.345654,42.0,5.345653533935547
Darius Lipsiuc,Physicality,55.344784,50.0,5.344783782958984
Felix Keidel,Physicality,50.6703,56.0,5.329700469970703
Nick Bätzner,Physicality,53.67106,59.0,5.328941345214844
Severin Ottiger,Physicality,61.673496,67.0,5.326503753662109
Bruno Portugal,Physicality,56.674595,62.0,5.325405120849609
Tyreece Campbell,Physicality,42.67581,48.0,5.324188232421875
Jack Milne,Physicality,62.32027,57.0,5.320270538330078
Jack Wills,Physicality,59.31895,54.0,5.318950653076172
Tyreke Wilson,Physicality,48.68323,54.0,5.316768646240234
Edward Chilufya,Physicality,43.683365,49.0,5.3166351318359375
Mathieu Choinière,Physicality,52.684044,58.0,5.315956115722656
Rico Lewis,Physicality,53.692226,59.0,5.307773590087891
Carl Gustafsson,Physicality,64.69443,70.0,5.305572509765625
Kian Moore,Physicality,61.301174,56.0,5.301174163818359
Martin Luciano,Physicality,52.699512,58.0,5.300487518310547
Junior Mwanga,Physicality,66.707054,72.0,5.292945861816406
Ștefan Baiaram,Physicality,53.70788,59.0,5.292121887207031
Bernhard Unger,Physicality,59.28335,54.0,5.283351898193359
Nikolas Veratschnig,Physicality,63.72539,69.0,5.274608612060547
Ryan Duncan,Physicality,48.727093,54.0,5.272907257080078
Mirnes Pepić,Physicality,60.733345,66.0,5.266654968261719
Kacper Chodyna,Physicality,61.73729,67.0,5.2627105712890625
Nils De Mol,Physicality,59.261883,54.0,5.261882781982422
Gurkirat Singh,Physicality,56.744614,62.0,5.2553863525390625
Filip Trpcevski,Physicality,42.25283,37.0,5.252830505371094
Sikou Niakaté,Physicality,74.74733,80.0,5.2526702880859375
Jacob Wakeling,Physicality,57.750095,63.0,5.249904632568359
Macklin Freke,Physicality,59.24763,54.0,5.247631072998047
Saïdou Sow,Physicality,72.247604,67.0,5.2476043701171875
Yadaly Diaby,Physicality,52.754562,58.0,5.2454376220703125
Nathan Ferguson,Physicality,68.23898,63.0,5.238983154296875
Abraham Rodriguez,Physicality,59.23367,54.0,5.233669281005859
Jake Bickerstaff,Physicality,57.769863,63.0,5.230136871337891
Eoin Toal,Physicality,68.7703,74.0,5.229698181152344
Oskar Leśniak,Physicality,45.22923,40.0,5.229228973388672
Silas Ostrzinski,Physicality,59.20961,54.0,5.2096099853515625
Djenahro Nunumete,Physicality,53.20026,48.0,5.200260162353516
Merlin Röhl,Physicality,62.80249,68.0,5.197509765625
Sascha Risch,Physicality,53.804688,59.0,5.1953125
Moussa Sylla,Physicality,58.806316,64.0,5.193683624267578
Benedict Hollerbach,Physicality,65.80713,71.0,5.19287109375
Žan Celar,Physicality,69.80826,75.0,5.191741943359375
Dilane Bakwa,Physicality,56.816216,62.0,5.183784484863281
Dheeraj Singh Moirangthem,Physicality,59.180984,54.0,5.1809844970703125
Osame Sahraoui,Physicality,49.81921,55.0,5.180789947509766
Vishal Yadav,Physicality,59.17529,54.0,5.175289154052734
Matthias Braunöder,Physicality,56.825287,62.0,5.174713134765625
Bader Al Enazi,Physicality,59.174446,54.0,5.174446105957031
Hugo Vandermersch,Physicality,63.825916,69.0,5.174083709716797
Tom Ducrocq,Physicality,63.827816,69.0,5.172183990478516
Laurin Mack,Physicality,59.16662,54.0,5.166618347167969
Luca Hoole,Physicality,62.838757,68.0,5.161243438720703
Cody Johnson,Physicality,56.152622,51.0,5.152622222900391
Szymon Weirauch,Physicality,59.148952,54.0,5.148952484130859
Harry Steele,Physicality,53.854546,59.0,5.145454406738281
Aske Andresen,Physicality,59.14357,54.0,5.1435699462890625
Cătălin Cîrjan,Physicality,43.138996,38.0,5.138996124267578
Patrick Osterhage,Physicality,66.864784,72.0,5.135215759277344
Kreshnik Hajrizi,Physicality,69.86614,75.0,5.133857727050781
Sebastian Saftig,Physicality,70.13158,65.0,5.1315765380859375
Kristoffer Askildsen,Physicality,61.87303,67.0,5.1269683837890625
Nasser Al Bishi,Physicality,47.125065,42.0,5.125064849853516
Noah Ohio,Physicality,63.876358,69.0,5.1236419677734375
Jesper Skau,Physicality,55.12217,50.0,5.122169494628906
Ryan Ledson,Physicality,70.87872,76.0,5.12127685546875
Adrian Mazilu,Physicality,49.886696,55.0,5.113304138183594
Kian Leavy,Physicality,51.890354,57.0,5.109645843505859
Filip Bilbija,Physicality,59.891598,65.0,5.108402252197266
Million Manhoef,Physicality,71.895195,77.0,5.104804992675781
Christoph Lang,Physicality,55.895733,61.0,5.104267120361328
Mor Ndiaye,Physicality,70.899895,76.0,5.100105285644531
Tasos Douvikas,Physicality,67.90445,73.0,5.095550537109375
Sam Gallagher,Physicality,70.906204,76.0,5.0937957763671875
Yassin Oukili,Physicality,66.91857,72.0,5.081428527832031
Sam Sanna,Physicality,51.91982,57.0,5.080181121826172
Tommaso Baldanzi,Physicality,44.92786,50.0,5.072139739990234
Connor O'Toole,Physicality,55.9403,61.0,5.059700012207031
Christian Dalle Mura,Physicality,54.942337,60.0,5.0576629638671875
Noah Persson,Physicality,47.943104,53.0,5.056896209716797
Kiyan Nassiri,Physicality,44.952274,50.0,5.047725677490234
Alex Nolan,Physicality,54.04634,49.0,5.0463409423828125
Kyle Taylor,Physicality,55.9546,61.0,5.045398712158203
Jannik Rochelt,Physicality,58.957893,64.0,5.042106628417969
Louis Mouton,Physicality,57.971043,63.0,5.028957366943359
Jairo Concha,Physicality,61.97214,67.0,5.027858734130859
Yusuf Sarı,Physicality,40.97398,46.0,5.026020050048828
Daniel Eid,Physicality,62.977287,68.0,5.022712707519531
Gatlin O'Donkor,Physicality,56.978584,62.0,5.021415710449219
Arouna Sangante,Physicality,69.992294,75.0,5.0077056884765625
Killian Phillips,Physicality,71.99344,77.0,5.006561279296875
Scott Wright,Physicality,44.994995,50.0,5.0050048828125
Diego Luna,Physicality,69.002045,64.0,5.002044677734375
Lasse Berg Johnsen,Physicality,68.99978,74.0,5.000221252441406
Khalil Fayad,Physicality,42.997616,38.0,4.997615814208984
Yan Dhanda,Physicality,48.01046,53.0,4.989540100097656
Roshan Singh,Physicality,54.014786,59.0,4.9852142333984375
Daniel Edelman,Physicality,59.01722,64.0,4.982780456542969
Jordy Makengo,Physicality,66.01778,71.0,4.9822235107421875
Benedikt Gimber,Physicality,73.023056,78.0,4.9769439697265625
Victor Loturi,Physicality,58.03547,63.0,4.964530944824219
Vincent Marchetti,Physicality,65.03609,70.0,4.9639129638671875
Kiliann Sildillia,Physicality,66.04198,71.0,4.9580230712890625
Albian Hajdari,Physicality,67.05227,72.0,4.947731018066406
Leandro Morgalla,Physicality,62.052322,67.0,4.9476776123046875
Lamare Bogarde,Physicality,62.054752,67.0,4.945247650146484
Adis Jasic,Physicality,65.058266,70.0,4.941734313964844
Johan Arath Gómez,Physicality,60.059605,65.0,4.940395355224609
Juan Cruz De Los Santos,Physicality,55.060024,60.0,4.939975738525391
Jan Mlakar,Physicality,61.0688,66.0,4.9311981201171875
Maciej Żurawski,Physicality,62.07588,67.0,4.924121856689453
Jack Currie,Physicality,54.078987,59.0,4.921012878417969
Garang Kuol,Physicality,43.917824,39.0,4.917823791503906
Liam Lindsay,Physicality,74.096275,79.0,4.903724670410156
Jake Cain,Physicality,54.09674,59.0,4.90325927734375
David Jaunegg,Physicality,65.90031,61.0,4.900306701660156
Aaron Pressley,Physicality,70.10389,75.0,4.896110534667969
András Németh,Physicality,63.10489,68.0,4.895111083984375
Sander Svendsen,Physicality,57.10616,62.0,4.893840789794922
Matteo Gabbia,Physicality,69.11364,74.0,4.886360168457031
Kyle Hurst,Physicality,46.121162,51.0,4.878837585449219
Patrick Sontheimer,Physicality,58.12389,63.0,4.876110076904297
Abdessamad Ezzalzouli,Physicality,51.872753,47.0,4.872753143310547
Abdul Manaf Nurudeen,Physicality,59.127884,64.0,4.8721160888671875
Matteo Rover,Physicality,58.129295,63.0,4.870704650878906
Ola Brynhildsen,Physicality,62.13157,67.0,4.868431091308594
Caleb Zady Sery,Physicality,54.135963,59.0,4.864036560058594
Manfred Ugalde,Physicality,46.13743,51.0,4.862571716308594
Adam Petersson,Physicality,52.13832,57.0,4.8616790771484375
Agustín Martegani,Physicality,57.14495,62.0,4.855049133300781
Bartosz Slisz,Physicality,67.14793,72.0,4.852073669433594
Juan Arias,Physicality,58.159145,63.0,4.840854644775391
Will Sands,Physicality,51.160606,56.0,4.839393615722656
Ibrahim Cissé,Physicality,70.16249,75.0,4.8375091552734375
Lukas Boeder,Physicality,68.16367,73.0,4.836326599121094
Joe Gauci,Physicality,59.17115,64.0,4.828849792480469
Tim Rönning,Physicality,59.176884,64.0,4.823116302490234
Ethan Chislett,Physicality,56.179607,61.0,4.820392608642578
Magnus Sjøeng,Physicality,59.17987,64.0,4.82012939453125
Alexandru Blidar,Physicality,43.819912,39.0,4.819911956787109
Makan Winkle Chothe,Physicality,42.817482,38.0,4.817481994628906
Eli King,Physicality,60.18872,65.0,4.811279296875
Trai Hume,Physicality,69.18974,74.0,4.8102569580078125
Deepak Tangri,Physicality,70.19522,75.0,4.804779052734375
Tobias Storm,Physicality,50.197704,55.0,4.802295684814453
Luca Unbehaun,Physicality,59.201824,64.0,4.798175811767578
Niclas Thiede,Physicality,59.204636,64.0,4.7953643798828125
Jesurun Rak-Sakyi,Physicality,48.20464,53.0,4.795360565185547
Noé Sow,Physicality,59.20475,64.0,4.795249938964844
Joey Kesting,Physicality,59.205967,64.0,4.794033050537109
Jonas Urbig,Physicality,59.216396,64.0,4.783603668212891
Valentin Gendrey,Physicality,70.22115,75.0,4.778846740722656
Abdelwahed Wahib,Physicality,59.221558,64.0,4.7784423828125
Olaus Jair Skarsem,Physicality,59.222473,64.0,4.77752685546875
George Tanner,Physicality,64.22699,69.0,4.77301025390625
Kevin Ortiz,Physicality,68.230225,73.0,4.769775390625
Slobodan Tedić,Physicality,70.23086,75.0,4.769142150878906
Victor Dican,Physicality,71.233505,76.0,4.7664947509765625
Alexander Prass,Physicality,70.23872,75.0,4.7612762451171875
Noel Törnqvist,Physicality,59.247746,64.0,4.752254486083984
Lars Mogstad Ranger,Physicality,65.25248,70.0,4.747520446777344
James McManus,Physicality,55.25572,60.0,4.744281768798828
Barry Lauwers,Physicality,59.257576,64.0,4.742424011230469
Jitendra Singh,Physicality,68.73152,64.0,4.7315216064453125
Mohamed Amoura,Physicality,58.73051,54.0,4.730510711669922
Conor McCarthy,Physicality,68.27146,73.0,4.728538513183594
Reece Brown,Physicality,60.274406,65.0,4.725593566894531
Simen Bolkan Nordli,Physicality,60.275257,65.0,4.724742889404297
Nicklas Shipnoski,Physicality,44.280354,49.0,4.719646453857422
Nico Hug,Physicality,56.283176,61.0,4.716823577880859
Mamadou Sangare,Physicality,54.283394,59.0,4.716606140136719
Jordan Williams,Physicality,63.28611,68.0,4.713890075683594
Lewis Gordon,Physicality,49.287487,54.0,4.712512969970703
Matthew Dennis,Physicality,60.297394,65.0,4.702606201171875
Salem Al Toiawy,Physicality,52.699028,48.0,4.699028015136719
Tobias Bech,Physicality,63.300995,68.0,4.699005126953125
Joseph Gbode,Physicality,62.302826,67.0,4.697174072265625
Serafin Szota,Physicality,71.30477,76.0,4.695228576660156
Mateusz Wieteska,Physicality,71.30737,76.0,4.692626953125
Niko Tsakiris,Physicality,52.690445,48.0,4.6904449462890625
Solomon Bonnah,Physicality,46.312607,51.0,4.6873931884765625
Thomas Aquilina,Physicality,56.313747,61.0,4.686252593994141
Ibrahima Koné,Physicality,74.32388,79.0,4.676116943359375
Sofyan Chader,Physicality,44.328876,49.0,4.671123504638672
Jack Clarke,Physicality,54.33309,59.0,4.666908264160156
Harry Van der Saag,Physicality,69.335594,74.0,4.664405822753906
Jobe Bellingham,Physicality,57.340694,62.0,4.659305572509766
Marco Nasti,Physicality,44.34131,49.0,4.65869140625
Florian Kleinhansl,Physicality,56.344425,61.0,4.655574798583984
Brandon Baiye,Physicality,67.35052,72.0,4.649482727050781
Ryan O'Kane,Physicality,39.350563,44.0,4.649436950683594
Lachlan Rose,Physicality,58.353153,63.0,4.646846771240234
Tyler Burey,Physicality,64.35594,69.0,4.6440582275390625
Heorhii Sudakov,Physicality,59.357586,64.0,4.642414093017578
Josh Austerfield,Physicality,50.35804,55.0,4.641960144042969
Stefan Parkes,Physicality,66.63831,62.0,4.638313293457031
Charles Boli,Physicality,48.63394,44.0,4.633941650390625
Ian Fray,Physicality,66.6337,62.0,4.633697509765625
Matti Peltola,Physicality,59.366867,64.0,4.6331329345703125
Karol Knap,Physicality,68.37165,73.0,4.628349304199219
Marcin Cebula,Physicality,60.37305,65.0,4.626949310302734
Sebastian Kowalczyk,Physicality,47.375504,52.0,4.6244964599609375
Mohammed Sangare,Physicality,72.37595,77.0,4.624046325683594
Mohammed Tolba,Physicality,67.62374,63.0,4.623741149902344
Julius Kade,Physicality,45.394093,50.0,4.605907440185547
Sem Westerveld,Physicality,59.400974,64.0,4.599025726318359
Tyronne Ebuehi,Physicality,67.408676,72.0,4.5913238525390625
Görkem Sağlam,Physicality,56.414124,61.0,4.58587646484375
Thomas Sabitzer,Physicality,61.41509,66.0,4.584911346435547
Michał Helik,Physicality,71.42524,76.0,4.574760437011719
Gabriel Vidović,Physicality,48.42979,53.0,4.570209503173828
Noah Rupp,Physicality,53.567516,49.0,4.567516326904297
Tom Bayliss,Physicality,63.44052,68.0,4.559478759765625
Jamil Siebert,Physicality,74.44349,79.0,4.556510925292969
Johan Bångsbo,Physicality,63.446682,68.0,4.553318023681641
Elies Mahmoud,Physicality,53.46066,58.0,4.539340972900391
Bautista Kociubinski,Physicality,62.465244,67.0,4.534755706787109
Marcel Hoffmeier,Physicality,67.46637,72.0,4.53363037109375
Gavin Hodgins,Physicality,46.528225,42.0,4.528224945068359
Fraser Hornby,Physicality,73.472565,78.0,4.527435302734375
Miles Leaburn,Physicality,71.472946,76.0,4.5270538330078125
Magnus Christensen,Physicality,66.47415,71.0,4.525848388671875
Oliver Sonne,Physicality,58.479397,63.0,4.520603179931641
Leonardo Benedetti,Physicality,57.481976,62.0,4.518024444580078
Kyle McAllister,Physicality,58.48232,63.0,4.517681121826172
Tyrell Warren,Physicality,64.48336,69.0,4.516639709472656
Matteo Meisl,Physicality,71.48459,76.0,4.515411376953125
Fabian Rieder,Physicality,58.484818,63.0,4.5151824951171875
Marten Winkler,Physicality,55.48979,60.0,4.5102081298828125
Douglas James-Taylor,Physicality,61.492477,66.0,4.5075225830078125
Jean-Victor Makengo,Physicality,65.49548,70.0,4.5045166015625
Andri Lucas Guðjohnsen,Physicality,55.511826,60.0,4.4881744384765625
Daan Rots,Physicality,55.5138,60.0,4.486198425292969
Martin Baturina,Physicality,59.520702,64.0,4.479297637939453
Samuel Loric,Physicality,53.52622,58.0,4.473781585693359
Sivert Heggheim Mannsverk,Physicality,67.5263,72.0,4.473701477050781
Maciej Śliwa,Physicality,54.532486,59.0,4.4675140380859375
Tommy Lonergan,Physicality,54.54124,59.0,4.458759307861328
Lewis Webb,Physicality,59.458084,55.0,4.4580841064453125
Ramiro Sordo,Physicality,47.548237,52.0,4.451763153076172
Niklas Lang,Physicality,67.450645,63.0,4.450645446777344
Jaheim Headley,Physicality,59.553467,64.0,4.446533203125
Jean Ruiz,Physicality,70.55708,75.0,4.4429168701171875
Mikael Egill Ellertsson,Physicality,50.557095,55.0,4.442905426025391
Logan Costa,Physicality,69.56969,74.0,4.4303131103515625
Ben Paton,Physicality,52.570427,57.0,4.429573059082031
Jack Sparkes,Physicality,52.578396,57.0,4.421604156494141
Isak Helstad Amundsen,Physicality,67.58146,72.0,4.418540954589844
James Maxwell,Physicality,58.583435,63.0,4.41656494140625
Rhys Williams,Physicality,70.41046,66.0,4.41046142578125
Florent Muslija,Physicality,44.599327,49.0,4.400672912597656
Alessandro Buongiorno,Physicality,69.60125,74.0,4.398750305175781
Bernhard Zimmermann,Physicality,71.60307,76.0,4.3969268798828125
Gaetano Oristanio,Physicality,44.61951,49.0,4.380489349365234
Patricio Ostachuk,Physicality,70.380104,66.0,4.380104064941406
Nicholas Pierini,Physicality,49.62104,54.0,4.378959655761719
Formose Mendy,Physicality,67.6217,72.0,4.378303527832031
Juan Carlos Gauto,Physicality,56.62219,61.0,4.377811431884766
Vetle Walle Egeli,Physicality,48.629345,53.0,4.370655059814453
David Schnegg,Physicality,72.63186,77.0,4.368141174316406
Brian Salvareschi,Physicality,71.632866,76.0,4.367134094238281
Brison Fernandes,Physicality,56.633236,61.0,4.366764068603516
Willem Geubbels,Physicality,54.36132,50.0,4.361320495605469
Reece Oxford,Physicality,71.64073,76.0,4.3592681884765625
Aral Şimşir,Physicality,55.641273,60.0,4.358726501464844
Joel Mvuka,Physicality,41.645157,46.0,4.3548431396484375
Afimico Pululu,Physicality,60.647648,65.0,4.352352142333984
Emmanuel Yeboah,Physicality,73.65203,78.0,4.347969055175781
Konstantinos Koulierakis,Physicality,61.653236,66.0,4.346763610839844
Petar Zovko,Physicality,59.346565,55.0,4.346565246582031
Charles Vanhoutte,Physicality,71.67113,76.0,4.3288726806640625
Luke Harris,Physicality,48.316395,44.0,4.316394805908203
Kevin Martin Krygård,Physicality,71.685036,76.0,4.314964294433594
Jean Hugonet,Physicality,70.69084,75.0,4.3091583251953125
Vebjørn Hoff,Physicality,61.6962,66.0,4.303798675537109
Amadou Keita,Physicality,41.697075,46.0,4.302925109863281
Mark Natta,Physicality,66.70039,71.0,4.2996063232421875
Valentín Gómez,Physicality,67.70584,72.0,4.294158935546875
Gino Infantino,Physicality,54.707325,59.0,4.292675018310547
Victor Lind,Physicality,57.708736,62.0,4.291263580322266
Josué Casimir,Physicality,57.710346,62.0,4.289653778076172
Łukasz Poręba,Physicality,66.71361,71.0,4.2863922119140625
Hugo Vetlesen,Physicality,58.726562,63.0,4.2734375
Łukasz Łakomy,Physicality,64.733116,69.0,4.266883850097656
Sivasakthi Narayanan,Physicality,41.73356,46.0,4.266441345214844
Ole Enersen,Physicality,52.734035,57.0,4.265964508056641
Mehmet Ibrahimi,Physicality,41.25819,37.0,4.258190155029297
Boubacar Fofana,Physicality,54.748096,59.0,4.251903533935547
Máximo Perrone,Physicality,57.74904,62.0,4.2509613037109375
Simon Adingra,Physicality,46.750748,51.0,4.2492523193359375
Yusuf Karagöz,Physicality,59.248577,55.0,4.248577117919922
Daniel Eduardo Juárez,Physicality,56.755306,61.0,4.244693756103516
Maghnes Akliouche,Physicality,51.756596,56.0,4.243404388427734
Mateusz Łęgowski,Physicality,65.76205,70.0,4.237953186035156
Demba Seck,Physicality,52.7632,57.0,4.2368011474609375
Regan Slater,Physicality,64.769844,69.0,4.230155944824219
Luis Guillén,Physicality,59.226208,55.0,4.226207733154297
Jan Reichert,Physicality,59.223362,55.0,4.223361968994141
Oliver Sørensen,Physicality,66.77794,71.0,4.2220611572265625
Davide Bettella,Physicality,64.220215,60.0,4.22021484375
Sam Tickle,Physicality,59.213795,55.0,4.213794708251953
Jackson Smith,Physicality,59.20812,55.0,4.208118438720703
Samson Okikiola Tijani,Physicality,59.79715,64.0,4.202850341796875
Paul Schermer,Physicality,59.20248,55.0,4.202480316162109
Thomas Santos,Physicality,59.79872,64.0,4.2012786865234375
Liam Isherwood,Physicality,59.199635,55.0,4.199634552001953
Oregan Ravet,Physicality,59.19622,55.0,4.196220397949219
Constantin Grameni,Physicality,64.80527,69.0,4.194732666015625
Ousmane Camara,Physicality,74.811295,79.0,4.1887054443359375
Javier Casas Jr.,Physicality,45.18856,41.0,4.188560485839844
Steffen Tigges,Physicality,77.8138,82.0,4.1862030029296875
Ernest Terpiłowski,Physicality,61.81435,66.0,4.185649871826172
Marian Danciu,Physicality,40.81685,45.0,4.1831512451171875
Justo Giani,Physicality,51.81685,56.0,4.1831512451171875
Kenneth Paal,Physicality,67.8189,72.0,4.181098937988281
Göktan Gürpüz,Physicality,46.17645,42.0,4.176448822021484
Charlie Lakin,Physicality,63.171364,59.0,4.171363830566406
Baba Alhassan,Physicality,78.8288,83.0,4.17120361328125
Emmanuel Ochoa,Physicality,59.169815,55.0,4.1698150634765625
Carlo Armiento,Physicality,53.830532,58.0,4.169467926025391
Brooklyn Ezeh,Physicality,67.83244,72.0,4.1675567626953125
Mustafa Burak Bozan,Physicality,59.163097,55.0,4.163097381591797
Claudiu Negoescu,Physicality,47.155945,43.0,4.15594482421875
Nahuel Noll,Physicality,59.154804,55.0,4.154804229736328
Filip Marschall,Physicality,59.154503,55.0,4.154502868652344
Federico Brancolini,Physicality,59.154263,55.0,4.154262542724609
Lasse Schulz,Physicality,59.14469,55.0,4.144691467285156
Mateo Tanlongo,Physicality,62.85723,67.0,4.142768859863281
Ossama Ashley,Physicality,65.866646,70.0,4.133354187011719
Jodi Jones,Physicality,47.120872,43.0,4.120872497558594
Fisayo Dele-Bashiru,Physicality,72.89728,77.0,4.10272216796875
Facundo Zabala,Physicality,49.09707,45.0,4.097068786621094
Dimitar Mitov,Physicality,58.909332,63.0,4.090667724609375
Mads Hansen,Physicality,59.91304,64.0,4.0869598388671875
Michał Skóraś,Physicality,59.91741,64.0,4.082588195800781
Victor Arong,Physicality,62.082096,58.0,4.082096099853516
Derry John Murkin,Physicality,67.91987,72.0,4.080131530761719
Ernest Muçi,Physicality,52.92154,57.0,4.078460693359375
André Boman,Physicality,59.92196,64.0,4.078041076660156
Julian Baas,Physicality,66.92213,71.0,4.077873229980469
Mohamed Achi,Physicality,53.07499,49.0,4.074989318847656
Lequincio Zeefuik,Physicality,63.928135,68.0,4.071865081787109
Julian Guttau,Physicality,51.930656,56.0,4.069343566894531
Odin Thiago Holm,Physicality,55.94661,60.0,4.0533905029296875
Marvin Senaya,Physicality,59.950455,64.0,4.0495452880859375
Dickson Abiama,Physicality,58.952015,63.0,4.047985076904297
Abderrahman Rebbach,Physicality,62.95233,67.0,4.04766845703125
Josh Hawkes,Physicality,53.95288,58.0,4.047119140625
Mats Knoester,Physicality,72.95629,77.0,4.043708801269531
Agustín Baldi,Physicality,59.02924,55.0,4.029239654541016
Kacper Urbański,Physicality,41.023895,37.0,4.023895263671875
Anwar Ali,Physicality,66.97646,71.0,4.023536682128906
Allan Arigoni,Physicality,69.97768,74.0,4.0223236083984375
Niklas Geyrhofer,Physicality,71.0177,67.0,4.0177001953125
Noel Niemann,Physicality,58.986275,63.0,4.013725280761719
Justin Njinmah,Physicality,49.987507,54.0,4.012493133544922
Håkon Røsten,Physicality,64.01127,60.0,4.011268615722656
Wouter Burger,Physicality,73.98891,78.0,4.0110931396484375
Loreintz Rosier,Physicality,72.990135,77.0,4.009864807128906
Muhammed Nemil,Physicality,48.99744,53.0,4.002559661865234
Gökhan Gül,Physicality,66.001945,62.0,4.001945495605469
Christian Kinsombi,Physicality,54.001366,58.0,3.9986343383789062
Maxime Bastian,Physicality,56.00342,60.0,3.9965782165527344
Isak Hien,Physicality,74.0152,78.0,3.98480224609375
Mounaïm El Idrissy,Physicality,59.019066,63.0,3.9809341430664062
Daniel Pik,Physicality,52.020164,56.0,3.9798355102539062
Jerome Opoku,Physicality,76.0222,80.0,3.9777984619140625
Maximilian Bauer,Physicality,69.025894,73.0,3.9741058349609375
Simone Mazzocchi,Physicality,55.026024,59.0,3.9739761352539062
Promise Omochere,Physicality,68.02605,72.0,3.9739532470703125
Matías Pellegrini,Physicality,55.033356,59.0,3.966644287109375
Sunusi Ibrahim,Physicality,66.03396,70.0,3.9660415649414062
Tom Zimmerschied,Physicality,54.033962,58.0,3.9660377502441406
Alex Murphy,Physicality,68.949104,65.0,3.9491043090820312
Manuel Polster,Physicality,54.056602,58.0,3.9433975219726562
Aleksander Buksa,Physicality,52.05852,56.0,3.941478729248047
Julian Hettwer,Physicality,58.061203,62.0,3.9387969970703125
Dean Cornelius,Physicality,55.062485,59.0,3.9375152587890625
Antoine Makoumbou,Physicality,73.06353,77.0,3.9364700317382812
Conor Noß,Physicality,46.935047,43.0,3.935047149658203
Mauro Méndez,Physicality,64.06646,68.0,3.9335403442382812
Tariq Uwakwe,Physicality,59.068176,63.0,3.93182373046875
Giuseppe Cuomo,Physicality,65.92974,62.0,3.9297409057617188
Vladislav Molchan,Physicality,64.081184,68.0,3.9188156127929688
Vegard Kongsro,Physicality,58.081802,62.0,3.9181976318359375
Michel Ndary Adopo,Physicality,67.91494,64.0,3.9149398803710938
Michael Ameyaw,Physicality,52.08989,56.0,3.9101104736328125
Sam Field,Physicality,64.10335,68.0,3.8966522216796875
Gerasimos Mitoglou,Physicality,77.10421,81.0,3.8957901000976562
Jordan Storey,Physicality,70.112946,74.0,3.887054443359375
Marko Johansson,Physicality,59.11868,63.0,3.8813209533691406
Asish Rai,Physicality,56.127144,60.0,3.8728561401367188
Sadik Fofana,Physicality,68.13317,72.0,3.8668289184570312
Yann Lienard,Physicality,59.139263,63.0,3.860736846923828
Mario Dorgeles,Physicality,43.14043,47.0,3.859569549560547
Oliver Tipton,Physicality,57.143436,61.0,3.8565635681152344
Omar Faraj,Physicality,66.14698,70.0,3.8530197143554688
Ebrima Colley,Physicality,51.14736,55.0,3.8526382446289062
Christos Kourfalidis,Physicality,60.1488,64.0,3.8512001037597656
Simon Elisor,Physicality,63.149075,67.0,3.8509254455566406
Daniel Bielica,Physicality,59.15418,63.0,3.8458213806152344
Jack Rudoni,Physicality,62.155373,66.0,3.8446273803710938
Ísak Bergmann Jóhannesson,Physicality,65.156204,69.0,3.8437957763671875
Daniel Svensson,Physicality,58.15663,62.0,3.8433685302734375
Issouf Sissokho,Physicality,64.16104,68.0,3.838958740234375
Alan Rodríguez,Physicality,44.16118,48.0,3.8388214111328125
Oskar Ågren,Physicality,64.83843,61.0,3.8384323120117188
Francis Momoh,Physicality,68.16278,72.0,3.83721923828125
Riccardo Ciervo,Physicality,51.164715,55.0,3.835285186767578
Gonzalo Piñeiro,Physicality,59.16619,63.0,3.8338088989257812
Abdulaziz Makin,Physicality,41.83184,38.0,3.8318405151367188
Brian Plat,Physicality,74.16997,78.0,3.8300323486328125
David Otto,Physicality,58.172325,62.0,3.8276748657226562
Benjamin Ozegovic,Physicality,59.17427,63.0,3.8257293701171875
Kacper Trelowski,Physicality,59.176342,63.0,3.823657989501953
Yannik Keitel,Physicality,69.1799,73.0,3.820098876953125
Krzysztof Bąkowski,Physicality,59.180916,63.0,3.8190841674804688
Maurits Kjaergaard,Physicality,71.19283,75.0,3.8071670532226562
Jannes Wulff,Physicality,65.1933,69.0,3.80670166015625
Kaare Barslund,Physicality,49.193604,53.0,3.806396484375
Mateusz Kochalski,Physicality,59.195274,63.0,3.8047256469726562
Gyan de Regt,Physicality,48.80029,45.0,3.8002891540527344
Utku Yuvakuran,Physicality,59.204983,63.0,3.7950172424316406
Eman Marković,Physicality,56.20886,60.0,3.7911415100097656
Rico Henry,Physicality,68.20974,72.0,3.7902603149414062
Josué Escartin,Physicality,64.788605,61.0,3.788604736328125
Mathis Lachuer,Physicality,44.78794,41.0,3.7879409790039062
Matías Silva,Physicality,52.214046,56.0,3.7859535217285156
Lasse Rieß,Physicality,59.223328,63.0,3.77667236328125
Jakob Golz,Physicality,59.223362,63.0,3.7766380310058594
Noah Kruth,Physicality,59.226376,63.0,3.7736244201660156
Robbie Gotts,Physicality,59.227943,63.0,3.7720565795898438
Timo Königsmann,Physicality,59.229496,63.0,3.7705039978027344
Paxton Pomykal,Physicality,64.229706,68.0,3.770294189453125
Simon Olsson,Physicality,69.23047,73.0,3.76953125
Mark Byrne,Physicality,55.76809,52.0,3.7680892944335938
Dennis Dressel,Physicality,69.23438,73.0,3.7656173706054688
Matías Galarza,Physicality,65.762054,62.0,3.762054443359375
Denso Kasius,Physicality,61.2492,65.0,3.7508010864257812
Souffian El Karouani,Physicality,63.252777,67.0,3.747222900390625
Corey Hollman,Physicality,51.25406,55.0,3.745941162109375
Samuele Mulattieri,Physicality,60.25655,64.0,3.743450164794922
Tate Russell,Physicality,59.261356,63.0,3.7386436462402344
Adrian Gryszkiewicz,Physicality,73.263145,77.0,3.7368545532226562
Jack Aitchison,Physicality,45.26865,49.0,3.7313499450683594
Ethan Hamilton,Physicality,74.2698,78.0,3.7302017211914062
Thomas Himeur,Physicality,59.27137,63.0,3.7286300659179688
Harald Nilsen Tangen,Physicality,63.272083,67.0,3.727916717529297
Massamba Ndiaye,Physicality,59.272686,63.0,3.727313995361328
Saël Kumbedi,Physicality,58.273075,62.0,3.7269248962402344
Keke Topp,Physicality,66.726585,63.0,3.7265853881835938
Axel Guessand,Physicality,64.72357,61.0,3.72357177734375
Nachon Nsingi,Physicality,54.27723,58.0,3.7227706909179688
Jay Idzes,Physicality,70.27849,74.0,3.7215118408203125
Benjamin Bouchouari,Physicality,51.284714,55.0,3.7152862548828125
Bruce Anderson,Physicality,59.284767,63.0,3.7152328491210938
John Kitolano,Physicality,59.28653,63.0,3.713470458984375
Robert Street,Physicality,66.28699,70.0,3.7130126953125
Balthazar Pierret,Physicality,65.29321,69.0,3.706787109375
Turki Al Mutairi,Physicality,56.297176,60.0,3.7028236389160156
Aljaž Casar,Physicality,72.30297,76.0,3.6970291137695312
Daniel Bîrligea,Physicality,62.30686,66.0,3.6931381225585938
Thibaut Vargas,Physicality,59.31048,63.0,3.6895217895507812
Louis Munteanu,Physicality,56.312145,60.0,3.687854766845703
Niall Huggins,Physicality,52.68219,49.0,3.68218994140625
Gerrit Gohlke,Physicality,76.68153,73.0,3.6815338134765625
Khalil Al Absi,Physicality,43.32278,47.0,3.6772193908691406
Cameron Archer,Physicality,64.324524,68.0,3.67547607421875
Bafodé Diakité,Physicality,70.325134,74.0,3.67486572265625
Federico Redondo,Physicality,68.32893,72.0,3.6710662841796875
Ransford-Yeboah Königsdörffer,Physicality,54.332397,58.0,3.6676025390625
Skelly Alvero,Physicality,76.339584,80.0,3.6604156494140625
Joseph N'Duquidi,Physicality,59.3409,63.0,3.659099578857422
Leopold Querfeld,Physicality,73.35663,77.0,3.64337158203125
Maksymilian Pingot,Physicality,67.35838,71.0,3.6416168212890625
Karim Zedadka,Physicality,52.6316,49.0,3.6315994262695312
Jacob Ondrejka,Physicality,58.372597,62.0,3.6274032592773438
Harvey Lintott,Physicality,64.3735,68.0,3.6265029907226562
Gino Fechner,Physicality,71.375984,75.0,3.6240158081054688
Luke Bolton,Physicality,64.378845,68.0,3.62115478515625
Killian Sardella,Physicality,57.381065,61.0,3.6189346313476562
Luke McNally,Physicality,73.38232,77.0,3.6176834106445312
Johann Lepenant,Physicality,66.38308,70.0,3.6169204711914062
Lenny Pirringuel,Physicality,50.384296,54.0,3.615703582763672
Jakub Lewicki,Physicality,53.387157,57.0,3.612842559814453
Juan Boselli,Physicality,56.399143,60.0,3.6008567810058594
Harvey Macadam,Physicality,66.40011,70.0,3.5998916625976562
Jannis Heuer,Physicality,67.400215,71.0,3.5997848510742188
Marco Antonio Angulo,Physicality,59.401207,63.0,3.5987930297851562
Odel Offiah,Physicality,63.597748,60.0,3.597747802734375
Luke Le Roux,Physicality,68.40363,72.0,3.5963668823242188
Oskar van Hattum,Physicality,61.405872,65.0,3.594127655029297
Jacques Ekomié,Physicality,59.40722,63.0,3.5927810668945312
Andreas Bruus,Physicality,68.410515,72.0,3.5894851684570312
Dragoș Iancu,Physicality,47.411,51.0,3.589000701904297
Liston Colaco,Physicality,55.412994,59.0,3.587005615234375
Emil Benny,Physicality,50.420975,54.0,3.5790252685546875
Jelle Bataille,Physicality,62.42631,66.0,3.573688507080078
Zeno Ibsen Rossi,Physicality,70.42944,74.0,3.570556640625
Abdullah Al Shanqeeti,Physicality,65.430504,69.0,3.5694961547851562
Ryan Wintle,Physicality,66.43077,70.0,3.5692291259765625
Louis Patris,Physicality,70.43242,74.0,3.5675811767578125
Jad Hakiki,Physicality,44.564808,41.0,3.564807891845703
Njabulo Blom,Physicality,60.436142,64.0,3.5638580322265625
Abdoullah Ba,Physicality,62.561226,59.0,3.5612258911132812
Cyril Ngonge,Physicality,63.44111,67.0,3.5588912963867188
Luciano Boggio,Physicality,60.44687,64.0,3.553131103515625
Christian Theoharous,Physicality,37.446915,41.0,3.5530853271484375
Eric N'Jo,Physicality,53.551796,50.0,3.5517959594726562
Iron Gomis,Physicality,68.54499,65.0,3.5449905395507812
Marko Divković,Physicality,51.45673,55.0,3.5432701110839844
Guillermo Enrique,Physicality,54.458252,58.0,3.541748046875
Marco Brescianini,Physicality,69.460236,73.0,3.539764404296875
Rassoul Ndiaye,Physicality,68.461395,72.0,3.538604736328125
Maciej Rosołek,Physicality,57.465973,61.0,3.534027099609375
Wilitty Younoussa,Physicality,47.46713,51.0,3.5328712463378906
Erdon Daci,Physicality,51.53025,48.0,3.5302505493164062
Vittorio Parigini,Physicality,53.473217,57.0,3.526782989501953
Botond Balogh,Physicality,67.52634,64.0,3.526336669921875
Darko Gyabi,Physicality,70.52338,67.0,3.52337646484375
Huseyin Biler,Physicality,56.479927,60.0,3.5200729370117188
Emeka Oduah,Physicality,63.516155,60.0,3.516155242919922
Christian Viet,Physicality,63.48536,67.0,3.5146408081054688
Tomasz Pieńko,Physicality,56.485416,60.0,3.5145835876464844
Jonathan Rowe,Physicality,56.514275,53.0,3.5142745971679688
Ellis Taylor,Physicality,44.5141,41.0,3.51409912109375
Cristian Castro Devenish,Physicality,70.486305,74.0,3.5136947631835938
Vahan Bichakhchyan,Physicality,55.48704,59.0,3.512958526611328
Jayden Nelson,Physicality,43.498814,47.0,3.5011863708496094
Bart van Rooij,Physicality,60.50302,64.0,3.496978759765625
Jayden Oosterwolde,Physicality,68.503426,72.0,3.4965744018554688
Stefan Drljača,Physicality,59.511772,63.0,3.4882278442382812
Oliver Larraz,Physicality,50.488033,47.0,3.4880332946777344
Amadou Dante,Physicality,66.517784,70.0,3.4822158813476562
Kik Pierie,Physicality,67.481026,64.0,3.4810256958007812
Leighton Clarkson,Physicality,52.519066,56.0,3.4809341430664062
Abdulkareem Al Sultan,Physicality,65.52141,69.0,3.4785919189453125
Yoan Koré,Physicality,64.478546,61.0,3.478546142578125
Michael Glück,Physicality,57.52222,61.0,3.4777793884277344
Ayman Azhil,Physicality,47.476456,44.0,3.4764556884765625
Jacob Shaffelburg,Physicality,58.523743,62.0,3.47625732421875
Olivier Dumont,Physicality,47.476128,44.0,3.4761276245117188
Jamie Roche,Physicality,69.52943,73.0,3.4705734252929688
Maël de Gevigney,Physicality,64.52951,68.0,3.470489501953125
Darragh Burns,Physicality,47.541195,51.0,3.4588050842285156
Dave Gnaase,Physicality,69.541504,73.0,3.45849609375
Fynn Lakenmacher,Physicality,72.54578,76.0,3.4542236328125
Claudio Gomes,Physicality,64.54759,68.0,3.4524078369140625
Maurice Dehler,Physicality,58.4498,55.0,3.449798583984375
Krystian Bielik,Physicality,73.5531,77.0,3.4468994140625
Hjalmar Ekdal,Physicality,71.553734,75.0,3.4462661743164062
Santiago Herrera,Physicality,53.556488,57.0,3.443511962890625
Niclas Holm Pedersen,Physicality,46.44297,43.0,3.4429702758789062
Jordan Graham,Physicality,56.44225,53.0,3.442249298095703
Santiago Moreno,Physicality,52.559456,56.0,3.4405441284179688
Cameron Windust,Physicality,58.435486,55.0,3.43548583984375
Curtis Davies,Physicality,54.565144,58.0,3.434856414794922
Stipe Biuk,Physicality,57.565845,61.0,3.434154510498047
Benjamin Goller,Physicality,47.57435,51.0,3.4256515502929688
Marko Lazetić,Physicality,63.57481,67.0,3.425189971923828
Rocco Ascone,Physicality,54.424526,51.0,3.4245262145996094
Robert Kwasigroch,Physicality,59.422634,56.0,3.4226341247558594
Jhon Durán,Physicality,67.577896,71.0,3.4221038818359375
Glenn McConnell,Physicality,52.420116,49.0,3.420116424560547
Hassan Ndam,Physicality,76.58729,80.0,3.4127120971679688
Boris Tomiak,Physicality,75.587746,79.0,3.4122543334960938
Tashreeq Matthews,Physicality,54.588245,58.0,3.411754608154297
Philipp Schulz,Physicality,65.41087,62.0,3.4108734130859375
Casper Widell,Physicality,67.58941,71.0,3.4105911254882812
Rafik Guitane,Physicality,49.60009,53.0,3.3999099731445312
Yegor Matsenko,Physicality,66.399475,63.0,3.39947509765625
Mariusz Fornalczyk,Physicality,49.60158,53.0,3.398418426513672
Youri Baas,Physicality,57.603294,61.0,3.3967056274414062
Luca Bolay,Physicality,46.395695,43.0,3.3956947326660156
Donat Rrudhani,Physicality,62.60601,66.0,3.3939895629882812
Pascal Müller,Physicality,58.386765,55.0,3.3867645263671875
George Campbell,Physicality,71.617134,75.0,3.3828659057617188
Arvin Appiah,Physicality,43.37471,40.0,3.3747100830078125
Scott Robertson,Physicality,59.627636,63.0,3.372364044189453
Paxten Aaronson,Physicality,50.37036,47.0,3.370361328125
Enzo Leopold,Physicality,52.63071,56.0,3.3692893981933594
Alessandro Di Pardo,Physicality,59.637764,63.0,3.3622360229492188
Jean-Mattéo Bahoya,Physicality,52.360764,49.0,3.3607635498046875
Yusuf Barası,Physicality,57.644073,61.0,3.355926513671875
Saurav Mandal,Physicality,49.66221,53.0,3.3377914428710938
Nassim Elouarti,Physicality,55.3366,52.0,3.3366012573242188
Reyes Cleary,Physicality,59.663776,63.0,3.336223602294922
Anthony Olusanya,Physicality,57.665936,61.0,3.334064483642578
Ali Makki,Physicality,62.670612,66.0,3.329387664794922
Patryk Makuch,Physicality,72.68613,76.0,3.313873291015625
Adrian Benedyczak,Physicality,70.68815,74.0,3.3118515014648438
Lewis Warrington,Physicality,56.68936,60.0,3.310638427734375
Lino Tempelmann,Physicality,62.68943,66.0,3.3105697631835938
Adrian Nilsen Pereira,Physicality,65.70064,69.0,3.2993621826171875
Sam Karssies,Physicality,59.292194,56.0,3.292194366455078
Cisse Sandra,Physicality,59.709984,63.0,3.2900161743164062
Tyler Morton,Physicality,58.710335,62.0,3.2896652221679688
Matthieu Rongier,Physicality,59.28489,56.0,3.2848892211914062
Mohamad Rakip,Physicality,61.719566,65.0,3.2804336547851562
Luca Kerber,Physicality,63.72059,67.0,3.2794113159179688
Oliver Valaker Edvardsen,Physicality,72.72095,76.0,3.279052734375
Bohdan Viunnyk,Physicality,58.721634,62.0,3.2783660888671875
Aurèle Amenda,Physicality,74.72446,78.0,3.275543212890625
Aleksa Terzić,Physicality,58.72913,62.0,3.2708702087402344
Daniel Gutiérrez,Physicality,66.73064,70.0,3.2693634033203125
Vicente Taborda,Physicality,60.73561,64.0,3.2643890380859375
Kyle Edwards,Physicality,54.263824,51.0,3.263824462890625
Nabil Alioui,Physicality,54.73709,58.0,3.262908935546875
Evan Caffrey,Physicality,57.737606,61.0,3.2623939514160156
Reece Devine,Physicality,65.26043,62.0,3.2604293823242188
Güven Yalçın,Physicality,58.740665,62.0,3.2593345642089844
Ibrahima Baldé,Physicality,43.741524,47.0,3.2584762573242188
Edward Caspers,Physicality,46.743336,50.0,3.256664276123047
Eric Uhlmann,Physicality,60.255917,57.0,3.2559165954589844
Edvard Sandvik Tagseth,Physicality,61.74834,65.0,3.251659393310547
Bruno Amione,Physicality,77.754135,81.0,3.2458648681640625
Eli Adams,Physicality,49.754936,53.0,3.2450637817382812
Gustav Mortensen,Physicality,52.244656,49.0,3.2446556091308594
Obed Vargas,Physicality,53.244186,50.0,3.2441864013671875
Lucas Noubi,Physicality,67.756935,71.0,3.2430648803710938
Orest Lebedenko,Physicality,47.75842,51.0,3.2415809631347656
Matteo Bignetti,Physicality,59.240208,56.0,3.2402076721191406
Kamil Pestka,Physicality,68.760506,72.0,3.2394943237304688
Giannis Satsias,Physicality,58.769043,62.0,3.23095703125
Jeriel Dorsett,Physicality,72.7691,76.0,3.2309036254882812
Antonio Nusa,Physicality,49.230366,46.0,3.230365753173828
Philipp Schulze,Physicality,59.229244,56.0,3.2292442321777344
Noah Shamoun,Physicality,47.774685,51.0,3.2253150939941406
Sidney Raebiger,Physicality,49.22524,46.0,3.225238800048828
Bartuğ Elmaz,Physicality,52.224556,49.0,3.2245559692382812
Xavier Mbuyamba,Physicality,69.77732,73.0,3.2226791381835938
Matthew Nocita,Physicality,66.78189,70.0,3.218109130859375
Giannis Papanikolaou,Physicality,72.78642,76.0,3.2135772705078125
Gabriele Corbo,Physicality,64.78693,68.0,3.21307373046875
Issa Fomba,Physicality,62.212543,59.0,3.212543487548828
Nikolas Agrafiotis,Physicality,64.78802,68.0,3.2119827270507812
Kendall Burks,Physicality,66.78853,70.0,3.2114715576171875
Harry Pickering,Physicality,66.790794,70.0,3.2092056274414062
Jake Garrett,Physicality,67.207214,64.0,3.20721435546875
Nico Ochojski,Physicality,61.797096,65.0,3.2029037475585938
Lorenzo Colombo,Physicality,70.79984,74.0,3.2001571655273438
Mirza Cihan,Physicality,44.1996,41.0,3.1996002197265625
Samuel Folarin,Physicality,47.804676,51.0,3.195323944091797
Arne Schulz,Physicality,59.193626,56.0,3.1936264038085938
Ramiro Ruiz Rodríguez,Physicality,63.80851,67.0,3.1914901733398438
Hayden Carter,Physicality,71.80977,75.0,3.1902313232421875
André Picornell,Physicality,59.18954,56.0,3.1895408630371094
Théo Magnin,Physicality,48.18903,45.0,3.1890296936035156
Jon McCracken,Physicality,59.187527,56.0,3.1875267028808594
Nick Otto,Physicality,66.18448,63.0,3.184478759765625
Jerry Lalrinzuala,Physicality,61.819958,65.0,3.180042266845703
Tim Iroegbunam,Physicality,66.823,70.0,3.177001953125
Angus Thurgate,Physicality,64.8235,68.0,3.1764984130859375
Jack Ellis,Physicality,59.831963,63.0,3.1680374145507812
Moritz Schulze,Physicality,59.165237,56.0,3.1652374267578125
Désiré Doué,Physicality,51.842915,55.0,3.157085418701172
Filippo Manfrin,Physicality,59.156628,56.0,3.156627655029297
Zeki Amdouni,Physicality,66.84407,70.0,3.1559295654296875
Teden Mengi,Physicality,72.15285,69.0,3.1528472900390625
Ryan Graydon,Physicality,54.15255,51.0,3.1525497436523438
Connor McLennan,Physicality,58.849762,62.0,3.150238037109375
Mads Frøkjær-Jensen,Physicality,65.85257,69.0,3.147430419921875
Patricio Pizarro,Physicality,66.853966,70.0,3.1460342407226562
Luciano Gondou,Physicality,73.858795,77.0,3.141204833984375
Bryce Miranda,Physicality,55.86067,59.0,3.139331817626953
Will Ferry,Physicality,48.864937,52.0,3.1350631713867188
Agustín Chopitea,Physicality,59.86872,63.0,3.1312789916992188
Denis Rența,Physicality,58.131172,55.0,3.1311721801757812
Ajibola Alese,Physicality,70.87503,74.0,3.124969482421875
Cameron Humphreys-Grant,Physicality,68.87948,72.0,3.1205215454101562
Efe-Kaan Sihlaroglu,Physicality,54.119095,51.0,3.1190948486328125
Ricky Shabong,Physicality,59.888412,63.0,3.1115875244140625
Maksim Stjopin,Physicality,41.894463,45.0,3.1055374145507812
Haissem Hassan,Physicality,50.896305,54.0,3.1036949157714844
Bartłomiej Kłudka,Physicality,57.898296,61.0,3.101703643798828
Fotis Ioannidis,Physicality,67.89929,71.0,3.1007080078125
Fabrizio Caligara,Physicality,67.900536,71.0,3.0994644165039062
Okan Erdoğan,Physicality,66.903915,70.0,3.0960845947265625
Dawson Devoy,Physicality,56.91089,60.0,3.089111328125
Jordon Garrick,Physicality,59.914604,63.0,3.0853958129882812
Herbie Kane,Physicality,69.91467,73.0,3.0853271484375
Noah Naujoks,Physicality,65.91681,69.0,3.08319091796875
Augusto Schott,Physicality,57.921616,61.0,3.0783843994140625
Yentl Van Genechten,Physicality,65.92294,69.0,3.077056884765625
Vincy Barretto,Physicality,50.075092,47.0,3.075092315673828
Francisco Marco,Physicality,66.92493,70.0,3.0750732421875
Devin Angleberger,Physicality,51.07259,48.0,3.072589874267578
Sydney van Hooijdonk,Physicality,69.92873,73.0,3.0712738037109375
Cristian Volpato,Physicality,54.928917,58.0,3.0710830688476562
Paul Will,Physicality,73.93275,77.0,3.0672531127929688
Alex Mitchell,Physicality,73.937004,77.0,3.0629959106445312
Elias Achouri,Physicality,45.94543,49.0,3.0545692443847656
Rick van Drongelen,Physicality,76.05294,73.0,3.0529403686523438
Yankuba Minteh,Physicality,40.947433,44.0,3.0525665283203125
Martin Delavallée,Physicality,59.047142,56.0,3.0471420288085938
Luca Petrasso,Physicality,60.9556,64.0,3.0443992614746094
Elayis Tavşan,Physicality,55.955845,59.0,3.0441551208496094
Edvin Kurtulus,Physicality,68.959145,72.0,3.0408554077148438
Philip Otele,Physicality,70.04059,67.0,3.04058837890625
Kevin Yakob,Physicality,63.960766,67.0,3.039234161376953
Matías Godoy,Physicality,58.96998,62.0,3.0300216674804688
James McAtee,Physicality,56.97442,60.0,3.0255813598632812
Cameron Humphreys,Physicality,56.974743,60.0,3.025257110595703
Dan Sîrbu,Physicality,65.97574,69.0,3.024261474609375
Ibrahim El Kadiri,Physicality,36.976486,40.0,3.0235137939453125
Shane Farrell,Physicality,59.976795,63.0,3.023204803466797
Selmin Hodza,Physicality,51.022587,48.0,3.0225868225097656
Samuel Giovane,Physicality,65.01821,62.0,3.0182113647460938
Abu Francis,Physicality,65.98191,69.0,3.0180892944335938
Daylam Meddah,Physicality,66.0177,63.0,3.0177001953125
Oscar Schönfelder,Physicality,57.015,54.0,3.0149993896484375
Paddy Lane,Physicality,45.989784,49.0,3.0102157592773438
Mads Enggård,Physicality,52.008324,49.0,3.0083236694335938
Omar Megeed,Physicality,55.001514,52.0,3.001514434814453
Juan Pablo Pignani,Physicality,66.00033,69.0,2.9996719360351562
Ollie Tanner,Physicality,53.99684,51.0,2.9968414306640625
Gavin Molloy,Physicality,59.011013,62.0,2.9889869689941406
Niklas Vesterlund,Physicality,68.01174,71.0,2.9882583618164062
Barry Cotter,Physicality,65.013954,68.0,2.9860458374023438
Leny Meyer,Physicality,54.01663,57.0,2.9833717346191406
Samuel Shashoua,Physicality,57.019325,60.0,2.9806747436523438
Badredine Bouanani,Physicality,47.020214,50.0,2.979785919189453
Leonardo Díaz,Physicality,60.02102,63.0,2.9789810180664062
Paul Kalambayi,Physicality,71.02243,74.0,2.977569580078125
Marius Ștefănescu,Physicality,66.02255,69.0,2.977447509765625
Jacky Donkor,Physicality,43.976837,41.0,2.976837158203125
Valentín Sánchez,Physicality,60.028435,63.0,2.9715652465820312
Meritan Shabani,Physicality,55.03656,58.0,2.96343994140625
Dante Polvara,Physicality,66.03855,69.0,2.9614486694335938
Giorgio Scalvini,Physicality,68.03913,71.0,2.9608688354492188
Daan Heymans,Physicality,65.04004,68.0,2.9599609375
Peer Koopmeiners,Physicality,67.04265,70.0,2.9573516845703125
Maren Haile-Selassie,Physicality,59.047638,62.0,2.952362060546875
Seok-ju Hong,Physicality,59.04839,62.0,2.951610565185547
Marvin De Lima,Physicality,41.951096,39.0,2.9510955810546875
Lisandru Tramoni,Physicality,53.94979,51.0,2.9497909545898438
Charlie Kelman,Physicality,57.05144,60.0,2.948558807373047
Santiago Visentin,Physicality,66.053,69.0,2.9469985961914062
Lucas Rocrou,Physicality,49.055523,52.0,2.944477081298828
Yannik Engelhardt,Physicality,65.05962,68.0,2.9403762817382812
Silas Gnaka,Physicality,60.061504,63.0,2.938495635986328
Callum Wright,Physicality,64.06167,67.0,2.9383316040039062
Mamadou Jobe,Physicality,63.93723,61.0,2.9372291564941406
Jack Lynn,Physicality,53.064285,56.0,2.9357147216796875
Gabriel David,Physicality,58.932575,56.0,2.932575225830078
Lloyd Kelly,Physicality,72.06885,75.0,2.93115234375
Yassine Kechta,Physicality,54.078045,57.0,2.921955108642578
Lenny Vallier,Physicality,63.08201,66.0,2.9179916381835938
Noah Söderberg,Physicality,60.083855,63.0,2.9161453247070312
Jasper Moon,Physicality,68.909775,66.0,2.9097747802734375
Erik Dueñas,Physicality,40.909702,38.0,2.9097023010253906
Johan Karlsson,Physicality,57.09335,60.0,2.9066505432128906
James Bree,Physicality,64.09617,67.0,2.9038314819335938
Iván Flores,Physicality,65.89845,63.0,2.8984527587890625
Rodrigo Guth,Physicality,68.10619,71.0,2.8938064575195312
Abdoulie Sanyang,Physicality,56.108063,59.0,2.891937255859375
Bilal Boutobba,Physicality,38.1125,41.0,2.887500762939453
Louis Breunig,Physicality,57.115356,60.0,2.8846435546875
Mateo Pellegrino,Physicality,66.12052,69.0,2.8794784545898438
Kouame Autonne,Physicality,76.12163,79.0,2.8783721923828125
Yvandro Borges Sanches,Physicality,59.875134,57.0,2.875133514404297
Innes Cameron,Physicality,70.12668,73.0,2.873321533203125
Dylan Mbayo,Physicality,46.87185,44.0,2.8718490600585938
James Penrice,Physicality,60.129658,63.0,2.870342254638672
Senne Lynen,Physicality,73.13056,76.0,2.8694381713867188
Nicholas Bilokapic,Physicality,59.132484,62.0,2.8675155639648438
Max Thompson,Physicality,54.86751,52.0,2.867511749267578
Isaac Price,Physicality,57.863277,55.0,2.8632774353027344
Amin Sarr,Physicality,65.137505,68.0,2.8624954223632812
Sorba Thomas,Physicality,67.14025,70.0,2.8597488403320312
Runar Norheim,Physicality,47.857925,45.0,2.8579254150390625
John Pulskamp,Physicality,59.14546,62.0,2.854541778564453
Răzvan Sava,Physicality,59.145523,62.0,2.8544769287109375
Adrian Gantenbein,Physicality,60.14904,63.0,2.8509597778320312
Dirk Proper,Physicality,56.15067,59.0,2.8493309020996094
Magnus Retsius Grødem,Physicality,63.15179,66.0,2.8482093811035156
Joel Coleman,Physicality,59.152695,62.0,2.8473052978515625
Jiteshwor Singh,Physicality,48.845226,46.0,2.845226287841797
Franco Carboni,Physicality,62.1579,65.0,2.8420982360839844
Tayvon Gray,Physicality,61.160526,64.0,2.8394737243652344
Julian Rieckmann,Physicality,68.83649,66.0,2.83648681640625
Gabriel Osho,Physicality,71.165115,74.0,2.8348846435546875
Erdem Canpolat,Physicality,59.16547,62.0,2.8345298767089844
Dennis Borkowski,Physicality,58.174267,61.0,2.825733184814453
Joel Cotterill,Physicality,55.82454,53.0,2.8245391845703125
Simone Canestrelli,Physicality,67.17577,70.0,2.8242263793945312
Julius Eskesen,Physicality,56.176865,59.0,2.8231353759765625
Lewin Blum,Physicality,60.182404,63.0,2.817596435546875
Miguel Monsalve,Physicality,46.816032,44.0,2.8160324096679688
Gaurav Bora,Physicality,66.18446,69.0,2.8155364990234375
Facundo Buonanotte,Physicality,47.18768,50.0,2.8123207092285156
Jake Hollman,Physicality,56.18801,59.0,2.8119888305664062
Darian Males,Physicality,62.195137,65.0,2.8048629760742188
Lewis Dobbin,Physicality,48.197803,51.0,2.802196502685547
Justin Heekeren,Physicality,59.203865,62.0,2.7961349487304688
Paweł Stolarski,Physicality,64.20387,67.0,2.7961273193359375
Laorent Shabani,Physicality,59.205795,62.0,2.7942047119140625
Andréas Hountondji,Physicality,55.207264,58.0,2.792736053466797
Alessandro Sorrentino,Physicality,59.208138,62.0,2.7918624877929688
Issam El Maach,Physicality,59.21167,62.0,2.788330078125
Ravil Tagir,Physicality,64.786476,62.0,2.7864761352539062
Johannes Naschberger,Physicality,52.21365,55.0,2.7863502502441406
Till Cissokho,Physicality,73.21569,76.0,2.7843093872070312
Gabriel Kirejczyk,Physicality,70.77714,68.0,2.7771377563476562
Mateo Sanabria,Physicality,48.22327,51.0,2.7767295837402344
Pierre Dwomoh,Physicality,70.77609,68.0,2.776092529296875
Alexander Busch,Physicality,61.22458,64.0,2.775421142578125
Kai Klefisch,Physicality,75.22608,78.0,2.7739181518554688
Theo Sander,Physicality,59.227997,62.0,2.772003173828125
Taye Ashby-Hammond,Physicality,59.22855,62.0,2.7714500427246094
Rocco Reitz,Physicality,57.76857,55.0,2.7685699462890625
Dennis Smarsch,Physicality,59.233334,62.0,2.7666664123535156
Antoine Valério,Physicality,63.23937,66.0,2.760631561279297
Dennis Gjengaar,Physicality,58.24511,61.0,2.7548904418945312
Ignacio Agustín Rodríguez,Physicality,48.753822,46.0,2.7538223266601562
Cem Üstündag,Physicality,46.752605,44.0,2.752605438232422
Melle Meulensteen,Physicality,70.24823,73.0,2.75177001953125
Santeri Väänänen,Physicality,67.749626,65.0,2.7496261596679688
Žan Rogelj,Physicality,61.25253,64.0,2.7474708557128906
Ayman Aiki,Physicality,40.74693,38.0,2.746929168701172
Sakarias Opsahl,Physicality,62.25378,65.0,2.7462196350097656
Matías Vera,Physicality,64.25386,67.0,2.7461395263671875
Tom Baack,Physicality,67.254234,70.0,2.7457656860351562
Alessandro Lopane,Physicality,53.25434,56.0,2.7456588745117188
Florian Schock,Physicality,59.25643,62.0,2.7435684204101562
Kacper Kozłowski,Physicality,66.25654,69.0,2.7434616088867188
Ronnie Edwards,Physicality,67.25847,70.0,2.7415313720703125
Dion De Neve,Physicality,39.73828,37.0,2.73828125
Simon Ebonog,Physicality,42.267574,45.0,2.7324256896972656
Gonzalo Nápoli,Physicality,56.270565,59.0,2.7294349670410156
Hrvoje Smolčić,Physicality,70.271965,73.0,2.7280349731445312
Marco Tilio,Physicality,52.275227,55.0,2.724773406982422
Mark Doyle,Physicality,63.275322,66.0,2.7246780395507812
Amir Richardson,Physicality,70.2769,73.0,2.7230987548828125
Calvin Brackelmann,Physicality,74.291794,77.0,2.7082061767578125
Dexter Lembikisa,Physicality,51.293633,54.0,2.7063674926757812
Cas Odenthal,Physicality,68.30076,71.0,2.6992416381835938
Cameron McJannet,Physicality,63.699013,61.0,2.6990127563476562
Sidi Sané,Physicality,58.697544,56.0,2.6975440979003906
Lewis Ferguson,Physicality,78.303566,81.0,2.6964340209960938
Patrick Vroegh,Physicality,58.306824,61.0,2.69317626953125
Noah Bischof,Physicality,52.309025,55.0,2.6909751892089844
Abundance Salaou,Physicality,55.309475,58.0,2.6905250549316406
Harry Leonard,Physicality,51.31048,54.0,2.6895217895507812
Arnór Sigurðsson,Physicality,59.316826,62.0,2.6831741333007812
Can Bozdoğan,Physicality,59.319355,62.0,2.680644989013672
Tomasz Makowski,Physicality,69.32948,72.0,2.6705169677734375
Noé Lebreton,Physicality,55.329624,58.0,2.6703758239746094
Jonathan Tomkinson,Physicality,71.666115,69.0,2.6661148071289062
Matthew Cox,Physicality,59.33454,62.0,2.6654586791992188
Laurin Ulrich,Physicality,63.66396,61.0,2.663959503173828
Louis Zabala,Physicality,68.65914,66.0,2.6591415405273438
Givson Singh,Physicality,44.659065,42.0,2.6590652465820312
Ciarán Kelly,Physicality,69.34276,72.0,2.6572418212890625
Mateusz Wdowiak,Physicality,61.65697,59.0,2.656970977783203
Fardin Ali Molla,Physicality,39.65476,37.0,2.6547584533691406
Nikolaos Michelis,Physicality,69.65422,67.0,2.6542205810546875
Tayo Adaramola,Physicality,54.65138,52.0,2.651378631591797
Charlie Webster,Physicality,52.64922,50.0,2.649219512939453
Alexandru Jipa,Physicality,59.351227,62.0,2.648773193359375
Rhys Hughes,Physicality,56.639603,54.0,2.6396026611328125
Allan Linguet,Physicality,60.3642,63.0,2.6357994079589844
Gbemi Arubi,Physicality,44.634937,42.0,2.634937286376953
Chem Campbell,Physicality,52.366493,55.0,2.6335067749023438
Kailin Barlow,Physicality,54.368008,57.0,2.6319923400878906
Jędrzej Grobelny,Physicality,59.368362,62.0,2.6316375732421875
Nathan Harriel,Physicality,71.37497,74.0,2.625030517578125
Bünyamin Balcı,Physicality,60.378174,63.0,2.621826171875
Matt Baker,Physicality,64.38286,67.0,2.6171417236328125
Musa Juwara,Physicality,51.615826,49.0,2.615825653076172
George Thomas,Physicality,60.613632,58.0,2.6136322021484375
Josh Neufville,Physicality,56.386383,59.0,2.613616943359375
Shayden Morris,Physicality,42.613453,40.0,2.613452911376953
Reece Welch,Physicality,67.611916,65.0,2.6119155883789062
Franz Roggow,Physicality,61.3897,64.0,2.6102981567382812
D'Margio Wright-Phillips,Physicality,42.609158,40.0,2.6091575622558594
Cheick Keita,Physicality,68.3951,71.0,2.6048965454101562
Charlie Patino,Physicality,59.395123,62.0,2.604877471923828
Ronan Boyce,Physicality,64.39616,67.0,2.6038436889648438
Bledian Krasniqi,Physicality,56.396652,59.0,2.6033477783203125
Abhishek Suryavanshi,Physicality,43.60155,41.0,2.601551055908203
Henrik Molvær Melland,Physicality,48.398956,51.0,2.601043701171875
Anthony Roncaglia,Physicality,64.39973,67.0,2.6002731323242188
Giorgio Altare,Physicality,74.40789,77.0,2.5921096801757812
Denis Benga,Physicality,52.59105,50.0,2.5910491943359375
Andy Smith,Physicality,68.41015,71.0,2.5898513793945312
Jake Morris,Physicality,58.586777,56.0,2.5867767333984375
Filip Marchwiński,Physicality,58.413452,61.0,2.5865478515625
Billy Koumetio,Physicality,74.582306,72.0,2.582305908203125
Max Bruns,Physicality,59.418655,62.0,2.5813446044921875
Bartosz Białek,Physicality,70.419464,73.0,2.580535888671875
Eyram Viegbe,Physicality,52.576183,50.0,2.576183319091797
Dominik Becker,Physicality,69.57263,67.0,2.5726318359375
Ethan Alagich,Physicality,51.42806,54.0,2.571941375732422
Samed Onur,Physicality,44.571636,42.0,2.571636199951172
Tobias Kraulich,Physicality,75.57069,73.0,2.5706863403320312
Tomás González,Physicality,43.430435,46.0,2.5695648193359375
Tim Siersleben,Physicality,68.43135,71.0,2.5686492919921875
Shayne Pattynama,Physicality,65.43419,68.0,2.5658111572265625
Domingos Quina,Physicality,49.564648,47.0,2.564647674560547
Nathanael Ogbeta,Physicality,68.43711,71.0,2.5628890991210938
Fin Back,Physicality,58.441917,61.0,2.5580825805664062
Jann-Fiete Arp,Physicality,64.44374,67.0,2.5562591552734375
Michael Ruhs,Physicality,67.55596,65.0,2.5559616088867188
Paul-Philipp Besong,Physicality,68.55595,66.0,2.5559463500976562
Peter Abimbola,Physicality,52.55056,50.0,2.5505599975585938
George Johnston,Physicality,71.45033,74.0,2.5496673583984375
Paul Lehmann,Physicality,61.450367,64.0,2.549633026123047
Abdoulaye Bakayoko,Physicality,68.5495,66.0,2.54949951171875
Jamie Lawrence,Physicality,72.451935,75.0,2.548065185546875
Gonzalo Álvez,Physicality,41.546333,39.0,2.5463333129882812
Aldo Florenzi,Physicality,59.453823,62.0,2.5461769104003906
Gene Kennedy,Physicality,68.54247,66.0,2.5424728393554688
Richmond Tachie,Physicality,57.4599,60.0,2.54010009765625
Brandon Fleming,Physicality,59.53975,57.0,2.5397491455078125
Tommy Conway,Physicality,51.461864,54.0,2.538135528564453
Adrien Lebeau,Physicality,53.534565,51.0,2.534564971923828
Josh Tymon,Physicality,68.47016,71.0,2.5298385620117188
Collin Smith,Physicality,57.52972,55.0,2.5297203063964844
Marley Aké,Physicality,52.47175,55.0,2.5282516479492188
Artem Bondarenko,Physicality,59.47385,62.0,2.5261497497558594
Manolo Portanova,Physicality,64.5247,62.0,2.5246963500976562
James Furlong,Physicality,54.52339,52.0,2.5233917236328125
Max Rosenfelder,Physicality,63.522366,61.0,2.5223655700683594
Igor Strzałek,Physicality,42.519722,40.0,2.5197219848632812
Dominic Thompson,Physicality,63.483685,66.0,2.516315460205078
David Bendrik,Physicality,58.51359,56.0,2.513591766357422
Deandre Kerr,Physicality,68.48691,71.0,2.513092041015625
Joseph Hungbo,Physicality,55.48882,58.0,2.511180877685547
Eduard Radaslavescu,Physicality,59.4906,62.0,2.5093994140625
Youssef Chermiti,Physicality,69.492165,72.0,2.5078353881835938
Jordi Vanlerberghe,Physicality,71.49522,74.0,2.5047836303710938
Cristhian García,Physicality,54.503456,52.0,2.5034561157226562
Salvatore Esposito,Physicality,55.49738,58.0,2.5026206970214844
Marius Cioiu,Physicality,54.504284,57.0,2.495716094970703
Carl Björk,Physicality,59.509937,62.0,2.490062713623047
Stefan Colakovski,Physicality,51.510098,54.0,2.4899024963378906
Meiko Sponsel,Physicality,67.512146,70.0,2.48785400390625
Narender Gahlot,Physicality,67.51391,70.0,2.4860916137695312
Armin Gigović,Physicality,66.52121,69.0,2.478790283203125
Jack Moylan,Physicality,61.521866,64.0,2.4781341552734375
Casey Walls,Physicality,59.47459,57.0,2.474590301513672
Alan Nuñez,Physicality,51.474506,49.0,2.474506378173828
Sebastián Álvarez,Physicality,67.5263,70.0,2.4737014770507812
Martin Moormann,Physicality,70.53373,73.0,2.4662704467773438
Bruno Gutiérrez,Physicality,62.534973,65.0,2.46502685546875
Lucas Kåhed,Physicality,40.463963,38.0,2.4639625549316406
Lasse Günther,Physicality,57.538383,60.0,2.4616165161132812
Jacob Bedeau,Physicality,69.53868,72.0,2.4613189697265625
Zinédine Ould Khaled,Physicality,69.46009,67.0,2.4600906372070312
Baba Fernandes,Physicality,71.45986,69.0,2.4598617553710938
Kian Fitz-Jim,Physicality,48.458942,46.0,2.458942413330078
Abdurrahim Dursun,Physicality,59.458736,57.0,2.4587364196777344
Anders Klynge,Physicality,67.54338,70.0,2.4566192626953125
Matías Alfonso,Physicality,58.54384,61.0,2.4561614990234375
Victor Bezerra,Physicality,56.456158,54.0,2.456157684326172
Lucas Mauragis,Physicality,68.54922,71.0,2.4507827758789062
Jonathan Leko,Physicality,62.54924,65.0,2.4507598876953125
Richard Ledezma,Physicality,44.551697,47.0,2.44830322265625
Marcel Beifus,Physicality,67.44773,65.0,2.4477310180664062
Sanjeev Stalin,Physicality,54.554092,57.0,2.4459075927734375
Henning Matriciani,Physicality,67.55803,70.0,2.4419708251953125
Saikou Janneh,Physicality,58.56448,61.0,2.4355201721191406
Marcin Listkowski,Physicality,61.565475,64.0,2.4345245361328125
Lautaro Ovando,Physicality,59.56804,62.0,2.4319610595703125
Zymer Bytyqi,Physicality,66.57221,69.0,2.4277877807617188
Sebastian Pasquali,Physicality,57.427677,55.0,2.4276771545410156
Antonios Papadopoulos,Physicality,78.57338,81.0,2.4266204833984375
Missael Rodríguez,Physicality,49.57564,52.0,2.424358367919922
Vincenzo Millico,Physicality,48.576912,51.0,2.4230880737304688
Will Wilson,Physicality,54.579575,57.0,2.4204254150390625
Nathan-Dylan Saliba,Physicality,55.414707,53.0,2.4147071838378906
Andreas Müller,Physicality,56.585503,59.0,2.4144973754882812
Otto Rosengren,Physicality,48.58638,51.0,2.4136199951171875
Ranko Veselinović,Physicality,75.588486,78.0,2.4115142822265625
Maik Nawrocki,Physicality,66.591545,69.0,2.4084548950195312
Jeremías James,Physicality,72.403656,70.0,2.403656005859375
Christiaan Ravych,Physicality,60.40026,58.0,2.4002609252929688
Jonatan Braut-Brunes,Physicality,68.603935,71.0,2.3960647583007812
Gabriel Charpentier,Physicality,60.60545,63.0,2.394550323486328
Luca Warrick Koleosho,Physicality,49.39326,47.0,2.393260955810547
Patryk Zaucha,Physicality,48.606995,51.0,2.39300537109375
Siriné Doucouré,Physicality,69.607666,72.0,2.392333984375
Henrik Heggheim,Physicality,68.613655,71.0,2.3863449096679688
Ayrton Paz,Physicality,57.37975,55.0,2.379749298095703
Mohammed Abbas,Physicality,55.379715,53.0,2.3797149658203125
Pathé Mboup,Physicality,50.37615,48.0,2.376148223876953
Matías Soulé,Physicality,40.624767,43.0,2.375232696533203
Kosi Thompson,Physicality,61.62804,64.0,2.371959686279297
Gian Nardelli,Physicality,72.62912,75.0,2.370880126953125
Youssef Amyn,Physicality,41.63733,44.0,2.3626708984375
Brandon Soppy,Physicality,71.64162,74.0,2.3583831787109375
Anouar Ait El Hadj,Physicality,57.654213,60.0,2.3457870483398438
Philip Fahrner,Physicality,56.65585,59.0,2.3441505432128906
Yoann Cathline,Physicality,49.656235,52.0,2.3437652587890625
Aleksa Pejić,Physicality,71.658226,74.0,2.3417739868164062
Maxim Dekker,Physicality,68.65972,71.0,2.3402786254882812
Ian Murphy,Physicality,63.65975,66.0,2.3402481079101562
Filip Dagerstål,Physicality,73.66323,76.0,2.3367691040039062
Daniel Bassi,Physicality,43.336708,41.0,2.3367080688476562
Gonçalo Esteves,Physicality,65.336,63.0,2.33599853515625
Jonas Nickisch,Physicality,59.33269,57.0,2.332691192626953
Kusini Yengi,Physicality,73.66739,76.0,2.332611083984375
Joe Riley,Physicality,64.66839,67.0,2.3316116333007812
Dimitrios Nikolaou,Physicality,75.67488,78.0,2.3251190185546875
Fritiof Hellichius,Physicality,54.675987,57.0,2.3240127563476562
Kalidou Sidibé,Physicality,74.678734,77.0,2.3212661743164062
Theocharis Tsingaras,Physicality,65.67889,68.0,2.3211135864257812
Saxon Earley,Physicality,51.688107,54.0,2.3118934631347656
Tyrhys Dolan,Physicality,47.706085,50.0,2.293914794921875
Will Dennis,Physicality,59.290077,57.0,2.2900772094726562
George Wickens,Physicality,57.2895,55.0,2.289501190185547
Wilson Odobert,Physicality,42.285873,40.0,2.2858734130859375
Tope Fadahunsi,Physicality,62.284187,60.0,2.2841873168945312
Andri Fannar Baldursson,Physicality,66.28318,64.0,2.2831802368164062
Ante Palaversa,Physicality,72.27877,70.0,2.2787704467773438
Alexander Oroz,Physicality,58.721935,61.0,2.278064727783203
Brandan Craig,Physicality,63.273693,61.0,2.273693084716797
Patrik Mercado,Physicality,53.726456,56.0,2.2735443115234375
Théo Chatelain,Physicality,59.269596,57.0,2.2695960998535156
Enzo Ebosse,Physicality,70.730774,73.0,2.26922607421875
Kamory Doumbia,Physicality,56.731354,59.0,2.268646240234375
Jay Matete,Physicality,66.73172,69.0,2.268280029296875
Charlie Cresswell,Physicality,74.73466,77.0,2.2653427124023438
Sacha Delaye,Physicality,49.262974,47.0,2.2629737854003906
Mattéo Tramoni,Physicality,59.737137,62.0,2.2628631591796875
Obed Nkambadio,Physicality,59.26253,57.0,2.262531280517578
Thomas Van Den Keybus,Physicality,56.738388,59.0,2.2616119384765625
Oliver Zandén,Physicality,59.738422,62.0,2.261577606201172
Ogechika Heil,Physicality,56.259003,54.0,2.259002685546875
Jasper van der Werff,Physicality,69.25715,67.0,2.2571487426757812
James Connolly,Physicality,71.25441,69.0,2.2544097900390625
Bryce Duke,Physicality,53.74667,56.0,2.2533302307128906
Harrison Ashby,Physicality,59.747128,62.0,2.2528724670410156
Tom Hendriks,Physicality,59.252068,57.0,2.2520675659179688
Callum Doyle,Physicality,70.75006,73.0,2.24993896484375
Sweden Fernandes,Physicality,50.249443,48.0,2.2494430541992188
Gideon Mensah,Physicality,69.24693,67.0,2.2469329833984375
Jack Stretton,Physicality,53.753086,56.0,2.2469139099121094
Preston Judd,Physicality,65.75399,68.0,2.2460098266601562
Facundo Mansilla,Physicality,65.755005,68.0,2.2449951171875
Ethon Varian,Physicality,54.755455,57.0,2.2445449829101562
Matty Daly,Physicality,52.755596,55.0,2.244403839111328
Florian Miguel,Physicality,71.75717,74.0,2.242828369140625
Allan Campbell,Physicality,73.75931,76.0,2.240692138671875
Ibrahim Salah,Physicality,64.76131,67.0,2.2386932373046875
Hady Camara,Physicality,72.23853,70.0,2.2385330200195312
Elijah Krahn,Physicality,61.235565,59.0,2.235565185546875
Gurmeet Singh,Physicality,59.235233,57.0,2.2352333068847656
Luke McNicholas,Physicality,59.233276,57.0,2.2332763671875
Fabio Ponsi,Physicality,66.76996,69.0,2.23004150390625
Ibrahima Cissé,Physicality,66.229256,64.0,2.2292556762695312
Chinedu Ekene,Physicality,69.77403,72.0,2.2259674072265625
Sonny Carey,Physicality,56.77467,59.0,2.225330352783203
Marco Pompetti,Physicality,52.77518,55.0,2.2248191833496094
Ibrahim Said,Physicality,43.776623,46.0,2.223377227783203
Lewis Miller,Physicality,70.77669,73.0,2.2233123779296875
Cole Bassett,Physicality,62.777447,65.0,2.222553253173828
Mehdi Dorval,Physicality,56.778946,59.0,2.2210540771484375
Max Hagemoser,Physicality,59.217606,57.0,2.2176055908203125
Callum Timmins,Physicality,67.782646,70.0,2.2173538208007812
Mihajlo Ivančević,Physicality,77.213234,75.0,2.2132339477539062
Osvaldo Cisneros,Physicality,48.210648,46.0,2.2106475830078125
Mario Bratu,Physicality,44.795464,47.0,2.2045364379882812
Isaac Boehmer,Physicality,59.203026,57.0,2.2030258178710938
Miguel Acosta,Physicality,59.199776,57.0,2.1997756958007812
Kortney Hause,Physicality,71.8004,74.0,2.1996002197265625
Alex Saji,Physicality,63.801105,66.0,2.198894500732422
Noah Botić,Physicality,50.802166,53.0,2.197834014892578
Emanuele Valeri,Physicality,56.802544,59.0,2.1974563598632812
Jonas Michelbrink,Physicality,40.194916,38.0,2.194915771484375
Diego González,Physicality,59.19442,57.0,2.1944198608398438
Denilho Cleonise,Physicality,51.193188,49.0,2.193187713623047
Guillermo Rendón,Physicality,56.80816,59.0,2.1918411254882812
Gustav Berggren,Physicality,72.808495,75.0,2.1915054321289062
Dan Nlundulu,Physicality,65.81399,68.0,2.1860122680664062
Josef Brian Baccay,Physicality,57.815117,60.0,2.1848831176757812
Joshua Schwirten,Physicality,52.18341,50.0,2.18341064453125
Rudy Boulais,Physicality,59.180916,57.0,2.1809158325195312
Karol Świderski,Physicality,69.821846,72.0,2.1781539916992188
Stefán Teitur Thórdarson,Physicality,66.825554,69.0,2.1744461059570312
Jordan Wright,Physicality,59.17253,57.0,2.1725311279296875
Mateusz Dudek,Physicality,59.17192,57.0,2.1719207763671875
Viljami Sinisalo,Physicality,59.171894,57.0,2.171894073486328
Duplexe Tchamba,Physicality,72.82954,75.0,2.1704635620117188
Csaba Bukta,Physicality,41.829716,44.0,2.1702842712402344
Vic Chambaere,Physicality,59.169094,57.0,2.1690940856933594
Halil İbrahim Dervişoğlu,Physicality,63.830925,66.0,2.1690750122070312
Hannes Sveijer,Physicality,59.16823,57.0,2.1682281494140625
Enzo Luna,Physicality,67.16515,65.0,2.1651535034179688
Mohammed Diomande,Physicality,68.836624,71.0,2.1633758544921875
Kevin Paredes,Physicality,43.83802,46.0,2.1619796752929688
Issiar Dramé,Physicality,64.84488,67.0,2.155120849609375
Billy Mitchell,Physicality,68.84718,71.0,2.1528167724609375
Yukhym Konoplia,Physicality,59.847263,62.0,2.1527366638183594
Kas de Wit,Physicality,48.151375,46.0,2.1513748168945312
Lalrinliana Hnamte,Physicality,61.8502,64.0,2.149799346923828
Oisin Smyth,Physicality,61.148552,59.0,2.1485519409179688
Kasey Palmer,Physicality,59.85161,62.0,2.1483917236328125
Kobe Franklin,Physicality,45.852627,48.0,2.1473731994628906
Kelvin Abrefa,Physicality,63.146355,61.0,2.1463546752929688
Uğurcan Yazğılı,Physicality,68.85691,71.0,2.1430892944335938
Samson Tovide,Physicality,74.85986,77.0,2.14013671875
Lukas Pinckert,Physicality,72.138214,70.0,2.138214111328125
Trevor Clarke,Physicality,67.138145,65.0,2.1381454467773438
Valerio Mastrantonio,Physicality,66.86327,69.0,2.1367263793945312
Mohamed Koné,Physicality,59.13428,57.0,2.1342811584472656
Davy Rouyard,Physicality,59.133644,57.0,2.1336441040039062
Lucien Hawryluk,Physicality,59.131134,57.0,2.131134033203125
Mio Backhaus,Physicality,59.13014,57.0,2.130138397216797
Mohamed Daramy,Physicality,66.87281,69.0,2.1271896362304688
Bogdan Racovițan,Physicality,72.87588,75.0,2.1241226196289062
Nicholas Bonfanti,Physicality,56.87799,59.0,2.12200927734375
Harvey Vale,Physicality,52.880592,55.0,2.1194076538085938
Dominic Jefferies,Physicality,67.88259,70.0,2.1174087524414062
Anass Salah-Eddine,Physicality,62.88268,65.0,2.117321014404297
Kenneth Schmidt,Physicality,67.88521,70.0,2.1147918701171875
Oscar Wallin,Physicality,63.885315,66.0,2.11468505859375
Ethan Ingram,Physicality,49.888042,52.0,2.111957550048828
Tim Oermann,Physicality,65.896225,68.0,2.1037750244140625
Juljan Shehu,Physicality,64.103294,62.0,2.1032943725585938
Batista Mendy,Physicality,76.89844,79.0,2.1015625
Ben Bobzien,Physicality,47.098965,45.0,2.0989646911621094
Lucas Halangk,Physicality,58.906517,61.0,2.0934829711914062
Petko Hristov,Physicality,74.09297,72.0,2.0929718017578125
John Nelson,Physicality,59.907627,62.0,2.0923728942871094
Alassana Jatta,Physicality,65.08953,63.0,2.0895309448242188
Kilian Fischer,Physicality,67.9137,70.0,2.0863037109375
Jayden Richardson,Physicality,62.92196,65.0,2.0780410766601562
Noa Savignac,Physicality,47.922207,50.0,2.0777931213378906
Abdullah Al Enazi,Physicality,47.076653,45.0,2.0766525268554688
Kenji Cabrera,Physicality,51.92483,54.0,2.0751686096191406
David Toure,Physicality,58.071922,56.0,2.0719223022460938
Louie Watson,Physicality,43.06762,41.0,2.0676193237304688
Al-Amin Kazeem,Physicality,60.065372,58.0,2.0653724670410156
Damian Rivera,Physicality,51.060886,49.0,2.0608863830566406
Nohan Kenneh,Physicality,69.941376,72.0,2.058624267578125
Lassi Lappalainen,Physicality,58.941685,61.0,2.0583152770996094
Falko Michel,Physicality,66.94342,69.0,2.05657958984375
Devin Sür,Physicality,58.056396,56.0,2.056396484375
Jack Keaney,Physicality,68.945694,71.0,2.0543060302734375
Shaqai Forde,Physicality,57.052612,55.0,2.0526123046875
Callum Brittain,Physicality,62.948597,65.0,2.051403045654297
Oscar Vilhelmsson,Physicality,63.95342,66.0,2.046581268310547
Ludvig Carlius,Physicality,52.044254,50.0,2.0442543029785156
Ismet Lushaku,Physicality,48.957344,51.0,2.0426559448242188
Ousseni Bouda,Physicality,52.036728,50.0,2.0367279052734375
Michał Karbownik,Physicality,60.96882,63.0,2.0311813354492188
Scott Wharton,Physicality,73.97255,76.0,2.0274505615234375
Yaw Ackah,Physicality,60.019947,58.0,2.019947052001953
Daniel Aguirre,Physicality,52.980896,55.0,2.01910400390625
Lewis Richardson,Physicality,50.982285,53.0,2.0177154541015625
Daniel Maldini,Physicality,53.016327,51.0,2.016326904296875
Kieran Cruise,Physicality,53.013176,51.0,2.0131759643554688
Baran Mogultay,Physicality,55.98751,58.0,2.0124893188476562
Pietro Pellegri,Physicality,64.00775,62.0,2.00775146484375
Lawrence Ennali,Physicality,47.994553,50.0,2.0054473876953125
Oliver Wähling,Physicality,62.00188,60.0,2.001880645751953
James Olayinka,Physicality,52.99916,55.0,2.0008392333984375
Jonny Yull,Physicality,49.99945,52.0,2.00054931640625
Alexandro Calut,Physicality,57.002285,59.0,1.9977149963378906
Bali Mumba,Physicality,56.002716,58.0,1.997283935546875
Hugo Siquet,Physicality,64.00338,66.0,1.9966201782226562
Jakub Lutostański,Physicality,42.996037,41.0,1.9960365295410156
Mohamed El Arouch,Physicality,55.993614,54.0,1.9936141967773438
Jamie Shackleton,Physicality,66.00664,68.0,1.9933624267578125
Haydon Roberts,Physicality,65.00708,67.0,1.992919921875
Mukhair Al Rashidi,Physicality,59.007557,61.0,1.9924430847167969
Achraf Dari,Physicality,70.990555,69.0,1.9905548095703125
Lukas Schleimer,Physicality,43.011772,45.0,1.9882278442382812
Mattia Zanotti,Physicality,59.98817,58.0,1.9881706237792969
Kristoffer Velde,Physicality,59.012688,61.0,1.9873123168945312
Caolán Boyd-Munce,Physicality,59.015404,61.0,1.9845962524414062
Bright Akwo Arrey-Mbi,Physicality,69.01565,71.0,1.9843521118164062
Emeric Depussay,Physicality,60.020607,62.0,1.9793930053710938
Odin Luraas Bjørtuft,Physicality,70.022484,72.0,1.9775161743164062
Connor Taylor,Physicality,70.024864,72.0,1.9751358032226562
Leonhard Münst,Physicality,53.026516,55.0,1.9734840393066406
Ryan Howley,Physicality,59.0291,61.0,1.9709014892578125
Armindo Sieb,Physicality,57.03477,59.0,1.9652290344238281
Kevin Wiethaup,Physicality,49.963326,48.0,1.9633255004882812
Demeaco Duhaney,Physicality,63.038414,65.0,1.9615859985351562
Dion Krasniqi,Physicality,66.960175,65.0,1.960174560546875
Arthur Zagré,Physicality,48.041576,50.0,1.9584236145019531
Tjark Ernst,Physicality,59.042236,61.0,1.957763671875
Bryan Nokoue,Physicality,66.043884,68.0,1.95611572265625
Connor Mahoney,Physicality,45.04505,47.0,1.9549484252929688
Ryan Porteous,Physicality,78.04615,80.0,1.9538497924804688
Adilson Malanda,Physicality,68.04687,70.0,1.9531326293945312
Nadir Zortea,Physicality,58.951946,57.0,1.9519462585449219
Tymoteusz Puchacz,Physicality,75.04907,77.0,1.950927734375
Marko Bulat,Physicality,67.94757,66.0,1.94757080078125
Lars Kehl,Physicality,54.052864,56.0,1.9471359252929688
Nnamdi Collins,Physicality,69.94588,68.0,1.9458770751953125
Gonzalo Flores,Physicality,58.0558,60.0,1.9441986083984375
Loick Ayina,Physicality,64.05598,66.0,1.9440231323242188
Jarrad Branthwaite,Physicality,69.0571,71.0,1.942901611328125
Hassan Al Mohammed,Physicality,71.93836,70.0,1.9383621215820312
Jay Henderson,Physicality,51.06553,53.0,1.9344711303710938
Tom Rothe,Physicality,71.06872,73.0,1.9312820434570312
Robert Voloder,Physicality,61.07153,63.0,1.9284706115722656
Erik Majetschak,Physicality,66.071815,68.0,1.9281845092773438
Valeriy Bondar,Physicality,71.07232,73.0,1.9276809692382812
Mateusz Praszelik,Physicality,60.073826,62.0,1.9261741638183594
Samuel Edozie,Physicality,48.92118,47.0,1.9211807250976562
Wisdom Amey,Physicality,67.917755,66.0,1.917755126953125
Lewis Macari,Physicality,57.91755,56.0,1.9175491333007812
Lucas Brumme,Physicality,61.083324,63.0,1.9166755676269531
Deroy Duarte,Physicality,72.08581,74.0,1.9141921997070312
Ben Purrington,Physicality,65.08609,67.0,1.913909912109375
Lewis Simper,Physicality,55.91296,54.0,1.9129600524902344
Henrik Skogvold,Physicality,49.087433,51.0,1.912567138671875
Max Bird,Physicality,59.0884,61.0,1.9115982055664062
Valentin Ticu,Physicality,70.09149,72.0,1.90850830078125
Mark Dignam,Physicality,58.097137,60.0,1.902862548828125
Ervin Omić,Physicality,67.09837,69.0,1.9016265869140625
Dženis Burnić,Physicality,65.09962,67.0,1.9003829956054688
Kacper Jodłowski,Physicality,64.8957,63.0,1.8956985473632812
Kimberly Ezekwem,Physicality,69.89371,68.0,1.893707275390625
Niklas Jessen,Physicality,55.892,54.0,1.891998291015625
Doğucan Haspolat,Physicality,67.10822,69.0,1.8917770385742188
Matías Córdova,Physicality,59.108482,61.0,1.8915176391601562
Franco Ortellado,Physicality,74.88652,73.0,1.8865203857421875
Alessio Besio,Physicality,62.11378,64.0,1.8862190246582031
Laldinliana Renthlei,Physicality,66.11475,68.0,1.8852462768554688
Enzo Larrosa,Physicality,63.115807,65.0,1.8841934204101562
Jonathan Dubasin,Physicality,54.11602,56.0,1.8839797973632812
Dion Sanderson,Physicality,73.12002,75.0,1.8799819946289062
Matteo Ruggeri,Physicality,64.879166,63.0,1.8791656494140625
Théo Le Bris,Physicality,49.878044,48.0,1.8780441284179688
Marouan Azarkan,Physicality,52.124275,54.0,1.8757247924804688
Amin Farouk,Physicality,54.87246,53.0,1.8724594116210938
Thomas Rekdal,Physicality,54.12888,56.0,1.8711204528808594
Sambou Soumano,Physicality,51.129257,53.0,1.8707427978515625
Aleksander D. Nilsson,Physicality,51.131187,53.0,1.8688125610351562
Dennis Hadžikadunić,Physicality,73.132195,75.0,1.8678054809570312
Kacper Smoliński,Physicality,58.133198,60.0,1.8668022155761719
Christopher Negele,Physicality,48.136505,50.0,1.863494873046875
Azeem Abdulai,Physicality,60.862427,59.0,1.8624267578125
Malek Al Darwish,Physicality,47.86164,46.0,1.8616409301757812
Gastón Álvarez,Physicality,68.13897,70.0,1.8610305786132812
Erik Botheim,Physicality,70.139946,72.0,1.8600540161132812
Andrei Dragu,Physicality,57.141254,59.0,1.8587455749511719
Ahmed Al Ghamdi,Physicality,59.85729,58.0,1.8572883605957031
Declan Drysdale,Physicality,71.14933,73.0,1.8506698608398438
Thomas Hasal,Physicality,59.152653,61.0,1.8473472595214844
Carlton Morris,Physicality,73.15266,75.0,1.8473434448242188
Jökull Andrésson,Physicality,59.152836,61.0,1.8471641540527344
Adam Wilk,Physicality,59.154484,61.0,1.8455162048339844
Isaac Ogundere,Physicality,52.154507,54.0,1.8454933166503906
Teddy Boulhendi,Physicality,59.158028,61.0,1.8419723510742188
Lukas Fadinger,Physicality,51.84115,50.0,1.8411483764648438
Garissone Innocent,Physicality,59.159286,61.0,1.8407135009765625
Tymur Puzankov,Physicality,59.161274,61.0,1.8387260437011719
Taylor Richards,Physicality,64.16417,66.0,1.8358306884765625
Ibrahim Cissoko,Physicality,54.16782,56.0,1.8321800231933594
Oliver Petersen,Physicality,59.16955,61.0,1.8304481506347656
Kyle Hudlin,Physicality,70.17411,72.0,1.8258895874023438
Phillip König,Physicality,69.82508,68.0,1.8250808715820312
Yari Otto,Physicality,60.17626,62.0,1.8237380981445312
Jeakson Singh,Physicality,70.178925,72.0,1.821075439453125
Jubril Okedina,Physicality,69.17922,71.0,1.8207778930664062
Daniel Wilmering,Physicality,60.18019,62.0,1.8198089599609375
Boubacar Fall,Physicality,59.181095,61.0,1.8189048767089844
David Datro Fofana,Physicality,70.81765,69.0,1.8176498413085938
Michel Stöcker,Physicality,58.188675,60.0,1.8113250732421875
Luca Oyen,Physicality,47.18887,49.0,1.8111305236816406
Kamil Dankowski,Physicality,67.81093,66.0,1.8109283447265625
Julian Niehues,Physicality,73.19125,75.0,1.808746337890625
Aaron Zehnter,Physicality,57.80696,56.0,1.8069610595703125
Myron van Brederode,Physicality,50.193043,52.0,1.8069572448730469
Julian Krahl,Physicality,59.197136,61.0,1.8028640747070312
Brian Jepthe Bayeye,Physicality,64.20118,66.0,1.7988204956054688
Mateusz Żukowski,Physicality,64.2012,66.0,1.798797607421875
Edward McGinty,Physicality,59.202446,61.0,1.7975540161132812
Maximilian Sellinger,Physicality,57.797256,56.0,1.7972564697265625
Lee Buchanan,Physicality,60.20362,62.0,1.7963790893554688
Zico Buurmeester,Physicality,57.206234,59.0,1.7937660217285156
Markus Solbakken,Physicality,68.206635,70.0,1.793365478515625
Ghjuvanni Quilichini,Physicality,59.20687,61.0,1.7931289672851562
Aimen Moueffek,Physicality,66.79292,65.0,1.7929229736328125
Mattia Chiesa,Physicality,59.20738,61.0,1.7926216125488281
Mamady Diambou,Physicality,59.216885,61.0,1.7831153869628906
Rami Al Hajj,Physicality,62.217674,64.0,1.7823257446289062
Pontus Almqvist,Physicality,51.218266,53.0,1.7817344665527344
Mohammed Al Qunayan,Physicality,54.21899,56.0,1.7810096740722656
Sammie Szmodics,Physicality,62.220947,64.0,1.779052734375
Luca Everink,Physicality,68.77549,67.0,1.7754898071289062
Romeo Vucic,Physicality,59.226284,61.0,1.7737159729003906
Frank Junior Adjei,Physicality,48.226643,50.0,1.7733573913574219
Konrad Matuszewski,Physicality,60.22733,62.0,1.7726707458496094
Jamal Amofa,Physicality,73.22759,75.0,1.7724075317382812
Tyrese Campbell,Physicality,67.77203,66.0,1.77203369140625
Koba Leïn Koindredi,Physicality,65.77126,64.0,1.7712631225585938
Jocelyn Janneh,Physicality,60.23071,62.0,1.7692909240722656
Vegard Solheim,Physicality,55.76883,54.0,1.768829345703125
Ahmetcan Kaplan,Physicality,71.767845,70.0,1.7678451538085938
Syb van Ottele,Physicality,67.23358,69.0,1.76641845703125
Jakob Tånnander,Physicality,59.236305,61.0,1.7636947631835938
Jamie Bynoe-Gittens,Physicality,50.23803,52.0,1.7619705200195312
Michael Mieles,Physicality,57.24,59.0,1.7599983215332031
Felix Passlack,Physicality,73.75466,72.0,1.7546615600585938
Joaquín Lavega,Physicality,44.246826,46.0,1.753173828125
Salvatore Dario La Vardera,Physicality,59.247185,61.0,1.7528152465820312
Hussain Sibyani,Physicality,47.247204,49.0,1.7527961730957031
Przemysław Wiśniewski,Physicality,77.25136,79.0,1.7486419677734375
Elio Capradossi,Physicality,67.25756,69.0,1.7424392700195312
Djevencio van der Kust,Physicality,56.25883,58.0,1.7411689758300781
Rafał Adamski,Physicality,60.260925,62.0,1.73907470703125
Justen Glad,Physicality,72.2614,74.0,1.7386016845703125
Leandro Lozano,Physicality,67.26576,69.0,1.7342376708984375
Mustafa Kourouma,Physicality,61.730663,60.0,1.7306632995605469
Harrison Burrows,Physicality,48.269615,50.0,1.7303848266601562
Jalen Hawkins,Physicality,40.728146,39.0,1.7281455993652344
Boris Lambert,Physicality,73.27606,75.0,1.72393798828125
Ross Tierney,Physicality,60.27685,62.0,1.7231483459472656
Mateusz Żyro,Physicality,73.28095,75.0,1.7190475463867188
Yunus Bahadır,Physicality,52.716465,51.0,1.7164649963378906
Juan José Giménez,Physicality,47.28408,49.0,1.7159194946289062
Santiago Toloza,Physicality,48.294193,50.0,1.7058067321777344
Yoni Gomis,Physicality,56.29553,58.0,1.7044715881347656
Sam Greenwood,Physicality,67.29671,69.0,1.7032928466796875
Eros Mancuso,Physicality,61.297653,63.0,1.7023468017578125
Henry Rorig,Physicality,60.304035,62.0,1.6959648132324219
Ryan Schofield,Physicality,59.31341,61.0,1.6865882873535156
Kwadwo Opoku,Physicality,59.31384,61.0,1.6861610412597656
Ben Wilmot,Physicality,70.31568,72.0,1.6843185424804688
Yaw Moses,Physicality,52.315956,54.0,1.6840438842773438
Mika Baur,Physicality,55.682877,54.0,1.6828765869140625
Aventis Aventisian,Physicality,56.31843,58.0,1.6815681457519531
Tyrese Shade,Physicality,65.32139,67.0,1.6786117553710938
Halvor Rødølen Opsahl,Physicality,64.67697,63.0,1.676971435546875
Zak Vyner,Physicality,69.323044,71.0,1.6769561767578125
Brooke Norton-Cuffy,Physicality,68.32519,70.0,1.6748123168945312
Jakub Kałuziński,Physicality,59.32575,61.0,1.6742515563964844
Oğuz Aydın,Physicality,53.3266,55.0,1.67340087890625
David Affengruber,Physicality,71.32667,73.0,1.6733322143554688
Kevin Doukoure,Physicality,68.32779,70.0,1.672210693359375
Toni Domgjoni,Physicality,67.33136,69.0,1.66864013671875
Chris Hegardt,Physicality,48.333157,50.0,1.6668434143066406
Alfie Bendle,Physicality,57.336704,59.0,1.6632957458496094
Iyad Mohamed,Physicality,64.338844,66.0,1.6611557006835938
Clarke Oduor,Physicality,58.659813,57.0,1.6598129272460938
Marco Rus,Physicality,43.651886,42.0,1.651885986328125
David Nemeth,Physicality,77.350105,79.0,1.6498947143554688
Ziyad Larkeche,Physicality,52.649754,51.0,1.6497535705566406
Martin Agnarsson,Physicality,44.649246,43.0,1.6492462158203125
Soumaila Coulibaly,Physicality,68.64823,67.0,1.6482315063476562
Max Melbourne,Physicality,69.64796,68.0,1.6479568481445312
Malcolm Ebiowei,Physicality,52.358334,54.0,1.6416664123535156
Raphael Schifferl,Physicality,69.36068,71.0,1.6393203735351562
Nicholas Mickelson,Physicality,65.36233,67.0,1.6376724243164062
Jack Vale,Physicality,57.362774,59.0,1.6372261047363281
Enzo Tchato,Physicality,61.63553,60.0,1.635528564453125
Femi Azeez,Physicality,65.633766,64.0,1.6337661743164062
Tom Bloxham,Physicality,65.37222,67.0,1.627777099609375
Alessandro Bianco,Physicality,47.62625,46.0,1.626251220703125
Daniel Butterworth,Physicality,60.62509,59.0,1.625091552734375
Michael Gallagher,Physicality,59.37572,61.0,1.6242790222167969
Rijad Smajić,Physicality,68.62378,67.0,1.623779296875
Timothy Noor Ouma,Physicality,59.37632,61.0,1.6236801147460938
Mehdi Loune,Physicality,43.622093,42.0,1.6220932006835938
Brian Gutiérrez,Physicality,46.377975,48.0,1.6220245361328125
Kjell Peersman,Physicality,59.38078,61.0,1.6192207336425781
Laurenz Dehl,Physicality,55.619213,54.0,1.6192131042480469
Zachary Brault-Guillard,Physicality,66.38084,68.0,1.6191635131835938
Mario Šuver,Physicality,65.61811,64.0,1.6181106567382812
Loris Mouyokolo,Physicality,76.382614,78.0,1.6173858642578125
Jack Maher,Physicality,67.38314,69.0,1.6168594360351562
Ninthoi Meetei,Physicality,44.615665,43.0,1.6156654357910156
Darren Yapi,Physicality,55.61043,54.0,1.6104316711425781
Nawaf Al Qumairi,Physicality,56.38959,58.0,1.6104087829589844
Abdoul Fessal Tapsoba,Physicality,52.391834,54.0,1.6081657409667969
Taylor Gardner-Hickman,Physicality,58.392166,60.0,1.6078338623046875
Federico Paradela,Physicality,56.39348,58.0,1.6065216064453125
Berkan Taz,Physicality,56.39485,58.0,1.6051483154296875
Abdul Fatawu Issahaku,Physicality,52.397106,54.0,1.6028938293457031
Filippo Ranocchia,Physicality,69.39982,71.0,1.6001815795898438
Abass Issah,Physicality,67.598885,66.0,1.5988845825195312
Sadou Diallo,Physicality,72.59788,71.0,1.5978775024414062
Muharem Huskovic,Physicality,52.403893,54.0,1.5961074829101562
Timothy Tillman,Physicality,62.404728,64.0,1.5952720642089844
Bobby Faulkner,Physicality,65.405685,67.0,1.5943145751953125
Mai Traore,Physicality,56.40861,58.0,1.5913887023925781
Rohit Danu,Physicality,41.41028,43.0,1.5897216796875
Yahya Kalley,Physicality,58.410297,60.0,1.5897026062011719
Michael Svoboda,Physicality,77.41713,79.0,1.5828704833984375
Kastriot Imeri,Physicality,65.42036,67.0,1.5796432495117188
Daniel Barden,Physicality,59.422623,61.0,1.5773773193359375
Federico Giraudo,Physicality,70.577225,69.0,1.5772247314453125
Derek Mazou-Sacko,Physicality,56.576492,55.0,1.5764923095703125
Adam Montgomery,Physicality,59.42479,61.0,1.5752105712890625
Tawanda Maswanhise,Physicality,45.42707,47.0,1.5729293823242188
Joseph Rosales,Physicality,55.429214,57.0,1.5707855224609375
Oliver Fobassam,Physicality,72.42983,74.0,1.5701675415039062
Alfie Lewis,Physicality,59.433548,61.0,1.5664520263671875
Abdourahmane Barry,Physicality,68.43469,70.0,1.5653076171875
Sebastiano Esposito,Physicality,59.435078,61.0,1.5649223327636719
Yohan Cassubie,Physicality,68.43858,70.0,1.5614166259765625
Joe-Loïc Affamah,Physicality,52.560616,51.0,1.5606155395507812
Abdulaziz Noor,Physicality,52.44492,54.0,1.5550804138183594
Moritz Römling,Physicality,69.44743,71.0,1.5525665283203125
Malick Fofana,Physicality,39.55108,38.0,1.5510787963867188
Igor Matanović,Physicality,71.54799,70.0,1.5479888916015625
Emanuel Aiwu,Physicality,73.45218,75.0,1.547821044921875
Florian Wustinger,Physicality,59.54735,58.0,1.5473518371582031
Augustine Boakye,Physicality,48.45559,50.0,1.5444107055664062
Nawaf Boushal,Physicality,70.45608,72.0,1.5439224243164062
Mayckel Lahdo,Physicality,55.543747,54.0,1.5437469482421875
Dean James,Physicality,57.45629,59.0,1.5437088012695312
Felix Strauss,Physicality,73.46686,75.0,1.53314208984375
Mert Yılmaz,Physicality,55.469612,57.0,1.5303878784179688
Warren Bondo,Physicality,65.52685,64.0,1.5268478393554688
Eldin Dzogovic,Physicality,62.47438,64.0,1.5256195068359375
Jan Gorenc,Physicality,74.5256,73.0,1.5255966186523438
Andrea Oliveri,Physicality,47.522232,46.0,1.5222320556640625
Teddy Alloh,Physicality,53.521103,52.0,1.5211029052734375
Luke Mbete,Physicality,72.51959,71.0,1.51959228515625
Rahim Ali,Physicality,58.481243,60.0,1.5187568664550781
Alec Georgen,Physicality,57.51841,56.0,1.5184097290039062
Diego Coppola,Physicality,70.513336,69.0,1.513336181640625
Aymen Boutoutaou,Physicality,40.487095,42.0,1.5129051208496094
Sanders Ngabo,Physicality,58.51231,57.0,1.5123100280761719
Tahith Chong,Physicality,61.493057,63.0,1.5069427490234375
Zakaria Hawsawi,Physicality,61.495033,63.0,1.5049667358398438
Liam Thompson,Physicality,51.50473,50.0,1.504730224609375
Kamil Kruk,Physicality,70.49551,72.0,1.5044937133789062
Jamie Egan,Physicality,65.502785,67.0,1.4972152709960938
Danny Norris,Physicality,49.496918,48.0,1.496917724609375
Hicham Mahou,Physicality,52.503212,54.0,1.4967880249023438
Flavio Alcedo,Physicality,63.503292,65.0,1.4967079162597656
Sofiane Alakouch,Physicality,62.50412,64.0,1.495880126953125
Juninho Bacuna,Physicality,75.50887,77.0,1.4911270141601562
Ewoud Pletinckx,Physicality,75.50992,77.0,1.490081787109375
Oualid Mhamdi,Physicality,61.48961,60.0,1.4896087646484375
Hayden Coulson,Physicality,59.5106,61.0,1.4893989562988281
Emir Tintiş,Physicality,65.4851,64.0,1.4850997924804688
Kayden Pierre,Physicality,52.484818,51.0,1.4848175048828125
Tobias Anselm,Physicality,57.515488,59.0,1.4845123291015625
Andrea Carboni,Physicality,70.4823,69.0,1.4822998046875
Cameron Duke,Physicality,51.51809,53.0,1.4819107055664062
Danylo Sikan,Physicality,56.519207,58.0,1.4807929992675781
Jay Barnett,Physicality,56.52081,58.0,1.4791908264160156
Madou Touré,Physicality,59.47645,58.0,1.4764518737792969
Arda Kızıldağ,Physicality,64.524734,66.0,1.4752655029296875
Hussein Ali,Physicality,57.52571,59.0,1.4742889404296875
Dominik Stumberger,Physicality,65.52726,67.0,1.4727401733398438
Niclas Stierlin,Physicality,71.52747,73.0,1.4725265502929688
Thomas Thiesson Kristensen,Physicality,73.5275,75.0,1.472503662109375
Léo Leroy,Physicality,64.52776,66.0,1.4722366333007812
Ricky-Jade Jones,Physicality,61.53298,63.0,1.4670181274414062
Zeno Debast,Physicality,71.5364,73.0,1.4636001586914062
Derry Scherhant,Physicality,57.463036,56.0,1.4630355834960938
Nishan Velupillay,Physicality,53.462177,52.0,1.4621772766113281
Junior Noguera,Physicality,45.46043,44.0,1.4604301452636719
Aniket Jadhav,Physicality,66.459015,65.0,1.459014892578125
Johan Bakke,Physicality,44.542934,46.0,1.4570655822753906
Princeton Rebello,Physicality,56.546135,58.0,1.4538650512695312
Clément Vidal,Physicality,69.45333,68.0,1.4533309936523438
Alessandro Zanoli,Physicality,68.55241,70.0,1.4475936889648438
Tim Civeja,Physicality,58.55277,60.0,1.4472312927246094
Kelvin Arase,Physicality,43.55582,45.0,1.4441795349121094
Jaouen Hadjam,Physicality,70.55743,72.0,1.4425735473632812
Sebastián Quintana,Physicality,58.557655,60.0,1.4423446655273438
Mads Pedersen,Physicality,64.558716,66.0,1.4412841796875
Cyrill Akono,Physicality,69.4396,68.0,1.4395980834960938
Róbert Boženík,Physicality,71.562004,73.0,1.4379959106445312
Elkan Baggott,Physicality,69.56289,71.0,1.4371109008789062
David Čolina,Physicality,52.564075,54.0,1.4359245300292969
Cosmin Bucuroiu,Physicality,43.43194,42.0,1.4319381713867188
Kayne Ramsay,Physicality,65.568596,67.0,1.4314041137695312
Alan Virginius,Physicality,40.430885,39.0,1.4308853149414062
Jurgen Çelhaka,Physicality,66.569244,68.0,1.430755615234375
Andy Breuer,Physicality,45.430515,44.0,1.4305152893066406
Nassim Innocenti,Physicality,63.428505,62.0,1.4285049438476562
Muhammed Damar,Physicality,54.428196,53.0,1.4281959533691406
Lion Semić,Physicality,65.42771,64.0,1.4277114868164062
Nigel Thomas,Physicality,54.42405,53.0,1.4240493774414062
Jack McGlynn,Physicality,57.576385,59.0,1.423614501953125
Antonio Jonjić,Physicality,59.57706,61.0,1.4229393005371094
Abdulkerim Çakar,Physicality,58.581505,60.0,1.4184951782226562
Maksym Kucheriavyi,Physicality,42.41766,41.0,1.4176597595214844
Moussa N'Diaye,Physicality,64.416626,63.0,1.4166259765625
Nathan Tjoe-A-On,Physicality,66.586464,68.0,1.4135360717773438
Raphael Framberger,Physicality,62.412193,61.0,1.4121932983398438
Federico Bonazzoli,Physicality,61.4121,60.0,1.4121017456054688
Sławomir Abramowicz,Physicality,59.407764,58.0,1.4077644348144531
Babajide Adeeko,Physicality,52.407284,51.0,1.4072837829589844
Isaac Nuhu,Physicality,43.597187,45.0,1.4028129577636719
Felix Götze,Physicality,66.59907,68.0,1.4009323120117188
Rashaan Fernandes,Physicality,54.399326,53.0,1.3993263244628906
Niccolò Corrado,Physicality,57.603107,59.0,1.3968925476074219
Dominik Kother,Physicality,46.60437,48.0,1.3956298828125
Souleymane Diaby,Physicality,60.60499,62.0,1.3950119018554688
Jerry Skotadis,Physicality,64.38958,63.0,1.3895797729492188
Denis Genreau,Physicality,67.38954,66.0,1.3895416259765625
Ayman Benarous,Physicality,45.38326,44.0,1.3832588195800781
Enzo Cornelisse,Physicality,62.618744,64.0,1.381256103515625
Ahmed Qasem,Physicality,53.61904,55.0,1.3809585571289062
Liam Gibbs,Physicality,57.6227,59.0,1.3773002624511719
Callum Talbot,Physicality,65.3773,64.0,1.3772964477539062
Luca Kronberger,Physicality,64.623276,66.0,1.3767242431640625
Serge-Philippe Raux-Yao,Physicality,76.62575,78.0,1.3742523193359375
Will Richmond,Physicality,53.374237,52.0,1.374237060546875
Dion Kacuri,Physicality,61.374084,60.0,1.37408447265625
Andy Cannon,Physicality,65.37355,64.0,1.3735504150390625
Jamie Mullins,Physicality,41.373493,40.0,1.3734931945800781
Alfie Devine,Physicality,56.36948,55.0,1.3694801330566406
Tomás Galván,Physicality,47.36758,46.0,1.3675804138183594
Callum Styles,Physicality,63.633434,65.0,1.3665657043457031
Jaylin Lindsey,Physicality,70.63512,72.0,1.3648834228515625
Łukasz Bejger,Physicality,66.364174,65.0,1.3641738891601562
Tobias Fleckstein,Physicality,69.364105,68.0,1.364105224609375
Sævar Atli Magnússon,Physicality,58.636658,60.0,1.36334228515625
Bartłomiej Wdowik,Physicality,63.36299,62.0,1.3629913330078125
Grégory Coelho,Physicality,66.63914,68.0,1.3608627319335938
Jordan McEneff,Physicality,44.360146,43.0,1.3601455688476562
Darragh Nugent,Physicality,62.640545,64.0,1.3594551086425781
Thijs Timmermans,Physicality,65.359215,64.0,1.3592147827148438
Aleks Ławniczak,Physicality,73.6421,75.0,1.3579025268554688
Giulian Biancone,Physicality,73.35587,72.0,1.3558731079101562
Oisin Gallagher,Physicality,54.645958,56.0,1.3540420532226562
Yahya Al Najai,Physicality,52.6465,54.0,1.3535003662109375
Victor Larsson,Physicality,69.646736,71.0,1.3532638549804688
Daouda Guindo,Physicality,66.64788,68.0,1.3521194458007812
Matthis Riou,Physicality,68.64988,70.0,1.3501205444335938
Stelios Andreou,Physicality,71.64996,73.0,1.35003662109375
Žan Zaletel,Physicality,66.6508,68.0,1.3491973876953125
Bryang Kayo,Physicality,66.34453,65.0,1.3445281982421875
Amine Salama,Physicality,59.65695,61.0,1.343048095703125
Toni Stahl,Physicality,59.342163,58.0,1.3421630859375
Ayush Adhikari,Physicality,55.338367,54.0,1.3383674621582031
Rémy Vita,Physicality,49.663567,51.0,1.3364334106445312
Daniel Klein,Physicality,59.33465,58.0,1.3346481323242188
Paul Tschernuth,Physicality,59.332546,58.0,1.3325462341308594
Yllan Okou,Physicality,65.331924,64.0,1.3319244384765625
Evan Weir,Physicality,56.331596,55.0,1.3315963745117188
Santiago Castro,Physicality,62.668655,64.0,1.3313446044921875
Martin Wasinski,Physicality,63.330162,62.0,1.3301620483398438
Serano Seymor,Physicality,63.67202,65.0,1.3279800415039062
Etienne Camara,Physicality,67.67256,69.0,1.3274383544921875
Taylor Moore,Physicality,70.67284,72.0,1.3271636962890625
Kilian Ludewig,Physicality,62.67514,64.0,1.324859619140625
Rijad Sadiku,Physicality,67.67689,69.0,1.3231124877929688
Dijon Kameri,Physicality,61.676914,63.0,1.3230857849121094
Florian Flick,Physicality,70.67734,72.0,1.322662353515625
Mallik Wilks,Physicality,70.67925,72.0,1.3207473754882812
Taylor Perry,Physicality,58.685505,60.0,1.3144950866699219
Antonio Raimondo,Physicality,58.314342,57.0,1.3143424987792969
Lewis Billington,Physicality,63.313507,62.0,1.313507080078125
Muhammed Gümüşkaya,Physicality,55.68849,57.0,1.3115081787109375
Antonio Marin,Physicality,67.31073,66.0,1.31072998046875
Louie Sibley,Physicality,65.30887,64.0,1.308868408203125
Alexandre Phliponeau,Physicality,68.308846,67.0,1.3088455200195312
Ben Jackson,Physicality,58.691658,60.0,1.3083419799804688
Arian Llugiqi,Physicality,66.30634,65.0,1.3063430786132812
Alex Mighten,Physicality,46.697124,48.0,1.3028755187988281
Gideon Tetteh,Physicality,40.697826,42.0,1.3021736145019531
Alexandre Pierre,Physicality,59.301872,58.0,1.3018722534179688
Ahmed Bahusayn,Physicality,58.30098,57.0,1.3009796142578125
Kylian Kouassi,Physicality,51.297424,50.0,1.29742431640625
Ștefan Pănoiu,Physicality,58.70698,60.0,1.2930183410644531
Aaron Ramsey,Physicality,58.71084,60.0,1.2891616821289062
Rasmus Cronvall,Physicality,46.286434,45.0,1.2864341735839844
Žan Kolmanič,Physicality,62.719936,64.0,1.2800636291503906
Giovanni Garofani,Physicality,59.2797,58.0,1.2797012329101562
Nicolai Rapp,Physicality,70.72052,72.0,1.27947998046875
Paul Omo Mukairu,Physicality,62.279243,61.0,1.2792434692382812
Edgaras Utkus,Physicality,72.274956,71.0,1.2749557495117188
Kevin Bukusu,Physicality,75.27039,74.0,1.2703933715820312
Romaric Yapi,Physicality,58.72982,60.0,1.2701797485351562
Grégoire Coudert,Physicality,59.263054,58.0,1.2630538940429688
Kelland Watts,Physicality,74.26186,73.0,1.2618637084960938
Philippe Paulin Keny,Physicality,69.73863,71.0,1.2613677978515625
Harvey O'Brien,Physicality,59.740005,61.0,1.2599945068359375
Belal Halbouni,Physicality,72.25588,71.0,1.2558822631835938
Malcom Bokele,Physicality,66.74542,68.0,1.25457763671875
Julian Eitschberger,Physicality,54.254536,53.0,1.2545356750488281
Engson Singh,Physicality,42.74648,44.0,1.2535209655761719
Cemali Sertel,Physicality,69.25105,68.0,1.2510528564453125
Leon Augustine,Physicality,50.75,52.0,1.25
Jonatas Santos,Physicality,57.750797,59.0,1.2492027282714844
Joe White,Physicality,58.24845,57.0,1.2484512329101562
Luis Carlos Rodríguez,Physicality,55.756313,57.0,1.2436866760253906
Lewis Mayo,Physicality,68.7581,70.0,1.2418975830078125
Nicholas Pennington,Physicality,65.75845,67.0,1.241546630859375
Sebastian Wade,Physicality,57.239323,56.0,1.2393226623535156
Simon Straudi,Physicality,59.23932,58.0,1.23931884765625
Serge Ngoma,Physicality,55.76133,57.0,1.2386703491210938
Deian Verón,Physicality,67.23699,66.0,1.2369918823242188
Seydouba Cisse,Physicality,55.76311,57.0,1.2368888854980469
Kipp Keller,Physicality,69.23638,68.0,1.2363815307617188
Alper Demirol,Physicality,64.22799,63.0,1.2279891967773438
Albert Hofman,Physicality,52.77288,54.0,1.2271194458007812
Liam Scales,Physicality,72.77396,74.0,1.226043701171875
Enis Destan,Physicality,67.77617,69.0,1.2238311767578125
Jakub Kadak,Physicality,46.78156,48.0,1.2184410095214844
Tomás Jacob,Physicality,60.78205,62.0,1.2179489135742188
Jakub Stolarczyk,Physicality,59.214382,58.0,1.2143821716308594
Jake Najdovski,Physicality,43.787556,45.0,1.2124443054199219
Lukas Sulzbacher,Physicality,62.78801,64.0,1.2119903564453125
Markus Ponath,Physicality,59.21195,58.0,1.2119483947753906
George Harmon,Physicality,55.788147,57.0,1.21185302734375
Hayden Muller,Physicality,65.21081,64.0,1.2108078002929688
Bojan Miovski,Physicality,63.790596,65.0,1.2094039916992188
Lars Lukas Mai,Physicality,76.20904,75.0,1.2090377807617188
Taïryk Arconte,Physicality,56.794098,58.0,1.205902099609375
Boris Singh,Physicality,44.794697,46.0,1.2053031921386719
Edvin Becirovic,Physicality,58.205284,57.0,1.2052841186523438
Danny Amos,Physicality,58.797585,60.0,1.2024154663085938
Vlad Pop,Physicality,68.80017,70.0,1.1998291015625
Liam Delap,Physicality,70.195595,69.0,1.1955947875976562
Quentin Merlin,Physicality,54.80553,56.0,1.1944694519042969
Denis Huseinbašić,Physicality,69.805565,71.0,1.1944351196289062
Prabhsukhan Gill,Physicality,59.19323,58.0,1.1932296752929688
Daniel Adamczyk,Physicality,59.191696,58.0,1.1916961669921875
Joe Rankin-Costello,Physicality,66.81124,68.0,1.1887588500976562
Ryan Raposo,Physicality,51.18831,50.0,1.1883087158203125
Dennis Jastrzembski,Physicality,58.811768,60.0,1.188232421875
Uran Bislimi,Physicality,69.81193,71.0,1.1880722045898438
Mathias Olesen,Physicality,66.812004,68.0,1.1879959106445312
Dylan Teves,Physicality,44.813137,46.0,1.1868629455566406
Joaquín Pombo,Physicality,71.82084,73.0,1.1791610717773438
Niklas Sauter,Physicality,59.17904,58.0,1.1790390014648438
Oussama Targhalline,Physicality,57.17746,56.0,1.177459716796875
Pietro Boer,Physicality,59.17181,58.0,1.1718101501464844
Adam Ingi Benediktsson,Physicality,59.171013,58.0,1.1710128784179688
Kryspin Szcześniak,Physicality,68.83033,70.0,1.1696701049804688
Alex Paulsen,Physicality,59.16929,58.0,1.1692886352539062
Pontus Kindberg,Physicality,47.167786,46.0,1.16778564453125
Lenn Jastremski,Physicality,62.832775,64.0,1.1672248840332031
Lasse Sørensen,Physicality,65.83489,67.0,1.1651077270507812
Frankie Amaya,Physicality,64.835945,66.0,1.1640548706054688
Mimeirhel Benita,Physicality,60.837082,62.0,1.1629180908203125
Burak Kapacak,Physicality,60.837406,62.0,1.1625938415527344
Alex Méndez,Physicality,55.838154,57.0,1.1618461608886719
Jonathan Meier,Physicality,62.83901,64.0,1.1609916687011719
Sam Taylor,Physicality,46.840446,48.0,1.1595535278320312
Facundo Sanguinetti,Physicality,59.156918,58.0,1.1569175720214844
Tyreeq Bakinson,Physicality,72.84658,74.0,1.1534194946289062
Jekob Abiezer Jeno,Physicality,67.1528,66.0,1.152801513671875
Jose Herrera,Physicality,51.847977,53.0,1.1520233154296875
Louis Torres,Physicality,54.15061,53.0,1.1506118774414062
Francesco Lo Celso,Physicality,57.15011,56.0,1.1501083374023438
Liam Burt,Physicality,48.854164,50.0,1.1458358764648438
Reece McAlear,Physicality,56.854813,58.0,1.1451873779296875
Anton Kade,Physicality,42.144276,41.0,1.1442756652832031
Sebastian Selin,Physicality,59.144234,58.0,1.1442337036132812
Jong-min Seo,Physicality,57.140102,56.0,1.1401023864746094
Oscar Wiklöf,Physicality,59.13824,58.0,1.1382408142089844
Amir Abdijanovic,Physicality,60.86255,62.0,1.137451171875
Justin Salmon,Physicality,68.86804,70.0,1.1319580078125
Luke Robinson,Physicality,58.868725,60.0,1.1312751770019531
Robin Roefs,Physicality,59.131134,58.0,1.131134033203125
Kreshnik Krasniqi,Physicality,59.869553,61.0,1.1304473876953125
Adrian Durrer,Physicality,71.12666,70.0,1.1266632080078125
Gabriel Aranda,Physicality,70.8772,72.0,1.122802734375
Sebastian Aigner,Physicality,64.12183,63.0,1.1218338012695312
Fredrik Oppegård,Physicality,59.87893,61.0,1.1210708618164062
Jan Sobociński,Physicality,68.88844,70.0,1.1115570068359375
Liam Kerrigan,Physicality,65.89059,67.0,1.1094131469726562
El Bilal Touré,Physicality,63.89164,65.0,1.1083602905273438
Di'Shon Bernard,Physicality,75.89587,77.0,1.1041336059570312
Ask Tjærandsen-Skau,Physicality,55.895985,57.0,1.1040153503417969
Tommaso Cassandro,Physicality,64.10234,63.0,1.1023406982421875
Luca Bendel,Physicality,59.09837,58.0,1.0983695983886719
Lennart Czyborra,Physicality,68.09744,67.0,1.097442626953125
Keanan Bennetts,Physicality,59.095806,58.0,1.0958061218261719
Bertram Kvist,Physicality,48.093666,47.0,1.0936660766601562
Josh Andrews,Physicality,66.090096,65.0,1.0900955200195312
Sami Lahssaini,Physicality,60.91287,62.0,1.0871315002441406
Tony Gallacher,Physicality,60.916267,62.0,1.0837326049804688
Oussama El Azzouzi,Physicality,63.917217,65.0,1.0827827453613281
Mathias Delorge,Physicality,50.917915,52.0,1.0820846557617188
Sam Sherring,Physicality,67.920044,69.0,1.0799560546875
Þórir Jóhann Helgason,Physicality,63.078705,62.0,1.078704833984375
Moritz Broschinski,Physicality,59.92447,61.0,1.075531005859375
Kasey McAteer,Physicality,51.928024,53.0,1.0719757080078125
Conor Coventry,Physicality,63.92825,65.0,1.0717506408691406
Alfie Chang,Physicality,60.933243,62.0,1.0667572021484375
Anthony Oyono,Physicality,59.93594,61.0,1.0640602111816406
Florian Hoxha,Physicality,59.063087,58.0,1.0630874633789062
Farès Chaïbi,Physicality,69.94014,71.0,1.0598602294921875
Reece Hutchinson,Physicality,56.942028,58.0,1.0579719543457031
Lameck Banda,Physicality,42.944244,44.0,1.055755615234375
Pat Jones,Physicality,48.055023,47.0,1.055023193359375
Gianluca Frabotta,Physicality,65.947365,67.0,1.0526351928710938
Taras Gomulka,Physicality,65.05051,64.0,1.050506591796875
Ali Youssef,Physicality,55.952232,57.0,1.0477676391601562
Silas Nwankwo,Physicality,65.953354,67.0,1.0466461181640625
Dawid Kurminowski,Physicality,73.95468,75.0,1.045318603515625
Toby Savin,Physicality,58.955635,60.0,1.0443649291992188
Hussain Furayj,Physicality,60.04376,59.0,1.0437583923339844
Brian McManus,Physicality,58.956284,60.0,1.0437164306640625
Arquimides Ordoñez,Physicality,52.04328,51.0,1.0432815551757812
Magnus Warming,Physicality,50.04106,49.0,1.0410614013671875
Tomás Silva,Physicality,48.95909,50.0,1.0409088134765625
Omar El Hilali,Physicality,60.961197,62.0,1.0388031005859375
Ian Smeulers,Physicality,65.96504,67.0,1.0349578857421875
Giuseppe Caso,Physicality,48.96598,50.0,1.0340194702148438
Amario Cozier-Duberry,Physicality,51.031708,50.0,1.031707763671875
Cihan Çanak,Physicality,48.970722,50.0,1.0292778015136719
Adam Wikman,Physicality,51.026905,50.0,1.0269050598144531
Sean Zawadzki,Physicality,63.974365,65.0,1.025634765625
Frederik Jäkel,Physicality,77.02198,76.0,1.0219802856445312
Pape Ndiaga Yade,Physicality,67.02013,66.0,1.0201263427734375
Filippo Terracciano,Physicality,64.98917,66.0,1.010833740234375
Agustín Vera,Physicality,53.009754,52.0,1.0097541809082031
Filippo Melegoni,Physicality,54.995857,56.0,1.0041427612304688
Juan Cruz Esquivel,Physicality,62.996605,64.0,1.0033950805664062
Tjay De Barr,Physicality,58.008526,59.0,0.9914741516113281
Juan José Heinze,Physicality,62.98675,62.0,0.9867515563964844
Fabio Torsiello,Physicality,48.986008,48.0,0.9860076904296875
Noah Mbamba,Physicality,70.984695,70.0,0.9846954345703125
Jack Hannah,Physicality,51.978878,51.0,0.9788780212402344
Noah Fadiga,Physicality,68.02278,69.0,0.9772186279296875
Kévin Cabral,Physicality,55.97373,55.0,0.9737281799316406
Dylan Pierias,Physicality,62.03069,63.0,0.9693107604980469
Charly Nouck Horneman,Physicality,48.031395,49.0,0.9686050415039062
Lucas Soto,Physicality,67.965935,67.0,0.9659347534179688
Jordan Lawrence-Gabriel,Physicality,64.03682,65.0,0.9631805419921875
Adam Devine,Physicality,59.037033,60.0,0.9629669189453125
Andi Hoti,Physicality,69.03802,70.0,0.9619827270507812
Gustav Grubbe,Physicality,56.038795,57.0,0.9612045288085938
Dylan Portilla,Physicality,64.04106,65.0,0.9589385986328125
James Gomez,Physicality,73.04117,74.0,0.958831787109375
Tyler Goodrham,Physicality,42.957695,42.0,0.9576950073242188
Jan Král,Physicality,74.95411,74.0,0.9541091918945312
Joe Tomlinson,Physicality,52.95388,52.0,0.9538803100585938
Nikola Djorić,Physicality,69.95336,69.0,0.9533615112304688
Kostyantyn Vivcharenko,Physicality,65.95307,65.0,0.9530715942382812
Nathan Ngoy,Physicality,68.9527,68.0,0.95269775390625
Rodrigo Márquez,Physicality,53.047882,54.0,0.952117919921875
Adam Murphy,Physicality,58.048958,59.0,0.9510421752929688
Josh Eccles,Physicality,66.051895,67.0,0.9481048583984375
Sam McCallum,Physicality,68.05305,69.0,0.9469528198242188
Daniel Karlsbakk,Physicality,65.05569,66.0,0.9443130493164062
Thomas Williams,Physicality,62.060036,63.0,0.9399642944335938
Jack MacKenzie,Physicality,64.069115,65.0,0.9308853149414062
Fraser Murray,Physicality,49.069416,50.0,0.9305839538574219
Patrick Nwadike,Physicality,73.929955,73.0,0.9299545288085938
Federico Versaci,Physicality,45.070694,46.0,0.9293060302734375
Juan Cruz Giacone,Physicality,65.072105,66.0,0.9278945922851562
Dan Martin,Physicality,59.07672,60.0,0.92327880859375
Evann Guessand,Physicality,68.07712,69.0,0.922882080078125
Kai Corbett,Physicality,51.077477,52.0,0.9225234985351562
Oliver Hammond,Physicality,59.078278,60.0,0.921722412109375
Daniel Pereira,Physicality,62.080822,63.0,0.9191780090332031
Darren Robinson,Physicality,55.086185,56.0,0.9138145446777344
Martin Šviderský,Physicality,62.91164,62.0,0.9116401672363281
Simone Davi,Physicality,58.088974,59.0,0.9110260009765625
Rareș Ispas,Physicality,59.910934,59.0,0.9109344482421875
Zack Farnsworth,Physicality,60.906296,60.0,0.9062957763671875
Nayel Mehssatou,Physicality,52.095425,53.0,0.9045753479003906
Ousoumane Camara,Physicality,65.10007,66.0,0.899932861328125
Michael Halliday,Physicality,57.10029,58.0,0.8997116088867188
Jannes Van Hecke,Physicality,48.10304,49.0,0.8969612121582031
Oisín McEntee,Physicality,68.89645,68.0,0.8964462280273438
Alexander Bernhardsson,Physicality,59.109848,60.0,0.8901519775390625
Elias Hoff Melkersen,Physicality,63.111492,64.0,0.8885078430175781
Jordi Osei-Tutu,Physicality,62.886147,62.0,0.8861465454101562
Steven Sserwadda,Physicality,53.884636,53.0,0.8846359252929688
Sahil Panwar,Physicality,71.88242,71.0,0.8824234008789062
Kyrylo Melichenko,Physicality,59.118954,60.0,0.8810462951660156
Zidane Iqbal,Physicality,55.88064,55.0,0.8806381225585938
Jacob Greaves,Physicality,74.12002,75.0,0.8799819946289062
Gabrijel Rukavina,Physicality,54.12033,55.0,0.879669189453125
Habib Sylla,Physicality,66.87924,66.0,0.879241943359375
Andres Jasson,Physicality,49.120945,50.0,0.8790550231933594
Tanguy Zoukrou,Physicality,62.12484,63.0,0.8751602172851562
Simon Asta,Physicality,59.12783,60.0,0.8721694946289062
Lukas Gütlbauer,Physicality,59.131733,60.0,0.8682670593261719
Mads Bech Sørensen,Physicality,73.867386,73.0,0.8673858642578125
Nassim Boujellab,Physicality,53.13347,54.0,0.8665313720703125
Emil Bohinen,Physicality,68.13387,69.0,0.8661270141601562
Milan Robberechts,Physicality,55.134407,56.0,0.8655929565429688
Nathan Young-Coombes,Physicality,53.13609,54.0,0.8639106750488281
Ashley Maynard-Brewer,Physicality,59.13636,60.0,0.8636398315429688
Raphaël Eyongo,Physicality,56.136932,57.0,0.863067626953125
Freddie Potts,Physicality,65.86159,65.0,0.8615875244140625
Noureddine El Bahhar,Physicality,51.860878,51.0,0.8608779907226562
Shane Blaney,Physicality,69.141174,70.0,0.85882568359375
Andrei Gorcea,Physicality,59.14208,60.0,0.8579216003417969
Conor Kane,Physicality,61.142277,62.0,0.8577232360839844
Nicolas Popescu,Physicality,57.855995,57.0,0.8559951782226562
Maximilian Braune,Physicality,59.144455,60.0,0.8555450439453125
Sander Moen Foss,Physicality,68.14474,69.0,0.8552627563476562
Aaron Basenach,Physicality,56.854546,56.0,0.8545455932617188
Axel Bamba,Physicality,78.854515,78.0,0.8545150756835938
Carlos Gavilán,Physicality,54.847717,54.0,0.84771728515625
Ernest Boahene,Physicality,59.152576,60.0,0.8474235534667969
Mateusz Skrzypczak,Physicality,72.15329,73.0,0.846710205078125
Hans Christian Bernat,Physicality,59.153595,60.0,0.846405029296875
Mason Bennett,Physicality,74.15663,75.0,0.8433685302734375
Alex Robertson,Physicality,51.842953,51.0,0.8429527282714844
Tom Geerkens,Physicality,64.15757,65.0,0.8424301147460938
Thibault Klidje,Physicality,64.15781,65.0,0.842193603515625
Markus Schubert,Physicality,59.158463,60.0,0.8415374755859375
Théo De Percin,Physicality,59.160545,60.0,0.8394546508789062
Max Mata,Physicality,71.16529,72.0,0.8347091674804688
Jay Rich-Baghuelou,Physicality,78.83441,78.0,0.83441162109375
Bas Van Den Eynden,Physicality,71.83432,71.0,0.834320068359375
Sander Risan Mørk,Physicality,59.167274,60.0,0.8327255249023438
Vedad Radonja,Physicality,60.169304,61.0,0.8306961059570312
Bjarki Steinn Bjarkason,Physicality,51.821568,51.0,0.8215675354003906
Aleksander Paluszek,Physicality,71.178986,72.0,0.821014404296875
Nikolas Sattlberger,Physicality,59.81943,59.0,0.8194313049316406
James Balagizi,Physicality,65.18346,66.0,0.8165435791015625
Sondre Fosnæss Hanssen,Physicality,65.18452,66.0,0.8154830932617188
Oskar Wójcik,Physicality,63.813484,63.0,0.8134841918945312
Luca D'Andrea,Physicality,51.81201,51.0,0.81201171875
Gustaf Lagerbielke,Physicality,65.809326,65.0,0.809326171875
Patryk Dziczek,Physicality,67.80431,67.0,0.8043136596679688
Sulaiman Asiri,Physicality,52.201965,53.0,0.79803466796875
Romoney Crichlow,Physicality,69.20268,70.0,0.7973175048828125
Lorenzo Pirola,Physicality,68.797226,68.0,0.7972259521484375
Cameron Cook,Physicality,59.205265,60.0,0.7947349548339844
Brahima Diarra,Physicality,55.20732,56.0,0.7926788330078125
Mohamed Belhadj Mahmoud,Physicality,65.20901,66.0,0.7909927368164062
Jake Turner,Physicality,59.215153,60.0,0.7848472595214844
Jack Nolan,Physicality,63.784203,63.0,0.7842025756835938
Ethan Laird,Physicality,70.78156,70.0,0.7815628051757812
Adrián Sánchez,Physicality,68.22059,69.0,0.7794113159179688
Kyliane Dong,Physicality,44.77896,44.0,0.778961181640625
Tobias Raschl,Physicality,64.22155,65.0,0.7784500122070312
Jón Dagur Þorsteinsson,Physicality,71.22356,72.0,0.7764434814453125
Fisnik Asllani,Physicality,58.77407,58.0,0.7740707397460938
Semi Belkahia,Physicality,77.77166,77.0,0.7716598510742188
Oscar Solnørdal,Physicality,54.231667,55.0,0.7683334350585938
Michał Feliks,Physicality,65.76785,65.0,0.767852783203125
Sebastian Berhalter,Physicality,61.76721,61.0,0.7672080993652344
Dirk Asare,Physicality,60.23331,61.0,0.7666893005371094
Niklas Kölle,Physicality,66.23512,67.0,0.7648773193359375
Owen Gene,Physicality,66.2358,67.0,0.7641983032226562
Julian Gaines,Physicality,56.76417,56.0,0.7641716003417969
Hugo Andersson,Physicality,73.23672,74.0,0.7632827758789062
Fabian Wilfinger,Physicality,60.23969,61.0,0.7603111267089844
Xavier Dziekoński,Physicality,59.24004,60.0,0.7599601745605469
Szymon Czyż,Physicality,64.240364,65.0,0.7596359252929688
James Delianov,Physicality,59.241314,60.0,0.7586860656738281
Eniss Shabani,Physicality,61.75787,61.0,0.7578697204589844
Calvin Harris,Physicality,56.757523,56.0,0.7575225830078125
Tim Lemperle,Physicality,59.754265,59.0,0.7542648315429688
Fred Onyedinma,Physicality,68.75271,68.0,0.7527084350585938
Randy Schneider,Physicality,49.251842,50.0,0.7481575012207031
Karlo Butić,Physicality,65.74716,65.0,0.747161865234375
José Alfredo Flores,Physicality,54.74625,54.0,0.7462501525878906
Jack Hamilton,Physicality,58.256924,59.0,0.7430763244628906
Josh Benson,Physicality,63.25876,64.0,0.741241455078125
Loum Tchaouna,Physicality,54.2591,55.0,0.7408981323242188
Luis Zárate,Physicality,70.25912,71.0,0.7408828735351562
Marinos Tzionis,Physicality,42.740646,42.0,0.7406463623046875
Krystian Okoniewski,Physicality,53.26072,54.0,0.7392807006835938
Frank Ronstadt,Physicality,66.264206,67.0,0.7357940673828125
Franklin Nyenetue,Physicality,53.265797,54.0,0.7342033386230469
Gabriele Piccinini,Physicality,62.733353,62.0,0.7333526611328125
Tom Roufosse,Physicality,59.26693,60.0,0.7330703735351562
Juan Pablo Torres,Physicality,47.73138,47.0,0.7313804626464844
Halid Šabanović,Physicality,68.730156,68.0,0.7301559448242188
Enea Mihaj,Physicality,70.271965,71.0,0.7280349731445312
Anthony Markanich,Physicality,56.727486,56.0,0.7274856567382812
Adrián Alcaraz,Physicality,42.72545,42.0,0.7254486083984375
Kevin Rüegg,Physicality,75.72502,75.0,0.7250213623046875
Ismaël Koné,Physicality,66.27543,67.0,0.7245712280273438
El Chadaille Bitshiabu,Physicality,76.275635,77.0,0.724365234375
Manuel Ferrel,Physicality,59.27591,60.0,0.724090576171875
George Horbury,Physicality,52.27677,53.0,0.7232284545898438
Chris Sze,Physicality,45.720432,45.0,0.7204322814941406
Peter Kioso,Physicality,67.27983,68.0,0.7201690673828125
Guillermo Balzi,Physicality,59.719273,59.0,0.7192726135253906
Wiktor Długosz,Physicality,59.28079,60.0,0.7192115783691406
Iván Leguizamón,Physicality,51.280792,52.0,0.719207763671875
Ben McCormack,Physicality,53.2859,54.0,0.7140998840332031
Jeison Mina,Physicality,67.71112,67.0,0.71112060546875
Samuel Abifade,Physicality,64.28956,65.0,0.7104415893554688
Archie Goodwin,Physicality,50.290882,51.0,0.7091178894042969
Diego Calcaterra,Physicality,70.70807,70.0,0.70806884765625
George Thomason,Physicality,63.707123,63.0,0.707122802734375
Anton Tsarenko,Physicality,48.70552,48.0,0.7055206298828125
Oscar Luigi Fraulo,Physicality,63.705353,63.0,0.705352783203125
Adam Lewis,Physicality,59.701595,59.0,0.7015953063964844
Reda Khadra,Physicality,62.29848,63.0,0.7015190124511719
Flynn Downes,Physicality,71.30242,72.0,0.6975784301757812
Beni Baningime,Physicality,66.303566,67.0,0.6964340209960938
Marcel Zylla,Physicality,61.30621,62.0,0.6937904357910156
Charlie Savage,Physicality,58.30698,59.0,0.6930198669433594
Ismael Cortez,Physicality,63.307953,64.0,0.692047119140625
Alex Dunne,Physicality,53.690884,53.0,0.6908836364746094
John Iredale,Physicality,62.30938,63.0,0.6906204223632812
Tom Bischof,Physicality,50.690613,50.0,0.69061279296875
Sergio Oregel,Physicality,44.69009,44.0,0.6900901794433594
Luca Valzania,Physicality,60.31599,61.0,0.6840095520019531
Ariel Mosór,Physicality,72.316025,73.0,0.6839752197265625
Marco Farfan,Physicality,66.31722,67.0,0.6827774047851562
Youri Schoonderwaldt,Physicality,59.318634,60.0,0.681365966796875
Conor Masterson,Physicality,69.32147,70.0,0.67852783203125
Martin Samuelsen,Physicality,53.674305,53.0,0.6743049621582031
Machop Chol,Physicality,59.671997,59.0,0.6719970703125
Victor Eriksson,Physicality,75.328606,76.0,0.6713943481445312
Brandon Kavanagh,Physicality,44.668774,44.0,0.6687736511230469
Lennon Gill,Physicality,45.66867,45.0,0.668670654296875
Jesper Ceesay,Physicality,60.33753,61.0,0.6624717712402344
Brahim Traoré,Physicality,70.662285,70.0,0.6622848510742188
Nelson Weiper,Physicality,67.33789,68.0,0.662109375
Filip Stojilković,Physicality,65.33993,66.0,0.6600723266601562
Fabio Chiarodia,Physicality,61.65587,61.0,0.6558685302734375
Quentin Galvez-Diarra,Physicality,59.347248,60.0,0.6527519226074219
Nilson Angulo,Physicality,50.65053,50.0,0.6505317687988281
Sherel Floranus,Physicality,72.350266,73.0,0.6497344970703125
Anssi Suhonen,Physicality,51.64572,51.0,0.645721435546875
David Zalazar,Physicality,56.64402,56.0,0.6440200805664062
Giorgio Cittadini,Physicality,65.639946,65.0,0.6399459838867188
Matías Ramírez,Physicality,54.360443,55.0,0.639556884765625
Devendra Murgaonkar,Physicality,48.36187,49.0,0.6381301879882812
Tiago José Geralnik,Physicality,48.637577,48.0,0.6375770568847656
Marco Kana,Physicality,69.63687,69.0,0.636871337890625
Kyle Magennis,Physicality,72.369934,73.0,0.63006591796875
Viktor Widell,Physicality,56.370464,57.0,0.6295356750488281
Liam Coyle,Physicality,69.62676,69.0,0.6267623901367188
Adam Wharton,Physicality,59.37447,60.0,0.6255302429199219
Ciaran Brennan,Physicality,66.3747,67.0,0.6252975463867188
Yayah Kallon,Physicality,60.376648,61.0,0.62335205078125
Michael Baidoo,Physicality,58.381016,59.0,0.6189842224121094
Tim Sechelmann,Physicality,65.38233,66.0,0.6176681518554688
Marvin Senger,Physicality,72.38513,73.0,0.6148681640625
Max Cleworth,Physicality,68.385254,69.0,0.61474609375
Naatan Skyttä,Physicality,48.614178,48.0,0.6141777038574219
Benjamin Böckle,Physicality,67.38842,68.0,0.6115798950195312
Jeanuël Belocian,Physicality,66.611465,66.0,0.6114654541015625
Jakub Niemczyk,Physicality,48.610832,48.0,0.6108322143554688
Ben Lederman,Physicality,65.39358,66.0,0.6064224243164062
Jonathan Panzo,Physicality,72.60206,72.0,0.6020584106445312
Arkadiusz Pyrka,Physicality,50.601032,50.0,0.6010322570800781
Francesco Cassata,Physicality,60.599983,60.0,0.5999832153320312
Prince Aning,Physicality,52.400536,53.0,0.5994644165039062
Maximiliano González,Physicality,69.401794,70.0,0.59820556640625
Musab Al Juwair,Physicality,67.598076,67.0,0.5980758666992188
Semih Sahin,Physicality,57.402172,58.0,0.5978279113769531
Xavier Simons,Physicality,67.40512,68.0,0.594879150390625
Lewis Hall,Physicality,56.59256,56.0,0.592559814453125
Andy Pembélé,Physicality,54.409515,55.0,0.590484619140625
Paweł Olszewski,Physicality,61.586784,61.0,0.5867843627929688
Cole Palmer,Physicality,56.41582,57.0,0.5841789245605469
Rarmani Edmonds-Green,Physicality,70.58372,70.0,0.5837173461914062
Patrick Wood,Physicality,67.58333,67.0,0.5833282470703125
Miłosz Matysik,Physicality,69.41819,70.0,0.5818099975585938
Alessandro Vogliacco,Physicality,69.57992,69.0,0.5799179077148438
Oliver Burke,Physicality,71.42165,72.0,0.5783462524414062
Linus Rosenlöcher,Physicality,69.42231,70.0,0.5776901245117188
Tobi Omole,Physicality,65.42392,66.0,0.576080322265625
William Mikelbrencis,Physicality,57.57503,57.0,0.5750312805175781
Felix Allgaier,Physicality,58.425865,59.0,0.5741348266601562
Darko Churlinov,Physicality,55.42847,56.0,0.5715293884277344
Kevin Ehlers,Physicality,68.57092,68.0,0.5709228515625
Namgyal Bhutia,Physicality,47.569656,47.0,0.5696563720703125
Roko Šimić,Physicality,70.56945,70.0,0.5694503784179688
Dženan Pejčinović,Physicality,59.566826,59.0,0.5668258666992188
Xander Blomme,Physicality,52.437344,53.0,0.5626564025878906
Luca Herrmann,Physicality,63.56265,63.0,0.5626487731933594
Vikram Singh,Physicality,46.56208,46.0,0.5620803833007812
Bobby Adekanye,Physicality,57.438755,58.0,0.5612449645996094
Dragoș Albu,Physicality,70.439255,71.0,0.5607452392578125
Levi Colwill,Physicality,73.4396,74.0,0.5604019165039062
Tom Grivosti,Physicality,69.441315,70.0,0.558685302734375
Simone Panada,Physicality,64.44744,65.0,0.5525588989257812
Alex Gilbert,Physicality,52.4491,53.0,0.5508995056152344
Hassan Al Slais,Physicality,69.54996,69.0,0.549957275390625
Niko Vukancic,Physicality,65.548935,65.0,0.5489349365234375
Ahmed Longmire,Physicality,65.54793,65.0,0.5479278564453125
Ben Chrisene,Physicality,58.454388,59.0,0.5456123352050781
Zidan Sertdemir,Physicality,53.455086,54.0,0.5449142456054688
Christian Schmidt,Physicality,58.544136,58.0,0.5441360473632812
Jonathan Lima,Physicality,59.4571,60.0,0.5429000854492188
Radu Negru,Physicality,66.45922,67.0,0.5407791137695312
Nicolás Romero,Physicality,68.54031,68.0,0.540313720703125
Suwailem Al Menhali,Physicality,62.46001,63.0,0.5399894714355469
Owen Beck,Physicality,56.460716,57.0,0.5392837524414062
Piotr Samiec-Talar,Physicality,59.537903,59.0,0.53790283203125
Achraf Douiri,Physicality,64.53699,64.0,0.5369873046875
Divin Mubama,Physicality,53.466896,54.0,0.5331039428710938
Tim Köther,Physicality,55.531685,55.0,0.5316848754882812
Marcelo Esponda,Physicality,62.53076,62.0,0.53076171875
Yacine El Amri,Physicality,48.530704,48.0,0.5307044982910156
Alessandro Circati,Physicality,62.46956,63.0,0.5304412841796875
Giordano Colli,Physicality,61.47034,62.0,0.5296592712402344
Nadjib Cissé,Physicality,69.4771,70.0,0.5229034423828125
Jordan Brown,Physicality,67.48057,68.0,0.5194320678710938
Lasso Coulibaly,Physicality,60.51838,60.0,0.5183792114257812
Aimé Mabika,Physicality,72.48756,73.0,0.5124435424804688
John Ross Wilson,Physicality,59.511265,59.0,0.5112648010253906
Valon Zumberi,Physicality,62.490395,63.0,0.5096054077148438
Ari Leifsson,Physicality,69.491264,70.0,0.5087356567382812
Milan Corryn,Physicality,63.492928,64.0,0.5070724487304688
Dixon Vera,Physicality,50.49438,51.0,0.5056190490722656
Daniel Adshead,Physicality,52.49854,52.0,0.4985389709472656
Maximiliano Caufriez,Physicality,72.50352,73.0,0.49648284912109375
Cian Hayes,Physicality,42.495983,42.0,0.4959831237792969
Naouirou Ahamada,Physicality,62.494507,62.0,0.4945068359375
Dylan Duffy,Physicality,57.50695,58.0,0.49304962158203125
José Gómez,Physicality,60.508568,61.0,0.49143218994140625
James Abankwah,Physicality,71.49131,71.0,0.49131011962890625
Joseph Forde,Physicality,57.509438,58.0,0.49056243896484375
Filip Olsson,Physicality,57.48777,57.0,0.48777008056640625
Mads Søndergaard,Physicality,44.5142,45.0,0.48580169677734375
Michael Steinwender,Physicality,72.484474,72.0,0.48447418212890625
Marcus Forss,Physicality,69.484024,69.0,0.4840240478515625
Marin Ljubičić,Physicality,70.48395,70.0,0.48394775390625
Lucas Hey,Physicality,64.48172,64.0,0.481719970703125
Szymon Włodarczyk,Physicality,63.481056,63.0,0.48105621337890625
Mathys Tel,Physicality,59.519028,60.0,0.4809722900390625
Clemens Riedel,Physicality,63.520756,64.0,0.4792442321777344
Tani Oluwaseyi,Physicality,53.47919,53.0,0.4791908264160156
Lewis Brunt,Physicality,58.522854,59.0,0.4771461486816406
Salim Diakité,Physicality,73.47561,73.0,0.47560882568359375
Thierry Small,Physicality,59.52477,60.0,0.4752311706542969
Albion Ademi,Physicality,51.474583,51.0,0.4745826721191406
Thierno Baldé,Physicality,64.526276,65.0,0.473724365234375
Antonio Foti,Physicality,52.46813,52.0,0.4681282043457031
Justin Rasmussen,Physicality,64.533195,65.0,0.46680450439453125
Yonas Malede,Physicality,65.5334,66.0,0.4665985107421875
Oliver Batista Meier,Physicality,42.53379,43.0,0.46620941162109375
Hendry Antonay,Physicality,47.534767,48.0,0.46523284912109375
Gary Magnée,Physicality,64.46499,64.0,0.46498870849609375
Shawn Adewoye,Physicality,72.53915,73.0,0.46085357666015625
Miguel Chaiwa,Physicality,66.5405,67.0,0.459503173828125
Giacomo Vrioni,Physicality,71.45843,71.0,0.45842742919921875
Antoine Semenyo,Physicality,71.54369,72.0,0.45630645751953125
Nawaf Al Rashoudi,Physicality,41.452503,41.0,0.4525032043457031
Nikita Iosifov,Physicality,47.55025,48.0,0.4497489929199219
Stanisław Wawrzynowicz,Physicality,54.553288,55.0,0.4467124938964844
Emiliano Viveros,Physicality,54.555706,55.0,0.4442939758300781
Torben Müsel,Physicality,54.556705,55.0,0.4432945251464844
Dujon Sterling,Physicality,70.44297,70.0,0.44297027587890625
Jewison Bennette,Physicality,44.442528,44.0,0.44252777099609375
Marcel Wenig,Physicality,54.557533,55.0,0.44246673583984375
Felix Vrede Winther,Physicality,70.5593,71.0,0.44069671630859375
Zech Obiero,Physicality,44.559364,45.0,0.44063568115234375
Abdulelah Al Shammari,Physicality,44.440605,44.0,0.44060516357421875
Jakob Lewald,Physicality,72.56027,73.0,0.439727783203125
Ionuț Andres,Physicality,69.43598,69.0,0.43598175048828125
Josh Williams,Physicality,60.433395,60.0,0.4333953857421875
Erencan Yardımcı,Physicality,64.56725,65.0,0.43274688720703125
Ebrima Darboe,Physicality,58.432655,58.0,0.43265533447265625
Emmanuel Fernandez,Physicality,60.569504,61.0,0.4304962158203125
Alec Van Hoorenbeeck,Physicality,70.42975,70.0,0.42974853515625
Luca Ranieri,Physicality,65.42844,65.0,0.428436279296875
Romeo Giovannini,Physicality,46.428394,46.0,0.4283943176269531
Kian Harratt,Physicality,64.57222,65.0,0.4277801513671875
Himad Abdelli,Physicality,70.572784,71.0,0.427215576171875
Harry Boyes,Physicality,51.57295,52.0,0.4270515441894531
Joscha Wosz,Physicality,48.426994,48.0,0.42699432373046875
Ezequiel Herrera,Physicality,59.573044,60.0,0.4269561767578125
Faride Alidou,Physicality,58.422302,58.0,0.42230224609375
Stefan Škrbo,Physicality,51.57872,52.0,0.4212799072265625
Josh Reid,Physicality,65.42036,65.0,0.42035675048828125
Manuel De Luca,Physicality,68.58117,69.0,0.41883087158203125
Ellis Simms,Physicality,71.58382,72.0,0.4161834716796875
Dylan Nealis,Physicality,68.58532,69.0,0.41468048095703125
Abdullah Al Hamdan,Physicality,64.58581,65.0,0.41419219970703125
Noah Eile,Physicality,70.41071,70.0,0.41071319580078125
Maximilian Breunig,Physicality,64.59098,65.0,0.40901947021484375
Franco Orozco,Physicality,42.592476,43.0,0.40752410888671875
Casper Øyvann,Physicality,66.59295,67.0,0.40705108642578125
Linus Gechter,Physicality,69.59354,70.0,0.406463623046875
Mohammed Al Yami,Physicality,68.40346,68.0,0.4034576416015625
Jordan Holsgrove,Physicality,60.598576,61.0,0.4014244079589844
Aske Adelgaard,Physicality,56.60029,57.0,0.39971160888671875
Alexander Freeman,Physicality,57.601856,58.0,0.3981437683105469
Gabriele Ferrarini,Physicality,57.395355,57.0,0.395355224609375
Théo Sainte-Luce,Physicality,59.611275,60.0,0.38872528076171875
Finlay Pollock,Physicality,47.611633,48.0,0.38836669921875
Franco Zapiola,Physicality,51.611782,52.0,0.3882179260253906
César Araújo,Physicality,68.38575,68.0,0.38574981689453125
Yan Valery,Physicality,71.615074,72.0,0.38492584228515625
Rory Jordan,Physicality,45.619007,46.0,0.3809928894042969
Joel Senior,Physicality,59.619545,60.0,0.38045501708984375
Paul Ramfangzauva,Physicality,68.61964,69.0,0.38036346435546875
Robert Wagner,Physicality,65.62095,66.0,0.37905120849609375
Jeremy Sarmiento,Physicality,53.62164,54.0,0.3783607482910156
Jake Davis,Physicality,51.622166,52.0,0.3778343200683594
Filip Stevanović,Physicality,54.377407,54.0,0.3774070739746094
Yanis Cimignani,Physicality,61.628242,62.0,0.37175750732421875
Isaak Davies,Physicality,54.370872,54.0,0.37087249755859375
Bent Andresen,Physicality,56.630074,57.0,0.36992645263671875
Guillaume Furrer,Physicality,52.630558,53.0,0.3694419860839844
Valentin Antov,Physicality,74.36858,74.0,0.36858367919921875
Ilija Vukotić,Physicality,71.63275,72.0,0.36724853515625
Mika Biereth,Physicality,68.63346,69.0,0.36653900146484375
Filipe Sissé,Physicality,54.36579,54.0,0.36579132080078125
Charlie Finney,Physicality,45.634537,46.0,0.3654632568359375
Yáser Asprilla,Physicality,59.36429,59.0,0.364288330078125
Omari Hutchinson,Physicality,47.637714,48.0,0.3622856140136719
Dante Sealy,Physicality,42.361294,42.0,0.3612937927246094
Andrea Danzi,Physicality,58.640083,59.0,0.35991668701171875
Roberto Piccoli,Physicality,66.359474,66.0,0.35947418212890625
Christoph Klarer,Physicality,71.640656,72.0,0.359344482421875
Stefano Russo,Physicality,72.64108,73.0,0.358917236328125
Jason Ceka,Physicality,47.641315,48.0,0.3586845397949219
Bjarne Pudel,Physicality,68.35845,68.0,0.35845184326171875
Andrew Quinn,Physicality,59.642197,60.0,0.3578033447265625
Anosike Ementa,Physicality,75.3574,75.0,0.35739898681640625
Davino Knappe,Physicality,48.645676,49.0,0.3543243408203125
Ignace Van der Brempt,Physicality,72.64824,73.0,0.3517608642578125
Adam Armstrong,Physicality,66.34991,66.0,0.34990692138671875
John Mahon,Physicality,74.65057,75.0,0.34942626953125
Ibrahima Kébé,Physicality,76.65236,77.0,0.3476409912109375
Reece Burke,Physicality,70.65278,71.0,0.34722137451171875
Boubacar Traoré,Physicality,69.65565,70.0,0.34435272216796875
Josh Coley,Physicality,44.34409,44.0,0.3440895080566406
Christian Dahle Borchgrevink,Physicality,60.656036,61.0,0.343963623046875
Nicolas Janvier,Physicality,65.65711,66.0,0.34288787841796875
Matúš Holíček,Physicality,51.658028,52.0,0.34197235107421875
Jacob Muir,Physicality,68.33885,68.0,0.3388519287109375
Brandon Cooper,Physicality,69.66118,70.0,0.3388214111328125
Jani Atanasov,Physicality,71.33781,71.0,0.33780670166015625
Lex-Tyger Lobinger,Physicality,69.66276,70.0,0.33724212646484375
Fabian Holst-Larsen,Physicality,52.33538,52.0,0.33538055419921875
Daniel Chesters,Physicality,47.66501,48.0,0.334991455078125
Timur Gayret,Physicality,56.66525,57.0,0.3347511291503906
Aaron Drewe,Physicality,48.66566,49.0,0.3343391418457031
Felix Afena-Gyan,Physicality,61.66859,62.0,0.3314094543457031
Marko Milovanović,Physicality,62.331142,62.0,0.3311424255371094
Emirhan İlkhan,Physicality,47.6699,48.0,0.33010101318359375
Anders Dahl,Physicality,49.325344,49.0,0.3253440856933594
Abdelkabir Abqar,Physicality,65.32477,65.0,0.32476806640625
Max Woltman,Physicality,46.324764,46.0,0.3247642517089844
Can Keleş,Physicality,58.677116,59.0,0.32288360595703125
Virgiliu Postolachi,Physicality,71.677704,72.0,0.322296142578125
José-Enrique Ríos Alonso,Physicality,67.680824,68.0,0.31917572021484375
Benjamin Kanuric,Physicality,69.31794,69.0,0.31793975830078125
Thomas Buitink,Physicality,69.68515,70.0,0.314849853515625
Youri Regeer,Physicality,62.689205,63.0,0.3107948303222656
Brodie Spencer,Physicality,62.31001,62.0,0.3100090026855469
Dru Yearwood,Physicality,75.69594,76.0,0.3040618896484375
Hubert Szulc,Physicality,48.30306,48.0,0.3030586242675781
Fabio Rosales,Physicality,59.30063,59.0,0.300628662109375
Jack Cooper-Love,Physicality,53.701176,54.0,0.2988243103027344
Jordan James,Physicality,57.29801,57.0,0.29801177978515625
Fabian Nürnberger,Physicality,64.29622,64.0,0.2962188720703125
Logan Delaurier-Chaubet,Physicality,39.70468,40.0,0.295318603515625
Anthony Fontana,Physicality,60.294838,60.0,0.29483795166015625
Serkan Asan,Physicality,53.29442,53.0,0.2944183349609375
Søren Tengstedt,Physicality,60.294228,60.0,0.29422760009765625
Matthéo Xantippe,Physicality,58.706028,59.0,0.2939720153808594
Scott Smith,Physicality,56.707115,57.0,0.29288482666015625
Noah Allen,Physicality,52.710453,53.0,0.2895469665527344
Félix Lemaréchal,Physicality,66.71082,67.0,0.28917694091796875
Jakob Breum,Physicality,53.28545,53.0,0.2854499816894531
Yordi López,Physicality,46.714825,47.0,0.2851753234863281
Tim Rossmann,Physicality,50.717255,51.0,0.282745361328125
Louis Lord,Physicality,59.28146,59.0,0.2814598083496094
Nikola Soldo,Physicality,69.28012,69.0,0.280120849609375
Kristers Tobers,Physicality,71.2798,71.0,0.2798004150390625
Loïc Mbe Soh,Physicality,70.72039,71.0,0.27960968017578125
Matthew Bondswell,Physicality,60.278603,60.0,0.27860260009765625
Dennis Cirkin,Physicality,60.727825,61.0,0.2721748352050781
Kevin Höög Jansson,Physicality,69.269066,69.0,0.26906585693359375
Edgar Babayan,Physicality,65.26457,65.0,0.2645721435546875
Kaide Gordon,Physicality,44.735527,45.0,0.26447296142578125
Delano Burgzorg,Physicality,70.261765,70.0,0.2617645263671875
Jack Wells-Morrison,Physicality,62.26164,62.0,0.2616386413574219
Serdar Saatçı,Physicality,72.74021,73.0,0.25978851318359375
Daniel Stynes,Physicality,62.741062,63.0,0.2589378356933594
Anton Sorenson,Physicality,47.258232,47.0,0.25823211669921875
Koni De Winter,Physicality,62.258194,62.0,0.2581939697265625
Ismaël Boura,Physicality,65.25566,65.0,0.2556610107421875
Giacomo Quagliata,Physicality,63.745354,64.0,0.25464630126953125
Sarpreet Singh,Physicality,57.253662,57.0,0.253662109375
Noah Katterbach,Physicality,58.248432,58.0,0.24843215942382812
Ignacio Rodríguez,Physicality,72.24671,72.0,0.24671173095703125
Hans Nicolussi Caviglia,Physicality,53.75669,54.0,0.24330902099609375
Nikhil Prabhu,Physicality,62.759758,63.0,0.24024200439453125
Kayne Bonnevie,Physicality,59.239468,59.0,0.23946762084960938
Jusef Erabi,Physicality,61.76318,62.0,0.23682022094726562
Jeremy Ngakia,Physicality,62.764793,63.0,0.23520660400390625
Femi Seriki,Physicality,63.767197,64.0,0.2328033447265625
Kostandinos Grozos,Physicality,55.767273,56.0,0.23272705078125
Joshua Feeney,Physicality,56.767403,57.0,0.23259735107421875
Vontae Daley-Campbell,Physicality,66.76796,67.0,0.2320404052734375
Betim Fazliji,Physicality,73.76833,74.0,0.23166656494140625
Abdullah Matuq,Physicality,59.2312,59.0,0.231201171875
Bryce Hosannah,Physicality,59.771706,60.0,0.22829437255859375
Jahkeele Marshall-Rutty,Physicality,41.227703,41.0,0.22770309448242188
Elidon Qenaj,Physicality,65.772514,66.0,0.22748565673828125
Kerim Çalhanoğlu,Physicality,66.22359,66.0,0.2235870361328125
Florian Dietz,Physicality,71.22355,71.0,0.22354888916015625
Johannes Schenk,Physicality,59.22255,59.0,0.2225494384765625
Kevin Felida,Physicality,62.778,63.0,0.2220001220703125
Niklas May,Physicality,58.778004,59.0,0.22199630737304688
Wojciech Łaski,Physicality,60.779522,61.0,0.22047805786132812
Umut Güneş,Physicality,65.77967,66.0,0.22032928466796875
Ashley Phillips,Physicality,65.21943,65.0,0.21942901611328125
Rafael Hornos,Physicality,59.217793,59.0,0.21779251098632812
Brynjar Ingi Bjarnason,Physicality,69.782684,70.0,0.217315673828125
Bartosz Klebaniuk,Physicality,59.2143,59.0,0.21429824829101562
Rico Richards,Physicality,44.78573,45.0,0.21427154541015625
Bobby Thomas,Physicality,71.78593,72.0,0.21407318115234375
Flavien-Enzo Boyomo,Physicality,69.786964,70.0,0.21303558349609375
Jean-Manuel Mbom,Physicality,73.21246,73.0,0.21246337890625
Baptiste Roux,Physicality,69.20993,69.0,0.209930419921875
Dion Pereira,Physicality,52.790283,53.0,0.209716796875
Owen Dodgson,Physicality,61.791145,62.0,0.20885467529296875
Mamadou Coulibaly,Physicality,71.79281,72.0,0.20719146728515625
Aramide Oteh,Physicality,66.205154,66.0,0.2051544189453125
Samuel Rogers,Physicality,72.2039,72.0,0.2039031982421875
Rodney Elongo-Yombo,Physicality,66.20259,66.0,0.2025909423828125
George Marks,Physicality,59.20011,59.0,0.20011138916015625
Felix Wienand,Physicality,59.196426,59.0,0.1964263916015625
Edwin Cerrillo,Physicality,70.19533,70.0,0.1953277587890625
Marley Marshall Miranda,Physicality,63.806103,64.0,0.19389724731445312
Felipe Peña,Physicality,68.80744,69.0,0.19255828857421875
Pascal Kuiper,Physicality,59.190666,59.0,0.19066619873046875
Marcos Portillo,Physicality,53.18704,53.0,0.18703842163085938
Luke Ivanovic,Physicality,57.185207,57.0,0.18520736694335938
Abdoulaye Cissoko,Physicality,69.18315,69.0,0.1831512451171875
Yannick Pandor,Physicality,59.182213,59.0,0.18221282958984375
Noah De Ridder,Physicality,53.81979,54.0,0.18021011352539062
Moritz Nicolas,Physicality,59.179146,59.0,0.17914581298828125
Ibrahima Camará,Physicality,74.17166,74.0,0.171661376953125
Dylan Williams,Physicality,47.82968,48.0,0.170318603515625
Wille Jakobsson,Physicality,59.16943,59.0,0.16942977905273438
Thor Úlfarsson,Physicality,66.169235,66.0,0.1692352294921875
Denis Franchi,Physicality,59.168232,59.0,0.16823196411132812
Lorenz Assignon,Physicality,59.83377,60.0,0.166229248046875
Thomas Geris,Physicality,43.83455,44.0,0.1654510498046875
Sumit Rathi,Physicality,65.839035,66.0,0.1609649658203125
Leo Greiml,Physicality,71.83923,72.0,0.1607666015625
Vítězslav Jaroš,Physicality,59.157246,59.0,0.15724563598632812
Niklas Tauer,Physicality,65.84628,66.0,0.153717041015625
Louis Jones,Physicality,59.152576,59.0,0.15257644653320312
Johaneko Louis-Jean,Physicality,52.8501,53.0,0.14989852905273438
John-Patrick Strauß,Physicality,59.850155,60.0,0.14984512329101562
Hussein Carneil,Physicality,41.149055,41.0,0.14905548095703125
Faisal Ali,Physicality,55.853165,56.0,0.1468353271484375
Gonzalo Maroni,Physicality,54.14676,54.0,0.146759033203125
Mohamed Farsi,Physicality,54.14543,54.0,0.1454315185546875
Alessandro Lai,Physicality,59.144455,59.0,0.1444549560546875
Amarjit Singh Kiyam,Physicality,58.14304,58.0,0.14303970336914062
Emre Bilgin,Physicality,59.142708,59.0,0.14270782470703125
Jesper Daland,Physicality,72.14259,72.0,0.1425933837890625
Sylvester Jasper,Physicality,48.857655,49.0,0.14234542846679688
Sander Tangvik,Physicality,59.14208,59.0,0.14207839965820312
Joe Taylor,Physicality,56.860622,57.0,0.13937759399414062
Christos Talichmanidis,Physicality,59.139202,59.0,0.13920211791992188
Lars Larsson Jendal,Physicality,59.137745,59.0,0.13774490356445312
Thomas Kastanaras,Physicality,58.134735,58.0,0.134735107421875
Luis Miguel Marquines,Physicality,59.13432,59.0,0.13431930541992188
Aljoscha Kemlein,Physicality,59.867348,60.0,0.13265228271484375
Muhammed Uvais,Physicality,65.87053,66.0,0.1294708251953125
Jamie McGrath,Physicality,62.127506,62.0,0.12750625610351562
Sékou Mara,Physicality,65.12404,65.0,0.1240386962890625
Jonas Sterner,Physicality,63.122215,63.0,0.12221527099609375
Amadou Bakayoko,Physicality,78.12016,78.0,0.1201629638671875
Bećir Omeragić,Physicality,69.88066,70.0,0.1193389892578125
Logan Ndenbe,Physicality,67.11633,67.0,0.1163330078125
Nicola Rauti,Physicality,57.888138,58.0,0.1118621826171875
Adrian Fein,Physicality,71.11077,71.0,0.11077117919921875
Marin Šverko,Physicality,71.89103,72.0,0.10897064208984375
Daniel Oyegoke,Physicality,62.10834,62.0,0.10834121704101562
Naci Ünüvar,Physicality,44.108036,44.0,0.10803604125976562
Anis Mehmeti,Physicality,65.10743,65.0,0.10742950439453125
Claudio Kammerknecht,Physicality,69.89284,70.0,0.1071624755859375
Cassius Mailula,Physicality,42.894924,43.0,0.10507583618164062
Kolbeinn Birgir Finnsson,Physicality,68.89511,69.0,0.104888916015625
Leo Walta,Physicality,49.895424,50.0,0.10457611083984375
Jovan Marković,Physicality,71.10388,71.0,0.1038818359375
Alexander Lind,Physicality,68.10292,68.0,0.1029205322265625
Reed Baker-Whiting,Physicality,55.102627,55.0,0.10262680053710938
Ryan Stirk,Physicality,67.09821,67.0,0.09821319580078125
Úmaro Embaló,Physicality,63.902424,64.0,0.09757614135742188
D'Mani Mellor,Physicality,63.09724,63.0,0.09724044799804688
Callum Slattery,Physicality,73.097015,73.0,0.097015380859375
Mohamed Sankoh,Physicality,53.90482,54.0,0.09518051147460938
Gavin Kilkenny,Physicality,55.089237,55.0,0.08923721313476562
Luc Ihorst,Physicality,71.91092,72.0,0.089080810546875
Osaze Urhoghide,Physicality,72.91252,73.0,0.0874786376953125
Julius Ertlthaler,Physicality,43.08468,43.0,0.08467864990234375
Mamadou Tounkara,Physicality,75.08428,75.0,0.08428192138671875
Mansour Al Shammari,Physicality,60.083984,60.0,0.083984375
Finn Surman,Physicality,69.917404,70.0,0.0825958251953125
Richard Chin,Physicality,48.924156,49.0,0.07584381103515625
Manuel García,Physicality,68.07371,68.0,0.07370758056640625
Marlon Suliman Mustapha,Physicality,74.92791,75.0,0.07209014892578125
José David Romero,Physicality,47.931675,48.0,0.06832504272460938
Nikolai Hopland,Physicality,67.068054,67.0,0.06805419921875
Santiago Ramos Mingo,Physicality,55.932144,56.0,0.0678558349609375
Wungngayam Muirang,Physicality,63.067326,63.0,0.06732559204101562
David Savic,Physicality,58.935066,59.0,0.06493377685546875
Robbie McKenzie,Physicality,71.93731,72.0,0.06269073486328125
Ianis Stoica,Physicality,64.06107,64.0,0.06107330322265625
Nicolae Păun,Physicality,70.06036,70.0,0.06036376953125
Michael Obafemi,Physicality,63.941517,64.0,0.058483123779296875
Abdoulaye Kamara,Physicality,64.94168,65.0,0.058319091796875
Vetle Skjærvik,Physicality,65.942,66.0,0.0579986572265625
Godson Kyeremeh,Physicality,41.057964,41.0,0.057964324951171875
Samuel Stückler,Physicality,60.05548,60.0,0.05548095703125
Matthew Bozinovski,Physicality,69.055145,69.0,0.055145263671875
Kevin Jensen,Physicality,48.944912,49.0,0.055088043212890625
Lassine Sinayoko,Physicality,64.94603,65.0,0.0539703369140625
Jesper Adolfsson,Physicality,60.9466,61.0,0.05339813232421875
Vladyslav Vanat,Physicality,59.947796,60.0,0.052204132080078125
Salem Al Najdi,Physicality,58.9485,59.0,0.0514984130859375
Nathaniel Brown,Physicality,42.95039,43.0,0.049610137939453125
Cian Kavanagh,Physicality,63.95159,64.0,0.04840850830078125
Niall Morahan,Physicality,57.04722,57.0,0.04721832275390625
Habib Diarra,Physicality,57.953663,58.0,0.046337127685546875
Peter Bjur,Physicality,60.04551,60.0,0.04550933837890625
Jakub Myszor,Physicality,52.956696,53.0,0.043304443359375
Joshua Wilson-Esbrand,Physicality,55.95806,56.0,0.04193878173828125
Drissa Camara,Physicality,58.034332,58.0,0.034332275390625
Oliver Alfonsi,Physicality,55.96588,56.0,0.03411865234375
Colin Rösler,Physicality,65.96688,66.0,0.03311920166015625
Jibril Ibrahimi,Physicality,63.96823,64.0,0.031768798828125
Calvin Twigt,Physicality,65.031395,65.0,0.03139495849609375
Senne Lammens,Physicality,59.96871,60.0,0.03128814697265625
Cameron Congreve,Physicality,50.96949,51.0,0.03050994873046875
Georg Strauch,Physicality,59.0291,59.0,0.0290985107421875
Dennis Lütke-Frie,Physicality,60.971695,61.0,0.0283050537109375
Pragyan Gogoi,Physicality,63.02696,63.0,0.026958465576171875
Rafik Zekhnini,Physicality,43.97437,44.0,0.025630950927734375
Liam Walsh,Physicality,57.974937,58.0,0.02506256103515625
Dawid Drachal,Physicality,49.975395,50.0,0.02460479736328125
Joshua Cavallo,Physicality,65.02431,65.0,0.0243072509765625
Georgios Sideras,Physicality,63.02305,63.0,0.02304840087890625
Victor Bobsin,Physicality,67.97701,68.0,0.02298736572265625
Noah Weißhaupt,Physicality,45.97723,46.0,0.022769927978515625
Milutin Osmajić,Physicality,70.97746,71.0,0.0225372314453125
Thierry Lutonda,Physicality,58.980785,59.0,0.019214630126953125
Maxime Busi,Physicality,66.01813,66.0,0.01812744140625
Alex Monis,Physicality,41.98731,42.0,0.012691497802734375
Renzo Sanchez,Physicality,53.009754,53.0,0.009754180908203125
Bastien Toma,Physicality,68.00886,68.0,0.00885772705078125
Dean Williams,Physicality,56.99288,57.0,0.00711822509765625
Tristan Crama,Physicality,60.00646,60.0,0.006458282470703125
Abdul Rabeeh,Physicality,44.004997,44.0,0.00499725341796875
Michael Baldisimo,Physicality,55.00422,55.0,0.00421905517578125
Matthew Hoppe,Physicality,57.004185,57.0,0.004184722900390625
Ben Worman,Physicality,50.99708,51.0,0.002918243408203125
Oleg Ocheretko,Physicality,60.000896,60.0,0.000896453857421875
Nathaniel Adjei,Physicality,61.99932,62.0,0.00067901611328125
Aaron Anthony Connolly,Physicality,63.80598,,
Aaron Braithwaite,Physicality,52.817524,,
Aaron Davis,Physicality,59.13098,,
Aaron Doran,Physicality,54.212204,,
Aaron Facundo Quiroz,Physicality,57.04144,,
Aaron Graham John Collins,Physicality,62.34819,,
Aaron Joseph McGowan,Physicality,64.287315,,
Aaron Leya Iseka,Physicality,69.2171,,
Aaron Maurice O'Driscoll,Physicality,67.03233,,
Aaron Nassur Kamardin,Physicality,59.801296,,
Aaron Opoku-Tiawiah,Physicality,57.61036,,
Aaron Paul Morley,Physicality,67.37238,,
Aaron Sebastián Astudillo Quiñones,Physicality,56.771954,,
Aarón Rodrigues,Physicality,62.299053,,
Ababacar Moustapha Lô,Physicality,54.816803,,
Abakar Loubadhe Sylla,Physicality,71.09661,,
Abasa Aremeyaw,Physicality,62.51055,,
Abbas Sadiq Al Hassan,Physicality,70.404076,,
Abd-Al-Ali Morakinyo Olaposi Koiki,Physicality,71.95627,,
Abdallah Basit,Physicality,59.771606,,
Abdallahi Mohamed Mahmoud,Physicality,69.60552,,
Abdel Zagré,Physicality,58.881264,,
Abdelkahar Kadri,Physicality,58.23496,,
Abdelrahman Saidi,Physicality,61.201725,,
Abdoulaye Niakhate Ndiaye,Physicality,67.840454,,
Abdoulaye Sissako,Physicality,72.989334,,
Abdoulaye Sylla,Physicality,62.823936,,
Abdoulie Jallow,Physicality,43.56654,,
Abdul Malik Abubakari,Physicality,76.651955,,
Abdulaziz Al Yousef,Physicality,49.65935,,
Abdulkadir Taşdan,Physicality,59.19191,,
Abdulkareem Al Muzayil,Physicality,52.66103,,
Abdullah Dijlan Aydın,Physicality,55.607117,,
Abdullah Hadi Radif,Physicality,64.362434,,
Abdullah Nahar Al Shammari,Physicality,58.660767,,
Abdullah Yiğiter,Physicality,59.347485,,
Abdulmohsen Al Qahtani,Physicality,53.726795,,
Abdulrahman Mutlaq Al-Dawsari,Physicality,66.26983,,
Abdulrahman Saad,Physicality,40.34151,,
Abel Alejandro Bustos,Physicality,53.334034,,
Abel Bretones Cruz,Physicality,70.49558,,
Abel Eric Moreno Vargas,Physicality,54.60877,,
Abel William Stensrud,Physicality,57.68736,,
Abou-Malal Ba,Physicality,70.34444,,
Aboubacar Dit Boubou Konté,Physicality,42.8078,,
Aboubacar Kobele Keita,Physicality,72.98539,,
Aboubakary Yeli Koita,Physicality,65.25943,,
Abraham Del Moral Rando,Physicality,61.29063,,
Abraham Ifoghale Odoh,Physicality,63.636024,,
Abu-Bekir Ömer El-Zein,Physicality,52.595726,,
Abzi Diyaeddine,Physicality,58.191856,,
Achraf Madi,Physicality,54.163624,,
Adalberto Eliécer Carrasquilla Alcázar,Physicality,63.19398,,
Adam Armour,Physicality,54.86525,,
Adam Daghim,Physicality,52.80144,,
Adam Esparza Saldaña,Physicality,64.58821,,
Adam Fletcher Randell,Physicality,60.465324,,
Adam Griger,Physicality,58.596077,,
Adam Jan Chrzanowski,Physicality,69.55217,,
Adam Jeremy Pavlesic,Physicality,59.42883,,
Adam John May,Physicality,63.80815,,
Adam Jozef Przybek,Physicality,58.932537,,
Adam Kieran O'Reilly,Physicality,62.703484,,
Adam Lovatt,Physicality,55.109924,,
Adam McCaffrey,Physicality,60.23029,,
Adam Porter,Physicality,51.923134,,
Adam Ratajczyk,Physicality,45.347103,,
Adam Uche Idah,Physicality,73.107994,,
Adama Fofana,Physicality,55.640244,,
Adan George,Physicality,48.00188,,
Aday Ercan,Physicality,67.43695,,
Ade Oguns,Physicality,59.89355,,
Ademipo Ibrahim Odubeko,Physicality,61.327084,,
Adisu Bayew,Physicality,44.108143,,
Admiral Dalindlela Muskwe,Physicality,65.49805,,
Adnan Ugur,Physicality,64.3914,,
Adnane Abid,Physicality,37.346565,,
Adrian Bukowski,Physicality,65.83946,,
Adrian Costi Marian Moescu,Physicality,64.349236,,
Adrian Gheorghe Șut,Physicality,70.19766,,
Adrian Mihai Gîdea,Physicality,50.951653,,
Adrian Mihai Ioniță,Physicality,57.57233,,
Adrian Sandach,Physicality,59.140892,,
Adrian Segecic,Physicality,47.391373,,
Adrian Soboń,Physicality,44.233067,,
Adrian Szczutowski,Physicality,59.155563,,
Adrian Sæther,Physicality,59.150864,,
Adrian Łyszczarz,Physicality,48.7412,,
Adriano Firmino da Silva,Physicality,64.40638,,
Adrien Delphis,Physicality,48.736275,,
Adrià Altimira Reynaldos,Physicality,52.771484,,
Adrián Bernabé García,Physicality,59.365818,,
Adrián Butzke Benavides,Physicality,52.093018,,
Adrián González Moyano,Physicality,59.324318,,
Adrián López Garrote,Physicality,59.189476,,
Adrián Rodríguez Giménez,Physicality,59.25462,,
Adrián de la Fuente Barquilla,Physicality,68.891846,,
Aeron Zinga,Physicality,55.909264,,
Afeez Aremu Olalekan,Physicality,73.658676,,
Afonso Gamelas De Pinho Sousa,Physicality,54.036697,,
Afonso Manuel Abreu Freitas,Physicality,59.532867,,
Agon Muçolli,Physicality,50.18369,,
Agustín Barcellos,Physicality,66.293175,,
Agustín Da Silveira Muñoa,Physicality,74.877815,,
Agustín Hausch,Physicality,48.50838,,
Agustín Lastra,Physicality,59.247173,,
Agustín Nicolás Mulet,Physicality,67.0333,,
Agustín Santurio,Physicality,58.33997,,
Agustín Univaso,Physicality,70.1211,,
Agustín Álvarez Wallace,Physicality,60.719154,,
Ahmad Toure Ngouyamsa Nounchil,Physicality,64.93015,,
Ahmed El Messaoudi,Physicality,73.88318,,
Ahmed Kutucu,Physicality,69.69557,,
Ahmet Ege Gürleyen,Physicality,81.10422,,
Ahmet Gülay,Physicality,58.238758,,
Ahmet Karademir,Physicality,41.80445,,
Ahoueke Steeve Kévin Denkey,Physicality,61.441418,,
Aidan Thomas Stone,Physicality,59.147133,,
Aidan Will Barlow,Physicality,55.230034,,
Aiden Connor O'Neill,Physicality,66.094734,,
Aiden McFadden,Physicality,51.52539,,
Ail Fuad Mohammed Hassan,Physicality,65.103004,,
Aimar Oroz Huarte,Physicality,54.863197,,
Aimar Sher,Physicality,57.55863,,
Aitor Paredes Casamichana,Physicality,66.841835,,
Akinkunmi Ayobami Amoo,Physicality,58.389454,,
Akinlolu Richard Olamide Famewo,Physicality,73.77258,,
Akinwale Joseph Odimayo,Physicality,69.80558,,
Akshunna Tyagi,Physicality,53.11473,,
Al Hassan Toure,Physicality,67.79138,,
Alaa Hamad Bakir,Physicality,54.61309,,
Alai Hussain Ghasem,Physicality,59.3925,,
Alan Francisco Rodríguez Armoa,Physicality,50.20376,,
Alan Godoy Domínguez,Physicality,44.493587,,
Alan Jonathan Patrício Botelho,Physicality,66.44451,,
Alan Madaliński,Physicality,59.20248,,
Alan Nicolás Marinelli,Physicality,52.08968,,
Alan Paredes,Physicality,65.84998,,
Alan Steve Minda García,Physicality,46.529064,,
Alan Steven Franco Palma,Physicality,64.07986,,
Alassane Sidibe,Physicality,58.87573,,
Albert Grønbæk Erlykke,Physicality,65.595795,,
Albert Palmberg Thorsen,Physicality,44.965706,,
Albert Tivadar Stahl,Physicality,57.392258,,
Albert-Nicolas Lottin,Physicality,58.121887,,
Alberto Hórreo Taveras,Physicality,59.26179,,
Alberto Martín Díaz,Physicality,57.48636,,
Alberto Moreno Rebanal,Physicality,57.141186,,
Alberto del Moral Saelices,Physicality,63.174515,,
Albie Robert Morgan,Physicality,56.644115,,
Albin Mörfelt,Physicality,48.445316,,
Albin Zackarias Lohikangas,Physicality,57.688637,,
Aldair Ccorahua,Physicality,59.218792,,
Aldair Edgardo Peña Torres,Physicality,59.47882,,
Aldair Neves Paulo Faustino,Physicality,54.879395,,
Aldreyby Parra,Physicality,55.293762,,
Alec Hugo Deneumostier Ortmann,Physicality,71.05185,,
Alejandro Alvarado,Physicality,46.48456,,
Alejandro Asensio Crespillo,Physicality,48.062233,,
Alejandro Balboa Bandeira,Physicality,54.79415,,
Alejandro Barbudo Lorenzo,Physicality,69.02271,,
Alejandro Blanco Sánchez,Physicality,53.450245,,
Alejandro Cantero Sánchez,Physicality,60.688644,,
Alejandro Carbonell Vallés,Physicality,62.39923,,
Alejandro Domingo Gómez,Physicality,68.63793,,
Alejandro Domínguez Romero,Physicality,59.201473,,
Alejandro Garnacho Ferreyra,Physicality,51.32904,,
Alejandro Iturbe Encabo,Physicality,59.157246,,
Alejandro José Marqués Méndez,Physicality,61.106773,,
Alejandro Millán Iranzo,Physicality,56.91447,,
Alejandro Orellana Gómez,Physicality,56.741524,,
Alejandro Pachón Párraga,Physicality,59.916084,,
Alejandro Padilla Pérez,Physicality,59.2052,,
Alejandro Primo Hernández,Physicality,59.374832,,
Alejandro Pérez Castroviejo,Physicality,49.68434,,
Alejandro Pérez Cea,Physicality,65.35027,,
Alejandro Ramos Rodríguez,Physicality,58.800262,,
Alejandro Revuelta Montero,Physicality,69.815926,,
Alejandro Rodríguez Lorite,Physicality,58.591938,,
Alejandro Sola López-Ocaña,Physicality,70.44805,,
Alejandro Suárez Cardero,Physicality,47.35412,,
Alejandro Zendejas Saavedra,Physicality,56.75396,,
Alejo Antilef,Physicality,61.25905,,
Aleksandar Boljević,Physicality,58.209347,,
Aleksander Biermann Stenseth,Physicality,57.096466,,
Aleksander Gajgier,Physicality,60.843044,,
Aleksander Pawlak,Physicality,51.439884,,
Alessandro Albanese,Physicality,56.633244,,
Alessandro Cortinovis,Physicality,65.86983,,
Alessandro Fiordaliso,Physicality,60.31686,,
Alessandro Lombardi,Physicality,67.7337,,
Alessandro Mallamo,Physicality,46.26322,,
Alessandro Russo,Physicality,59.261684,,
Alessandro Tripaldelli,Physicality,59.809574,,
Alex Aguilar,Physicality,67.14296,,
Alex Arthur Rufer,Physicality,70.21631,,
Alex Bangura,Physicality,71.56481,,
Alex Byrne,Physicality,51.913177,,
Alex Duncan Hartridge,Physicality,69.46015,,
Alex Emilio Timossi Andersson,Physicality,47.228855,,
Alex Forés Mendoza,Physicality,53.440853,,
Alex Juárez,Physicality,53.04187,,
Alex Matías Ibacache Mora,Physicality,70.7256,,
Alex Vigo Gamaliel,Physicality,69.65695,,
Alexandar Borković,Physicality,67.430145,,
Alexander Ballegaard Ammitzbøll,Physicality,66.55405,,
Alexander Díaz,Physicality,67.45994,,
Alexander Ernesto Aravena Guzmán,Physicality,53.564972,,
Alexander García,Physicality,56.02606,,
Alexander John Hunt,Physicality,43.30869,,
Alexander Joseph Gersbach,Physicality,67.06727,,
Alexander Larsson,Physicality,58.82644,,
Alexander Michael Bass,Physicality,57.215645,,
Alexander Munksgaard Nielsen,Physicality,68.19838,,
Alexander Parsons,Physicality,53.47184,,
Alexander Prokopenko,Physicality,46.29001,,
Alexander Sosa,Physicality,57.888634,,
Alexander William Cochrane,Physicality,60.673615,,
Alexandre Penetra Correia,Physicality,69.699646,,
Alexandro Ezequiel Bernabei,Physicality,65.224655,,
Alexandros Safarikas,Physicality,59.231472,,
Alexandru Constantin Chilili,Physicality,57.271572,,
Alexandru Crivac,Physicality,50.44508,,
Alexandru Despa,Physicality,51.44012,,
Alexandru Florescu,Physicality,45.19509,,
Alexandru Grigoraș Pantea,Physicality,64.09917,,
Alexandru Irinel Mățan,Physicality,48.217873,,
Alexandru Laurențiu Oroian,Physicality,50.968758,,
Alexandru Mihai Ilie,Physicality,44.10118,,
Alexandru Petre,Physicality,54.239685,,
Alexandru Pătlăgică,Physicality,54.22076,,
Alexi Paul Pitu,Physicality,48.786087,,
Alexis Adelin Beka Beka,Physicality,69.54787,,
Alexis Amadeo Sabella,Physicality,65.490616,,
Alexis Antunes Gomez,Physicality,53.558247,,
Alexis David Duarte Pereira,Physicality,69.281685,,
Alexis Francisco Flores,Physicality,69.22505,,
Alexis Steimbach,Physicality,57.88103,,
Alexis Trouillet,Physicality,62.33214,,
Alexsandro de Souza Ribeiro,Physicality,72.7779,,
Alfie Bridgman,Physicality,54.013916,,
Alfie Burnett,Physicality,59.223907,,
Alfie Malik Whiteman,Physicality,59.183426,,
Alfons Amade,Physicality,57.83048,,
Alfons Nygaard,Physicality,49.847263,,
Alfonso González Martínez,Physicality,54.247902,,
Alfonso Ocampo-Chávez,Physicality,49.55054,,
Alfonso Simarra,Physicality,71.03887,,
Alfonso Trezza Hernández,Physicality,62.427128,,
Alfred Lalroutsang,Physicality,45.536392,,
Alhagi Marie Touray Sisay,Physicality,71.16385,,
Alhassan Yusuf Abdullahi,Physicality,70.94232,,
Ali Al Salem,Physicality,59.255524,,
Ali Demirel,Physicality,52.161186,,
Ali Ibrahim Karim Ali Al-Hamadi,Physicality,60.947987,,
Aliou Badara Traore,Physicality,69.74763,,
Alistair Edward McCann,Physicality,66.44031,,
Alistair Oluwashaun Smith,Physicality,66.580055,,
Almoatasim Siddiq,Physicality,41.326874,,
Alois Dominik Oroz,Physicality,67.655914,,
Aloyayari Abdulmalik,Physicality,59.94013,,
Aloïs Penin,Physicality,58.404446,,
Amad Diallo Traoré,Physicality,46.76269,,
Amadou Dia Ndiaye,Physicality,53.894524,,
Amadou Doumbouya,Physicality,46.534798,,
Amankwaa Akurugu,Physicality,57.803333,,
Amar Ahmed Fatah,Physicality,50.58737,,
Amar Gerxhaliu,Physicality,66.09079,,
Amay Caprice,Physicality,50.63681,,
Ameen Al-Dakhil,Physicality,72.28515,,
Amel Mujanić,Physicality,49.15789,,
Amin Al-Hamawi,Physicality,59.539665,,
Amir Ismaïl,Physicality,46.70218,,
Amirhossein Hosseinzadeh,Physicality,65.65838,,
Amjhad Nazih,Physicality,59.22255,,
Anargyros Kampetsis,Physicality,66.21827,,
Anas Bakhat,Physicality,53.15651,,
Ander Iruarrizaga Díez,Physicality,59.34464,,
Ander Martín Odriozola,Physicality,52.260372,,
Anders Bloch Bærtelsen,Physicality,70.072235,,
Anders Hartveit Ryste,Physicality,54.644497,,
Anderson Arroyo Córdoba,Physicality,68.5609,,
Anderson Cordeiro Costa,Physicality,48.4115,,
Anderson de Oliveira da Silva,Physicality,42.883274,,
Andi Avdi Zeqiri,Physicality,64.54804,,
Andre Reynolds II,Physicality,57.258118,,
Andrea Papetti,Physicality,71.99072,,
Andrea Sorrentino,Physicality,59.357098,,
Andreas Klausen Helmersen,Physicality,71.09468,,
Andreas Mircea Mihaiu,Physicality,52.12325,,
Andreas Poulsen,Physicality,71.821686,,
Andreas Rædergård Schjelderup,Physicality,46.242844,,
Andreas Schjølberg Hanche-Olsen,Physicality,73.68969,,
Andreas Skjold,Physicality,42.363346,,
Andrei Chindriș,Physicality,73.8678,,
Andrei Daniel Vlad,Physicality,59.103153,,
Andrei Dragoș Șerban,Physicality,41.953415,,
Andrei Gabriel Ureche,Physicality,59.15914,,
Andrei Ioan Cordea,Physicality,63.795586,,
Andrei Jercălău,Physicality,59.284348,,
Andrei Motoc,Physicality,64.31594,,
Andres Mihai Dumitrescu,Physicality,63.66646,,
Andres Moreno,Physicality,51.94256,,
Andrew Abiola Omobamidele,Physicality,72.98106,,
Andrew Christopher Teuten Ponzoni,Physicality,66.05473,,
Andrew Draper,Physicality,54.036842,,
Andrew Irving,Physicality,58.37889,,
Andrew Lyons,Physicality,57.026634,,
Andrew Thomas,Physicality,59.211918,,
Andriy Kulakov,Physicality,54.83198,,
André Barbosa da Silva,Physicality,59.229652,,
André Filipe Rio Liberal,Physicality,51.59841,,
André Fonseca Amaro,Physicality,72.95781,,
André Leipold,Physicality,49.85211,,
André Miguel Lapa Ricardo,Physicality,52.712997,,
Andrés Alberto Andrade Cedeño,Physicality,73.16876,,
Andrés Carlos Caro Serrano,Physicality,64.25462,,
Andrés Enrique Ferro Peña,Physicality,69.22363,,
Andrés Felipe Balanta Cifuentes,Physicality,66.49014,,
Andrés Felipe Perea Castañeda,Physicality,67.50791,,
Andrés Felipe Reyes Ambuila,Physicality,76.87105,,
Andrés López Gallo,Physicality,58.252586,,
Andrés Martín García,Physicality,62.905235,,
Andrés Souper De La Cruz,Physicality,46.30785,,
Andy Musayev,Physicality,48.359386,,
Ange Chibozo,Physicality,44.029095,,
Ange-Yoan Bonny,Physicality,56.305836,,
Angelo Bačić,Physicality,56.75893,,
Anis Ben Slimane,Physicality,71.01263,,
Anselmo Túlio Marques Barni,Physicality,70.43807,,
Antal Bencze,Physicality,59.15866,,
Antef Tsoungui,Physicality,69.769066,,
Anthony Aires,Physicality,48.868774,,
Anthony Chigaemezu Uzodimma,Physicality,66.239296,,
Anthony Driscoll-Glennon,Physicality,64.33171,,
Anthony Hartigan,Physicality,64.62837,,
Anthony Kenneth Evans,Physicality,65.02431,,
Anthony Kevin Descotte,Physicality,55.71324,,
Anthony Lenin Valencia Bajaña,Physicality,45.636635,,
Anthony Maisonnial,Physicality,59.195213,,
Anthony Richard Scully,Physicality,49.13533,,
Anthony Tite Musaba,Physicality,59.668835,,
Antoine Benjamin Colassin,Physicality,56.54842,,
Antoine Joseph Emmanuel Bernède,Physicality,63.868996,,
Anton Mlinaric,Physicality,62.14881,,
Anton Skipper Hendriksen,Physicality,68.6439,,
Anton Vladimirovich Mitryushkin,Physicality,59.089664,,
Anton Willy Tanghe,Physicality,70.42406,,
Anton Ziegler,Physicality,53.53569,,
Antoni Kozubal,Physicality,67.946655,,
Antoni Mikułko,Physicality,59.407818,,
Antonio Cortés Heredia,Physicality,56.88079,,
Antonio Espigares Morillas,Physicality,58.568058,,
Antonio Galeano,Physicality,51.92331,,
Antonio Gomis Alemañ,Physicality,59.165485,,
Antonio Iervolino,Physicality,52.848663,,
Antonio Jeremiah Leone,Physicality,63.376774,,
Antonio Marchena Millán,Physicality,55.57939,,
Antonio Marín Colmán,Physicality,54.11621,,
Antonio Mihai Stan,Physicality,48.754345,,
Antonio Pacheco Ruiz,Physicality,62.082348,,
Antonio Sandoval,Physicality,60.041782,,
Antonio Sefer,Physicality,60.06903,,
Antonio Sola Villalba,Physicality,60.487263,,
Antonio Yakoub,Physicality,50.38259,,
Antonio Zarzana Pérez,Physicality,47.085594,,
Antonis Aidonis,Physicality,63.49314,,
Antonis Makatounakis,Physicality,59.31998,,
Antony Alves Santos,Physicality,53.87116,,
Anyelberth Vera,Physicality,58.206898,,
Aodh Dervin,Physicality,63.031998,,
Apostolos Tsilingiris,Physicality,59.156303,,
Aqeel Al Dhafeeri,Physicality,63.326157,,
Arbnor Muja,Physicality,61.100704,,
Archie Finn Collins,Physicality,57.546432,,
Archie Mark Procter,Physicality,67.230896,,
Archie Meekison,Physicality,54.003323,,
Arda Okan Kurtulan,Physicality,64.69621,,
Aribim Pepple,Physicality,68.0141,,
Aridon Racaj,Physicality,54.025597,,
Ariel Alfonso Uribe Lepe,Physicality,46.97107,,
Arif Kocaman,Physicality,56.962696,,
Aristide Wam,Physicality,64.094475,,
Aritz Aldasoro Sarriegi,Physicality,56.798244,,
Arlind Dakaj,Physicality,69.39659,,
Armand Smrcka,Physicality,60.00493,,
Armando Shashoua,Physicality,50.08689,,
Armstrong Echezolachukwu Inya Okoflex,Physicality,54.630142,,
Arnaldo Zambrano,Physicality,58.2523,,
Arnau Comas Freixas,Physicality,66.11053,,
Arnau Puigmal Martínez,Physicality,52.64169,,
Arnau Tenas Ureña,Physicality,59.378727,,
Arnaud Dony,Physicality,58.60471,,
Arnaud Nkodi Luzayadio,Physicality,59.038784,,
Arne Rühlemann,Physicality,47.528023,,
Artem Onischenko,Physicality,60.87662,,
Arthur James Read,Physicality,63.118874,,
Arthur Vitelli,Physicality,68.47352,,
Arthur de Oliveira Sales,Physicality,65.26539,,
Aryan Romaní,Physicality,50.5265,,
Arón David Rodríguez Franco,Physicality,52.344666,,
Asad Kasumovic,Physicality,57.686398,,
Asif Khan,Physicality,42.185757,,
Aske Sampers,Physicality,53.923046,,
Asker Beck,Physicality,48.43709,,
Ateef Konaté,Physicality,53.492687,,
Atem Dor Jok,Physicality,55.280437,,
Attila Mocsi,Physicality,72.26989,,
Attilio Morosoli,Physicality,59.39073,,
Audenirton Soares da Silva,Physicality,59.272827,,
Augustin Drakpe,Physicality,64.45839,,
Augusto Alcorcel,Physicality,59.219288,,
Aurel Loubongo-M'Boungou,Physicality,39.5906,,
Aurelian Eusebio Păun,Physicality,59.2146,,
Aurélien Nguiamba,Physicality,66.684296,,
Auston Levi-Jesaiah Trusty,Physicality,76.28498,,
Avan Jones,Physicality,56.92043,,
Awad Haidar Al Nashri,Physicality,61.841103,,
Awer Bul Mabil,Physicality,44.455498,,
Awn Mutlaq Al Slaluli,Physicality,68.44294,,
Axel Prado,Physicality,58.169724,,
Aylan Benyahia-Tani,Physicality,37.628326,,
Ayman Yahya Salem,Physicality,50.27234,,
Ayman Yusef Al-Hujaili,Physicality,49.769135,,
Ayodeji Sotona,Physicality,49.256943,,
Ayomide Akinola,Physicality,73.864075,,
Ayotomiwa Dele-Bashiru,Physicality,57.971203,,
Ayoub Assal,Physicality,50.128216,,
Ayoub Jabbari,Physicality,62.82493,,
Ayrthon Quintana,Physicality,62.93062,,
Ayrton Enrique Costa,Physicality,71.08271,,
Ayush Dev Chhetri,Physicality,55.10436,,
Aziz Ouattara Mohammed,Physicality,73.00722,,
Azzeddine Toufiqui,Physicality,55.544308,,
Baba Oulen Souare,Physicality,71.68441,,
Bader Al Huwaidi,Physicality,63.56511,,
Bader Mohammed Munshi,Physicality,64.078445,,
Baltazar Costa Rodrigues de Oliveira,Physicality,68.10853,,
Barry Thomas Crowe,Physicality,43.68865,,
Bartosz Bida,Physicality,57.36953,,
Bartosz Cybulski,Physicality,70.05976,,
Bartłomiej Ciepiela,Physicality,54.871296,,
Bartłomiej Gradecki,Physicality,59.300705,,
Bartłomiej Mruk,Physicality,62.66458,,
Baruj Aburto,Physicality,58.803883,,
Barış Əkinçiər,Physicality,53.250256,,
Bassekou Diabaté,Physicality,51.1621,,
Bastian Bsullak,Physicality,58.294575,,
Bastián Jean Yañez Miranda,Physicality,52.25452,,
Bastián Pino,Physicality,58.738667,,
Bastián Sagal,Physicality,58.483097,,
Batuhan Ahmet Şen,Physicality,59.26814,,
Beckham Sunderland,Physicality,59.142136,,
Beka Dartsmelia,Physicality,48.080997,,
Belmin Beganović,Physicality,46.75777,,
Ben Alexander Voll,Physicality,59.21473,,
Ben Collins,Physicality,56.389103,,
Ben Curtis,Physicality,57.920902,,
Ben Easton Close,Physicality,60.096905,,
Ben Edward Stevenson,Physicality,53.149834,,
Ben Engdahl,Physicality,51.626072,,
Ben Klefisch,Physicality,60.503696,,
Ben Lloyd,Physicality,43.0212,,
Ben Nelson,Physicality,69.650566,,
Ben Reveno,Physicality,67.15422,,
Ben Scholte,Physicality,62.19235,,
Benas Šatkus,Physicality,69.03231,,
Bendik Kristiansen,Physicality,58.741608,,
Benedikt Paul Grawe,Physicality,59.155514,,
Beni Redžić,Physicality,50.993347,,
Benjamin Acquah,Physicality,55.047478,,
Benjamin Bender,Physicality,60.029095,,
Benjamin Cabango,Physicality,74.26071,,
Benjamin Craig Old,Physicality,60.667366,,
Benjamin Faraas,Physicality,41.84977,,
Benjamin Hemcke,Physicality,57.451912,,
Benjamin House,Physicality,54.794052,,
Benjamin Jack Wiles,Physicality,67.56471,,
Benjamin Kikanovic,Physicality,59.19794,,
Benjamin Leneis,Physicality,59.427925,,
Benjamin Lhassine Kone,Physicality,51.21556,,
Benjamin Luke Woodburn,Physicality,49.005993,,
Benjamin Mbunga-Kimpioka,Physicality,69.82178,,
Benjamin Mines,Physicality,51.80453,,
Benjamin Peter Waine,Physicality,69.71899,,
Benjamin Steenfeldt Hvidt,Physicality,70.53659,,
Benjamin Warland,Physicality,68.29981,,
Benjamin Williams,Physicality,59.840256,,
Benjamín Antonio Garré,Physicality,53.49211,,
Benjamín Dominguez,Physicality,44.07052,,
Benjamín Ignacio Galdames Millán,Physicality,49.515686,,
Bennet Schieber,Physicality,58.98591,,
Benni Smales-Braithwaite,Physicality,51.441723,,
Benno Dietze,Physicality,61.630585,,
Berat Kalkan,Physicality,37.496666,,
Berkan Küpelikılınç,Physicality,50.458736,,
Berkay Vardar,Physicality,68.580734,,
Berke Özer,Physicality,59.20134,,
Bernardo Gouveia da Silva,Physicality,69.37922,,
Bernardo Martins Sousa,Physicality,57.670074,,
Bernardo Oliveira,Physicality,45.881924,,
Bernardo Silva Conceição,Physicality,53.17116,,
Bertuğ Yıldırım,Physicality,65.14815,,
Besard Šabović,Physicality,69.10533,,
Besart Topalloj,Physicality,63.981083,,
Beto Avila,Physicality,49.096573,,
Beyhan Ametov,Physicality,49.331345,,
Beñat Prados Díaz,Physicality,50.316124,,
Beñat Turrientes Imaz,Physicality,51.72933,,
Biel Farrés del Castillo,Physicality,61.157803,,
Bijoy Varghese,Physicality,63.94612,,
Bilal Bayazit,Physicality,59.4328,,
Bilal El Khannous,Physicality,41.310204,,
Bilal Nadir,Physicality,59.228363,,
Billy Brooks,Physicality,52.04697,,
Billy John Sass-Davies,Physicality,70.064285,,
Billy van Duijl,Physicality,65.6614,,
Bjørn Martin Kristensen,Physicality,63.367775,,
Blas Esteban Armoa Núñez,Physicality,54.279236,,
Bleiner David Agrón Mosquera,Physicality,71.40714,,
Blás Miguel Riveros Galeano,Physicality,64.6803,,
Bobby-Emmanuel Kamwa,Physicality,63.85722,,
Bojan Radulović Samouković,Physicality,64.73262,,
Bong Soo Kim,Physicality,69.80426,,
Bongokuhle Hlongwane,Physicality,59.498775,,
Boon-Cheul Goo,Physicality,56.001827,,
Boris Popović,Physicality,72.56528,,
Borislav Ivaylov Stankov,Physicality,71.77737,,
Borja Garcés Moreno,Physicality,52.57788,,
Borja Manuel Llarena Barroso,Physicality,48.766937,,
Borja Sainz Eguskiza,Physicality,49.56538,,
Boubacar Rafael Neto Hanne,Physicality,56.787674,,
Boureima Hassane Bandé,Physicality,58.929466,,
Brad Kelly,Physicality,59.28474,,
Bradley Holmes,Physicality,53.9656,,
Bradley House,Physicality,59.19234,,
Bradley Matufueni M'bondo,Physicality,66.76481,,
Bradley Walker,Physicality,69.71585,,
Brady Canfield Scott,Physicality,59.188576,,
Braian Alejandro Galván,Physicality,57.50728,,
Braian Ezequiel Mansilla,Physicality,64.24264,,
Braian Miguel Angel Martínez,Physicality,65.96866,,
Braian Nahuel Aguirre,Physicality,71.162056,,
Braian Óscar Ojeda Rodríguez,Physicality,68.062355,,
Branco Antonio Provoste Ovalle,Physicality,55.51719,,
Brandon Anthony Austin,Physicality,59.38631,,
Brandon Iván Servania,Physicality,63.182964,,
Brandon Joel Gaetano Borrello,Physicality,67.28383,,
Brandon Michael Clarke Thomas-Asante,Physicality,69.20248,,
Brandon Pursall,Physicality,64.29957,,
Brandon Vázquez Toledo,Physicality,73.43807,,
Branislav Knežević,Physicality,54.26516,,
Brayan Garrido,Physicality,65.7548,,
Brayan Medina,Physicality,59.175983,,
Brayan Parada,Physicality,57.114307,,
Brayan Yohangel Hurtado Cortesía,Physicality,57.275124,,
Brendan Joel Zibusiso Galloway,Physicality,66.34384,,
Brendan Nana Sarpong-Wiredu,Physicality,73.29871,,
Brenner Souza da Silva,Physicality,49.459564,,
Brent Vugts,Physicality,54.564777,,
Brett Minnema,Physicality,59.22,,
Brian Alexis Leizza,Physicality,66.55094,,
Brian Oddei,Physicality,42.191925,,
Brian Philip Maher,Physicality,59.064034,,
Brian Rocha Araújo,Physicality,59.26091,,
Briant D'Altoe,Physicality,56.4833,,
Bright Enobakhare,Physicality,61.178493,,
Brody Paterson,Physicality,56.381577,,
Brooklyn Lyons-Foster,Physicality,65.46544,,
Brooklyn Raines,Physicality,45.95571,,
Bruno André Cavaco Jordão,Physicality,60.52762,,
Bruno Báez Panero,Physicality,67.97261,,
Bruno Henrique Marques Torres,Physicality,66.711685,,
Bruno Luiz Fagundeiro Cardenas,Physicality,58.8237,,
Bruno Miguel Carapeto dos Reis,Physicality,54.030365,,
Bruno Miguel Ferreira Rodrigues,Physicality,67.4959,,
Bruno Onyemaechi,Physicality,65.494484,,
Bruno Pachito,Physicality,51.946735,,
Bruno Poveda,Physicality,59.184418,,
Bruno Recalde,Physicality,67.49965,,
Bruno Rivas Reyes,Physicality,59.215336,,
Bryan David Castrillón Gómez,Physicality,56.170948,,
Bryan Fiabema,Physicality,57.766117,,
Bryan González,Physicality,42.81472,,
Bryan Javier Caicedo Jurado,Physicality,68.04347,,
Bryan Silva Teixeira,Physicality,59.757195,,
Bryan Soumaré,Physicality,62.286037,,
Bryan Zaragoza Martínez,Physicality,43.907757,,
Bryant Albizo,Physicality,41.762974,,
Bryant Nieling,Physicality,63.128777,,
Bryant Ortega,Physicality,50.41304,,
Bryce Washington,Physicality,68.9951,,
Bryn Andrew Morris,Physicality,66.99567,,
Brynjar Johnsplass,Physicality,46.93955,,
Brynjólfur Darri Willumsson,Physicality,67.40386,,
Bum Su Kim,Physicality,43.109146,,
Burak Ince,Physicality,52.477646,,
Béni Makouana,Physicality,56.14319,,
Bénie Adama Traoré,Physicality,48.720352,,
Cade Dylan Cowell,Physicality,74.88176,,
Caden Clark,Physicality,57.672436,,
Cagan Kayra Erciyas,Physicality,55.644787,,
Caleb Cassius Watts,Physicality,53.58477,,
Callan Rennie Elliot,Physicality,62.40586,,
Callum Alex David Burton,Physicality,59.12195,,
Callum Damian Peter Morton,Physicality,62.45616,,
Callum Jason Noel Camps,Physicality,65.66988,,
Callum Joseph Lang,Physicality,67.559235,,
Callum Thomas Ainley,Physicality,56.77933,,
Callum William McCowatt,Physicality,69.18084,,
Calum Kavanagh,Physicality,56.048904,,
Calvin William Ramsay,Physicality,65.88096,,
Cameron Bradley John,Physicality,67.55339,,
Cameron Dunbar,Physicality,40.19574,,
Cameron James Evans,Physicality,63.412308,,
Cameron Lisceous Humphreys-Grant,Physicality,72.11779,,
Cameron MacPherson,Physicality,69.613335,,
Cameron Mark Thomas Brannagan,Physicality,68.78524,,
Cameron Puertas Castro,Physicality,72.14322,,
Cameron Rooney,Physicality,50.14735,,
Cameron Terry Coxe,Physicality,65.909035,,
Camilo Hernán Albornoz,Physicality,63.66593,,
Can Hayri Özkan,Physicality,73.70231,,
Caoimhin Porter,Physicality,51.09229,,
Caolan McLaughlin,Physicality,44.15734,,
Carl Adam Andersson,Physicality,65.04264,,
Carl Adam Jonathan Hellborg,Physicality,72.75566,,
Carl Robert Johnston,Physicality,60.11389,,
Carlo Adriano García Prades,Physicality,55.81001,,
Carlo Gregor Boukhalfa,Physicality,73.72831,,
Carlo Johan Holse Justesen,Physicality,60.959812,,
Carlo Roberto Casap,Physicality,64.77018,,
Carlos Alberto Lucumi González,Physicality,60.954758,,
Carlos Alberto Villanueva Fuentes,Physicality,60.852425,,
Carlos Andrés Chore Aguilera,Physicality,52.580524,,
Carlos Augusto Rojas,Physicality,58.10962,,
Carlos Beitia Cardos,Physicality,56.085114,,
Carlos Daniel Calzadilla Durán,Physicality,50.495377,,
Carlos Daniel Meza Villa,Physicality,62.193245,,
Carlos Domínguez Cáceres,Physicality,67.004005,,
Carlos Gabriel Villalba Rivas,Physicality,70.3714,,
Carlos Jhilmar Lora Saavedra,Physicality,58.662163,,
Carlos Joao Montoya García,Physicality,66.99078,,
Carlos Manuel Díaz Ferrer,Physicality,61.975803,,
Carlos Manuel Insaurralde Ochart,Physicality,64.67671,,
Carlos Martín Domínguez,Physicality,60.754196,,
Carlos Mateo Abastoflor Aguilera,Physicality,47.891476,,
Carlos Miguel Harvey Cesneros,Physicality,63.88338,,
Carlos Niño Junior Espinola Díaz,Physicality,60.281273,,
Carlos Paraco,Physicality,43.361122,,
Carlos Percy Liza Espinoza,Physicality,65.28518,,
Carlos Raúl Olses Quijada,Physicality,59.136684,,
Carlos Romero Serrano,Physicality,57.81338,,
Carlos Terán Díaz,Physicality,71.01528,,
Carmine Soel Chiappetta,Physicality,48.52486,,
Carney Chibueze Chukwuemeka,Physicality,60.595955,,
Carson Buschman-Dormond,Physicality,56.22767,,
Casper Kaarsbo Winther,Physicality,55.58852,,
Casper Staring,Physicality,67.930275,,
Celton Ansumane Biai,Physicality,59.330517,,
Cem Tuna Türkmen,Physicality,53.984608,,
Cem Çelik,Physicality,54.764435,,
Cenk Özkaçar,Physicality,75.51274,,
Cezary Miszta,Physicality,59.155666,,
Chan Yong Kim,Physicality,59.405216,,
Chang Hwan Park,Physicality,56.089054,,
Chanka Zimba,Physicality,69.05579,,
Charbel Codjo Gomez,Physicality,47.987495,,
Charles Mutawe,Physicality,50.36552,,
Charles Nathan Abi,Physicality,62.089287,,
Charley Kendall,Physicality,52.539078,,
Charlie Caton,Physicality,54.57872,,
Charlie Daniel Brown,Physicality,63.11995,,
Charlie David Kirk,Physicality,56.1652,,
Charlie Patrick Jolley,Physicality,53.530308,,
Charlie Seaman,Physicality,53.89008,,
Charlie Williams,Physicality,39.143055,,
Check Oumar Diakité,Physicality,55.304726,,
Cheick Aymar Timité,Physicality,63.407234,,
Cheick Tiemoko Diabate,Physicality,69.54427,,
Cheikh Ahadou Tidiane Thiam,Physicality,67.83113,,
Cheikh Ahmet Tidian Niasse,Physicality,71.20263,,
Cheikh Tidiane Sabaly,Physicality,38.812603,,
Chiekh Thiam,Physicality,53.405033,,
Chigozier Caleb Chukwuemeka,Physicality,58.435757,,
Chinonso Offor Nnamdi,Physicality,66.75058,,
Chris Donovan,Physicality,55.65306,,
Chris Forino-Joseph,Physicality,76.06102,,
Chris Kouakou,Physicality,62.960922,,
Chris Lotefa,Physicality,47.959797,,
Chris Vianney Bedia,Physicality,71.000435,,
Chrislain Iris Aurel Matsima,Physicality,74.46848,,
Christian Acella,Physicality,47.52895,,
Christian Adán Larotonda Adán,Physicality,67.59424,,
Christian Capone,Physicality,44.603085,,
Christian Diego Pastina,Physicality,70.3724,,
Christian Dominick Torres,Physicality,49.369762,,
Christian Fernandes Marques,Physicality,64.356514,,
Christian Franco,Physicality,59.936047,,
Christian Frederick Bayoi Makoun Reyes,Physicality,72.58093,,
Christian Jaeger Cappis,Physicality,65.88112,,
Christian Joe Conteh,Physicality,48.51104,,
Christian Joel Sánchez Leal,Physicality,59.10573,,
Christian Kouan Oulaï,Physicality,73.61509,,
Christian Mork Breivik,Physicality,49.553135,,
Christian Norton,Physicality,50.30401,,
Christian Rivera Hernández,Physicality,69.82651,,
Christian Schiavone Modica,Physicality,51.809887,,
Christian Tapia,Physicality,59.40882,,
Christián Herc,Physicality,69.30609,,
Christopher Brady,Physicality,59.208138,,
Christopher Cadden,Physicality,70.408195,,
Christopher Francis Merrie,Physicality,67.38575,,
Christopher Gavin Scott,Physicality,48.61858,,
Christopher Giuliani,Physicality,59.236835,,
Christopher Gloster,Physicality,67.851776,,
Christopher James Durkin,Physicality,67.0139,,
Christopher Lungoyi,Physicality,66.43823,,
Christopher Maurice Wooh,Physicality,74.290924,,
Christopher Robin Olivares Burga,Physicality,64.55183,,
Cian William Thomas Harries,Physicality,62.878777,,
Ciaran Patrick Gilligan,Physicality,61.206264,,
Cillian Heaney,Physicality,43.73655,,
Ciro Panico,Physicality,65.56539,,
Claudio Espinoza,Physicality,48.109287,,
Claudiu Adrian Mihai Petrila,Physicality,54.327705,,
Clayton Fernandes Silva,Physicality,59.25865,,
Cleilton Monteiro da Costa,Physicality,65.38041,,
Clelio Gustavo Nnachi Espinoza,Physicality,46.349476,,
Clemente José Montes Barroilhet,Physicality,50.76619,,
Clinton Mola,Physicality,63.815083,,
Clyde Nick García Segura,Physicality,60.901207,,
Clément Bayiha,Physicality,62.315533,,
Clément Billemaz,Physicality,52.369553,,
Cody Callum Pierre Drameh,Physicality,69.10757,,
Cody Collins,Physicality,67.04379,,
Cole Turner,Physicality,69.28607,,
Collins Sichenje,Physicality,59.7208,,
Connor Isaac Metcalfe,Physicality,75.48945,,
Connor Pye,Physicality,51.826675,,
Connor Smith,Physicality,44.019184,,
Conor Mark Chaplin,Physicality,56.716072,,
Conor Michael Grant,Physicality,55.043533,,
Constantin Cristian Dima,Physicality,68.7745,,
Corrie Richard Ndaba,Physicality,70.14848,,
Cosimo Marco Da Graca,Physicality,54.89272,,
Cosmin Gabriel Atănase,Physicality,56.740578,,
Cosmin Tucaliuc,Physicality,46.529995,,
Cottrell Ezekwem,Physicality,75.5182,,
Cristhian David Riveros Silvero,Physicality,59.247166,,
Cristhian Mosquera Ibargüen,Physicality,65.72282,,
Cristhian Penayo,Physicality,56.78689,,
Cristian Cosmin Dumitru,Physicality,50.124954,,
Cristian Enrique Cruz Meleán,Physicality,49.51297,,
Cristian Estaban Trujillo Riascos,Physicality,49.134007,,
Cristian Ezequiel Ferreira,Physicality,62.19619,,
Cristian Gonzalo Torres,Physicality,44.220753,,
Cristian Ignat,Physicality,64.26859,,
Cristian Maxim,Physicality,58.128204,,
Cristian Riquelme,Physicality,60.00642,,
Cristián Alexander Zavala Briones,Physicality,51.63032,,
Cristián Díaz,Physicality,59.764725,,
Cristián Díaz Ferrada,Physicality,66.56424,,
Cristo Ramón González Pérez,Physicality,58.51536,,
Cristopher Alejandro Medina García,Physicality,62.35881,,
Cristopher Javier Varela Caicedo,Physicality,58.957058,,
Cristóbal Ignacio Finch Barrios,Physicality,63.621006,,
Cyril Etoga,Physicality,59.589787,,
Cyrus Dehmie,Physicality,65.49038,,
César Alejandro Menacho Claros,Physicality,55.591354,,
César Gelabert Piña,Physicality,57.02555,,
César Pérez,Physicality,48.573177,,
César Roman Ibáñez,Physicality,67.13815,,
César Tárrega Requeni,Physicality,61.808403,,
César Valero Álvarez,Physicality,57.895927,,
Călin Popescu,Physicality,55.879326,,
Cătălin Albu,Physicality,51.974728,,
Daam Wonnebald Foulon,Physicality,66.676254,,
Daan Reiziger,Physicality,59.144638,,
Dae Woo Kim,Physicality,69.6574,,
Daishawn Orpheo Marvin Redan,Physicality,55.251907,,
Daithí McCallion,Physicality,43.448257,,
Dalibor Markovic,Physicality,56.266903,,
Dalisson de Almeida Leite,Physicality,48.02904,,
Damaitphang Lyngdoh,Physicality,50.761864,,
Damian Daniel Isac,Physicality,66.87888,,
Damian Duffy,Physicality,48.069763,,
Damiano Pecile,Physicality,56.999588,,
Damir Redzic,Physicality,49.34224,,
Damián Ariel Fernández,Physicality,70.391205,,
Damián Moreno,Physicality,51.42548,,
Dan Assane Ndoye,Physicality,60.175144,,
Dan Davies,Physicality,57.426094,,
Dana Amaral,Physicality,59.46022,,
Dane James Ingham,Physicality,61.71165,,
Dane Murray,Physicality,64.89764,,
Dane Pharrell Scarlett,Physicality,58.842697,,
Dango Aboubacar Faissal Ouattara,Physicality,48.504616,,
Daniel Albiar Serrano,Physicality,48.92656,,
Daniel Alejandro Pérez Córdova,Physicality,69.50166,,
Daniel Alonso Aceves Patiño,Physicality,57.881584,,
Daniel Andrés Luna García,Physicality,43.718277,,
Daniel David Jebbison,Physicality,69.081116,,
Daniel Dodds,Physicality,48.379192,,
Daniel Dumbravanu,Physicality,57.03361,,
Daniel Esmorís Tasende,Physicality,46.52145,,
Daniel Esteban Ríos,Physicality,48.696133,,
Daniel Filipe Bandeira e Silva,Physicality,60.19277,,
Daniel Francis Anyembe,Physicality,64.91839,,
Daniel George Ballard,Physicality,75.30858,,
Daniel González,Physicality,68.42973,,
Daniel González Flores,Physicality,57.706257,,
Daniel González García,Physicality,51.870083,,
Daniel Grant,Physicality,49.435364,,
Daniel Happe,Physicality,73.41419,,
Daniel Harry Kemp,Physicality,37.898247,,
Daniel Hawkins,Physicality,52.899548,,
Daniel Håkans,Physicality,47.1793,,
Daniel Leyva,Physicality,55.474144,,
Daniel Lorenzo Guerrero,Physicality,58.213394,,
Daniel Lønne Iversen,Physicality,59.212006,,
Daniel Mandroiu,Physicality,61.009197,,
Daniel Martín Fernández,Physicality,59.14574,,
Daniel Mesenhöler,Physicality,59.183914,,
Daniel Mosquera,Physicality,64.413765,,
Daniel Namaso Edi-Mesumbe Loader,Physicality,64.203606,,
Daniel Neil,Physicality,70.97792,,
Daniel Nkrumah,Physicality,57.629215,,
Daniel Polanco,Physicality,67.108055,,
Daniel Queipo Menéndez,Physicality,44.799767,,
Daniel Rebollo Franco,Physicality,59.209656,,
Daniel Rojas Céspedes,Physicality,74.535446,,
Daniel Shaquille Jabari Phillips,Physicality,74.637505,,
Daniel Steven Devine,Physicality,64.441475,,
Daniel Szelągowski,Physicality,55.88665,,
Daniel Tiefenbach,Physicality,59.2978,,
Daniel Toma,Physicality,53.447678,,
Daniel Veiby Held,Physicality,59.228973,,
Daniel Vidal Martínez,Physicality,59.863663,,
Daniel Villahermosa,Physicality,59.35501,,
Daniel William Harvie,Physicality,65.814896,,
Daniel dos Santos Penha,Physicality,57.1338,,
Daniel Ściślak,Physicality,57.80239,,
Daniel Štefulj,Physicality,67.07377,,
Daniels Ontužāns,Physicality,53.475006,,
Danilo Acosta,Physicality,69.2695,,
Danilo Filipe Melo Veiga,Physicality,70.114944,,
Daniël De Silva,Physicality,61.247513,,
Daniël van Kaam,Physicality,59.711205,,
Danny Cashman,Physicality,45.473423,,
Dantouma Yaya Toure,Physicality,47.377007,,
Dany Jean,Physicality,51.44469,,
Dapo Mebude,Physicality,57.103493,,
Dara Costelloe,Physicality,58.895477,,
Darijo Grujcic,Physicality,72.545616,,
Dario Kreiker,Physicality,62.575874,,
Dario Oger,Physicality,56.269714,,
Darius Constantin Grosu,Physicality,51.08341,,
Dariusz Pawłowski,Physicality,63.763836,,
Darlin Alberto Leiton Lamilla,Physicality,45.22518,,
Darlin Zidane Yongwa Ngameni,Physicality,63.004448,,
Darluis Paz,Physicality,52.909145,,
Darnell Tobias Jack Johnson,Physicality,71.19203,,
Darrell Kamdem Tibell,Physicality,57.182262,,
Darren Collins,Physicality,40.02992,,
Darren Watson,Physicality,56.18346,,
Darío Ramos Pinazo,Physicality,59.193626,,
David Agbo,Physicality,59.60269,,
David Alba Fernández,Physicality,66.364334,,
David Argüelles Álvarez,Physicality,53.059547,,
David Atanga,Physicality,48.91307,,
David Ayomide Kasumu,Physicality,66.84814,,
David Bremang,Physicality,61.107822,,
David Concha Salas,Physicality,48.334324,,
David Cuenca Barreno,Physicality,56.171265,,
David Djigla,Physicality,58.48248,,
David Edvardsson,Physicality,63.41496,,
David Fisher,Physicality,52.614372,,
David Iordache,Physicality,63.340687,,
David Jacovic,Physicality,61.134197,,
David Kjær Kruse,Physicality,54.768536,,
David Lennart Philipp,Physicality,54.146423,,
David Ochoa,Physicality,59.15785,,
David Odumosu,Physicality,59.172302,,
David Peter Kopacz,Physicality,56.30947,,
David Poreba,Physicality,58.403908,,
David Puntigam,Physicality,59.293655,,
David Raul Miculescu,Physicality,63.31672,,
David Ribera,Physicality,54.66331,,
David Rodríguez Ramos,Physicality,60.183983,,
David Samuel Custódio Lima,Physicality,56.175865,,
David Sousa Albino,Physicality,73.077126,,
David Strelec,Physicality,58.321465,,
David Torres Ortiz,Physicality,64.71563,,
David Ungar,Physicality,69.72187,,
David Vogt,Physicality,73.113686,,
David Vraciu,Physicality,51.076447,,
David-Marian Croitoru,Physicality,44.591652,,
Davide Merola,Physicality,51.253418,,
Davide-Jerome Itter,Physicality,60.87554,,
Dawid Kocyła,Physicality,50.70311,,
Daykol Romero,Physicality,58.16136,,
Dayler Quintela,Physicality,59.132755,,
Dean Graeme Campbell,Physicality,47.994514,,
Declan David Glass,Physicality,47.154613,,
Degnand Wilfried Gnonto,Physicality,62.415253,,
Deiber Jair Caicedo Mideros,Physicality,52.227207,,
Dejan Tetek,Physicality,62.869686,,
Delano Vianello,Physicality,59.010376,,
Denilson Josué Ovando Ramírez,Physicality,44.724102,,
Denis Graţian Haruţ,Physicality,68.79015,,
Denis Lucian Hrezdac,Physicality,55.311348,,
Denis Mihai Drăguş,Physicality,69.1731,,
Denizcan Cosgun,Physicality,51.647976,,
Dennis Emmanuel Abiodun Adeniran,Physicality,72.47467,,
Dennis Olsson,Physicality,56.91949,,
Dennis-Adam Gorka,Physicality,59.142605,,
Dennis-Dorian Politic,Physicality,58.52157,,
Denver Jay Hume,Physicality,57.02956,,
Derek Agyakwa,Physicality,67.17914,,
Derek Germano Kutesa,Physicality,58.46582,,
Derik Gean Severino Lacerda,Physicality,68.257545,,
Derlis Darío Martínez González,Physicality,44.569515,,
Derrick Arthur Köhn,Physicality,65.07175,,
Des Kunst,Physicality,64.36721,,
Devansh Dabas,Physicality,59.3454,,
Devante James Parker,Physicality,56.092426,,
Devid Eugene Bouah,Physicality,52.833797,,
Devin Remie,Physicality,59.15177,,
Devinson Martínez,Physicality,56.168945,,
Didier Bueno,Physicality,67.34329,,
Didrik Hafstad,Physicality,50.34039,,
Diego Acevedo,Physicality,44.035343,,
Diego Alende López,Physicality,70.086586,,
Diego Alessandro Guillén Alarcón,Physicality,47.923183,,
Diego Alexander Gómez,Physicality,65.200676,,
Diego Altube Suárez,Physicality,59.141403,,
Diego Ariel Duarte Garcete,Physicality,55.338882,,
Diego Augusto Rodríguez Carreño,Physicality,49.419,,
Diego Collado Raya,Physicality,47.764996,,
Diego Gabriel Silva Rosa,Physicality,65.97328,,
Diego Gustavo Rodrigues de Lima,Physicality,51.14811,,
Diego Gutierrez,Physicality,39.133286,,
Diego Gutiérrez Chinea,Physicality,58.562283,,
Diego Hernández,Physicality,47.63488,,
Diego José Conde Alcolado,Physicality,59.189064,,
Diego López Noguerol,Physicality,49.02759,,
Diego Manuel J. da Silva Moreira,Physicality,63.72704,,
Diego Martín Valencia Morello,Physicality,67.25461,,
Diego Medina,Physicality,60.599773,,
Diego Moreno Garbayo,Physicality,58.679398,,
Diego Nicolás Aranda Rojas,Physicality,59.29547,,
Diego Sánchez Pérez,Physicality,59.629654,,
Diego Valentín Rodríguez Alonso,Physicality,58.665478,,
Diego Varela Pampín,Physicality,57.102913,,
Diego Vicente Bri Carrazoni,Physicality,37.46819,,
Dikeni Salifou,Physicality,66.46692,,
Dilan Kumar Markanday,Physicality,47.42735,,
Dillan Solomons,Physicality,68.987526,,
Dimitri Joseph Oberlin Mfomo,Physicality,59.7432,,
Dinis L. Casals Pinto,Physicality,56.49045,,
Dino Salihovic,Physicality,60.014866,,
Dioggo Isita,Physicality,55.513172,,
Diogo Costa Pinto,Physicality,47.934547,,
Diogo Filipe Pacheco Abreu,Physicality,63.70845,,
Diogo Lucas Queirós,Physicality,70.97637,,
Diogo Nathan Peixe Barreto,Physicality,57.547043,,
Diogo Pinheiro Monteiro,Physicality,62.44382,,
Diogo dos Santos Cabral,Physicality,67.47164,,
Diosdany Goncalves,Physicality,60.63732,,
Dipu Mirdha,Physicality,49.04444,,
Djamal Moussadek,Physicality,61.16594,,
Djeidi Gassama,Physicality,50.077587,,
Djibril Thialaw Diop,Physicality,71.375595,,
Djorkaeff Neicer Reasco González,Physicality,70.69346,,
Do Yun Choi,Physicality,51.391956,,
Dom Ballard,Physicality,53.456,,
Dominic David Telford,Physicality,62.83328,,
Dominic Thomas,Physicality,57.269524,,
Dominik Bauer,Physicality,68.47364,,
Dominik Bilogrević,Physicality,55.496414,,
Dominik Florian Klann,Physicality,64.25236,,
Dominik Franke,Physicality,66.836395,,
Dominik Piła,Physicality,52.598515,,
Dominik Prpić,Physicality,70.65875,,
Dominik Sokół,Physicality,56.950577,,
Dorian Ciezkowski,Physicality,59.2251,,
Douglas Matías Arezo Martínez,Physicality,59.41165,,
Douglas Tharme,Physicality,67.80939,,
Doğukan Kaya,Physicality,59.27985,,
Dragoljub Savić,Physicality,41.73292,,
Dragoș Sebastian Tescan,Physicality,50.80405,,
Drew Baker,Physicality,59.58524,,
Dries Wouters,Physicality,74.35611,,
Duccio Degli Innocenti,Physicality,59.553383,,
Duncan Nosahaere Idehen,Physicality,67.009766,,
Dylan Adjei-Hersey,Physicality,45.08073,,
Dylan Barkers,Physicality,69.931404,,
Dylan Demuynck,Physicality,42.168255,,
Dylan Duncan,Physicality,54.1082,,
Dylan Durivaux,Physicality,50.35517,,
Dylan Felipe Borrero Caicedo,Physicality,56.8092,,
Dylan G'Beuly,Physicality,49.407246,,
Dylan James Christopher Levitt,Physicality,63.996944,,
Dylan José Perera Plasencia,Physicality,47.18103,,
Dylan Lobban,Physicality,47.24618,,
Dylan Louis Ange Ouédraogo,Physicality,68.43344,,
Dylan Molloy,Physicality,57.09117,,
Dylan Murugesapillai,Physicality,53.703957,,
Dylan Reid,Physicality,57.369083,,
Dynel Brown Kembo Simeu,Physicality,75.5701,,
Dário Cassia Luís Essugo,Physicality,71.51076,,
Dêniro Rubens Prestes Cadete,Physicality,73.65269,,
Ebeguowen Owen Otasowie,Physicality,77.12384,,
Ebrima-Dominique N’dure,Physicality,56.5673,,
Ed McJannet,Physicality,45.05701,,
Eddie Anthony Salcedo Mora,Physicality,51.269104,,
Eddie Munjoma,Physicality,57.157997,,
Eddy Sylvestre Negadi,Physicality,49.6581,,
Edenildo Eloi Lagoas Regalo,Physicality,69.13173,,
Ederson Salomón Rodríguez Lima,Physicality,69.74018,,
Edgar Alberto Olivares Villarroel,Physicality,58.79983,,
Edgar Eyffer Lastre Mercado,Physicality,57.9649,,
Edgar Joel Elizalde Ferreira,Physicality,73.29541,,
Edi Sylisufaj,Physicality,65.90805,,
Edin Omeragic,Physicality,59.173046,,
Edison Alexander Azcona Vélez,Physicality,41.484795,,
Edison Mero,Physicality,59.73373,,
Edmond-Paris Maghoma,Physicality,61.789192,,
Edoardo Iannoni,Physicality,64.298004,,
Edoardo Piana,Physicality,59.252045,,
Edoardo Pierozzi,Physicality,59.785995,,
Edson Acevedo,Physicality,58.563442,,
Edson Armando Rivas Vielma,Physicality,58.495617,,
Eduard Dutu,Physicality,61.105843,,
Eduard Kozik,Physicality,60.69954,,
Eduard Probst,Physicality,65.75672,,
Eduardo Dos Santos Haesler,Physicality,59.27898,,
Eduardo Enrique Fereira Peñaranda,Physicality,46.760826,,
Eduardo Filipe Quaresma Vieira Coimbra Simões,Physicality,73.83757,,
Eduardo Oliveira Borges,Physicality,61.28649,,
Eduards Daškevičs,Physicality,43.953926,,
Edvin Austbø,Physicality,42.823433,,
Edvin Tellgren,Physicality,52.882084,,
Edward James Bishop,Physicality,59.28894,,
Edward Kizza,Physicality,64.163155,,
Edwin Stiven Mosquera Palacios,Physicality,57.060757,,
Edwin Valencia,Physicality,53.953682,,
Efe Arda Koyuncu,Physicality,59.142166,,
Efe Tatlı,Physicality,59.730183,,
Efraín Álvarez,Physicality,42.563843,,
Egoitz Arana Aizpurua,Physicality,59.263866,,
Eiran Cashin,Physicality,64.61515,,
Eivind Helgeland,Physicality,56.83007,,
Ejaita Ifoni,Physicality,66.13096,,
Ekin Çelebi,Physicality,65.88507,,
El Mehdi Moubarik,Physicality,65.98966,,
Eleutherios Lyratzis,Physicality,67.94067,,
Elias Aarflot,Physicality,53.928707,,
Elias Imed Damergy,Physicality,59.16679,,
Elias Jona Bördner,Physicality,59.172005,,
Elias Kratzer,Physicality,53.426025,,
Elias Kristoffersen Hagen,Physicality,56.138046,,
Elias Löder,Physicality,50.013435,,
Elias Manoel,Physicality,58.918297,,
Elias Sebastian Solberg,Physicality,44.392406,,
Elicha Ahui,Physicality,55.64631,,
Elija Wohlgemuth,Physicality,59.308155,,
Elijah Henry Just,Physicality,52.916874,,
Elio Salazar,Physicality,58.608986,,
Elione Fernandes Neto,Physicality,63.917217,,
Eliézer Meléndez,Physicality,61.268223,,
Ellery Ronald Balcombe,Physicality,59.119823,,
Elliot John Embleton,Physicality,52.43327,,
Elliot Jorge Simões Inácio,Physicality,42.550987,,
Elliot Morgan Thorpe,Physicality,55.404568,,
Elliot William Watt,Physicality,62.210938,,
Elliott Anderson,Physicality,65.15268,,
Elliott Michael Bonds,Physicality,71.077126,,
Elliott Ricardo Wignal List,Physicality,60.132458,,
Ellis Carlo Iandolo,Physicality,59.081966,,
Ellis Darren Chapman,Physicality,60.881844,,
Elvis Kevin Velasco,Physicality,64.735374,,
Elyas Al Biladi,Physicality,63.3192,,
Elías Alejandro Arias Rengel,Physicality,54.86166,,
Elías Alejandro Ramos Castillo,Physicality,61.484894,,
Elías Britez,Physicality,65.915825,,
Elías Iván Pereyra,Physicality,57.339027,,
Elías Rafn Ólafsson,Physicality,62.01146,,
Elías Sebastián López,Physicality,69.40071,,
Emanuel Dat,Physicality,50.2005,,
Emanuel Lalchhanchhuaha,Physicality,49.304558,,
Emerson Hyndman,Physicality,44.111874,,
Emerson Rivaldo Rodríguez Valois,Physicality,47.383114,,
Emerson Velasquez,Physicality,68.85119,,
Emil Alfons Holm,Physicality,74.15729,,
Emil Hellman,Physicality,62.3444,,
Emil Konradsen Ceïde,Physicality,47.872295,,
Emil Nestved Kornvig,Physicality,64.1453,,
Emil Roback,Physicality,41.481617,,
Emil Varhaugvik Breivik,Physicality,70.289955,,
Emilian Metu,Physicality,69.01825,,
Emiliano Agustín Villar Vidal,Physicality,66.91334,,
Emiliano Brienza,Physicality,54.25062,,
Emiliano Clavijo,Physicality,63.703293,,
Emiliano Martínez Toranza,Physicality,61.192635,,
Emiliano Vidart,Physicality,53.26007,,
Emilio Kehrer,Physicality,51.385483,,
Emir Kaan Gültekin,Physicality,53.8979,,
Emmanuel Attipoe,Physicality,59.799038,,
Emmanuel Danso,Physicality,41.87488,,
Emmanuel Delan Junior Latte Lath,Physicality,56.215782,,
Emmanuel Ebuka Osadebe,Physicality,73.054184,,
Emmanuel Ilesanmi,Physicality,65.47819,,
Emmanuel Longelo Mbule,Physicality,56.17477,,
Emmanuel Matuta,Physicality,70.79876,,
Emmanuel Ogura,Physicality,59.170208,,
Emre Demir,Physicality,56.416286,,
Emre Topcu,Physicality,44.583454,,
Emrecan Uzunhan,Physicality,60.656425,,
Emrehan Gedikli,Physicality,56.2,,
Enis Çokaj,Physicality,66.44208,,
Enmerson Geovanny Batalla Martínez,Physicality,54.4474,,
Enric Llansana Beuse,Physicality,60.282253,,
Enrico Celeghin,Physicality,60.138348,,
Enrico Del Prato,Physicality,64.10042,,
Enrico Erick Dueñas Hernández,Physicality,49.44137,,
Enrique Achahuanco,Physicality,54.04445,,
Enrique Barja Afonso,Physicality,58.540913,,
Enrique Camargo,Physicality,59.084316,,
Enrique Clemente Maza,Physicality,68.41259,,
Enrique Jesús Salas Valiente,Physicality,69.64688,,
Enrique Manuel Peña Zauner,Physicality,48.9463,,
Enrique Ríos Vega,Physicality,67.98134,,
Enrique Taborga,Physicality,59.15383,,
Enzo Camille Alain Millot,Physicality,47.604385,,
Enzo Joaquín Sosa Romañuk,Physicality,66.4326,,
Enzo López,Physicality,59.347183,,
Enzo Martín Roldán,Physicality,61.91765,,
Ephron Jardell Mason-Clark,Physicality,65.85405,,
Eren Sami Dinkçi,Physicality,51.827587,,
Eric Anders Smith,Physicality,73.63971,,
Eric Andre Kahl,Physicality,65.50297,,
Eric Junior Bocat,Physicality,60.251934,,
Eric Ocansey,Physicality,67.33465,,
Erick Perleche,Physicality,58.761776,,
Erick Steven Ferigra Burnham,Physicality,70.73829,,
Erik Benjamin Nygren,Physicality,60.09673,,
Erik Centeno,Physicality,46.557796,,
Erik Jorgens de Menezes,Physicality,69.32835,,
Erik Nicolás López Samaniego,Physicality,63.775513,,
Erik Ring,Physicality,65.83804,,
Erik Ross Palmer-Brown,Physicality,72.08547,,
Erik Shuranov,Physicality,70.79679,,
Erik Sorga,Physicality,57.245358,,
Erik Tallig,Physicality,58.278442,,
Erik Tobias Tangen Sandberg,Physicality,69.80429,,
Eris Abedini,Physicality,69.74858,,
Erison Danilo de Souza,Physicality,71.41547,,
Erolind Krasniqi,Physicality,56.61698,,
Ertuğrul Çetin,Physicality,59.383698,,
Esey Gebreyesus,Physicality,47.14596,,
Esmir Bajraktarevic,Physicality,46.2109,,
Esteban Cristóbal Valencia Reyes,Physicality,66.18448,,
Esteban Kirkman,Physicality,59.129944,,
Esteban Petignat,Physicality,65.54068,,
Ethan Christopher Dobbelaere,Physicality,43.53943,,
Ethan Craig Brierley,Physicality,54.42532,,
Ethan Stuart William Galbraith,Physicality,56.674023,,
Ethyan Jesús González Morales,Physicality,60.93485,,
Euan Henderson,Physicality,57.258575,,
Eusebio Monzó Alfonso,Physicality,63.42688,,
Evan Marley Khouri,Physicality,49.925846,,
Evan Ovendale,Physicality,59.33373,,
Evidence Makgopa,Physicality,60.025738,,
Evren Eren Elmalı,Physicality,68.98678,,
Ewan Henderson,Physicality,51.758076,,
Exon Gustavo Vallecilla Godoy,Physicality,71.94246,,
Eylon Almog,Physicality,59.539158,,
Ezequiel Busquets Sanguinetti,Physicality,63.26657,,
Ezequiel Cannavó,Physicality,48.896385,,
Ezequiel Emanuele,Physicality,58.487507,,
Fabian Daniel Rohner,Physicality,51.66602,,
Fabian Herbst,Physicality,72.23853,,
Fabian Tauchhammer,Physicality,52.107124,,
Fabiano Cibi,Physicality,58.658024,,
Fabiano Josué de Souza Silva,Physicality,66.457954,,
Fabio Blanco Gómez,Physicality,46.489166,,
Fabio Rojas,Physicality,64.256714,,
Fabio Schneider,Physicality,62.45089,,
Fabián Steven Ángel Bernal,Physicality,48.913284,,
Fabrice Daniel Hartmann,Physicality,44.48205,,
Fabricio Mariaca,Physicality,46.395695,,
Fabrizio Nicolás Correa González,Physicality,59.28294,,
Facundo Daniel Kruspzky,Physicality,58.236332,,
Facundo Ezequiel Almada,Physicality,67.70736,,
Facundo Fabián Trinidad Carballo,Physicality,54.238766,,
Facundo Leonel Mater,Physicality,67.21209,,
Facundo Martín Pérez,Physicality,62.767616,,
Facundo Pellistri Rebollo,Physicality,55.964394,,
Fahad Khalid Al-Dossari,Physicality,58.100033,,
Faisal Al Mutairi,Physicality,51.003395,,
Falah Waleed Juma Alsouri Aljneibi,Physicality,66.98887,,
Fares Al Garzae,Physicality,54.47181,,
Farick Haddad,Physicality,40.445316,,
Farrend James Rawson,Physicality,72.20968,,
Faruk Can Genç,Physicality,59.839436,,
Fatih Yiğit Şanlıtürk,Physicality,54.791595,,
Fatih Yılmaz,Physicality,57.515114,,
Faustino Adebola Rasheed Anjorin,Physicality,67.86265,,
Fedde de Jong,Physicality,59.642174,,
Federico Agustín Gattoni,Physicality,71.4393,,
Federico Darío Navarro,Physicality,59.042557,,
Federico Girotti Bonazza,Physicality,72.06401,,
Federico Pace,Physicality,54.118782,,
Felipe Tomás Zenobio,Physicality,59.15733,,
Felix Brand,Physicality,70.78044,,
Felix Eriksson,Physicality,56.38583,,
Felix Kalu Nmecha,Physicality,63.899483,,
Felix Karl-Ernst Gebhardt,Physicality,59.020916,,
Felix Khonde Mambimbi,Physicality,53.338608,,
Felix Lange,Physicality,59.343758,,
Felix Omoruyi Irorere,Physicality,67.36915,,
Felix Wennergrund,Physicality,50.4988,,
Fernando Andrés Prado Avelino,Physicality,70.78912,,
Fernando Aurelio Román Villalba,Physicality,60.12099,,
Fernando David Cardozo Paniagua,Physicality,57.040672,,
Fernando Díaz,Physicality,60.118835,,
Fernando Fabián Ovelar Martínez,Physicality,53.669533,,
Fernando Medrano Gastañaga,Physicality,45.288036,,
Fernando Pacheco,Physicality,72.13642,,
Fernando Raúl Romero González,Physicality,67.033195,,
Fernando Ruiz Díaz,Physicality,59.996502,,
Fernán Faerron,Physicality,66.55725,,
Filip Bundgaard Kristensen,Physicality,51.62467,,
Filip Chalupniczak,Physicality,59.170376,,
Filip Filipos Lars Sachpekidis,Physicality,63.13137,,
Filip Koperski,Physicality,57.717484,,
Filip Kramarz,Physicality,59.166866,,
Filip Rønningen Jørgensen,Physicality,60.838463,,
Filip Wojciech Jagiełło,Physicality,57.073727,,
Filip Zawadzki,Physicality,46.78901,,
Filipe De Carvalho,Physicality,47.882347,,
Filipe Miguel Barros Soares,Physicality,66.92771,,
Filippo Delli Carri,Physicality,65.581535,,
Filippo Palazzino,Physicality,48.28589,,
Filippo Tripi,Physicality,58.789074,,
Finley Bell,Physicality,42.975014,,
Finley Stevens,Physicality,64.7107,,
Finn Isaac Azaz,Physicality,65.7703,,
Finn-Dominik Porath,Physicality,52.339848,,
Firas Tariq Nasser Al-Buraikan,Physicality,58.642544,,
Fisnik Isaki,Physicality,44.778038,,
Flamur Dzelili,Physicality,49.345978,,
Flavio Bianchi,Physicality,49.58049,,
Florent Da Silva,Physicality,57.656807,,
Florentin Lucien Jean Bloch,Physicality,59.150738,,
Florian Butscher,Physicality,52.79303,,
Florian Krüger,Physicality,68.72882,,
Florian Nichita Haită,Physicality,41.340145,,
Florian-Horst Carstens,Physicality,76.51612,,
Florin Gheorghe Borţa,Physicality,61.166878,,
Floris Smand,Physicality,63.089954,,
Flynn Clarke,Physicality,50.43042,,
Flávio Basilua Jacinto Nazinho,Physicality,58.93057,,
Fortune Bassey,Physicality,63.518208,,
Francesco Antonucci,Physicality,54.93787,,
Francesco Donati,Physicality,63.31607,,
Francho Serrano Gracia,Physicality,59.861397,,
Francis Florin Bălan,Physicality,58.992268,,
Francisco Agustín González,Physicality,40.12249,,
Francisco Bregante,Physicality,58.797695,,
Francisco Delgado Rojano,Physicality,51.599064,,
Francisco Fabián Álvarez,Physicality,70.67652,,
Francisco Ginella Dabezies,Physicality,59.117596,,
Francisco Javier Chaverra Angulo,Physicality,45.77283,,
Francisco Javier Montero Rubio,Physicality,71.51317,,
Francisco Joel Gerometta,Physicality,65.97354,,
Francisco Jorge Tavares Oliveira,Physicality,56.3807,,
Francisco José Rodríguez Araya,Physicality,54.65755,,
Francisco José Villalba Rodrigo,Physicality,43.178005,,
Francisco Manuel Gonzalez Verjara,Physicality,74.87299,,
Francisco Meira Meixedo,Physicality,59.3454,,
Francisco Sampaio Moura,Physicality,66.56969,,
Francisco Sebastián Moyano Jiménez,Physicality,41.566566,,
Francisco Vidal Bareiro Muñoz,Physicality,56.22034,,
Franck Cédric Tsadjout,Physicality,74.05311,,
Franck Elimane Kanouté,Physicality,73.23207,,
Franck Junior Evina,Physicality,66.91248,,
Franco Agustín Quinteros,Physicality,58.31566,,
Franco Baldassarra,Physicality,62.569187,,
Franco Daryl Tongya Heubang,Physicality,59.074757,,
Franco Gabriel Ibarra,Physicality,59.7159,,
Franco Herrera,Physicality,59.245495,,
Franco Manuel Saravia Rojas,Physicality,59.235683,,
Franco Nicolás Fragueda,Physicality,59.227997,,
Frank Stople,Physicality,59.161415,,
Frankarlos Benítez,Physicality,59.165207,,
Fred Marcos Cardouso Pombal,Physicality,55.60334,,
Freddie Carter,Physicality,60.788605,,
Freddy Alejandro Oncoy Huarote,Physicality,62.59043,,
Freddy Andrés Roca Vivancos,Physicality,53.51386,,
Freddy Kleemann,Physicality,64.57522,,
Frederik Alves Ibsen,Physicality,71.01083,,
Frederik Franck Winther,Physicality,65.72248,,
Frederik Rahn,Physicality,53.51191,,
Fredrik Sjøvold,Physicality,48.87353,,
Fredy Valencia,Physicality,71.1942,,
Friday Etim,Physicality,60.692482,,
Fryderyk Gerbowski,Physicality,67.10107,,
Fynn Otto,Physicality,65.14646,,
Fábio André Freitas Vianna,Physicality,55.075447,,
Fábio André Tavares Desidério,Physicality,53.86525,,
Fábio Daniel Soares Silva,Physicality,66.05164,,
Fábio Pereira Baptista,Physicality,51.997322,,
Fábio Ronaldo Costa Conceição,Physicality,56.210197,,
Félix Alexandre Andrade Sanches Correia,Physicality,53.79948,,
Fıratcan Üzüm,Physicality,50.805626,,
Gabriel Agustín Sotomayor Cardozo,Physicality,50.938995,,
Gabriel Colmenárez,Physicality,61.2368,,
Gabriel Dănuleasă,Physicality,68.34065,,
Gabriel Fernandes Castro,Physicality,59.205807,,
Gabriel Julien Dominique Barès,Physicality,64.068344,,
Gabriel Norambuena,Physicality,51.894653,,
Gabriel Pereira dos Santos,Physicality,48.91272,,
Gabriel Silva Vieira,Physicality,54.79701,,
Gabriel Veiga Novas,Physicality,56.311485,,
Gabriele Gori,Physicality,53.245163,,
Gaby Jean,Physicality,68.21935,,
Gali Balanta,Physicality,59.222416,,
Garis Mina,Physicality,59.84178,,
Gary Moya,Physicality,43.93709,,
Gaspar Campos Ansó Fernández,Physicality,64.90498,,
Gassan Ahadme Yahyai,Physicality,67.88571,,
Gastón Alejandro Pérez Conde,Physicality,60.31187,,
Gastón Benítez,Physicality,61.51575,,
Gastón Luciano Ávila,Physicality,72.00668,,
Gastón Nicolás Martirena Torres,Physicality,53.472115,,
Gastón Nicolás Verón,Physicality,59.66117,,
Gaultiér Overman,Physicality,61.0836,,
Gaute Høberg Vetti,Physicality,60.189915,,
Gavin Okeroghene Bazunu,Physicality,59.37664,,
Geani Mihai Crețu,Physicality,61.558083,,
Gedion Zelalem,Physicality,56.3349,,
Gennaro Borrelli,Physicality,67.42956,,
Geny Cipriano Catamo,Physicality,43.846046,,
Geon Woo Park,Physicality,51.442394,,
George Acosta,Physicality,45.772808,,
George Alexandru Cîmpanu,Physicality,61.028805,,
George Asomani,Physicality,47.011906,,
George Blackwood,Physicality,64.22455,,
George Burroughs,Physicality,62.70649,,
George Christopher Williams,Physicality,54.27697,,
George Cowmeadow,Physicality,45.19482,,
George Cristian Merloi,Physicality,58.277344,,
George Damien Nurse,Physicality,66.84743,,
George David Dobson,Physicality,72.33149,,
George David Eric Hirst,Physicality,71.45032,,
George Dănuț Ganea,Physicality,59.22154,,
George Iain Cooper,Physicality,57.268204,,
George Ionuț Dragomir,Physicality,48.440907,,
George Lewis,Physicality,43.935596,,
George Mihai Micle,Physicality,59.177643,,
George Oluwaseun Bello,Physicality,57.380466,,
George Owen Marsh,Physicality,65.27653,,
George Robert Lawrence Lloyd,Physicality,66.95686,,
George Thomas Maris,Physicality,57.351303,,
Georgi Tunjov,Physicality,57.059494,,
Gerald Martin Távara Mogollón,Physicality,57.414127,,
Gerard Fdez. Castellano,Physicality,46.554493,,
Gerard Garner,Physicality,61.88558,,
Gerard Yepes Laut,Physicality,45.958202,,
Germán Fernández Hidalgo,Physicality,59.19086,,
Germán Valera Karabinaite,Physicality,43.471188,,
Gerónimo Plada,Physicality,44.23409,,
Geykel Gabriel Parra Arias,Physicality,59.366535,,
Gi Hyeok Lee,Physicality,66.685234,,
Giacomo Gambetta,Physicality,59.22138,,
Giacomo Olzer,Physicality,63.574257,,
Gian Franco Cabezas Rodríguez,Physicality,53.864822,,
Gian-Luca Itter,Physicality,61.507587,,
Gianfranco Chávez Massoni,Physicality,71.12588,,
Gianluca Gaudino,Physicality,42.12042,,
Gianluca Saro,Physicality,59.148663,,
Gianmarco Cangiano,Physicality,45.136177,,
Gianni De Nitti,Physicality,59.31148,,
Gianni Ryan Stensness,Physicality,73.948654,,
Giannis Sardelis,Physicality,49.204735,,
Gilbert Fuentes,Physicality,54.869217,,
Gilles Richard,Physicality,68.50804,,
Gilmar Paredes,Physicality,58.310738,,
Gilson Benchimol Tavares,Physicality,47.520893,,
Giorgi Kokhreidze,Physicality,51.40474,,
Giotto Giuseppe Morandi,Physicality,59.364506,,
Giovanni Bordón,Physicality,47.889122,,
Giovanni Crociata,Physicality,62.262012,,
Giovanni Grotta,Physicality,59.218494,,
Giuseppe Ciocci,Physicality,59.277462,,
Giuseppe Di Serio,Physicality,67.26458,,
Giuseppe Marcianò,Physicality,59.13607,,
Glenn Bell Dollar Middleton,Physicality,56.34007,,
Gloire Amanda,Physicality,59.229156,,
Gnantin Yann Gboho,Physicality,53.34979,,
Godwin Kobby Bentil,Physicality,59.475506,,
Gontie Junior Diomandé,Physicality,53.841644,,
Gonzalo Andrés Tapia Dubournais,Physicality,51.552624,,
Gonzalo Damián Abrego,Physicality,74.76616,,
Gonzalo Gabriel Sánchez Franco,Physicality,61.115807,,
Gonzalo Germán Pérez Corbalán,Physicality,58.96278,,
Gonzalo Gonzalez,Physicality,52.63205,,
Gonçalo Bento Soares Cardoso,Physicality,72.32028,,
Gonçalo Faria Costa,Physicality,58.468704,,
Gonçalo Oscar Albuquerque Borges,Physicality,55.700954,,
Gonçalo Pinto,Physicality,59.14744,,
Goodman Mosele,Physicality,65.79886,,
Gor Manvelyan,Physicality,40.065487,,
Gorka San Nicolás Gil,Physicality,59.158875,,
Grant Dean Horton,Physicality,68.67057,,
Gregorio Gracia Sánchez,Physicality,58.3167,,
Gregorio José Tanco,Physicality,61.7261,,
Griffin McDorman Yow,Physicality,48.534355,,
Guilherme Araújo Soares,Physicality,66.662796,,
Guilherme Borges Guedes,Physicality,58.151707,,
Guilherme Silva Souza,Physicality,69.05062,,
Guilherme da Silva,Physicality,66.81782,,
Guillaume Laurent Dietsch,Physicality,59.269596,,
Guillermo Bueno López,Physicality,57.48383,,
Guillermo Duhalde,Physicality,60.251934,,
Guillermo Gajardo,Physicality,59.207584,,
Guillermo Rosas Alonso,Physicality,67.88102,,
Guillermo Wagner,Physicality,47.03115,,
Guilmer Giro,Physicality,58.633415,,
Gurmukh Singh,Physicality,65.013054,,
Gustav Lillienberg,Physicality,59.20002,,
Gustav Mogensen,Physicality,62.732838,,
Gustav Molin,Physicality,59.4162,,
Gustav Tang Isaksen,Physicality,44.601364,,
Gustavo Adolfo Carvajal Gómez,Physicality,71.75678,,
Gustavo Elvis Loayza,Physicality,57.51747,,
Gustavo Enrique Giordano Amaro Assunção da Silva,Physicality,63.507404,,
Gustavo Filipe Azevedo Sá,Physicality,65.35143,,
Gustavo Klismahn D Miranda,Physicality,61.349415,,
Gustavo Peralta,Physicality,49.31278,,
Gustavo Peredo Ortíz,Physicality,58.145668,,
Gustavo Verón,Physicality,55.63485,,
Guus Gertsen,Physicality,66.49964,,
Guy Carel Mbenza Kamboleke,Physicality,63.776466,,
Guy Dahan,Physicality,66.64558,,
Gyeong Jun Byun,Physicality,48.967697,,
Gyu Hyeong Kim,Physicality,49.378006,,
Gyung Hyun Min,Physicality,62.14405,,
Gökdeniz Bayrakdar,Physicality,59.30206,,
Habib Ali Keita,Physicality,59.18765,,
Haitam Abaida El Achhab,Physicality,54.813644,,
Haji Mnoga,Physicality,76.02252,,
Hak-Yoon Lee,Physicality,59.173626,,
Hakeeb Adeola Jerome Adelakun,Physicality,58.08169,,
Halldor Østervold Stenevik,Physicality,61.57329,,
Hamad Abdan Al Abdan,Physicality,41.18056,,
Hamad Fayez Alsayyaf,Physicality,67.20301,,
Hamad Turki Al Tuhayfan Al Yami,Physicality,52.87139,,
Hamed Abdullah Al Ghamdi,Physicality,41.687054,,
Hampus Gustafsson,Physicality,59.206554,,
Hamza Bahaïd,Physicality,59.617805,,
Hamza Yiğit Akman,Physicality,43.949043,,
Han Beom Lee,Physicality,68.59916,,
Han Min Jeong,Physicality,55.446255,,
Han-Noah Massengo,Physicality,65.782974,,
Hani Ismaeel Al-Sebyani,Physicality,69.99454,,
Hannes Küng,Physicality,63.47162,,
Hans Nunoo Sarpei,Physicality,68.06495,,
Haralambie Mociu,Physicality,59.15647,,
Harmanpreet Singh,Physicality,46.3612,,
Harrison Bright,Physicality,53.30664,,
Harrison Clarke,Physicality,74.102776,,
Harrison James Chapman,Physicality,56.66273,,
Harrison James Holgate,Physicality,69.61692,,
Harrison Joshua Perritt,Physicality,61.068775,,
Harrison Neal,Physicality,63.057102,,
Harrison Sohna,Physicality,56.411934,,
Harry Birtwistle,Physicality,50.651577,,
Harry George Kite,Physicality,52.600372,,
Harry Jack Darling,Physicality,72.0152,,
Harry Jewitt-White,Physicality,60.52028,,
Harry John Anderson,Physicality,69.70395,,
Harry Kyprianou,Physicality,67.04712,,
Harry Lee,Physicality,59.4274,,
Harry McCarthy,Physicality,45.845505,,
Harry Nicolson,Physicality,54.18858,,
Harry William Brockbank,Physicality,64.33913,,
Harun Alpsoy,Physicality,70.21336,,
Harvey Andrew Knibbs,Physicality,66.99213,,
Harvey David White,Physicality,55.06113,,
Harvey Giles,Physicality,59.339035,,
Harvey James Bunker,Physicality,58.545456,,
Harvey Jay Cartwright,Physicality,59.231453,,
Harvey William St Clair,Physicality,44.141018,,
Hassan Mohammed Al-Tambakti,Physicality,73.31969,,
Hatim Far,Physicality,44.457573,,
Hayden Lindley,Physicality,61.452587,,
Hayrullah Erkip,Physicality,46.32573,,
Hazazi Sulaiman Yahya,Physicality,69.64683,,
Hazim Hassan Al Zahrani,Physicality,56.4296,,
Hazzaa Ahmed Al-Ghamdi,Physicality,54.4733,,
Hector Matthew Kyprianou,Physicality,67.75943,,
Hee Seung Kim,Physicality,65.516685,,
Heine Gikling Bruseth,Physicality,42.08811,,
Heitor Rodrigues Fonseca,Physicality,54.621014,,
Henri Koudossou,Physicality,63.042793,,
Henricus Gerardus Hubertus Maria Linthorst,Physicality,70.776146,,
Henrik Rørvik Bjørdal,Physicality,72.19729,,
Henrique Jocú,Physicality,63.63556,,
Henry Atola,Physicality,52.747036,,
Henry Lawrence,Physicality,59.81943,,
Herman Johan Haugen,Physicality,57.049793,,
Herman Sørby Stengel,Physicality,71.38145,,
Hermann Tebily,Physicality,56.397823,,
Hernandes Rodrigues Da Silva,Physicality,58.380585,,
Hernán Darío López Muñoz,Physicality,47.100822,,
Hiang'a Mananga Mbock,Physicality,69.52636,,
Hidde Willem ter Avest,Physicality,68.441086,,
Hillary Chukwah Gong,Physicality,55.93869,,
Hiram Kojo Kwarteng Boateng,Physicality,70.49227,,
Hisham Al Dubais,Physicality,54.06702,,
Hmar Pialtu Lalremruata,Physicality,50.24647,,
Ho Jae Lee,Physicality,71.20694,,
Ho Jin Jeong,Physicality,61.842533,,
Homam Ahmed,Physicality,66.19096,,
Hoo Sung Oh,Physicality,43.319542,,
Hristu Sofianu,Physicality,48.867065,,
Hrithik Tiwari,Physicality,59.307632,,
Hubert Matynia,Physicality,53.99057,,
Hugo Anglada Gutiérrez,Physicality,63.944935,,
Hugo Bueno López,Physicality,63.233215,,
Hugo Claudio Vallejo Avilés,Physicality,55.137386,,
Hugo Denar Salvatierra Saucedo,Physicality,54.310104,,
Hugo Fabián Franco Schlender,Physicality,69.214325,,
Hugo Javier Martínez Cantero,Physicality,58.449238,,
Hugo Lorenzo Quintana Escobar,Physicality,51.251812,,
Hugo Novoa Ramos,Physicality,43.702724,,
Hugo Ozée,Physicality,48.884842,,
Hugo Pérez Balderas,Physicality,59.546227,,
Hugo Redón Almela,Physicality,50.518066,,
Hugo Silva Oliveira,Physicality,60.088646,,
Hugo Sotelo Gómez,Physicality,48.966038,,
Hun Min Kim,Physicality,51.47888,,
Hussain Ahmed Al-Eisa,Physicality,57.727425,,
Hyeon Bin Seol,Physicality,59.153305,,
Hyeon Joon Yang,Physicality,56.11533,,
Hyun Muk Kang,Physicality,59.30346,,
Håkan Gustaf Nilsson,Physicality,67.83916,,
Håkan Rasmus Wiedesheim-Paul,Physicality,54.706764,,
Hélder Gomes Morim,Physicality,62.554165,,
Hélder José Oliveira Sá,Physicality,65.69391,,
Iago Domínguez Rodríguez,Physicality,59.19675,,
Ian Carlo Poveda-Ocampo,Physicality,52.450516,,
Ibrahim Al Ali,Physicality,56.515884,,
Ibrahim Danlad,Physicality,59.14854,,
Ibrahim Jamal,Physicality,61.32281,,
Ibrahim Mahnashi,Physicality,68.197044,,
Ibrahim Sulemana Kakari,Physicality,70.940796,,
Ibrahim Yalatif Diabate,Physicality,62.54123,,
Ibrahima Bamba,Physicality,62.904545,,
Ibrahima Cissokho,Physicality,41.005543,,
Ibraima José Barry Pérez,Physicality,63.143795,,
Idris Kanu,Physicality,63.382732,,
Idrissa Thiam,Physicality,42.246822,,
Ignacio Antonio Saavedra Pino,Physicality,70.41849,,
Ignacio Castillo Ameyugo,Physicality,57.65784,,
Ignacio Daniel Maestro Puch,Physicality,65.42013,,
Ignacio Laquintana,Physicality,40.567413,,
Ignacio Nahuel Suárez Ferreira,Physicality,59.14985,,
Ignacio Santiago Aliseda,Physicality,52.205353,,
Ignasi Vilarrasa Palacios,Physicality,63.990185,,
Igor Drapiński,Physicality,64.91094,,
Igor Lewandowski,Physicality,61.58062,,
Igor Lucatelli,Physicality,59.239132,,
Iker Benito Sánchez,Physicality,45.37251,,
Iker Bravo Solanilla,Physicality,56.480595,,
Iker Goujón Pozuelo,Physicality,51.533722,,
Iker Losada Aragunde,Physicality,56.08458,,
Iker Piedra Blanco,Physicality,59.203884,,
Iker Álvarez de Eulate,Physicality,59.192276,,
Ilan Benjamin Sauter,Physicality,66.90251,,
Ilario Monterisi,Physicality,67.66377,,
Ilay Eliyau Elmkies,Physicality,46.58146,,
Ilhan Altuntas,Physicality,58.711384,,
Ilia Iliev Gruev,Physicality,62.060913,,
Ilias Akhomach Chakkour,Physicality,49.06013,,
Ilias Koutsoupias,Physicality,67.75628,,
Ilya Pomazun,Physicality,59.086994,,
Ilyas Chouaref,Physicality,58.6276,,
Ilyas Lefrancq,Physicality,43.629932,,
Iman Griffith,Physicality,40.04686,,
Imanol Baz Berganza,Physicality,56.13269,,
Imanol García de Albéniz,Physicality,52.633045,,
Imanol Machuca,Physicality,47.04631,,
Immanuël-Johannes Pherai,Physicality,47.970467,,
Indiana Denchev Vassilev,Physicality,48.44668,,
Indy Boonen,Physicality,58.499332,,
Ioan Andrei Vasile Dumiter,Physicality,64.60108,,
Ioan Tolea,Physicality,56.90404,,
Ionuț Zanfir,Physicality,56.519478,,
Iroy Eckenfelder,Physicality,53.401855,,
Irvyn Lomami,Physicality,61.36214,,
Isaac Annan,Physicality,57.321266,,
Isaac Karamoko,Physicality,40.76055,,
Isaac Lihadji,Physicality,44.500256,,
Isac Alexi Sivert Lidberg,Physicality,73.32358,,
Isaiah Parker,Physicality,52.25655,,
Isak Bjerkebo,Physicality,46.666225,,
Isak Dybvik Määttä,Physicality,58.895264,,
Isak Kjelsrud Vik,Physicality,62.836678,,
Isak Ssali Ssewankambo,Physicality,72.25575,,
Ismael García,Physicality,57.400253,,
Ismael Quispe,Physicality,59.205956,,
Ismael Ruiz Sánchez,Physicality,55.556618,,
Ismael Saibari Ben El Basra,Physicality,69.20032,,
Ismaila Cheick Coulibaly,Physicality,65.77035,,
Ismaël Aaneba,Physicality,68.06141,,
Ismaël Gharbi,Physicality,44.60247,,
Ismaël Landry Doukouré,Physicality,64.058815,,
Iulian Zamfir,Physicality,45.004993,,
Ivan Krolo,Physicality,66.44565,,
Ivan Lepinjica,Physicality,71.807205,,
Ivan Mesík,Physicality,68.19628,,
Ivan Toney,Physicality,72.0514,,
Ivan Šarić,Physicality,55.094826,,
Iverson Contreras,Physicality,58.573425,,
Iván Azón Monzón,Physicality,77.24366,,
Iván Bonifazi,Physicality,59.13795,,
Iván Darío Angulo Cortés,Physicality,49.53056,,
Iván Fresneda Corraliza,Physicality,63.78852,,
Iván Gil Calero,Physicality,53.980553,,
Iván Martín Núñez,Physicality,48.39815,,
Iván Martínez Gonzálvez,Physicality,65.168076,,
Iván Morante Ruiz,Physicality,49.428703,,
Iván René Franco Díaz,Physicality,66.23604,,
Iván Romero de Ávila,Physicality,51.758816,,
Iván San José Cantalejo,Physicality,44.435703,,
Iván Villar Martínez,Physicality,59.210785,,
Jack Alexander Stevens,Physicality,59.17962,,
Jack David Vincent Whatmough,Physicality,71.50597,,
Jack Hinchy,Physicality,54.28359,,
Jack James Earing,Physicality,64.83809,,
Jack Jamie Arthur,Physicality,59.339096,,
Jack Jenkins,Physicality,62.308846,,
Jack Karadogan,Physicality,54.444275,,
Jack Levi Sutton,Physicality,64.37312,,
Jack McMillan,Physicality,65.23947,,
Jack Moore,Physicality,48.225998,,
Jack Newman,Physicality,59.31826,,
Jack Richard Lankester,Physicality,57.072227,,
Jack Robert Tucker,Physicality,75.65014,,
Jack Stephen Burroughs,Physicality,70.82377,,
Jack Tyler Diamond,Physicality,52.89413,,
Jack Wakely,Physicality,67.378914,,
Jack Walton,Physicality,59.11912,,
Jack Williams,Physicality,51.205265,,
Jack Young,Physicality,44.549232,,
Jack de Vries,Physicality,55.634712,,
Jackson Gabriel Porozo Vernaza,Physicality,74.72734,,
Jackson Gabriel Rodríguez Perlaza,Physicality,55.973656,,
Jackson Hopkins,Physicality,58.64262,,
Jackson Joseph Fitzwater,Physicality,71.81987,,
Jackson João Crusso Mutto,Physicality,47.80623,,
Jackson Ragen,Physicality,72.471985,,
Jacob Anthony Chapman,Physicality,59.252483,,
Jacob Carney,Physicality,59.3268,,
Jacob Christian Maddox,Physicality,57.38176,,
Jacob Jones,Physicality,66.60509,,
Jacob Michael Italiano,Physicality,46.022186,,
Jacob Mikael Widell Zetterström,Physicality,59.14073,,
Jacob Slater,Physicality,53.816868,,
Jacob Steen Christensen,Physicality,68.72532,,
Jacopo Da Riva,Physicality,66.50702,,
Jaden Bevan,Physicality,59.178165,,
Jaden Philogene-Bidace,Physicality,45.637997,,
Jaden Wavey Brown,Physicality,62.513203,,
Jae Hun Cho,Physicality,41.37299,,
Jae Hwan Hwang,Physicality,42.497196,,
Jae Sung Kim,Physicality,55.956978,,
Jae Won Hwang,Physicality,60.74624,,
Jae Won Shin,Physicality,59.517437,,
Jae Woo Kang,Physicality,59.632763,,
Jahnoah Markelo,Physicality,44.13871,,
Jaime Durán Jiménez,Physicality,59.14634,,
Jaimy Buter,Physicality,64.31915,,
Jair Veiga Vieira Tavares,Physicality,52.237324,,
Jairo Quinteros Sierra,Physicality,70.66181,,
Jairo Ralph Farnias Almeida,Physicality,59.216843,,
Jake Alan Young,Physicality,62.41208,,
Jake Alexander Hesketh,Physicality,45.0735,,
Jake Billy Doyle-Hayes,Physicality,65.318085,,
Jake Hastie,Physicality,52.016155,,
Jake Jon Taylor,Physicality,59.217068,,
Jake Joshua Burton,Physicality,48.10434,,
Jake Matthew Hull,Physicality,69.04806,,
Jakob Axel Krister Voelkerling-Persson,Physicality,70.654144,,
Jakob Bookjans,Physicality,57.664967,,
Jakob Odehnal,Physicality,59.170673,,
Jakub Kisiel,Physicality,67.162575,,
Jakub Niedbała,Physicality,48.780952,,
Jakub Nowakowski,Physicality,53.764233,,
Jakub Ojrzyński,Physicality,59.17498,,
Jakub Piotrowski,Physicality,70.513794,,
Jakub Rajczykowski,Physicality,59.13616,,
Jakub Sypek,Physicality,56.423695,,
Jamal Baptiste,Physicality,63.940975,,
James Andrew Cumming,Physicality,59.252247,,
James Anthony Wilson,Physicality,55.39337,,
James Carragher,Physicality,66.70653,,
James Charles Jones,Physicality,57.024574,,
James Clayton Hill,Physicality,70.06473,,
James Golding,Physicality,67.21649,,
James Hoban Sands,Physicality,71.724014,,
James Melhado,Physicality,60.22594,,
James Norris,Physicality,54.375763,,
James Pardington,Physicality,59.136227,,
James Pradic,Physicality,59.2251,,
James Samuel Morton,Physicality,64.720856,,
James Taylor,Physicality,59.85096,,
James Tyler Waite,Physicality,48.346596,,
James William Hanson,Physicality,73.25929,,
Jamie Bowden,Physicality,61.678032,,
Jamir Berdecio,Physicality,57.887512,,
Jan Alexandre Bamert,Physicality,67.96235,,
Jan Boller,Physicality,72.21844,,
Jan Ciućka,Physicality,52.043808,,
Jan Fortelný,Physicality,60.705486,,
Jan Hoekstra,Physicality,59.203136,,
Jan Jakob Olschowsky,Physicality,59.253155,,
Jan Jurcec,Physicality,42.185463,,
Jan Luca Schuler,Physicality,67.907974,,
Jan Niklas Beste,Physicality,57.840515,,
Jan Schröder,Physicality,55.55527,,
Jan de Boer,Physicality,59.219196,,
Jan Žambůrek,Physicality,51.174416,,
Jan-Rafael Shcherbakovski,Physicality,48.47945,,
Jang Woo Hong,Physicality,48.14646,,
Jankat Yılmaz,Physicality,59.157433,,
Jannes Luca Wieckhoff,Physicality,57.443672,,
Jannik Horz,Physicality,59.16177,,
Jannik Zahmel,Physicality,50.61946,,
Janus Guillermo Vivar Estrella,Physicality,64.73494,,
Janusz Nojszewski,Physicality,54.878918,,
Jared Harlock,Physicality,43.72612,,
Jari Vlak,Physicality,69.99207,,
Jashar Beluli,Physicality,41.503242,,
Jasin-Amin Assehnoun,Physicality,61.573936,,
Jason Bahamboula,Physicality,54.08696,,
Jason Eyenga-Lokilo,Physicality,49.971886,,
Jason Law,Physicality,63.459198,,
Jason Mbock,Physicality,39.898804,,
Jason Meerstadt,Physicality,64.04257,,
Jason Ngouabi Lougagui,Physicality,71.40894,,
Jason Paul Knight,Physicality,64.91342,,
Jasper ter Heide,Physicality,55.55922,,
Jaume Albert Cuéllar Mendoza,Physicality,53.239033,,
Jaume Tovar Seguí,Physicality,68.671906,,
Javain Okemio Brown,Physicality,71.288025,,
Javier Agustín Obando,Physicality,49.559723,,
Javier Ajenjo Hyjek,Physicality,56.091183,,
Javier Almerge Viñuales,Physicality,58.979652,,
Javier Alonso Bello,Physicality,69.61996,,
Javier Cueto Suárez,Physicality,70.16276,,
Javier Enrique Delgado Saverio,Physicality,57.83593,,
Javier Garrido López,Physicality,59.41323,,
Javier Guerra Moreno,Physicality,59.055843,,
Javier Gómez Castroverde,Physicality,42.641933,,
Javier Hernández Tarroc,Physicality,67.32163,,
Javier Iván Cazal Báez,Physicality,53.226208,,
Javier Llabrés Exposito,Physicality,43.93656,,
Javier López Carballo,Physicality,64.3559,,
Javier López-Pinto Dorado,Physicality,61.238853,,
Javier Marquez,Physicality,59.052612,,
Javier Martínez Calvo,Physicality,66.68646,,
Javier María Vázquez López,Physicality,58.473145,,
Javier Mier Martínez,Physicality,67.95963,,
Javier Nicolas Vallejo,Physicality,54.600266,,
Javier Rubio Haro,Physicality,64.4767,,
Javier Serrano Martínez,Physicality,66.93402,,
Jay Benn,Physicality,58.55795,,
Jay Mingi,Physicality,68.12229,,
Jay Turner-Cooke,Physicality,50.928646,,
Jay-Dee Geusens,Physicality,59.53574,,
Jay-Roy Grot,Physicality,79.89068,,
Jayden Andrew Reid,Physicality,54.116234,,
Jayden Davis,Physicality,43.6819,,
Jayden Deslandes Sweeney,Physicality,58.375557,,
Jayden Jezairo Braaf,Physicality,61.8536,,
Jayden John-Lloyd Harris,Physicality,70.06608,,
Jayden Wareham,Physicality,52.95219,,
Jayson Patrick Molumby,Physicality,64.511536,,
Jaziel Orozco,Physicality,62.379963,,
Je Ho Yu,Physicality,52.444683,,
Jean Baptiste Gorby,Physicality,70.00961,,
Jean Bone,Physicality,58.064903,,
Jean Botué,Physicality,51.458336,,
Jean Harisson Marcelin,Physicality,75.365555,,
Jean Paul Madera,Physicality,49.82722,,
Jean Pierre Chalá,Physicality,49.7874,,
Jean Thierry Lazare Amani,Physicality,60.008163,,
Jean Torres,Physicality,55.278217,,
Jean-Jacques Danley,Physicality,67.88065,,
Jeando Pourrat Fuchs,Physicality,69.45985,,
Jeff Dewsnup,Physicality,59.13165,,
Jefferson José Gómez Genes,Physicality,75.12093,,
Jefferson Justo Cáceres Chávez,Physicality,40.61049,,
Jeison Andrés Angulo Trujillo,Physicality,70.833984,,
Jeisson Andrés Vargas Salazar,Physicality,59.66961,,
Jeizon Jesús Ramírez Chacón,Physicality,52.216553,,
Jelle Duin,Physicality,69.08308,,
Jens Jakob Dyhr Thomasen,Physicality,59.099335,,
Jensen Guy Weir,Physicality,57.079353,,
Jeong Hoon Kim,Physicality,59.19973,,
Jeppe Møldrup Okkels,Physicality,62.04059,,
Jeppe Pedersen,Physicality,53.28464,,
Jeppe Ørris Nielsen,Physicality,59.43241,,
Jeremy Nicolás Silva González,Physicality,38.262287,,
Jeremy Rafanello,Physicality,53.659748,,
Jeremy Sivi,Physicality,40.83319,,
Jeremy van Mullem,Physicality,62.7283,,
Jeremías Perales,Physicality,50.319187,,
Jeriel Nicolás De Santis Córdova,Physicality,66.35805,,
Jermaine Anderson,Physicality,55.55934,,
Jerónimo Pourtau,Physicality,59.22011,,
Jesper Bergset Robertsen,Physicality,51.502426,,
Jesper Dickman,Physicality,41.2381,,
Jesper Strand Isaksen,Physicality,62.92928,,
Jesse Edem Tugbenyo,Physicality,66.5649,,
Jessic Gaïtan Ngankam,Physicality,69.809074,,
Jesús Abdallah Castillo Molina,Physicality,70.66766,,
Jesús Alejandro Quintero,Physicality,69.185745,,
Jesús Alvarado,Physicality,57.96384,,
Jesús Areso Blanco,Physicality,63.73186,,
Jesús Armando Vargas Rojas,Physicality,51.90812,,
Jesús Castellano,Physicality,53.77422,,
Jesús Daniel Bueno Áñez,Physicality,69.10437,,
Jesús Emanuel Pretell Panta,Physicality,60.572556,,
Jesús Fernández Alonso,Physicality,59.441143,,
Jesús Lázaro Owono Ngua Akeng,Physicality,59.41681,,
Jesús Manuel Orozco Hernández,Physicality,60.253914,,
Jesús Vázquez Alcalde,Physicality,62.92116,,
Jetmir Topalli,Physicality,65.6994,,
Jeyson Alejandro Rojas Orellana,Physicality,70.165504,,
Jeyson Ariel Chura Almanza,Physicality,51.558346,,
Jhoanner Stalin Chávez Quintero,Physicality,60.107906,,
Jhohan Sebastián Romaña Espitia,Physicality,67.50333,,
Jhohann Sebastián Yabur Perea,Physicality,67.17651,,
Jhon Jairo Cuellar Vaca,Physicality,59.20013,,
Jhon Jairo Espinoza Izquierdo,Physicality,69.22505,,
Jhon Jairo Velasco,Physicality,58.61015,,
Jhonder Gómez,Physicality,59.437614,,
Jhondly van der Meer,Physicality,70.93976,,
Jhonny Peitzmeier,Physicality,59.16456,,
Ji Han Lee,Physicality,47.407394,,
Ji Hoon Lee,Physicality,51.196648,,
Ji Moog Choi,Physicality,60.460167,,
Ji Sol Lee,Physicality,74.12848,,
Ji Soo Kim,Physicality,70.40859,,
Ji Yong Lee,Physicality,48.970154,,
Ji won Park,Physicality,49.336742,,
Jimmy Knowles,Physicality,54.53032,,
Jin Ho Kim,Physicality,57.56709,,
Jin Hyun Kim,Physicality,54.464825,,
Jin Seong Park,Physicality,57.619297,,
Jin Woo Jo,Physicality,73.924774,,
Jin Yong Lee,Physicality,59.343224,,
Joan García Pons,Physicality,59.17149,,
Joan González Cañellas,Physicality,69.9518,,
Joan Manuel Cruz Castro,Physicality,47.619484,,
Joan Onofre López Reina,Physicality,59.201283,,
Joan Stiven Ramírez Martínez,Physicality,61.69345,,
Joao Alberto Grimaldo Ubidia,Physicality,51.74018,,
Joaquin Bigo,Physicality,59.20616,,
Joaquín Gabriel Trasante Hernández,Physicality,69.346725,,
Joaquín Indacoechea,Physicality,58.512608,,
Joaquín López,Physicality,66.69722,,
Joaquín Matías Ardaiz de los Santos,Physicality,76.55241,,
Joaquín Muñoz Benavides,Physicality,58.01126,,
Joaquín Nicolás Pereyra,Physicality,66.60976,,
Joe Cameron Lewis,Physicality,70.82874,,
Joe Grey,Physicality,52.480434,,
Joe James Powell,Physicality,56.767,,
Joe O'Shaughnessy,Physicality,59.38016,,
Joe Zen Robert Bell,Physicality,74.345024,,
Joe Zoherliana,Physicality,60.98236,,
Joel Bruce King,Physicality,66.101265,,
Joel Filipe Organista da Silva,Physicality,68.57163,,
Joel Gerezgiher,Physicality,50.594788,,
Joel Ideho,Physicality,49.16799,,
Joel John Randall,Physicality,44.187973,,
Joel Joshghene Asoro,Physicality,55.1729,,
Joel Matthew Bagan,Physicality,63.055023,,
Joel Mumbongo,Physicality,75.365395,,
Joel Persson,Physicality,70.58336,,
Joel Poiso,Physicality,53.139923,,
Joel Quispe,Physicality,56.571392,,
Joel Steven Quintero Nazareno,Physicality,73.594826,,
Joel Sundström,Physicality,55.80028,,
Jofre Carreras Pagès,Physicality,59.817524,,
Johan Armando Micolta Ruiz,Physicality,56.330894,,
Johan Bengtsson,Physicality,44.45453,,
Johan Hove,Physicality,64.31725,,
Johan Rojas,Physicality,57.898365,,
Johan Stenmark,Physicality,75.1188,,
Johan Stiven Carbonero Balanta,Physicality,57.345196,,
Johandry Jericoth Hidalgo Mora,Physicality,64.27964,,
Johannes Manske,Physicality,70.02077,,
Johannes Tartarotti,Physicality,60.182602,,
John Elian García Sossa,Physicality,56.369205,,
John George McAtee,Physicality,52.07529,,
John Gunnar Björkengren,Physicality,67.96313,,
John Joe Patrick Finn Benoa,Physicality,59.88138,,
John Mayanga Nekadio,Physicality,71.66567,,
John Nwankwo Chetauya Donald Okeh,Physicality,62.98216,,
John Ryan,Physicality,50.71822,,
John Yeboah Zamora,Physicality,52.867943,,
Joider Micolta,Physicality,48.67013,,
Joiner Moreno Montero,Physicality,59.643402,,
Jomaine Ellay Consbruch,Physicality,48.205822,,
Jon Ander Olasagasti Imizcoz,Physicality,66.928665,,
Jon Karrikaburu,Physicality,57.293827,,
Jon Pacheco Dozagarat,Physicality,67.897835,,
Jonah Osabutey,Physicality,65.7336,,
Jonaldo Kauã Monteiro Moura,Physicality,69.04647,,
Jonas Antonius Auer,Physicality,64.30813,,
Jonas Benjamin Chimezie David,Physicality,73.8063,,
Jonas Fedl,Physicality,64.682335,,
Jonas Welson Orsi de Meneses,Physicality,48.348217,,
Jonas Wendlinger,Physicality,59.14945,,
Jonas-Janko Weyand,Physicality,59.14598,,
Jonatan Carmona Álamo,Physicality,49.44883,,
Jonathan Alexánder Pérez,Physicality,38.62483,,
Jonathan Arriba Monroy,Physicality,54.047173,,
Jonathan Capuz,Physicality,58.982628,,
Jonathan Corozo,Physicality,58.73117,,
Jonathan Daniel Benítez Benítez,Physicality,47.794323,,
Jonathan Fernando Castillo Aguirre,Physicality,57.306686,,
Jonathan Montiel Caballero,Physicality,56.04992,,
Jonathan Risbjerg Ægidius,Physicality,59.249466,,
Jonathan Ruque,Physicality,61.506607,,
Jonathan Russell,Physicality,75.03646,,
Jonathan Turra,Physicality,67.81084,,
Jonathan Villagra,Physicality,70.73015,,
Jong Beom Baek,Physicality,59.15123,,
Jong Mu Han,Physicality,48.97651,,
Jonier Medina,Physicality,57.527035,,
Joon Beom Park,Physicality,57.888634,,
Joon Ho Lee,Physicality,56.445454,,
Jordan Alan Courtney-Perkins,Physicality,66.54217,,
Jordan Andrew Davies,Physicality,56.391903,,
Jordan Bernard Rossiter,Physicality,70.89814,,
Jordan Bhekithemba Zemura,Physicality,58.41336,,
Jordan Carrillo Rodríguez,Physicality,55.02833,,
Jordan Cropper,Physicality,65.134834,,
Jordan Doherty,Physicality,57.888878,,
Jordan Lewis Helliwell,Physicality,52.092083,,
Jordan O'Doherty,Physicality,67.5254,,
Jordan Perruzza,Physicality,57.387753,,
Jordan Scanlon,Physicality,54.36441,,
Jordan Stevens,Physicality,59.601574,,
Jordi Escobar Fernández,Physicality,57.883545,,
Jordi González-Pola,Physicality,70.364105,,
Jordi Mboula Queralt,Physicality,60.69233,,
Jordy José Alcívar Macías,Physicality,67.26172,,
Jordy Schelfhout,Physicality,59.179317,,
Jorge Andrés Marsiglia Carrascal,Physicality,67.42917,,
Jorge Benito Peña Canales,Physicality,59.21165,,
Jorge Damián González,Physicality,59.250404,,
Jorge Denilson Cabezudo Ormeño,Physicality,59.2499,,
Jorge Hernandez,Physicality,56.88991,,
Jorge Martín Aruga Torales,Physicality,60.792305,,
Jose María Pérez García,Physicality,65.09281,,
Josef John Bursik,Physicality,59.072502,,
Joseff John Morrell,Physicality,43.851505,,
Josep Gayà Martínez,Physicality,70.85256,,
Joseph Adams,Physicality,41.047764,,
Joseph Alejandro Espinoza Montenegro,Physicality,62.68248,,
Joseph Amoako,Physicality,41.126347,,
Joseph Charles Wildsmith,Physicality,59.240814,,
Joseph Fabrice Ondoa Ebogo,Physicality,59.01435,,
Joseph Gubbins,Physicality,63.213413,,
Joseph Minala,Physicality,71.55064,,
Joseph Olugbenga Olowu,Physicality,66.73232,,
Joseph Redmond,Physicality,68.32759,,
Joseph Shaun Hodge,Physicality,59.390976,,
Joseph Tetteh Anang,Physicality,59.230724,,
Josh Barlow,Physicality,58.420185,,
Josh Blunkell,Physicality,59.24329,,
Josh Brooking,Physicality,62.157215,,
Josh Edwards,Physicality,44.51289,,
Josh Giurgi,Physicality,48.373154,,
Josh O'Brien,Physicality,65.99701,,
Josh Thomas Doig,Physicality,67.639915,,
Joshua Akinola Ogunfaolu-Kayode,Physicality,68.153435,,
Joshua Atencio,Physicality,68.67969,,
Joshua Eijgenraam,Physicality,68.751144,,
Joshua Emmanuel,Physicality,74.28409,,
Joshua Eze,Physicality,61.172314,,
Joshua Felix Okpoda Eppiah,Physicality,60.07568,,
Joshua Gaston Kitolano,Physicality,67.95465,,
Joshua James Griffiths,Physicality,59.167995,,
Joshua Michael Blainey Davison,Physicality,68.91458,,
Joshua Myles Abraham Key,Physicality,56.697647,,
Joshua Nisbet,Physicality,44.57437,,
Joshua Oluwayemi,Physicality,59.165627,,
Joshua Saul Martin,Physicality,48.048485,,
Joshua Sims,Physicality,48.437534,,
Joshua Tapia,Physicality,59.403168,,
Joshua Thomas Sargent,Physicality,76.07324,,
Joshua William Grant,Physicality,72.31385,,
Joshué Jampier Quiñónez Rodriguez,Physicality,65.61797,,
José Aguilar Martinez,Physicality,45.631184,,
José Alberto Barreto,Physicality,57.906147,,
José Alonso Lara,Physicality,42.159794,,
José Antonio Devecchi,Physicality,59.17532,,
José Antonio Paradela,Physicality,59.113605,,
José Antonio Ángel García,Physicality,54.284645,,
José Ardila,Physicality,51.162262,,
José Ataupillco,Physicality,58.73185,,
José Caldera,Physicality,64.09568,,
José Carlos Martínez Garzón,Physicality,50.47099,,
José Carlos Natário Ferreira,Physicality,61.84775,,
José Daniel Lasso,Physicality,59.154037,,
José David Menargues,Physicality,62.491417,,
José David Álvarez Adsuar,Physicality,59.75607,,
José Francisco dos Santos Júnior,Physicality,76.62296,,
José Gragera Amado,Physicality,71.94058,,
José Hernando Estupiñan Riascos,Physicality,49.80083,,
José Manuel Arias Copete,Physicality,71.33365,,
José Manuel Fontán Mondragón,Physicality,58.7343,,
José Marcos Costa Martins,Physicality,69.56267,,
José Martín Ballesteros Vera,Physicality,59.20291,,
José Martínez Marsà,Physicality,63.859894,,
José Mijares,Physicality,58.16136,,
José Ndong Machín Dicombo,Physicality,62.37854,,
José Pedro Ferreira Oliveira,Physicality,58.987564,,
José Racchumick,Physicality,61.683674,,
José Ricardo Avelar,Physicality,61.732044,,
José Salinas Morán,Physicality,55.973946,,
José Sánchez Martínez,Physicality,65.69305,,
José Ángel Carmona Navarro,Physicality,57.645687,,
Jovan Manev,Physicality,73.17971,,
Jovanny David Bolívar Alvarado,Physicality,59.679317,,
Jozef Pukaj,Physicality,59.130646,,
João Diogo Fonseca Ferreira,Physicality,67.650955,,
João Henrique Oliveira Veras,Physicality,71.56183,,
João Manuel Neves Virgínia,Physicality,59.18898,,
João Marcelo Messias Ferreira,Physicality,71.710175,,
João Marcos Lima Cândido,Physicality,52.55222,,
João Miguel Teixeira Mendes,Physicality,60.20509,,
João Nuno Figueiredo Valido,Physicality,59.35195,,
João Paulo dos Santos Pereira,Physicality,57.230423,,
João Pedro E. Santo Oliveira,Physicality,59.224625,,
João Pedro Eira Antunes Silva,Physicality,68.80642,,
João Pedro Ferreira Silva,Physicality,61.188282,,
João Pedro Loureiro da Costa,Physicality,61.92428,,
João Pedro Oliveira Gonçalves,Physicality,59.1602,,
João Pedro Teixeira Silva,Physicality,59.206142,,
João Rodolfo Botelho Maia,Physicality,72.007416,,
Joël Latibeaudiere,Physicality,67.77981,,
Joël Monteiro Almada,Physicality,66.50626,,
Joël Pascal Schmied,Physicality,70.22247,,
Joël van Kaam,Physicality,59.013073,,
Ju Yeop Kim,Physicality,57.60453,,
Juan Alberto Mosquera Álvarez,Physicality,64.550476,,
Juan Andrés Meli,Physicality,56.486183,,
Juan Artola Canales,Physicality,56.017315,,
Juan Berrocal González,Physicality,71.846725,,
Juan Brandáriz Movilla,Physicality,71.94876,,
Juan Camilo Portilla Orozco,Physicality,67.6754,,
Juan Carlos Arana Gómez,Physicality,53.19463,,
Juan Castilla,Physicality,43.022984,,
Juan Cruz Díaz Espósito,Physicality,42.415295,,
Juan David Cabal Murillo,Physicality,60.10078,,
Juan David Mosquera López,Physicality,66.159966,,
Juan Durán Dueñas,Physicality,66.15923,,
Juan Familia-Castillo,Physicality,67.162575,,
Juan Felipe Moreno,Physicality,64.639915,,
Juan Franco,Physicality,58.985973,,
Juan Gilbert Sánchez,Physicality,64.023415,,
Juan Guasone,Physicality,71.99614,,
Juan Ignacio Martín Nardoni,Physicality,54.191235,,
Juan Ignacio Miramon,Physicality,46.712635,,
Juan José Echave Turri,Physicality,59.114418,,
Juan José Mina,Physicality,60.168087,,
Juan José Perea Mendoza,Physicality,64.940956,,
Juan José Uribe Colorado,Physicality,59.18002,,
Juan Larios López,Physicality,50.296505,,
Juan Luis Sánchez Velasco,Physicality,49.968193,,
Juan Macías,Physicality,56.077324,,
Juan Manuel Cruz,Physicality,65.97106,,
Juan Manuel Cuesta Baena,Physicality,40.437622,,
Juan Manuel Gutiérrez Freire,Physicality,54.56301,,
Juan María Alcedo Serrano,Physicality,61.974567,,
Juan Miguel Latasa Fernández,Physicality,61.76199,,
Juan Nazareno,Physicality,55.65512,,
Juan Nicolás Carrera Zarzar,Physicality,67.34386,,
Juan Pablo Barinaga,Physicality,44.59465,,
Juan Pablo Cisternas,Physicality,59.24843,,
Juan Pedro Navarro Valverde,Physicality,59.349094,,
Juan Ramón Cáceres,Physicality,59.671127,,
Juan Sebastian González Arza,Physicality,51.835438,,
Juan Sebastián Sforza,Physicality,60.839203,,
Juan Sebastián Vargas Melgarejo,Physicality,46.638702,,
Juan Soriano Oropesa,Physicality,59.24145,,
Juan de Dios Rivas Margalef,Physicality,70.0585,,
Juergen Farid Elitim Sepúlveda,Physicality,56.833576,,
Julen Agirrezabala,Physicality,59.17866,,
Julen Fernández Díaz,Physicality,59.170673,,
Julen Jon Guerrero Landabaso,Physicality,59.54885,,
Julen Lobete Cienfuegos,Physicality,54.399326,,
Jules Christ Eboue Kouassi,Physicality,71.95341,,
Julian Bauer,Physicality,59.383698,,
Julian Dunn-Johnson,Physicality,78.38197,,
Julian Huertas,Physicality,59.132484,,
Julian Rekdahl Faye Lund,Physicality,59.05173,,
Julian Tobias Emilio von Moos,Physicality,58.324715,,
Julian Turi,Physicality,73.70812,,
Julian Vincente Araujo,Physicality,68.03891,,
Julien Vetro,Physicality,47.803135,,
Julio Alonso Sosa,Physicality,59.961494,,
Julio Augusto Dabo,Physicality,53.34552,,
Julio César Enciso Espínola,Physicality,44.178284,,
Julio Esteban Fierro Díaz,Physicality,59.17766,,
Julio Martínez Cortés,Physicality,57.27176,,
Julius Dirksen,Physicality,57.060898,,
Julius Hoffmann,Physicality,57.316387,,
Julián Alejo López,Physicality,66.37869,,
Julián Brea,Physicality,43.714657,,
Julián Eduardo Palacios,Physicality,58.84376,,
Julián Eseiza,Physicality,65.077545,,
Julián Ezequiel Aude Bernardi,Physicality,62.38053,,
Julián Romero,Physicality,59.600502,,
Julián Simón Carranza,Physicality,69.80744,,
Junior Chukwubuike Adamu,Physicality,65.94922,,
Junior Diaz,Physicality,55.131832,,
Junior Morau Kadile,Physicality,53.855156,,
Junior Olaitan Ishola,Physicality,72.433556,,
Jurich Christopher Alexander Carolina,Physicality,65.06666,,
Justin Antonius Lonwijk,Physicality,71.979805,,
Justin Cameron McMaster,Physicality,62.685505,,
Justin Che,Physicality,66.79996,,
Justin Gerard Rennicks,Physicality,57.69389,,
Justin Plautz,Physicality,60.73517,,
Justin Smith,Physicality,66.115074,,
Justin Steinkötter,Physicality,58.180096,,
Justo D'Angelo,Physicality,66.23749,,
Ján Bernát,Physicality,48.391563,,
Jérôme Déom,Physicality,48.867634,,
Jóhannes K. Bjarnason,Physicality,51.355576,,
Józef Burta,Physicality,59.27665,,
Jørgen Sveinhaug,Physicality,59.145485,,
Kacper Kostorz,Physicality,55.261353,,
Kacper Lepczyński,Physicality,67.314995,,
Kacper Sezonienko,Physicality,58.7111,,
Kacper Skibicki,Physicality,48.50976,,
Kacper Tabiś,Physicality,54.0981,,
Kade Craig,Physicality,65.955894,,
Kadin Chung,Physicality,54.1059,,
Kadir Seven,Physicality,59.296387,,
Kai Clifton Trewin,Physicality,69.6653,,
Kai Evans,Physicality,49.66616,,
Kai Fotheringham,Physicality,45.07562,,
Kaiky Fernandes Melo,Physicality,59.41986,,
Kaine Kessler Hayden,Physicality,56.44458,,
Kaj van der Veldt,Physicality,65.88866,,
Kalifa Manneh,Physicality,52.342373,,
Kalil ElMedkhar,Physicality,54.18985,,
Kameron Malcolm Ledwidge,Physicality,58.0931,,
Kamil Ogorzały,Physicality,56.670753,,
Kamohelo Mahlatsi,Physicality,59.105732,,
Kane Leo Wilson,Physicality,63.13222,,
Kang Han Lee,Physicality,54.346107,,
Kang Hyeon Lee,Physicality,70.634605,,
Kangni Frederic Ananou,Physicality,70.83256,,
Karamoko Kader Dembélé,Physicality,41.04521,,
Karl Jakob Hein,Physicality,59.156143,,
Karl O’Sullivan,Physicality,48.0471,,
Karlo Sentić,Physicality,59.11615,,
Karol Stanisław Niemczycki,Physicality,59.342354,,
Kartal Kayra Yılmaz,Physicality,65.7004,,
Kasper Kaan Özden Kairinen,Physicality,62.703438,,
Kasper Lunding Jakobsen,Physicality,46.5768,,
Kasper Poul Mølgaard Jørgensen,Physicality,69.83507,,
Kasper Waarst Høgh,Physicality,64.98116,,
Kaveh Rad,Physicality,62.83074,,
Kayky da Silva Chagas,Physicality,43.8449,,
Kays Ruiz-Atil,Physicality,42.064728,,
Keanin Ayer Boya,Physicality,49.405983,,
Kebba Badjie,Physicality,48.946987,,
Keesean Ferdinand,Physicality,60.42856,,
Keiber Lamadrid,Physicality,59.447906,,
Kelechi John,Physicality,66.87429,,
Kelvin John,Physicality,44.495052,,
Kelvin Kwarteng Yeboah,Physicality,65.20774,,
Kelvin Ofori,Physicality,57.42323,,
Kelyan Guessoum,Physicality,66.678894,,
Ken Nkuba Tshiend,Physicality,51.630463,,
Kenny Nagera,Physicality,45.83831,,
Kenny Rocha Santos,Physicality,66.29163,,
Kerem Atakan Kesgin,Physicality,57.88914,,
Kerem Şen,Physicality,47.8838,,
Kerr McInroy,Physicality,68.27942,,
Kerrin Stokes,Physicality,68.73446,,
Kervin Andrade,Physicality,53.51058,,
Kerwin Vargas,Physicality,51.573692,,
Kevin Amir Isa Luna,Physicality,52.964424,,
Kevin Andres Minda Ruales,Physicality,70.26985,,
Kevin Andrés Zenón,Physicality,52.752018,,
Kevin Carlos Omoruyi Benjamin,Physicality,70.5299,,
Kevin Costinha,Physicality,43.42759,,
Kevin Egell-Johnsen,Physicality,56.58394,,
Kevin Fernández,Physicality,49.318,,
Kevin Goden,Physicality,59.71592,,
Kevin Halabaku,Physicality,50.100773,,
Kevin Holmén,Physicality,53.978428,,
Kevin Joacid Moreno Sinisterra,Physicality,73.60231,,
Kevin Lankford,Physicality,58.03668,,
Kevin Mouanga,Physicality,70.9178,,
Kevin Nana Yaw Berkoe,Physicality,59.44669,,
Kevin O'Toole,Physicality,52.082905,,
Kevin Parra,Physicality,43.036114,,
Kevin Raphael Diaz,Physicality,41.46687,,
Kevin Rivera,Physicality,58.96175,,
Kevin Rolón,Physicality,47.218166,,
Kevin Simone Sessa,Physicality,54.196217,,
Kevin Villodres Medina,Physicality,47.655933,,
Keyendrah Simmonds,Physicality,52.081562,,
Khaleel Rafiq Salah-Edine,Physicality,43.488605,,
Khalid Essa Al Ghannam,Physicality,42.913708,,
Khalid Mohammed Husain Mousa Al-Blooshi,Physicality,48.277657,,
Khalifah Adel Al-Dawsari,Physicality,71.50938,,
Ki-Jana Delano Hoever,Physicality,64.32015,,
Kian Slor,Physicality,58.855522,,
Kieran Ewan Freeman,Physicality,66.302734,,
Kieran James Phillips,Physicality,66.01798,,
Kieran Lloyd,Physicality,52.298153,,
Kilian Bauernfeind,Physicality,60.012226,,
Killian Corenthin,Physicality,53.30514,,
Kingsley Dogo Michael,Physicality,55.19347,,
Kion Reece Etete,Physicality,69.07386,,
Kjell Dennis Collander,Physicality,68.85375,,
Kleber David Pinargote Lara,Physicality,59.297745,,
Koa Santos,Physicality,57.413734,,
Koca Manu Agro,Physicality,59.163925,,
Konan Ignace Jocelyn N’Dri,Physicality,66.15793,,
Koray Dag,Physicality,55.85425,,
Korede Yemi Adedoyin,Physicality,64.22288,,
Kosta Petratos,Physicality,60.060738,,
Kouya Mabea,Physicality,76.26096,,
Kristall Máni Ingason,Physicality,42.30878,,
Kristian Fredrik Malt Arnstad,Physicality,55.356953,,
Kristian Šekularac,Physicality,49.136192,,
Kristoffer Paulsen,Physicality,57.887512,,
Kristoffer-August Sundquist Klaesson,Physicality,59.222256,,
Krystian Kardyś,Physicality,48.50285,,
Kryštof Daněk,Physicality,48.33339,,
Krzysztof Kubica,Physicality,73.67982,,
Kwadwo Kyeremeh Baah,Physicality,58.189964,,
Kwaku Bonsu Osei,Physicality,45.367096,,
Kwaku Oduroh,Physicality,52.394684,,
Kwame Afriyie Adubofour Poku,Physicality,48.860184,,
Kwame Peprah,Physicality,64.44214,,
Kyan van Dorp,Physicality,59.16267,,
Kye Francis Rowles,Physicality,70.531715,,
Kyle Alex John,Physicality,57.98903,,
Kyle Alexander Jameson,Physicality,66.99247,,
Kyle Ferguson,Physicality,69.971436,,
Kyle Leon Wootton,Physicality,64.16285,,
Kyle Michael Dempsey,Physicality,63.398518,,
Kyle O'Connor,Physicality,43.67468,,
Kyoung-Bae Park,Physicality,56.95511,,
Kyron Gordon,Physicality,60.56822,,
Kyu Min Park,Physicality,45.798958,,
Kélian Nsona Wa Saka,Physicality,58.176617,,
L. Henrique Rosa da Silva,Physicality,52.40885,,
Lachlan Ricky Brook,Physicality,51.844353,,
Lalbiakhlua Jongte,Physicality,59.19646,,
Lalchungnunga Lalchungnunga,Physicality,64.83871,,
Lalengmawia Ralte,Physicality,68.52259,,
Lalhrezuala Sailung,Physicality,57.471115,,
Lamin Jawara,Physicality,66.65475,,
Lamine Diack,Physicality,69.72717,,
Lamine Sy,Physicality,50.938023,,
Lars Erik Oskar Fallenius,Physicality,46.858307,,
Lars Kramer,Physicality,74.60005,,
Lars Markmanrud,Physicality,60.98175,,
Lassana Sy,Physicality,59.18446,,
Lasse Selvåg Nordås,Physicality,64.3566,,
Laurenz Beckemeyer,Physicality,59.15481,,
Laurit Krasniqi,Physicality,66.49872,,
Lautaro Amadé,Physicality,59.093185,,
Lautaro Emanuel Blanco,Physicality,67.220474,,
Lautaro Marco Spatz,Physicality,65.33934,,
Lautaro Nicolás Ríos,Physicality,58.56133,,
Lautaro Pastrán,Physicality,49.16777,,
Lautaro Rodrigo Valenti,Physicality,72.75434,,
Lautaro Tomás Escalante,Physicality,56.980392,,
Lautaro de León Billar,Physicality,62.18628,,
Lawrence Nicholas,Physicality,70.49451,,
Layan Loor,Physicality,63.341774,,
Layonel Figueroa,Physicality,61.356762,,
Leandro Antonetti,Physicality,43.03812,,
Leandro Fernandes da Cunha,Physicality,65.252,,
Leandro Frroku,Physicality,54.91355,,
Leandro Ojeda,Physicality,61.066547,,
Leandro Sanca,Physicality,53.479286,,
Leandro Zbinden,Physicality,59.183983,,
Lee Patrick O'Connor,Physicality,64.491684,,
Lehlogonolo Matlou,Physicality,65.604454,,
Lennart Franklin Moser,Physicality,59.23337,,
Lennart Schulze-Kökelsum,Physicality,59.14769,,
Lennert Hallaert,Physicality,53.579845,,
Lenny Jean-Pierre Pintor,Physicality,52.942715,,
Lenín Checco,Physicality,58.882782,,
Lenín Usca,Physicality,59.1994,,
Leo Erik Jean Cornic,Physicality,51.976612,,
Leo Friedrich Oppermann,Physicality,59.255196,,
Leo Fuhr Hjelde,Physicality,68.98389,,
Leon Bürger,Physicality,66.72795,,
Leon Damer,Physicality,53.407963,,
Leon Kugland,Physicality,55.27163,,
Leon Maximilian Flach,Physicality,61.33712,,
Leon Thomson King,Physicality,67.20651,,
Leon Valentin Schaffran,Physicality,59.212933,,
Leonardo Adelino da Silva Lopes,Physicality,67.81569,,
Leonardo Alves Chú,Physicality,53.50679,,
Leonardo Borges da Silva,Physicality,65.3602,,
Leonardo Campana Romero,Physicality,60.938427,,
Leonardo Daniel Rivas Conge,Physicality,47.472134,,
Leonardo Daniel Ulineia Buta,Physicality,65.37938,,
Leonardo Filipe Cruz Lelo,Physicality,60.45717,,
Leonardo Loria,Physicality,59.257217,,
Leonardo Morosini,Physicality,58.183544,,
Leonardo Mosquera,Physicality,58.573425,,
Leonardo Román Riquelme,Physicality,59.15422,,
Leonardo Scienza,Physicality,46.87185,,
Leonardo Yánez,Physicality,54.919865,,
Leonardo da Costa Bolgado,Physicality,67.19507,,
Leonel Bucca,Physicality,65.62509,,
Leonel Marcelo Picco,Physicality,73.312836,,
Leonhard von Schroetter,Physicality,74.21018,,
Leonid Srdic,Physicality,64.17825,,
Leroy Abanda Mfomo,Physicality,58.127018,,
Lesley Chimuanya Ugochukwu,Physicality,70.92972,,
Lesly Rebello,Physicality,59.339096,,
Levi Jeremiah Lumeka,Physicality,50.934322,,
Lewis Graham Cass,Physicality,70.13022,,
Lewis Jack Gibson,Physicality,64.30845,,
Lewis Jay Freestone,Physicality,74.41449,,
Lewis Leigh,Physicality,50.034763,,
Lewis Neilson,Physicality,69.19865,,
Lewis Paul Jimmy Richards,Physicality,67.41352,,
Lewis Payne,Physicality,58.390755,,
Lewis Rhys Collins,Physicality,50.94846,,
Lewis Robert Page,Physicality,61.358513,,
Lewis Temple,Physicality,58.520428,,
Leôncio Roger Lobeiro Cunha,Physicality,61.816082,,
Liam Alan Millar,Physicality,57.03354,,
Liam Cross,Physicality,53.999443,,
Liam Darren Shaw,Physicality,67.08801,,
Liam Harvey,Physicality,45.48028,,
Liam Mark Kinsella,Physicality,69.59338,,
Liam McCarron,Physicality,48.30961,,
Liam McGing,Physicality,66.6016,,
Liam Mullan,Physicality,40.830486,,
Liam Spencer Gordon,Physicality,62.451263,,
Liam Vincent,Physicality,66.84768,,
Liam van Gelderen,Physicality,64.669174,,
Liberman Bryan Torres Nazareno,Physicality,60.34165,,
Lilian Niclas Egloff,Physicality,54.243195,,
Lino Sousa,Physicality,56.875008,,
Linus Carlstrand,Physicality,58.853134,,
Linus Schäfer,Physicality,67.16582,,
Linus Tagesson,Physicality,47.78063,,
Lleyton Brooks,Physicality,43.888157,,
Lluc Matas García,Physicality,59.412025,,
Lluís Recasens Vives,Physicality,63.353245,,
Logan Chalmers,Physicality,47.288845,,
Lorent Tolaj,Physicality,68.96843,,
Lorenz Knöferl,Physicality,51.47536,,
Lorenzo Maria Dickmann,Physicality,59.995735,,
Lorenzo Zúñiga Owono,Physicality,63.94827,,
Lorik Emini,Physicality,66.36617,,
Louie Mark Barry,Physicality,52.769302,,
Louis Chadwick,Physicality,59.25842,,
Louis D'Arrigo,Physicality,61.404556,,
Louis George Appéré,Physicality,65.82603,,
Louis Samuel Reed,Physicality,67.31622,,
Lourival Adnan Diniz Prazeres,Physicality,74.98653,,
Loué Bayéré Junior,Physicality,59.250355,,
Loïc Anthony Bessile,Physicality,72.237015,,
Luan Vágner Simões Eustáquio,Physicality,57.72295,,
Luca Bastian Plogmann,Physicality,59.245827,,
Luca Crecco,Physicality,70.9848,,
Luca Cristian Andronache,Physicality,53.847614,,
Luca Daniel de la Torre,Physicality,46.30183,,
Luca John Connell,Physicality,62.656155,,
Luca Leovino Martínez Dupuy,Physicality,53.597546,,
Luca Menke,Physicality,71.09698,,
Luca Petzold,Physicality,58.860207,,
Luca Sonzogni,Physicality,59.160187,,
Luca Stellwagen,Physicality,57.35303,,
Luca Wollschläger,Physicality,70.956985,,
Luca-Milan Zander,Physicality,65.85851,,
Lucas Agustín Besozzi,Physicality,46.780933,,
Lucas Barros da Cunha,Physicality,60.253563,,
Lucas Becker,Physicality,59.1774,,
Lucas Bergström,Physicality,59.176716,,
Lucas Bernadou,Physicality,52.44198,,
Lucas Calodat,Physicality,59.78095,,
Lucas Cañizares Conchello,Physicality,59.156574,,
Lucas Chrubasik,Physicality,72.3822,,
Lucas Emanuel Brochero,Physicality,46.64448,,
Lucas Esteves Souza,Physicality,58.524464,,
Lucas Felix Krüger,Physicality,64.73169,,
Lucas Flores de Oliveira,Physicality,59.20206,,
Lucas Galarza,Physicality,59.14058,,
Lucas Hiemann,Physicality,59.377354,,
Lucas Jozef Lissens,Physicality,68.98304,,
Lucas Larade,Physicality,72.03458,,
Lucas Laso Gutiérrez,Physicality,66.15923,,
Lucas Lionel Dias,Physicality,59.28243,,
Lucas Maciel Felix,Physicality,59.47489,,
Lucas Margueron,Physicality,59.24603,,
Lucas Maximiliano Lemos Mayuncaldi,Physicality,68.15047,,
Lucas Mika Wolf,Physicality,41.98295,,
Lucas Nahuel González Martínez,Physicality,70.69683,,
Lucas Nahuel Morales,Physicality,68.434616,,
Lucas Queiroz Canteiro,Physicality,44.17646,,
Lucas Varaldo,Physicality,63.41584,,
Lucas Zahaczewski,Physicality,59.255196,,
Lucas Ángel Esquivel,Physicality,59.128193,,
Luciano Daniel Arriagada Garcia,Physicality,63.678844,,
Luciano Fernández,Physicality,49.504337,,
Luciano Ismael Ferreyra,Physicality,43.927906,,
Luciano Valente,Physicality,58.75676,,
Luciano Vega,Physicality,66.948456,,
Ludvig Nåvik,Physicality,53.672222,,
Ludwig Francillette,Physicality,74.7272,,
Luis Abelardo Vargas,Physicality,49.196712,,
Luis Alfredo Montero Ruíz,Physicality,43.36109,,
Luis Barco,Physicality,59.063705,,
Luis Bilbao Arechaga,Physicality,53.7706,,
Luis David González Torres,Physicality,46.704037,,
Luis Eduardo Demiquel Banegas,Physicality,71.166336,,
Luis Federico López Andúgar,Physicality,59.162285,,
Luis Fernando Casiani Zúñiga,Physicality,56.143795,,
Luis Francisco Sánchez Mosquera,Physicality,60.399456,,
Luis Gerardo Chávez Magallón,Physicality,54.783928,,
Luis Hernán Franco Fariña,Physicality,59.198437,,
Luis Ignacio Ingolotti,Physicality,59.342968,,
Luis Lopes,Physicality,60.32098,,
Luis Mario Díaz Espinoza,Physicality,60.169342,,
Luis Mateo Ortíz Lara,Physicality,60.007664,,
Luis Miguel Barrios,Physicality,37.887577,,
Luis Thomas Binks,Physicality,79.32042,,
Luiz Skraback,Physicality,53.526768,,
Luka Pršo,Physicality,62.62135,,
Luka Stankovski,Physicality,59.91481,,
Lukas Ahlefeld Engel,Physicality,65.76444,,
Lukas Bornhøft Jensen,Physicality,59.212418,,
Lukas Emanuel Petkov,Physicality,58.722366,,
Lukas Mazagg,Physicality,68.09889,,
Lukas Prokop,Physicality,56.043076,,
Lukas Rhöse,Physicality,57.593998,,
Lukas Sedlak,Physicality,59.230827,,
Lukas Sparre Klitten,Physicality,58.824886,,
Lukas Stephan Horst Daschner,Physicality,59.950783,,
Lukas Willen,Physicality,61.992638,,
Luke Alexander Matheson,Physicality,51.20869,,
Luke Badley-Morgan,Physicality,58.31008,,
Luke Boore,Physicality,62.858803,,
Luke Gerald Michael Thomas,Physicality,50.191727,,
Luke James Cundle,Physicality,46.36002,,
Luke Jenkins,Physicality,68.93459,,
Luke Joshua Bodnar,Physicality,69.802986,,
Luke Mariette,Physicality,55.08278,,
Luke Matthew Woolfenden,Physicality,76.304184,,
Luke Oresti,Physicality,42.65808,,
Luke Owen Jephcott,Physicality,66.10118,,
Luke Philip McCormick,Physicality,64.67393,,
Luke Rudden,Physicality,41.81145,,
Luke William Offord,Physicality,70.13749,,
Luke Đuzel,Physicality,48.44704,,
Lukáš Horníček,Physicality,59.13181,,
Luuk Wouters,Physicality,65.88136,,
Luís Miguel Castelo Santos,Physicality,48.028862,,
Luís Pedro Alves Bastos,Physicality,57.634804,,
Lyle Brent Foster,Physicality,64.43862,,
Lynden Jack Gooch,Physicality,71.15055,,
Léider Andrés Riascos Suárez,Physicality,53.967632,,
Léon Delpech,Physicality,51.322212,,
Lévi Ntumba,Physicality,59.179703,,
Maciej Bortniczuk,Physicality,50.36086,,
Mads Hedenstad Christiansen,Physicality,59.186275,,
Mads Juhl Kikkenborg,Physicality,59.195507,,
Mads Roerslev Rasmussen,Physicality,67.68187,,
Madyen El Jaouhari,Physicality,58.55999,,
Magnus Elkjær Mattsson,Physicality,54.15456,,
Magnus Isager,Physicality,54.331062,,
Magnus Kaastrup Refstrup Lauritsen,Physicality,57.543026,,
Magnus Nordengen Knudsen,Physicality,56.514145,,
Mahamadou Dembélé,Physicality,69.368324,,
Mahamadou Doucouré,Physicality,71.54755,,
Mahamadou Doumbia,Physicality,46.934235,,
Mahlon Beresford Baker Romeo,Physicality,66.95923,,
Maico Alejandro Quiroz,Physicality,63.82366,,
Maicol Gil,Physicality,55.744625,,
Maicol Ruiz,Physicality,58.319057,,
Maiker Alfonzo Rivas González,Physicality,59.263653,,
Maissa Ndiaye,Physicality,46.43817,,
Malcolm Viltard,Physicality,63.13473,,
Malcom Adu Ares Djaló,Physicality,50.84839,,
Malik Sawadogo,Physicality,45.99207,,
Malthe Højholt,Physicality,67.19779,,
Mamadi Caba Camará,Physicality,44.343513,,
Mamadou Ibra Mbacke Fall,Physicality,70.81788,,
Mamadou Kaly Sène,Physicality,54.071854,,
Mamady Alex Bangré,Physicality,48.265636,,
Mamady Diarra,Physicality,52.412785,,
Mamoudou Karamoko,Physicality,73.29979,,
Mansor Faiez Al-Beshe,Physicality,66.77383,,
Manuel Duarte,Physicality,55.188293,,
Manuel Garrido Álvarez,Physicality,58.713913,,
Manuel Lama Maroto,Physicality,63.802517,,
Manuel Mama Samba Baldé,Physicality,59.24263,,
Manuel Monzeglio Velázquez,Physicality,46.797817,,
Manuel Morillo León,Physicality,52.785946,,
Manuel Osifo,Physicality,63.433304,,
Manuel Paul Wintzheimer,Physicality,66.20786,,
Manuel Rico Del Valle,Physicality,52.695007,,
Manuel Sulbarán,Physicality,46.80317,,
Manuel Tadeo Llano Massa,Physicality,61.767292,,
Manuel Thurnwald,Physicality,58.50037,,
Maodo Malick M'Baye,Physicality,72.88458,,
Marc Aguado Pallarés,Physicality,55.02833,,
Marc Llinares Barragán,Physicality,58.66013,,
Marc Lutz,Physicality,58.23657,,
Marc Pubill Pagès,Physicality,73.97235,,
Marc Tenas Ureña,Physicality,50.7787,,
Marc Vidal Girona,Physicality,59.346848,,
Marcel Edwin Rodrigues Lavinier,Physicality,63.382336,,
Marcel Mansfeld,Physicality,66.507935,,
Marcel Zapytowski,Physicality,59.282204,,
Marcelo Flores,Physicality,41.76102,,
Marcelo Iván Allende Bravo,Physicality,42.79377,,
Marcelo Palomino,Physicality,48.57082,,
Marcelo Rubén Acosta Ríos,Physicality,57.362774,,
Marcelo Suárez,Physicality,67.82846,,
Marcin Szpakowski,Physicality,61.11266,,
Marco Alexandru Dulca,Physicality,73.51572,,
Marco Bosisio,Physicality,64.41557,,
Marco Campagnaro,Physicality,59.275673,,
Marco Camus Muñoz,Physicality,48.880188,,
Marco Genare Di Cesare,Physicality,66.2189,,
Marco Moreno Ojeda,Physicality,71.74551,,
Marco Olivieri,Physicality,60.00505,,
Marco Pašalić,Physicality,54.220814,,
Marcos Ezequiel Gómez Paredes,Physicality,63.116074,,
Marcos García Trabanco,Physicality,52.601807,,
Marcos Gonzalo Goñi,Physicality,75.465096,,
Marcos Hernán Peano,Physicality,59.14571,,
Marcos Johan López Lanfranco,Physicality,65.96276,,
Marcos Luna Luna Ruiz,Physicality,68.926056,,
Marcos Nahuel Enrique,Physicality,70.651726,,
Marcos Paulo Costa do Nascimento,Physicality,50.62403,,
Marcus Ellingsen Andersen,Physicality,59.396614,,
Marcus Maier,Physicality,65.92641,,
Marcus Samuel Michael McGuane,Physicality,64.08836,,
Marcus Serup Hannesbo,Physicality,59.536377,,
Marian Fernando Huja,Physicality,70.91687,,
Marian Obedeanu,Physicality,45.970234,,
Marinus Larsen,Physicality,50.996147,,
Mario Gila Fuentes,Physicality,64.1443,,
Mario Hernández Fernández,Physicality,67.0911,,
Mario Jorrín González,Physicality,58.72913,,
Marios Tsaousis,Physicality,67.667206,,
Marius Broholm,Physicality,49.170265,,
Marius Mihai Marin,Physicality,67.403275,,
Marius Tollefsen,Physicality,59.165077,,
Mark James McGuinness,Physicality,77.427956,,
Mark Nnamdi Ugboh,Physicality,59.36255,,
Mark Thomas Harris,Physicality,63.459694,,
Marko Brkljača,Physicality,47.925358,,
Marko Dijakovic,Physicality,67.45132,,
Marko Marić,Physicality,59.147133,,
Marko Seufatu Nikola Stamenic,Physicality,69.72068,,
Markus André Kaasa,Physicality,57.595676,,
Marlon Perea,Physicality,62.68249,,
Marokhy Ndione,Physicality,69.54624,,
Martial Godo,Physicality,44.262127,,
Martijn Beernaert,Physicality,59.18056,,
Martim Miguel Carneiro Tavares,Physicality,58.952827,,
Martin Adeline,Physicality,58.508057,,
Martin Yankov Minchev,Physicality,76.00216,,
Martí Vilà García,Physicality,58.695343,,
Martín Ezequiel Cañete,Physicality,63.496384,,
Martín Garay,Physicality,46.826263,,
Martín Gianoli,Physicality,68.064026,,
Martín Manuel Calderón Gómez,Physicality,65.761284,,
Martín Ortega,Physicality,61.606136,,
Martín Pascual Castillo,Physicality,60.349045,,
Martín Suárez,Physicality,51.441814,,
Marvin Ayhan Obuz,Physicality,54.807186,,
Marvin Lee Rittmüller,Physicality,62.51324,,
Marvin Olawale Akinlabi Park,Physicality,46.63814,,
Marvin Tshibuabua,Physicality,68.01004,,
Maryan Faryna,Physicality,62.0894,,
Masimiliano Doda,Physicality,56.97982,,
Massimo Bertagnoli,Physicality,57.907547,,
Matchoi Bobó Djaló,Physicality,53.4415,,
Matei Moraru,Physicality,43.831932,,
Mateo Agustín Coronel,Physicality,59.17122,,
Mateo Klimowicz,Physicality,45.167603,,
Mateus Gonçalo Espanha Fernandes,Physicality,62.028015,,
Mateus Santos Barbosa,Physicality,46.525845,,
Mateusz Kowalski,Physicality,65.83779,,
Mateusz Letkiewicz,Physicality,59.28653,,
Mateusz Piotr Bogusz,Physicality,57.703587,,
Mateusz Stefan Lewandowski,Physicality,59.88138,,
Matheus Bueno Batista,Physicality,66.115616,,
Matheus Nunes Fagundes de Araújo,Physicality,56.517128,,
Matheus Pereira de Souza,Physicality,65.13469,,
Matheus Salgueiro Pains,Physicality,71.6942,,
Mathew Antony Stevens,Physicality,63.737167,,
Mathias Damm Kvistgaarden,Physicality,67.77351,,
Mathias Daniel Pinto Mell,Physicality,56.604507,,
Mathias De Wolf,Physicality,59.794144,,
Mathias Johnsrud Emilsen,Physicality,62.330795,,
Mathias Knutsen Rasmussen,Physicality,58.503265,,
Mathias Ross Jensen,Physicality,72.08695,,
Mathias Ullereng Kjølø,Physicality,58.993473,,
Mathieu Cachbach,Physicality,56.64625,,
Mathis Bruns,Physicality,60.59704,,
Mathis Christophe Picouleau,Physicality,46.8755,,
Mathys Saban,Physicality,48.328613,,
Mathías Bernatene,Physicality,59.169437,,
Mathías Carpio,Physicality,58.30429,,
Mathías Nicolás Laborda Malseñido,Physicality,67.54527,,
Matias Flores,Physicality,49.32639,,
Matija Horvat,Physicality,71.77813,,
Matis Carvalho,Physicality,59.190205,,
Matisse Didden,Physicality,70.384544,,
Matko Babić,Physicality,58.775608,,
Matko Mijael Miljevic,Physicality,57.78339,,
Matondo-Merveille Papela,Physicality,51.13943,,
Mats Lemmens,Physicality,66.0296,,
Matteo Anzolin,Physicality,62.09526,,
Matteo Arena,Physicality,64.162476,,
Matteo Chiacig,Physicality,59.16176,,
Matteo Emilio Di Giusto,Physicality,46.3259,,
Matteo Piacentini,Physicality,71.559296,,
Matthew Alexander Sorinola,Physicality,57.660828,,
Matthew Anim Cudjoe,Physicality,38.4836,,
Matthew Ben Longstaff,Physicality,65.51493,,
Matthew David Butcher,Physicality,67.257324,,
Matthew David Hundley,Physicality,54.46603,,
Matthew Freese,Physicality,59.13235,,
Matthew Gerrard Smith,Physicality,57.872074,,
Matthew Hatch,Physicality,59.4209,,
Matthew Hudson,Physicality,59.055733,,
Matthew Jimmy David Garbett,Physicality,63.077305,,
Matthew Pollock,Physicality,74.70953,,
Matthew Real,Physicality,61.906487,,
Matthew Ridenton,Physicality,66.68886,,
Matthew Robert Smith,Physicality,67.51894,,
Matthew Ryan Wolfe,Physicality,61.672382,,
Matthew Scott,Physicality,52.860786,,
Matthias Gragger,Physicality,71.12991,,
Matthias Jean Phaeton,Physicality,70.843216,,
Matthis Harsman,Physicality,59.099277,,
Matthäus Taferner,Physicality,53.997704,,
Mattia Ciucci,Physicality,68.909195,,
Mattia Motolese,Physicality,62.417984,,
Mattia Pagliuca,Physicality,60.110622,,
Mattia Viviani,Physicality,64.07475,,
Mattéo Ahlinvi,Physicality,68.27266,,
Mattéo Rabuel,Physicality,54.826324,,
Matías Cedrés Batista,Physicality,59.424946,,
Matías Damián Palacios,Physicality,48.018234,,
Matías Damián Pérez,Physicality,71.233444,,
Matías Eduardo Esquivel,Physicality,60.24332,,
Matías Fernando Lazo Zapata,Physicality,62.168995,,
Matías Fredes,Physicality,39.518734,,
Matías Morello,Physicality,57.815525,,
Matías Nahuel Borgogno,Physicality,58.927116,,
Matías Nahuel González,Physicality,44.154617,,
Matías Nicolás Miranda,Physicality,50.487103,,
Matías Ocampo,Physicality,51.354435,,
Matías Romero Andrade,Physicality,55.660587,,
Matías Vesprini,Physicality,60.844128,,
Maurice Maximilian Malone,Physicality,67.70202,,
Maurice Michael Multhaup,Physicality,55.016514,,
Maurilio de Lannoy,Physicality,50.46161,,
Mauro Silveira,Physicality,59.16044,,
Max Alves da Silva,Physicality,54.495426,,
Max Anchor,Physicality,59.39993,,
Max Delyfer,Physicality,52.36017,,
Max Dyche,Physicality,68.31974,,
Max Harrison Sanders,Physicality,60.46188,,
Max James Watters,Physicality,60.17027,,
Max Johannes Whitta Fenger,Physicality,64.16462,,
Max Kulke,Physicality,54.73416,,
Max McMillan,Physicality,45.090965,,
Max Murphy,Physicality,51.245464,,
Max Normann Williamsen,Physicality,67.82858,,
Max Taylor,Physicality,74.757225,,
Max Wolfs,Physicality,59.28782,,
Maxim Deman,Physicality,59.169525,,
Maxim Gullit,Physicality,67.060036,,
Maximilian Franzke,Physicality,54.28646,,
Maximilian Neuberger,Physicality,67.283775,,
Maximilian Neutgens,Physicality,59.185215,,
Maximilian Sprang,Physicality,59.390686,,
Maximiliano David Ayala,Physicality,57.29156,,
Maximiliano Samuel Romero,Physicality,68.629135,,
Maximiliano Torrealba,Physicality,50.47225,,
Maykol Antonio Sánchez Arancibia,Physicality,54.18284,,
Maïdine Douane,Physicality,47.785133,,
Mduduzi Shabalala,Physicality,43.662693,,
Mehdi Baaloudj,Physicality,41.46039,,
Mehdi Bariki,Physicality,43.294727,,
Mehdi Lehaire,Physicality,60.37127,,
Mehmet Albayrak,Physicality,59.24313,,
Mehmet Ataberk Dadakdeniz,Physicality,59.15999,,
Mehmet Can Aydin,Physicality,59.329758,,
Melker Ellborg,Physicality,59.22748,,
Melvin Aladin Ramusović,Physicality,65.82612,,
Melvin Sitti,Physicality,66.11549,,
Mender García Torres,Physicality,63.810787,,
Mert Arslan,Physicality,52.92802,,
Mert Kurt,Physicality,48.52034,,
Metehan Baltacı,Physicality,66.89438,,
Metehan Güçlü,Physicality,58.25973,,
Michael Andrew Johnston,Physicality,44.46376,,
Michael John Cooper,Physicality,59.18161,,
Michael Joseph Edwards,Physicality,65.00964,,
Michael Kostka,Physicality,60.41391,,
Michael Martin,Physicality,57.05733,,
Michael Ndiweni,Physicality,47.747124,,
Michael Ologo Inainfe,Physicality,68.080864,,
Michael Thomas Tallaksen Crowe,Physicality,59.083866,,
Michael Wyparło,Physicality,64.891464,,
Michalis Kosidis,Physicality,67.068474,,
Michał Rostkowski,Physicality,43.10191,,
Michel De Jesus Sousa,Physicality,43.225723,,
Miguel Angel Cornejo Loli,Physicality,53.68753,,
Miguel Angel Martínez Irala,Physicality,59.226078,,
Miguel Azeez,Physicality,56.498722,,
Miguel Baeza Pérez,Physicality,50.021736,,
Miguel Colque,Physicality,57.47677,,
Miguel Ferreira de Sousa,Physicality,48.699432,,
Miguel Gutiérrez Ortega,Physicality,61.10494,,
Miguel Maria Mariano Falé,Physicality,61.292866,,
Miguel Mariz Luís,Physicality,56.074635,,
Miguel Puche García,Physicality,56.065613,,
Miguel Raimundo Nóbrega,Physicality,70.65552,,
Miguel Rodríguez Vidal,Physicality,57.182182,,
Miguel Silva Reisinho,Physicality,69.6807,,
Miguel Sánchez Tabares,Physicality,59.130104,,
Miguel de la Fuente Escudero,Physicality,69.41599,,
Miguel Ángel Atienza Villa,Physicality,68.98778,,
Miguel Ángel Morro Muñoz,Physicality,59.168354,,
Miguel Ángel Navarro Zárate,Physicality,58.35108,,
Miguel Ángel Ruiz Herráiz,Physicality,63.45952,,
Miguel Ângelo Ferreira Magalhães,Physicality,52.05896,,
Mihai Alexandru Dobre,Physicality,65.74084,,
Mihai Alexandru Eşanu,Physicality,59.19689,,
Mihai Daniel Lixandru,Physicality,63.754326,,
Mihai Marian Aioani,Physicality,59.190582,,
Mihai Maximilian Popa,Physicality,59.14454,,
Mihai Velisar,Physicality,67.00758,,
Mika Godts,Physicality,39.999718,,
Mika Mármol Medina,Physicality,66.78423,,
Mika Schröers,Physicality,48.852028,,
Mikael Ugland,Physicality,55.897995,,
Mike Johannes Hendrikus Josephus van Beijnen,Physicality,70.47312,,
Mikel Carro Fandiño,Physicality,64.82731,,
Mikey O'Neill,Physicality,46.175396,,
Mikkel Duelund Poulsen,Physicality,67.61771,,
Mikkel Juhl Andersen,Physicality,65.463135,,
Mikkel Kallesøe Andreasen,Physicality,70.495636,,
Mikkel Kaufmann Sørensen,Physicality,61.628197,,
Mikkel Konradsen Ceide,Physicality,60.993492,,
Mikkel Møller Lassen,Physicality,60.315765,,
Mikkel Rakneberg,Physicality,56.36725,,
Mikołaj Rakowski,Physicality,66.59467,,
Milan Smit,Physicality,53.807335,,
Miliano Jonathans,Physicality,44.6359,,
Miloš Bočić,Physicality,46.81176,,
Milton Marcelo Maciel Brítez,Physicality,48.60494,,
Milton Nahuel Valenzuela,Physicality,66.73581,,
Min Geol Woo,Physicality,53.68053,,
Min Gyu Kim,Physicality,62.86715,,
Min Jun Kim,Physicality,64.63374,,
Min Woo Jung,Physicality,57.350487,,
Mirko Tomianovic,Physicality,69.23074,,
Miroslav Gono,Physicality,59.51477,,
Mitchell Reece Clark,Physicality,63.66335,,
Mitchell Roberts,Physicality,64.27268,,
Moataz Zemzemi,Physicality,61.829548,,
Modou Tambedou,Physicality,67.62753,,
Mohamad Al-Taay,Physicality,60.12441,,
Mohamed Airam Ramos Wade,Physicality,59.24145,,
Mohamed Ben Fredj,Physicality,42.77043,,
Mohamed Berte,Physicality,50.303825,,
Mohamed Bouchouari,Physicality,57.281956,,
Mohamed Kefing Kanté,Physicality,51.14538,,
Mohamed Salah El Boukammiri,Physicality,44.493668,,
Mohamed Taabouni,Physicality,52.010277,,
Mohamed Toure,Physicality,72.6993,,
Mohamed Traore,Physicality,63.792835,,
Mohamed Youla,Physicality,59.90179,,
Mohammed Abo Abd,Physicality,48.597664,,
Mohammed Al Biladi,Physicality,59.14847,,
Mohammed Al Khaibari,Physicality,64.47422,,
Mohammed Al Kunaydiri,Physicality,58.451935,,
Mohammed Al Mosabbah,Physicality,57.347546,,
Mohammed Al Qahtani,Physicality,45.48573,,
Mohammed Bassam Alhurayji,Physicality,54.792034,,
Mohammed Boudiaf,Physicality,54.17595,,
Mohammed Furaih,Physicality,39.74185,,
Mohammed Khalil Maran,Physicality,53.509052,,
Mohammed Tahiri,Physicality,48.124214,,
Mohammed Waad,Physicality,71.36687,,
Moises Castillo Mosquera,Physicality,73.82223,,
Moisés Isaac Caicedo Corozo,Physicality,67.59242,,
Momodou Bojang,Physicality,52.44809,,
Monsuru Opeyemi,Physicality,58.8322,,
Montasser Lahtimi,Physicality,51.333675,,
Moonga Simba,Physicality,65.248634,,
Morgan Boyes,Physicality,58.918297,,
Morgan Elliot Roberts,Physicality,51.788673,,
Morgan Elliot Rogers,Physicality,63.68218,,
Morgan Faßbender,Physicality,60.486057,,
Morgan Paul Poaty,Physicality,69.24652,,
Moritz Berg,Physicality,52.3278,,
Moritz Heinrich,Physicality,53.755928,,
Moteb Saad Al-Harbi,Physicality,55.12744,,
Moubarack Compaoré,Physicality,43.943096,,
Moudi Najjar,Physicality,64.515274,,
Mouhamed Niang,Physicality,69.62937,,
Mounir Chouiar,Physicality,61.31647,,
Moussa Kalilou Djitté,Physicality,65.02861,,
Moustapha Cissé,Physicality,51.67148,,
Moïse Sahi Dion,Physicality,57.18497,,
Muhammed Enes Kiprit,Physicality,65.75632,,
Muhammed-Cham Saračević,Physicality,43.7025,,
Muhammet Arslantaş,Physicality,65.12258,,
Muhammet Taha Tepe,Physicality,58.85216,,
Muhannad Mustafa Al-Shanqeeti,Physicality,60.542564,,
Muheet Shabir Khan,Physicality,59.149372,,
Murat Cem Akpınar,Physicality,50.112854,,
Musab Habkoor,Physicality,51.96108,,
Mustafa Eser,Physicality,68.14597,,
Mustafa Kapı,Physicality,43.944836,,
Mustafa Kizza,Physicality,63.47728,,
Muzaffer Cem Kablan,Physicality,59.15502,,
Mykola Kukharevych,Physicality,65.206856,,
Myung Sun Kim,Physicality,54.861156,,
Máximo David Alonso Fontes,Physicality,51.446426,,
Mücahit Serbest,Physicality,59.225094,,
Münir Levent Mercan,Physicality,48.32203,,
N'Dri Philippe Koffi,Physicality,53.154995,,
Nabili Zoubdi Touaizi,Physicality,58.58932,,
Nacim El Hassani,Physicality,43.15174,,
Nadhir Benbouali,Physicality,73.30838,,
Nahuel Casasola,Physicality,68.90065,,
Nahuel Manganelli,Physicality,59.160675,,
Nahuel Soria,Physicality,60.243572,,
Naif Saeed Almas,Physicality,69.71685,,
Naim García García,Physicality,48.67444,,
Nana Boateng,Physicality,58.106224,,
Nando Toggenburger,Physicality,48.756832,,
Nando Zen Pijnaker,Physicality,73.24083,,
Nasser Al Shikaili,Physicality,46.70913,,
Nasser Djiga,Physicality,65.631805,,
Nasser Eissa Shafi Al-Dawsari,Physicality,58.902824,,
Natanas Žebrauskas,Physicality,52.45758,,
Nathan Broome,Physicality,59.178745,,
Nathan Fogaça,Physicality,61.887794,,
Nathan Kenneth Patterson,Physicality,67.95359,,
Nathan Logue Cunningham,Physicality,51.752464,,
Nathan Monzango,Physicality,64.153854,,
Nathan N'Goumou Minpole,Physicality,56.416042,,
Nathan Sheppard,Physicality,59.368206,,
Nathan Wicht,Physicality,57.076477,,
Nathan Wood-Gordon,Physicality,68.07175,,
Nathanael Kukanda,Physicality,53.237812,,
Nathanaël Saintini,Physicality,67.805885,,
Nathaneal Blair,Physicality,68.95233,,
Nathangelo Alexandro Markelo,Physicality,68.25098,,
Nathaniel Caleb Atkinson,Physicality,69.680405,,
Nawaf Al Saadi,Physicality,43.32889,,
Nawaf Dhahi Faisal Al Suweiti Al-Aqidi,Physicality,59.32267,,
Nawaf Hazazi,Physicality,42.53741,,
Nazareno Funez,Physicality,59.13454,,
Nazareno Romero,Physicality,61.500942,,
Naël Jaby,Physicality,48.21124,,
Nelson Quiñónes,Physicality,46.009922,,
Nemanja Celic,Physicality,71.55985,,
Neraysho Meritchio Kasanwirjo,Physicality,71.3899,,
Nermin Karić,Physicality,63.577217,,
Nestor Jiménez,Physicality,44.464966,,
Neven Djurasek,Physicality,69.77259,,
Niall Nathan Michael Ennis,Physicality,64.896164,,
Nic Bollado,Physicality,50.598827,,
Niccolò Pierozzi,Physicality,51.83927,,
Nicholas D'Agostino,Physicality,66.91322,,
Nicholas Markanich,Physicality,56.620743,,
Nicholas Michael Hayes,Physicality,59.287746,,
Nicholas Suman,Physicality,59.201443,,
Nicholas Tsaroulla,Physicality,54.073856,,
Nicky Clescenco,Physicality,42.470352,,
Nicky Hernandez,Physicality,56.837696,,
Nicky Medja Beloko,Physicality,72.96222,,
Niclas Eliasson Santana,Physicality,43.986595,,
Nico Gordon,Physicality,67.23202,,
Nico Gorzel,Physicality,63.697685,,
Nico Moos,Physicality,55.66444,,
Nicolas Galazzi,Physicality,56.285294,,
Nicolas Martin Hautorp Madsen,Physicality,68.86222,,
Nicolas Thierry Raskin,Physicality,72.718506,,
Nicolo Tresoldi,Physicality,53.391262,,
Nicolás Agustín Demartini,Physicality,71.614365,,
Nicolás Alejandro Thaller,Physicality,70.9877,,
Nicolás Bastián Guerra Ruz,Physicality,66.12584,,
Nicolás Brian Acevedo Tabárez,Physicality,65.212364,,
Nicolás Delgadillo Godoy,Physicality,59.229633,,
Nicolás Ezequiel Fernández Mercau,Physicality,62.16409,,
Nicolás Federico Castro,Physicality,55.937794,,
Nicolás Fernando Cordero,Physicality,66.33379,,
Nicolás Ferreira,Physicality,50.32883,,
Nicolás Figueroa,Physicality,54.66551,,
Nicolás Gudiño Castilla,Physicality,58.637,,
Nicolás Quagliata,Physicality,42.010048,,
Nicolás Serrano Galdeano,Physicality,47.42735,,
Niels Patrick Nkounkou,Physicality,66.73804,,
Nigel van Haveren,Physicality,59.16988,,
Nika Gagnidze,Physicality,60.91588,,
Nikita Fedotov,Physicality,59.19869,,
Niklas Jahn,Physicality,42.281094,,
Niklas Jeck,Physicality,67.961525,,
Niklas Lübcke,Physicality,59.213146,,
Nikodem Niski,Physicality,55.35143,,
Nikola Stevanović,Physicality,73.03334,,
Nikola Stosic,Physicality,67.41411,,
Nikolai Baden Frederiksen,Physicality,59.28312,,
Nikolai Rohde Laursen,Physicality,56.114506,,
Nikolas Korzeniecki,Physicality,64.35296,,
Nikolas Langberg Dyhr,Physicality,64.618034,,
Nikolas Polster,Physicality,59.293137,,
Nikolas Terkelsen Nartey,Physicality,68.97459,,
Nikoloz Kutateladze,Physicality,53.21209,,
Nikos Zografakis,Physicality,51.247784,,
Nils Arvidsson,Physicality,59.211525,,
Nils Gustav Georg Fröling,Physicality,75.57425,,
Nils Hahne,Physicality,59.14945,,
Nils Mortimer Moreno,Physicality,45.034103,,
Nils Wallenberg,Physicality,56.90404,,
Nils-Jonathan Körber,Physicality,59.170452,,
Nino Žugelj,Physicality,48.132652,,
Nishan Connell Burkart,Physicality,61.48996,,
Nkosingiphile Ngcobo,Physicality,43.142765,,
Noah Awuku,Physicality,64.1544,,
Noah Christopher Chilvers,Physicality,67.33405,,
Noah De Queiroz Pacheco,Physicality,66.574005,,
Noah Diliberto,Physicality,52.18621,,
Noah Emmanuel Jean Holm,Physicality,73.998215,,
Noah James,Physicality,59.15177,,
Noah Kemeseng Sonko-Sundberg,Physicality,73.56426,,
Noah König,Physicality,66.383575,,
Noah Raveyre,Physicality,59.250233,,
Noah Sadiki,Physicality,66.49539,,
Noah Shawn Agbaje,Physicality,43.788086,,
Noah Wagner,Physicality,56.114983,,
Noble Okello,Physicality,75.77862,,
Noel Hansson,Physicality,66.22325,,
Noel López de la Fuente,Physicality,47.437305,,
Nongdamba Naorem,Physicality,53.84641,,
Norbert Pacławski,Physicality,51.830482,,
Norbert Wojtuszek,Physicality,54.842667,,
Nordin Musampa,Physicality,61.410183,,
Novatus Miroshi Dismas,Physicality,72.742165,,
Nuno Gonçalo Rocha Moreira,Physicality,45.11538,,
Nuno Miguel Reis Lima,Physicality,70.04888,,
Nurettin Korkmaz,Physicality,43.90278,,
Odin Ohray Bailey,Physicality,56.4246,,
Olaf Kobacki,Physicality,59.9192,,
Olamide Shodipo,Physicality,51.05554,,
Ole Martin Lekven Kolskogen,Physicality,66.513435,,
Ole ter Haar Romeny,Physicality,59.902966,,
Oleksandr Drambaev,Physicality,66.99519,,
Oleksandr Yatsyk,Physicality,60.567097,,
Oleksiy Sych,Physicality,64.2564,,
Oliver Bjerrum Jensen,Physicality,56.783554,,
Oliver Bundgaard Kristensen,Physicality,58.466118,,
Oliver Casey,Physicality,64.788605,,
Oliver Denham,Physicality,65.9903,,
Oliver Kamdem,Physicality,41.699474,,
Oliver Lukas Dozae Nnonyelu Dovin,Physicality,59.226376,,
Oliver Marc Rose-Villadsen,Physicality,60.92373,,
Oliver Olsson,Physicality,68.576546,,
Oliver Ross,Physicality,56.503693,,
Oliver Samuel Crankshaw,Physicality,58.441597,,
Oliver Younger,Physicality,68.02026,,
Olivier Boissy,Physicality,69.75777,,
Olivier Wypart,Physicality,48.76643,,
Oliwier Sławiński,Physicality,55.440636,,
Oliwier Wojciechowski,Physicality,52.699265,,
Oliwier Zych,Physicality,59.16955,,
Oluwarotimi Mark Odusina,Physicality,75.96398,,
Oluwaseyi Babajide Ojo,Physicality,58.75821,,
Omar Damen Al Ruwaili,Physicality,54.088448,,
Omar Hamad Al-Owdah,Physicality,57.462013,,
Omar Jebali,Physicality,65.809326,,
Omar Khalid Dakhel Al-Jadani,Physicality,40.848457,,
Omar Kolawole Olufemi Sowunmi,Physicality,75.67669,,
Omar Rekik,Physicality,64.6584,,
Omar Saeed,Physicality,64.72015,,
Omar-Šarif Sijarić,Physicality,55.141975,,
Omir Guadalupe Fernandez Mosso,Physicality,56.89525,,
Onel Acosta,Physicality,51.25494,,
Onurhan Babuscu,Physicality,55.95707,,
Orges Bunjaku,Physicality,62.396107,,
Oriol Busquets Mas,Physicality,68.01259,,
Orlando David Colmán,Physicality,58.07607,,
Orrin McLaughlin,Physicality,47.63415,,
Osazee Aghatise,Physicality,53.755184,,
Oscar Aga,Physicality,57.066273,,
Oscar Camilo Salomón,Physicality,68.20098,,
Oscar Carl Linnér,Physicality,59.159515,,
Oscar Halls,Physicality,65.59445,,
Oscar Massey,Physicality,56.124302,,
Oscar Ramón Toledo Acosta,Physicality,59.26131,,
Oscar Thore Hedvall,Physicality,59.242332,,
Osher Davida,Physicality,63.992676,,
Oskar Aron Opsahl,Physicality,56.77835,,
Oskar Lodziński,Physicality,59.214382,,
Oskar Mielcarz,Physicality,59.283024,,
Oskar Sewerzyński,Physicality,71.09725,,
Oskar Siira Sivertsen,Physicality,40.850468,,
Oslimg Roberto Mora Pasache,Physicality,59.327538,,
Osman Bukari,Physicality,58.862183,,
Osvaldo Rodríguez del Portal,Physicality,59.280083,,
Oswaldo Josué Valenzuela Dileo,Physicality,59.927956,,
Othman Awadh,Physicality,61.23149,,
Otis Jan Mohammed Khan,Physicality,52.999084,,
Otto Lindell,Physicality,59.160927,,
Ousmane Ba,Physicality,59.14763,,
Ovidiu Horșia,Physicality,56.696606,,
Ovidiu Ioan Perianu,Physicality,69.25869,,
Owen Bevan,Physicality,58.331776,,
Owura Edwards,Physicality,50.995876,,
Oğuzhan Akgün,Physicality,49.17732,,
P. Justiniano Almeida Gomes,Physicality,74.93661,,
Pablo Agustín Minissale,Physicality,63.20211,,
Pablo Alejandro Bonilla Serrada,Physicality,55.45073,,
Pablo Antonio Ortiz Cabezas,Physicality,67.866035,,
Pablo Cuñat Campos,Physicality,59.261684,,
Pablo Enrique Ruíz,Physicality,60.237984,,
Pablo Felipe Pereira de Jesus,Physicality,56.39382,,
Pablo Gozálbez Gilabert,Physicality,52.045235,,
Pablo Gálvez Miranda,Physicality,58.26291,,
Pablo Ibáñez Lumbreras,Physicality,54.39946,,
Pablo López Gallo,Physicality,56.810402,,
Pablo Moreno Taboada,Physicality,58.028862,,
Pablo Pérez Rico,Physicality,57.576443,,
Pablo Rodríguez Delgado,Physicality,48.515705,,
Pablo Tomeo Félez,Physicality,68.37538,,
Pablo Torre Carral,Physicality,49.917927,,
Pablo Vaca,Physicality,56.413048,,
Pablo Valencia García,Physicality,59.212025,,
Pacifique Niyongabire,Physicality,58.5295,,
Panagiotis Panagiotou,Physicality,57.352715,,
Pantelis Chatzidiakos,Physicality,70.72572,,
Paolo Alessandro Reyna Lea,Physicality,61.131424,,
Paolo Gozzi,Physicality,65.96748,,
Paolo Marco Leima Donatelo,Physicality,71.80846,,
Paolo Medina Etienne,Physicality,62.78579,,
Paolo Sciortino,Physicality,61.945305,,
Pape Habib Guèye,Physicality,73.370445,,
Pape Samba Thiam,Physicality,58.043823,,
Pascal Hammer,Physicality,62.528725,,
Patricio Alessandro Flores Bascur,Physicality,59.93051,,
Patrick Brouwer,Physicality,54.058926,,
Patrick Gilmar Sequeira,Physicality,59.19924,,
Patrick Kpozo,Physicality,67.00685,,
Patrick Moser,Physicality,59.21381,,
Patrick Scheder,Physicality,57.194016,,
Patrick Weah,Physicality,58.425034,,
Patrik Sigurður Gunnarsson,Physicality,59.256546,,
Patriot Sejdiu,Physicality,43.890488,,
Patryk Klimala,Physicality,72.230255,,
Patryk Peda,Physicality,69.85621,,
Pau Casadesús Castro,Physicality,55.88368,,
Paul Asiedu Osew,Physicality,57.269234,,
Paul Bourdelle,Physicality,59.149784,,
Paul Grave,Physicality,59.271828,,
Paul Manske,Physicality,67.79089,,
Paul Milton Glatzel,Physicality,47.33667,,
Paul Méliande,Physicality,54.6111,,
Paulo Eduardo Ferreira Godinho,Physicality,67.497734,,
Paulo Estrela Moreira Alves,Physicality,60.530926,,
Paulo Guilherme Gonçalves Bernardo,Physicality,65.64648,,
Paulo Vitor Fernandes Pereira,Physicality,46.974697,,
Paulos Abraham,Physicality,54.012997,,
Pavle Vagić,Physicality,75.05361,,
Pawel Chrupalla,Physicality,58.23951,,
Paweł Sokół,Physicality,59.159092,,
Paweł Żuk,Physicality,56.63314,,
Paya Pichkah,Physicality,58.021088,,
Peder Klausen,Physicality,59.373672,,
Pedro Bernardo González Ojeda,Physicality,59.133522,,
Pedro David Brazão Teixeira,Physicality,44.53184,,
Pedro Emmanuel Ojeda,Physicality,67.08664,,
Pedro Guillermo Ibáñez Gálvez,Physicality,60.73119,,
Pedro Henrique Rodrigues Bicalho,Physicality,67.82858,,
Pedro Injai Gomes,Physicality,66.82251,,
Pedro Jeampierre Vite Uca,Physicality,48.945175,,
Pedro Jorge Gonçalves Malheiro,Physicality,56.75582,,
Pedro Luís Machado Ganchas,Physicality,71.74497,,
Pedro Miguel Almeida Lopes Pereira,Physicality,60.458736,,
Pedro Miguel Costa Álvaro,Physicality,72.00719,,
Pedro Navarro,Physicality,54.064117,,
Pedro Ortiz Bernat,Physicality,57.363644,,
Pedro Pablo Campos Olavarría,Physicality,42.961422,,
Pedro Ruiz Delgado,Physicality,68.97652,,
Pedro Trujillo,Physicality,59.24219,,
Pelayo González Rey,Physicality,50.66954,,
Pelayo Morilla Cabal,Physicality,59.020844,,
Pelle Elkjær Mattsson,Physicality,58.691956,,
Per Kristian Worre Bråtveit,Physicality,59.06848,,
Pere Joan García Bauzà,Physicality,59.237164,,
Perry Ng Tian-Hee,Physicality,65.53248,,
Peru Nolaskoain Esnal,Physicality,70.01127,,
Petar Pušić,Physicality,50.12293,,
Peter González Carmona,Physicality,43.50783,,
Peter Maguire,Physicality,56.989895,,
Peter Urminský,Physicality,59.161346,,
Philipp Birglehner,Physicality,60.48206,,
Philipp Ochs,Physicality,60.083557,,
Philipp Sonn,Physicality,46.585724,,
Philipp Sturm,Physicality,57.918636,,
Phrangki Buam,Physicality,43.886803,,
Pierluigi Cappelluzzo,Physicality,66.81375,,
Piero Antonio Vivanco Ayala,Physicality,61.749077,,
Pierre-Emmanuel Ekwah Elimby,Physicality,68.692276,,
Pietro Rovaglia,Physicality,67.0893,,
Pim Saathof,Physicality,54.040234,,
Plamedi Buni Jorge,Physicality,51.964752,,
Pol Bassa Mora,Physicality,49.03473,,
Pontus Jacob Ragne Dahlberg,Physicality,59.170395,,
Pontus Texel,Physicality,54.846233,,
Presley Pululu,Physicality,45.71516,,
Prince Isaac Kouame,Physicality,58.359715,,
Przemysław Kapek,Physicality,56.259003,,
Przemysław Maj,Physicality,44.310562,,
Quaine Bartley,Physicality,67.245224,,
Quinn McNeill,Physicality,57.068565,,
Radinio Balker,Physicality,75.32628,,
Radosław Cielemęcki,Physicality,55.721817,,
Radosław Seweryś,Physicality,67.36673,,
Radu Matei Drăgușin,Physicality,70.0929,,
Radu Ștefăniță Boboc,Physicality,67.73197,,
Rafael António Pereira,Physicality,71.491684,,
Rafael Castrillo,Physicality,59.060966,,
Rafael Ferrario,Physicality,59.26351,,
Rafael Julián Lutiger Vidalón,Physicality,66.63335,,
Rafael Mascarenhas Moreira,Physicality,52.21946,,
Rafael Obrador Burguera,Physicality,60.45485,,
Rafael Sebastián Mújica García,Physicality,66.82156,,
Rafael Sousa Gancho Brito,Physicality,62.637035,,
Rafael Tavares Gomes Fernandes,Physicality,62.98696,,
Rafael Tresaco Blasco,Physicality,59.634678,,
Raffaele Celia,Physicality,60.979122,,
Rafiki Said Ahamada,Physicality,39.750835,,
Rahmat Akbari,Physicality,59.258614,,
Rahmetullah Berişbek,Physicality,54.75033,,
Rahul Kannoly Praveen,Physicality,45.402554,,
Rakan Shamlan Al-Enezi,Physicality,58.13004,,
Ralph Priso-Mbongue,Physicality,69.24605,,
Ramón Enríquez Rodríguez,Physicality,61.11063,,
Ramón Juan Ramírez,Physicality,59.29547,,
Ramón Sosa Acosta,Physicality,58.91481,,
Ramón Terrats Espacio,Physicality,69.72154,,
Raphael Assibey-Mensah,Physicality,63.41684,,
Raphael Radtke,Physicality,59.170673,,
Rareș Bălan,Physicality,70.10034,,
Rashawn Scott,Physicality,49.606407,,
Rashed Al Muwainea,Physicality,59.329815,,
Rasmus Winther Højlund,Physicality,75.48817,,
Raul Șteau,Physicality,54.23066,,
Rayan Al Qahtani,Physicality,43.212246,,
Rayan Darwish Albloushi,Physicality,56.839783,,
Rayan Ny Aina Arnaldo Raveloson,Physicality,68.98974,,
Rayane El Khamali,Physicality,43.041256,,
Rayane Falchou,Physicality,59.21959,,
Rayhaan Rahim Amari Tulloch,Physicality,57.770996,,
Raymond Owusu,Physicality,50.171696,,
Raúl Arias Arias,Physicality,49.42842,,
Raúl Blanco Juncal,Physicality,45.06007,,
Raúl García de Haro,Physicality,63.328083,,
Raúl Moro Prescoli,Physicality,40.0176,,
Raúl Parra Artal,Physicality,68.41098,,
Raúl Rubio Romero,Physicality,69.00372,,
Raúl Torrente Navarro,Physicality,70.67701,,
Reda Benchaa,Physicality,66.69352,,
Redwan Bourlès,Physicality,54.76346,,
Reece Byrne,Physicality,59.206882,,
Regan Donelon,Physicality,56.560024,,
Regan Jon Griffiths,Physicality,58.463276,,
Reinier Jesus Carvalho,Physicality,64.43117,,
Rekeem Jordan Harper,Physicality,70.24366,,
Remco Balk,Physicality,47.110832,,
Remeao Andrew Hutton,Physicality,68.456154,,
Remi van Ekeris,Physicality,48.09739,,
Renat Oleq Oğlu Dadaşov,Physicality,63.200386,,
Rene Kriwak,Physicality,73.08017,,
Renné Alejandro Rivas Alezones,Physicality,64.068985,,
Renzo Damián Bacchia Rodríguez,Physicality,59.230656,,
Renzo Giampaoli,Physicality,71.453804,,
Rey Manaj,Physicality,67.71769,,
Rhian Joel Brewster,Physicality,58.80524,,
Rhys Llewelyn Norrington-Davies,Physicality,65.154785,,
Ricard Artero Ruiz,Physicality,57.359352,,
Ricard Sánchez Sendra,Physicality,51.710255,,
Ricardo Azevedo Alves,Physicality,43.75885,,
Ricardo Bettocchi Matallana,Physicality,59.175888,,
Ricardo Daniel Pepi,Physicality,58.686302,,
Ricardo Florin Grigore,Physicality,79.43113,,
Ricardo Hernández,Physicality,59.134598,,
Ricardo Jorge Oliveira António,Physicality,55.667202,,
Ricardo Manuel Pinho Matos,Physicality,58.325172,,
Ricardo Manuel Vieira da Silva,Physicality,59.168755,,
Ricardo Phillips,Physicality,56.250366,,
Riccardo Capellini,Physicality,67.6682,,
Richard Fernández,Physicality,55.07425,,
Richard Nartey,Physicality,66.61449,,
Richard Odada,Physicality,58.790318,,
Richet Gómez Miranda,Physicality,63.601974,,
Ricky Aguiar,Physicality,45.720802,,
Rida Zouhir,Physicality,66.56728,,
Rigoberto Manuel Rivas Vindel,Physicality,49.490025,,
Rildo G. de Amorim Filho,Physicality,62.44686,,
Riley-Jay Harbottle,Physicality,66.38411,,
Rio Adesola Frederick Adebisi,Physicality,59.841187,,
Rishabh Dobriyal,Physicality,43.228306,,
Rob Nizet,Physicality,53.264057,,
Robbie D'Haese,Physicality,45.739025,,
Robbie Mahon,Physicality,42.51584,,
Robbie Robinson Belmar,Physicality,57.763783,,
Robbie Van Hauter,Physicality,55.708454,,
Robert Andrei Ion,Physicality,57.12377,,
Robert Atkinson,Physicality,76.8827,,
Robert Lee Burton,Physicality,48.41079,,
Robert Ljubičić,Physicality,69.9606,,
Robert Marian Moldoveanu,Physicality,52.825237,,
Robert Mejía,Physicality,58.612038,,
Robert Navarro Muñoz,Physicality,62.763355,,
Robert Slevin,Physicality,64.05379,,
Roberto Arroyo Gregorio,Physicality,49.685535,,
Roberto Bardales,Physicality,58.669247,,
Roberto Carlos Ramírez,Physicality,70.42932,,
Roberto Fabián Ramírez,Physicality,59.258663,,
Roberto Fernández Jaén,Physicality,62.453022,,
Roberto González Bayón,Physicality,46.986588,,
Roberto Joaquín García,Physicality,62.77186,,
Roberto López Alcaide,Physicality,59.20722,,
Robin Amin Tihi,Physicality,70.76956,,
Robin Dahl Østrøm,Physicality,67.05931,,
Robin Luca Kehr,Physicality,60.026203,,
Robin Maximilian Meißner,Physicality,66.4253,,
Robin Risser,Physicality,59.22473,,
Robin Tim Becker,Physicality,70.50464,,
Robin Ungerath,Physicality,59.22927,,
Robson Alves Reis,Physicality,71.7284,,
Rocco Robert Shein,Physicality,63.109173,,
Rocco Ríos Novo,Physicality,59.25386,,
Rockson Alexander Renteria Ovando,Physicality,66.140945,,
Rocky Bushiri Kisonga,Physicality,80.52354,,
Rodney Iván Redes Cáceres,Physicality,57.652016,,
Rodrigo Alonso Martín,Physicality,44.56158,,
Rodrigo Andrés Piñeiro Silva,Physicality,57.34461,,
Rodrigo Cisterna,Physicality,42.911137,,
Rodrigo Duarte Ribeiro,Physicality,58.072655,,
Rodrigo Díaz Desidel,Physicality,41.806313,,
Rodrigo Elías Delvalle Noguera,Physicality,66.578255,,
Rodrigo Esteban Cancino Herrera,Physicality,59.269497,,
Rodrigo Ezequiel Cabral,Physicality,47.995964,,
Rodrigo F. Conceição,Physicality,63.6836,,
Rodrigo Gareca,Physicality,56.638153,,
Rodrigo Marcos Rodrigues Andrade,Physicality,62.931686,,
Rodrigo Mario Morínigo Acosta,Physicality,59.250134,,
Rodrigo Martins Gomes,Physicality,48.863495,,
Rodrigo Miguel Forte Paes Martins,Physicality,55.510956,,
Rodrigo Montes,Physicality,70.30903,,
Rodrigo Muniz Carvalho,Physicality,71.60843,,
Rodrigo Ribeiro Valente,Physicality,51.735146,,
Rodrigo Riquelme Reche,Physicality,51.187767,,
Rodrigo Román Villagra,Physicality,71.00991,,
Rodrigo Saucedo,Physicality,64.08523,,
Roger Martínez Santamaría,Physicality,57.25038,,
Rohan Luthra,Physicality,59.200775,,
Rok Vodišek,Physicality,59.149467,,
Roko Jureskin,Physicality,59.99558,,
Rolando Lautaro Chávez,Physicality,42.080032,,
Roman Fernández,Physicality,46.844185,,
Rommell Ibarra,Physicality,61.275974,,
Romário Manuel Silva Baró,Physicality,57.106808,,
Ronaldo Damus,Physicality,58.752537,,
Ronan Maher,Physicality,44.104095,,
Ronan Thomas Darcy,Physicality,50.65581,,
Ronny Rikal,Physicality,50.485306,,
Roque Ramírez,Physicality,59.433758,,
Rory Holden,Physicality,44.762737,,
Rosaire Longelo-Mbule,Physicality,48.772243,,
Roshaun Omar Stuart Williams,Physicality,74.50287,,
Ross Fay,Physicality,57.09981,,
Ross Graham,Physicality,55.229454,,
Ross James Sykes,Physicality,81.09695,,
Roy Kuijpers,Physicality,47.26087,,
Ruan Tressoldi Netto,Physicality,65.22844,,
Ruben Kluivert,Physicality,60.018955,,
Rubin James Colwill,Physicality,66.93059,,
Rubén Gómez Peris,Physicality,59.126507,,
Rubén Iranzo Lendínez,Physicality,67.68259,,
Rubén Pulido Peñas,Physicality,68.80491,,
Rubén Sánchez Sáez,Physicality,66.76074,,
Rubén de Tomás Gómez,Physicality,45.471394,,
Ruel Dimitrios Sotiriou,Physicality,53.860096,,
Rufino Lucero,Physicality,58.61713,,
Rui Jorge Monteiro Mendes,Physicality,50.72801,,
Runar Hauge,Physicality,57.97898,,
Rushian Marcus Amari Hepburn-Murphy,Physicality,41.828453,,
Ruwen Werthmüller,Physicality,55.3489,,
Ruyery Alfonso Blanco Yus,Physicality,62.358147,,
Ryan Alebiosu,Physicality,64.72369,,
Ryan Astley,Physicality,60.463867,,
Ryan Austin,Physicality,68.96686,,
Ryan Bakayoko,Physicality,67.444084,,
Ryan Burke,Physicality,59.435665,,
Ryan Carr,Physicality,56.146416,,
Ryan Clampin,Physicality,59.588432,,
Ryan David Edmondson,Physicality,74.736336,,
Ryan Finnigan,Physicality,57.531567,,
Ryan Henry East,Physicality,44.42069,,
Ryan James Broom,Physicality,59.311913,,
Ryan James Law,Physicality,60.646084,,
Ryan Johansson,Physicality,57.564095,,
Ryan Matthew Haynes,Physicality,58.895916,,
Ryan Sandford,Physicality,59.157425,,
Ryan Spaulding,Physicality,57.88153,,
Ryan Steven Rydel,Physicality,52.81252,,
Ryan Thomas Cooney,Physicality,60.77501,,
Ryley Ben Towler,Physicality,60.751556,,
Ryun Seong Kim,Physicality,49.508812,,
Róbert Orri Thorkelsson,Physicality,66.14501,,
Răzvan Covaci,Physicality,50.940468,,
Saad Al Muwallad,Physicality,61.533066,,
Saad Fahad Al Nasser,Physicality,60.88506,,
Saad Yaslam Balobaid,Physicality,48.694866,,
Sabelo Radebe,Physicality,49.602787,,
Saberto Josué Botelho Rios,Physicality,75.427536,,
Sabit Abdulai,Physicality,60.210037,,
Sadat Anaku,Physicality,44.67572,,
Saeed Juma Hasan Juma Alsaadi,Physicality,71.9939,,
Saidu Salisu,Physicality,66.66648,,
Saku Tuomas Severi Ylätupa,Physicality,51.97931,,
Salah-Eddine Oulad M'Hand,Physicality,54.22454,,
Salem Abdullah Salmeen Mubarak Al-Jaberi,Physicality,62.073296,,
Salifo Caropitche Mendes,Physicality,72.55173,,
Salifou Soumah,Physicality,52.397717,,
Salih Kavrazlı,Physicality,53.918327,,
Salim Ben Seghir,Physicality,37.7208,,
Salomon Junior Sambia,Physicality,65.436646,,
Salvatore Elia,Physicality,53.073967,,
Salvatore Marrone,Physicality,57.619442,,
Sam Alan Stubbs,Physicality,71.143364,,
Sam Bowen,Physicality,60.566387,,
Sam Francis Schreck,Physicality,45.60816,,
Sam Harrry Sutton,Physicality,64.576706,,
Sam O'Brien,Physicality,56.998734,,
Sam Tinubu,Physicality,58.98469,,
Sambou Sissoko,Physicality,67.83698,,
Samir Sophian Chergui,Physicality,69.38116,,
Samir Valverde,Physicality,58.097664,,
Sammy Braybrooke,Physicality,51.183502,,
Sammy Robinson,Physicality,62.404137,,
Samuel Bone,Physicality,71.141945,,
Samuel Careaga,Physicality,54.48755,,
Samuel George Alan Edmundson,Physicality,74.93567,,
Samuel George Dalby,Physicality,63.08316,,
Samuel Graham,Physicality,70.299904,,
Samuel John Bell,Physicality,57.788624,,
Samuel Jumpe Soares,Physicality,60.009453,,
Samuel Leo Beat Ballet,Physicality,69.077415,,
Samuel Marqus Lloyd Vines,Physicality,66.13433,,
Samuel Mischitz,Physicality,49.063435,,
Samuel Nongoh,Physicality,40.286407,,
Samuel Peter Barnes,Physicality,61.269432,,
Samuel Renel,Physicality,56.07133,,
Samuel Tshiayima Nombe,Physicality,64.94755,,
Samuel Wikman,Physicality,48.817787,,
Samuel Yepie Yepie,Physicality,36.37775,,
Samuele Righetti,Physicality,54.033913,,
Samuele Spalluto,Physicality,57.38618,,
Samy Benchamma,Physicality,62.161507,,
Samy El Khiar,Physicality,43.74738,,
Samy Faraj,Physicality,51.50696,,
Sanasi Sy,Physicality,54.221348,,
Sander Johan Christiansen,Physicality,60.347767,,
Sandi Lovrić,Physicality,67.11817,,
Sandip Mandi,Physicality,59.847347,,
Sandro Plínio Rosa da Cruz,Physicality,61.09581,,
Sandro Trémoulet,Physicality,66.93053,,
Sang Bin Jeong,Physicality,64.948746,,
Sang Hoon Paik,Physicality,47.97764,,
Sang Hyeok Lee,Physicality,47.510017,,
Sanoussy Ba,Physicality,50.691963,,
Santiago Ayala,Physicality,59.145935,,
Santiago Daniel Pierotti,Physicality,71.90931,,
Santiago Gabriel Zamora Araujo,Physicality,57.01734,,
Santiago Ignacio Bueno Sciutto,Physicality,73.066795,,
Santiago Laquidain,Physicality,66.293175,,
Santiago Moya,Physicality,65.91718,,
Santiago Naveda Lara,Physicality,65.471504,,
Santiago Paiva,Physicality,50.932976,,
Santiago Valentín Ramírez Polero,Physicality,51.85531,,
Santiago Vera,Physicality,45.63147,,
Saqer Al Enazi,Physicality,58.048843,,
Saud Saad Zidan,Physicality,61.29268,,
Saul Shotton,Physicality,60.316166,,
Saïd Hamulic,Physicality,65.27392,,
Saúl Alejandro Guarirapa Briceño,Physicality,55.164536,,
Saúl Basilio Coco Bassey Oubiña,Physicality,71.54444,,
Saúl del Cerro García,Physicality,66.171684,,
Scott Brian Banks,Physicality,48.776142,,
Scott Burgess,Physicality,56.17721,,
Scott Connor Kashket,Physicality,46.972164,,
Scott John High,Physicality,67.87645,,
Scott Lynch,Physicality,52.32375,,
Scott McMann,Physicality,67.32452,,
Scott Simons,Physicality,59.13972,,
Scott van der Sluis,Physicality,59.151768,,
Seamas Keogh,Physicality,58.61015,,
Sean Brennan,Physicality,54.697926,,
Sean Dominic Robertson,Physicality,46.566216,,
Sean Jones-Carey,Physicality,55.944508,,
Sebastian Bergier,Physicality,53.01264,,
Sebastian Gonzáles,Physicality,62.694798,,
Sebastian Guerra Soto,Physicality,60.22936,,
Sebastian Jarl,Physicality,69.686646,,
Sebastian Lagerlund,Physicality,63.883915,,
Sebastian Lund Hausner,Physicality,72.36239,,
Sebastian Mellack,Physicality,59.250546,,
Sebastian Müller,Physicality,55.88396,,
Sebastian Otoa,Physicality,66.38121,,
Sebastian Stahlfest,Physicality,53.928997,,
Sebastian Sun Anderson,Physicality,53.30664,,
Sebastian Søraas Sebulonsen,Physicality,70.35192,,
Sebastian Thangmuansang,Physicality,47.2084,,
Sebastian Tounekti,Physicality,48.85289,,
Sebastian Wiktor Walukiewicz,Physicality,73.10758,,
Sebastien Pineau,Physicality,53.302845,,
Sebastián Ariel Lomónaco,Physicality,56.963066,,
Sebastián Dávila,Physicality,50.30466,,
Sebastián Figueredo,Physicality,57.89503,,
Sebastián Guerrero Martínez,Physicality,62.90801,,
Sebastián Jaurena,Physicality,58.150867,,
Sebastián Matías Claure Sanz,Physicality,50.863277,,
Sebastián Medina,Physicality,56.362045,,
Sebastián Parra,Physicality,48.252087,,
Sebastián Saucedo Mondragón,Physicality,49.183098,,
Sebastián Tomás Meza,Physicality,59.23742,,
Sebbe Augustijns,Physicality,61.70376,,
Sef Van Damme,Physicality,59.151844,,
Sekou Sylla,Physicality,55.26234,,
Selimcan Temel,Physicality,48.393543,,
Seong Jin Kang,Physicality,50.007236,,
Serge Atakayi,Physicality,46.80115,,
Sergej Grubač,Physicality,68.13182,,
Sergi Canós Tenés,Physicality,70.000336,,
Sergi García Pérez,Physicality,68.67098,,
Sergio Akieme Rodríguez,Physicality,66.52022,,
Sergio Arribas Calvo,Physicality,50.779907,,
Sergio Barboza,Physicality,52.376823,,
Sergio Barcia Larenxeira,Physicality,64.39288,,
Sergio Carreira Vilariño,Physicality,51.636276,,
Sergio Daniel Fretes Galeano,Physicality,48.121876,,
Sergio Fabián Ortíz,Physicality,62.138725,,
Sergio Gil Latorre,Physicality,63.651028,,
Sergio Guerrero Romero,Physicality,58.716393,,
Sergio Kalaj,Physicality,67.54339,,
Sergio Lozano Lluch,Physicality,45.45677,,
Sergio López Galache,Physicality,59.08791,,
Sergio Moreno Martínez,Physicality,52.665195,,
Sergio Santos Fernández,Physicality,64.19812,,
Setigui Karamoko,Physicality,68.09902,,
Severino Pedro Santos Hermes,Physicality,61.327946,,
Seydou Saeed Issah,Physicality,70.48953,,
Seymour Fünger,Physicality,66.548485,,
Seán Patrick Roughan,Physicality,62.975986,,
Shadrach Nosa Ogie,Physicality,68.694626,,
Shaquil Delos,Physicality,60.18497,,
Sharon Padattil,Physicality,59.197876,,
Shaun Daniel McWilliams,Physicality,73.40179,,
Shawn Blum,Physicality,52.85819,,
Shayne Francis Lavery,Physicality,58.36351,,
Shayr Mohamed González,Physicality,56.86527,,
Sheikh Sahil,Physicality,64.58578,,
Shola Maxwell Shoretire,Physicality,58.425144,,
Shubham Sarangi,Physicality,57.900997,,
Si Hoo Hong,Physicality,58.155838,,
Siad Haji,Physicality,51.857628,,
Sibiry Keita,Physicality,56.924904,,
Sidi Cissé,Physicality,40.070694,,
Sidiki Camara,Physicality,50.75936,,
Siebe Wylin,Physicality,57.2998,,
Sieben Dewaele,Physicality,59.65634,,
Sigurd Kvile,Physicality,68.31888,,
Sil Swinkels,Physicality,60.987705,,
Silvan Eli Sidler,Physicality,60.00964,,
Simen Vidtun Nilsen,Physicality,59.193092,,
Simon Alonso Ramírez Cuevas,Physicality,62.960686,,
Simon Beccari,Physicality,59.145485,,
Simon Brady Ngapandouetnbu,Physicality,59.364254,,
Simon Fabio Stehle,Physicality,54.6342,,
Simon Graves Jensen,Physicality,72.91979,,
Simon Solomon Junior Sohm,Physicality,72.63152,,
Simon van Duivenbooden,Physicality,66.28556,,
Simone Ghidotti,Physicality,59.340584,,
Simone Giordano,Physicality,52.805294,,
Simone Rabbi,Physicality,56.75366,,
Simone Santoro,Physicality,60.78062,,
Simone Trimboli,Physicality,57.383034,,
Simón Alonso González Montalban,Physicality,66.33221,,
Siro Ignacio Cabral Rosane,Physicality,72.346695,,
Sivert Stenseth Gussiås,Physicality,68.90801,,
Slavi Spasov,Physicality,37.86992,,
Sofiane Djeffal,Physicality,59.967533,,
Sofus Berger,Physicality,51.574917,,
Solomon Brynn,Physicality,59.412025,,
Sondre Auklend,Physicality,52.43522,,
Sondre Buskerud Tronstad,Physicality,58.508312,,
Sondre Løvseth Rossbach,Physicality,59.25957,,
Sonny Hilton,Physicality,43.562355,,
Sonny Patrick Laiton,Physicality,59.686134,,
Sorin Dănuț Șerban,Physicality,57.936752,,
Souleymane Cissé,Physicality,66.6112,,
Souleymane Isaak Touré,Physicality,80.338615,,
Stan Braem,Physicality,58.760853,,
Stan Van Dessel,Physicality,51.26412,,
Stanislav Ivanov,Physicality,48.5612,,
Stanley Flaherty,Physicality,44.564842,,
Stefan Bajić,Physicality,59.338203,,
Stefan Mauk,Physicality,62.64092,,
Stefano Alessandro Guidotti,Physicality,61.043262,,
Stefano Marino,Physicality,58.079647,,
Stephan Kofi Ambrosius,Physicality,76.57348,,
Stephan Vinicius Seiler,Physicality,60.040752,,
Stephen Christopher Wearne,Physicality,49.626835,,
Stephen Ewange,Physicality,58.903248,,
Stephen Walker,Physicality,52.546936,,
Stephen Welsh,Physicality,73.10843,,
Stephen Winston Duke-McKenna,Physicality,41.552856,,
Stevan Stanic-Floody,Physicality,53.02661,,
Steven Jesús Pabón Delgao,Physicality,59.75095,,
Stipe Vulikić,Physicality,69.28466,,
Stuart McKinstry,Physicality,48.975407,,
Stève Regis Mvoué,Physicality,64.72659,,
Stéphane Imad Diarra,Physicality,47.964153,,
Subha Ghosh,Physicality,52.90664,,
Suk Ju Yoon,Physicality,52.38583,,
Suleiman Camara Sanneh,Physicality,55.072456,,
Sultan Al Harbi,Physicality,64.95137,,
Svante Ulf Ingel Ingelsson,Physicality,70.575264,,
Sylla Morlaye,Physicality,58.53911,,
Syver Aas,Physicality,57.634327,,
Szymon Sarbinowski,Physicality,56.807518,,
Sávio Moreira de Oliveira,Physicality,44.95027,,
Sérgio Pereira Andrade,Physicality,43.961197,,
Tae Suk Lee,Physicality,51.99512,,
Tae Yang Kim,Physicality,53.1224,,
Tafari Lalibela Moore,Physicality,61.377758,,
Taha Altıkardeş,Physicality,65.927246,,
Taher Al Hajji,Physicality,59.30265,,
Talha Ülvan,Physicality,56.631916,,
Tanguy Coulibaly,Physicality,61.269814,,
Tao Sako,Physicality,60.67981,,
Taofeek Ismaheel,Physicality,41.685806,,
Tareiq Holmes-Dennis,Physicality,65.71757,,
Tariq Maddad,Physicality,39.732704,,
Tashan Oakley-Boothe,Physicality,59.82168,,
Tate Campbell,Physicality,67.12738,,
Taylor Anthony Booth,Physicality,49.02944,,
Taylor Ellis Allen,Physicality,55.240215,,
Taylor Ryan Charters,Physicality,65.2055,,
Tayyib Talha Sanuç,Physicality,69.45344,,
Ted Ku-DiPietro,Physicality,52.608246,,
Ted-Jonathan Tattermusch,Physicality,67.22204,,
Teddy Christopher Graham Jenks,Physicality,66.7783,,
Telasco Segovia,Physicality,57.26129,,
Teodor Stenshagen,Physicality,63.491356,,
Terence Charles Taylor,Physicality,64.785286,,
Terry Ablade,Physicality,58.688557,,
Thabiso James Monyane,Physicality,59.936584,,
Thakgalo Khanya Leshabela,Physicality,57.520153,,
Thanawat Suengchitthawon,Physicality,45.09503,,
Thelo Gerard Aasgaard,Physicality,45.982162,,
Thelonius Bair,Physicality,75.68103,,
Themi Antonoglou,Physicality,44.39801,,
Theo Gunnar Martens,Physicality,65.29498,,
Theodor Alexander Corbeanu,Physicality,60.303677,,
Theodosis Machairas,Physicality,54.018425,,
Thiago Eduardo de Andrade,Physicality,56.652767,,
Thiago Ezequiel Ojeda,Physicality,52.931995,,
Thiago Fernandes Rodrigues,Physicality,52.852783,,
Thiago Nicolás Borbas Silva,Physicality,50.96504,,
Thiago Thomas Nuss,Physicality,55.114742,,
Thiago Vecino Berriel,Physicality,51.41941,,
Thibault Tamas,Physicality,53.33141,,
Thierno Mamadou Lamarana Ballo,Physicality,46.35787,,
Thierry Ambrose,Physicality,64.84208,,
Thierry Nevers,Physicality,56.45981,,
Thijmen Joel Sander Nijhuis,Physicality,59.134552,,
Thijs van Leeuwen,Physicality,57.95592,,
Thody Élie Youan,Physicality,59.038765,,
Thom van Bergen,Physicality,51.598248,,
Thoma Monney,Physicality,67.69247,,
Thomas Andrew Knowles,Physicality,68.35167,,
Thomas Battistella,Physicality,59.35973,,
Thomas Callens,Physicality,59.189938,,
Thomas Clayton,Physicality,62.34352,,
Thomas David Bannatyne-Billson,Physicality,59.36959,,
Thomas Edwards,Physicality,75.21762,,
Thomas Ferdinand Rausch,Physicality,51.84548,,
Thomas Glyn Doyle,Physicality,65.7548,,
Thomas Gutierrez,Physicality,68.876724,,
Thomas Holmes,Physicality,73.54421,,
Thomas Ignacio Galdames Millán,Physicality,70.7646,,
Thomas James O'Connor,Physicality,68.00765,,
Thomas Kofler,Physicality,61.827747,,
Thomas Leon Keller,Physicality,73.198204,,
Thomas Liene Ness,Physicality,59.821774,,
Thomas McGill,Physicality,59.212517,,
Thomas Mcintyre,Physicality,71.73578,,
Thomas Palmer Thompson,Physicality,60.815983,,
Thomas Philip Hamer,Physicality,77.162544,,
Thomas Richard Lowery,Physicality,55.270542,,
Thomas Roberts,Physicality,57.958,,
Thomas Roche,Physicality,59.16988,,
Thomas Sang,Physicality,65.26261,,
Thorbjørn Kristiansen,Physicality,56.370464,,
Théo Luis Fonseca,Physicality,53.428665,,
Théo Ndicka Matam,Physicality,64.35042,,
Tiago Carvalho Santos,Physicality,50.14117,,
Tiago Filipe Alves Araújo,Physicality,66.88721,,
Tiago Filipe Oliveira Dantas,Physicality,41.630276,,
Tiago Galletto López,Physicality,69.16243,,
Tiago Manuel Maio Matos,Physicality,66.57689,,
Tiago Maria Antunes Gouveia,Physicality,49.1156,,
Tiago Miguel Hora Ribeiro,Physicality,65.81483,,
Tiago Nahuel Banega,Physicality,58.217525,,
Tiago Nathan Pombeira Gesser,Physicality,46.492855,,
Tician Tushi,Physicality,57.97006,,
Tidiane Malbec,Physicality,59.184868,,
Tijany Atallah,Physicality,57.75094,,
Till Streller,Physicality,59.001038,,
Tim Latteier,Physicality,58.901833,,
Tim Luis Maciejewski,Physicality,53.835377,,
Tim Prica,Physicality,68.61661,,
Tim Stanislaw Schreiber,Physicality,59.243587,,
Tim Stappmann,Physicality,74.27082,,
Tim Walbrecht,Physicality,64.94616,,
Tim van Assema,Physicality,60.205997,,
Timm Koch,Physicality,54.564693,,
Timmy Abraham,Physicality,58.409134,,
Timo Bornemann,Physicality,63.800625,,
Timo Zaal,Physicality,61.607365,,
Timon Moritz Weiner,Physicality,59.14901,,
Timothy Bruce Fayulu,Physicality,59.317963,,
Timothy Galjé,Physicality,59.29006,,
Timothy Joel Eyoma,Physicality,69.410194,,
Timothy Martin,Physicality,59.195168,,
Timothé Nkada,Physicality,48.619637,,
Timothée Joseph Pembélé,Physicality,63.600464,,
Timur Zhamaletdinov,Physicality,65.61759,,
Tino Andrés Danesi Cammarano,Physicality,46.299885,,
Titas Krapikas,Physicality,59.14784,,
Tivonge Rushesha,Physicality,43.09648,,
Tobi Ogundega,Physicality,60.813004,,
Tobias Borchgrevink Børkeeiet,Physicality,71.514755,,
Tobias Christensen,Physicality,58.78924,,
Tobias Fjeld Gulliksen,Physicality,54.918083,,
Tobias Hafstad,Physicality,58.06581,,
Tobias Heintz,Physicality,54.563465,,
Tobias Klysner Breuner,Physicality,68.920166,,
Tobias Mißner,Physicality,57.849964,,
Tobias Okiki Lawal,Physicality,58.900764,,
Tobias Stockinger,Physicality,58.25903,,
Tobias-Mbunjiro Knost,Physicality,62.425095,,
Toby Peter Sibbick,Physicality,67.46259,,
Tochi Phil Chukwuani,Physicality,62.10348,,
Toluwalase Emmanuel Arokodare,Physicality,76.31462,,
Tom Bierschenk,Physicality,67.02524,,
Tom Crawford,Physicality,47.533115,,
Tom George Sawyer Conlon,Physicality,53.796665,,
Tom Jenkins,Physicality,52.764362,,
Tom Kretzschmar,Physicality,59.152325,,
Tom Sparrow,Physicality,53.269207,,
Tom Stokes,Physicality,44.096878,,
Tom van de Looi,Physicality,69.914085,,
Tomas Giraldo,Physicality,57.802773,,
Tomas Lían Romero Keubler,Physicality,59.17206,,
Tomas Olai Totland,Physicality,58.651802,,
Tomas Ángel Gutiérrez,Physicality,55.609917,,
Tomasz Neugebauer,Physicality,56.132866,,
Tommaso Aglietti,Physicality,59.326218,,
Tommi O'Reilly,Physicality,48.581295,,
Tommy St. Jago,Physicality,71.07032,,
Tomás Agustín Pozzo,Physicality,52.39306,,
Tomás Aresta Branco Machado Ribeiro,Physicality,73.04167,,
Tomás Carvalho Domingos,Physicality,54.66505,,
Tomás Costa Silva,Physicality,47.960358,,
Tomás David Sandoval,Physicality,67.1048,,
Tomás Lemos Araújo,Physicality,73.4449,,
Tomás Leonardo Lecanda,Physicality,67.54414,,
Tomás Mascarenhas Lemos Reymão Nogueira,Physicality,72.68353,,
Tomás Mendes Mendes,Physicality,57.650425,,
Tomás Moschión,Physicality,59.00244,,
Tomás Muro,Physicality,50.069386,,
Tomás Oscar Badaloni,Physicality,67.68511,,
Tomás Romano dos Santos Händel,Physicality,62.291386,,
Tomás Romero Cejudo,Physicality,59.17162,,
Tomás do Lago Pontes Esteves,Physicality,64.575226,,
Toni Fuidias Ribera,Physicality,59.156612,,
Torben Bjarne Rhein,Physicality,47.2897,,
Tote António Gomes,Physicality,73.702034,,
Travis Joel Gary Johnson,Physicality,60.548428,,
Trent Jordan Ostler,Physicality,56.199135,,
Troy Daniel Parrott,Physicality,60.353596,,
Tunahan Taşçı,Physicality,45.83585,,
Turki Al Dhafeeri,Physicality,48.053097,,
Turki Marwan Al-Ammar,Physicality,59.18665,,
Tyla Dickinson,Physicality,58.918644,,
Tyler Jayden Frost,Physicality,52.72822,,
Tyler Jordan Magloire,Physicality,70.39379,,
Tyreece Romayo John-Jules,Physicality,54.78582,,
Tyreece Tyson Nesbett Simpson,Physicality,67.51717,,
Tyreek Magee,Physicality,51.64192,,
Tyreik Samuel Wright,Physicality,45.72731,,
Tyrese Momodu Fornah,Physicality,70.10392,,
Tyrese Sinclair,Physicality,50.119827,,
Tyrone Tormin,Physicality,51.731277,,
Téva Gardies,Physicality,59.15739,,
Udoka Favour Godwin-Malife,Physicality,68.42135,,
Ugo Bertelli,Physicality,55.920235,,
Ulises Rivas Gilio,Physicality,60.364098,,
Ulisses Alexandre Garcia Lopes,Physicality,71.25922,,
Ulrich Meleke,Physicality,76.30526,,
Ulrick Brad Eneme Ella,Physicality,57.407722,,
Ulrik Syversen,Physicality,58.434353,,
Ulrik Tillung Fredriksen,Physicality,73.21408,,
Unai Dufur Espelosín,Physicality,59.017677,,
Unai Marrero Larrañaga,Physicality,59.274765,,
Unai Ruiz Almandzo,Physicality,59.205223,,
Uriel Jové Balero,Physicality,66.04604,,
Urko González de Zárate Quirós,Physicality,69.298584,,
Uros Milovanović,Physicality,53.440456,,
Valdemar Byskov,Physicality,43.040768,,
Valdemar Lund Jensen,Physicality,65.97243,,
Valentin Guillaume,Physicality,69.64864,,
Valentin Ionuț Costache,Physicality,61.39102,,
Valentine James Ozornwafor,Physicality,75.50263,,
Valentino Vermeulen,Physicality,58.1336,,
Valentín Adamo,Physicality,61.47181,,
Valentín Alberto Burgoa,Physicality,60.067204,,
Valentín Demateis,Physicality,57.838207,,
Valery Fernández Estrada,Physicality,63.298084,,
Valgeir Lunddal Friðriksson,Physicality,65.81938,,
Valmir Veliu,Physicality,52.39233,,
Valton Behrami,Physicality,66.70932,,
Vasilios Sourlis,Physicality,66.42233,,
Vasilios Zagaritis,Physicality,57.34029,,
Vassilis Chatziemmanouil,Physicality,59.26236,,
Vaughn Patrick Covil,Physicality,51.53864,,
Vebjørn Hagen,Physicality,53.487305,,
Vefa Temel,Physicality,42.864994,,
Vicente Andrés Felipe Federico Besuijen,Physicality,42.591423,,
Vicente Conelli,Physicality,51.45673,,
Vicente Esquerdo Santas,Physicality,57.226086,,
Vicente Tomás Pizarro Durcudoy,Physicality,62.70724,,
Victor Akinwale,Physicality,40.70017,,
Victor Alexander da Silva,Physicality,64.08318,,
Victor Backman,Physicality,50.34306,,
Victor Bernth Kristiansen,Physicality,68.15318,,
Victor Blixt,Physicality,56.09503,,
Victor Christoffer Jensen,Physicality,55.963146,,
Victor Gabriel Moura de Oliveira,Physicality,54.444225,,
Victor Göransson,Physicality,51.454628,,
Victor Méndez Exposito,Physicality,59.17637,,
Victor Okoh Boniface,Physicality,71.208694,,
Victor Torp Overgaard,Physicality,56.980824,,
Viktor Andersson,Physicality,59.19239,,
Viktor Tobias Johansson,Physicality,59.39356,,
Viljar Røsholt Myhra,Physicality,59.076546,,
Vincent Angelini,Physicality,59.14083,,
Vincent Carsten Maria Müller,Physicality,59.156414,,
Vincent Gembalies,Physicality,76.90911,,
Vincent Schwab,Physicality,62.010796,,
Vincent Thill,Physicality,50.824627,,
Vincent Trummer,Physicality,73.1114,,
Vincenzo Ciriello,Physicality,61.1034,,
Vincenzo Garofalo,Physicality,63.99951,,
Vinicius Silveira de Mello,Physicality,53.201637,,
Vinícius Tobías da Silva,Physicality,58.64469,,
Vitalie Damaşcan,Physicality,60.13041,,
Vittorio Agostinelli,Physicality,53.8013,,
Vlad Nicolae Mitrea,Physicality,66.64347,,
Vladan Dekić,Physicality,59.255405,,
Vladimir Ionuț Screciu,Physicality,71.77571,,
Vladyslav Ostrovskyi,Physicality,41.428364,,
Volkan Rona,Physicality,51.765186,,
Víctor Alejandro Dávila Zavala,Physicality,59.390495,,
Víctor Andrés Meseguer Cavas,Physicality,69.134926,,
Víctor Gómez Perea,Physicality,65.85856,,
Víctor Mollejo Carpintero,Physicality,62.649834,,
Víctor Wehbi Aznar Ussen,Physicality,59.203175,,
Víctor Álvarez Rozada,Physicality,63.012974,,
Wahidullah Faghir,Physicality,64.04227,,
Walid Jarmouni,Physicality,66.81911,,
Walid Nassi,Physicality,43.37891,,
Walid Ould-Chikh,Physicality,60.35582,,
Wally Njie,Physicality,56.346146,,
Walter Angello Tandazo Silva,Physicality,54.94375,,
Walter Antelo,Physicality,73.37769,,
Walter Gabriel Pérez,Physicality,64.76898,,
Walter Martínez Tauda,Physicality,54.865246,,
Walter Mora,Physicality,55.758785,,
Wanya Marçal Madivádua,Physicality,53.031254,,
Warren Håkon Christofer Kamanzi,Physicality,60.317947,,
Warren Patrick O'Hora,Physicality,75.00718,,
Washington Bryan Corozo Becerra,Physicality,74.39303,,
Wassim Keddari Boulif,Physicality,65.170006,,
Weimar Asprilla,Physicality,59.213795,,
Wellington Moisés Ramírez Preciado,Physicality,59.154682,,
Welliton Edson Helmes Junqueira,Physicality,54.451492,,
Wenderson Oliviera,Physicality,60.09317,,
Wikelman José Carmona Torres,Physicality,54.17135,,
Wiktor Marek Pleśnierowicz,Physicality,66.54641,,
Wilbert Miguel Hernández Torrealba,Physicality,59.210712,,
Wilfredo Rivera Cepeda,Physicality,44.051735,,
Wilfrid Jaures Kaptoum,Physicality,60.86963,,
Will Jonathan Swan,Physicality,53.730804,,
William Adipepe Pandi Bapaga,Physicality,48.722534,,
William Agada,Physicality,55.813606,,
William Akio,Physicality,47.122414,,
William Anthony Patrick Smallbone,Physicality,51.74028,,
William Blackmore,Physicality,59.277153,,
William Bøving Vick,Physicality,55.496532,,
William Fitzgerald,Physicality,53.405754,,
William Forrester,Physicality,64.38348,,
William Jenkins Davies,Physicality,54.813084,,
William Joel Pacho Tenorio,Physicality,72.69886,,
William John Robert Nightingale,Physicality,64.722,,
William Jääskeläinen,Physicality,59.143196,,
William Ludovic Brandon Bianda,Physicality,70.93641,,
William Luke Patching,Physicality,57.68239,,
William Mbongo Desire Hondermarck,Physicality,58.283215,,
William Smith,Physicality,71.14204,,
William Velasco,Physicality,59.93051,,
Williams Alarcón,Physicality,67.539635,,
Williams Kokolo,Physicality,65.290245,,
Williams Tortolero,Physicality,59.193707,,
Williot Theo Swedberg,Physicality,55.543762,,
Wilson José Barrios Rondón,Physicality,56.474922,,
Wilson Ramírez,Physicality,59.218025,,
Wilson Vernaza,Physicality,59.447735,,
Wladimir Wagner,Physicality,62.817448,,
Wojciech Kamiński,Physicality,72.84036,,
Won Ho Shin,Physicality,57.18952,,
Won Woo Lee,Physicality,62.978554,,
Xander Parke,Physicality,59.188915,,
Xavi Moreno,Physicality,57.355194,,
Xavier Casmier Amaechi,Physicality,47.725426,,
Xian Ghislaine Emmers,Physicality,59.561783,,
Yackson Stiven Rivas,Physicality,55.54628,,
Yacoub Al Hassan,Physicality,63.96823,,
Yago Cariello Ribeiro,Physicality,58.53029,,
Yahya Nader Moustafa Elsharif,Physicality,73.48533,,
Yahya Soumaré,Physicality,54.29278,,
Yair González,Physicality,45.72377,,
Yanis Maronne,Physicality,59.1769,,
Yanis Massolin,Physicality,66.99048,,
Yann Aurel Ludger Bisseck,Physicality,75.20802,,
Yannic Voigt,Physicality,50.451927,,
Yannick Kevin Marchand,Physicality,58.714504,,
Yannik Möker,Physicality,64.211845,,
Yannis Lagha,Physicality,60.43833,,
Yaroslav Meykher,Physicality,59.16175,,
Yasin Abbas Ayari,Physicality,57.953056,,
Yavuz Buğra Boyar,Physicality,59.17181,,
Yaya Dukuly,Physicality,42.663654,,
Yeferson Paz,Physicality,70.1667,,
Yehor Yarmoliuk,Physicality,57.59825,,
Yerco Abraham Oyanedel Hernández,Physicality,63.366203,,
Yerson Mosquera Valdelamar,Physicality,69.731865,,
Yerson Ronaldo Chacón Ramírez,Physicality,39.46318,,
Yesit Martínez,Physicality,51.075897,,
Ylan Gomes,Physicality,44.338654,,
Yong Hui Park,Physicality,55.899765,,
Younes Bakiz,Physicality,59.530968,,
Young Joon Lee,Physicality,70.088684,,
Young Jun Goh,Physicality,46.255768,,
Young Woo Seol,Physicality,66.02725,,
Yousef Fawaz,Physicality,39.167274,,
Youssouf Amouda Assogba,Physicality,59.037067,,
Youssouph Mamadou Badji,Physicality,70.33438,,
Youssuf Sylla,Physicality,66.84938,,
Yuliwes Bellache,Physicality,37.620773,,
Yusuf Abdulazeez,Physicality,64.62406,,
Yusuf Bamidele,Physicality,54.15574,,
Zac Guinan,Physicality,55.74109,,
Zach Ryan,Physicality,57.868507,,
Zachary Duncan,Physicality,71.155136,,
Zachary Hemming,Physicality,59.160748,,
Zachary Jeacock,Physicality,59.294495,,
Zachary Swanson,Physicality,60.024593,,
Zaid Abner Romero,Physicality,72.69217,,
Zak Emmerson,Physicality,44.67367,,
Zakaria Silini,Physicality,61.24396,,
Zander Mateo Cassierra Cabezas,Physicality,63.599518,,
Zechariah Joshua Henry Medley,Physicality,74.67078,,
Zeno Van Den Bosch,Physicality,62.852093,,
Zeze Steven Sessegnon,Physicality,58.963783,,
Zico Bailey,Physicality,52.27443,,
Zinedine Labyad,Physicality,47.462433,,
Zito André Sebastião Luvumbo,Physicality,41.677223,,
Ziyad Maher Al Jari,Physicality,63.39497,,
Zohran Ludovic Bassong,Physicality,60.81841,,
Zuriko Davitashvili,Physicality,54.60549,,
Àlex Baño Canellas,Physicality,59.234516,,
Ákos Nistor,Physicality,45.81536,,
Álex Bermejo Escribano,Physicality,59.651382,,
Álex Collado Gutiérrez,Physicality,52.581005,,
Álex Pastor Carayol,Physicality,67.70079,,
Álvaro Aceves Catalina,Physicality,59.20367,,
Álvaro Agustín Lagos,Physicality,63.249958,,
Álvaro Bastida Moya,Physicality,56.235714,,
Álvaro Djaló Dias Fernandes,Physicality,43.391285,,
Álvaro Fernández Carreras,Physicality,59.742493,,
Álvaro García Segovia,Physicality,69.42931,,
Álvaro Mantilla Pérez,Physicality,61.99337,,
Álvaro Martín Barreal,Physicality,55.284588,,
Álvaro Roncal Rivera,Physicality,57.0028,,
Álvaro Santamaría Arenas,Physicality,63.052917,,
Álvaro Sanz Catalán,Physicality,55.134274,,
Ángel Algobia Esteves,Physicality,47.36305,,
Ángel Baena Pérez,Physicality,58.28826,,
Ángel De La Cruz,Physicality,59.260498,,
Ángel Fortuño Viñas,Physicality,59.19689,,
Ángel Jiménez Gallego,Physicality,59.141693,,
Çağtay Kurukalıp,Physicality,57.792316,,
Édouard Michut,Physicality,54.234985,,
Ían Jairo Misael Torres Ramírez,Physicality,60.79725,,
Óli Ómarsson,Physicality,53.677917,,
Óscar Arribas Pasero,Physicality,57.156536,,
Óscar Clemente Mues,Physicality,45.598125,,
Óscar Coronel,Physicality,55.274597,,
Óscar Pinto,Physicality,57.388855,,
Óscar Segura,Physicality,55.820663,,
Óscar Ureña García,Physicality,53.8938,,
Ömer Faruk Beyaz,Physicality,46.15009,,
Ömürcan Artan,Physicality,57.932472,,
Özkan Yiğiter,Physicality,70.25589,,
Łukasz Zjawiński,Physicality,70.1573,,
Şahverdi Çetin,Physicality,58.183083,,
Șerban Tomache,Physicality,59.24844,,
Ștefan Marinel Vlădoiu,Physicality,64.691345,,
アペルカンプ 真大 カール,Physicality,43.606476,,
ルシアン リトバルスキー,Physicality,48.478977,,
万隶楷,Physicality,56.98912,,
上田 綺世,Physicality,65.77239,,
中井 卓大,Physicality,48.858532,,
中坂 勇哉,Physicality,52.343945,,
中村 敬斗,Physicality,64.54996,,
任康康,Physicality,48.875507,,
伊斯坎达·布格拉汗,Physicality,51.23561,,
伍承儒,Physicality,52.136,,
何友族,Physicality,49.33108,,
何宇鹏,Physicality,56.358143,,
何统帅,Physicality,48.607346,,
何鑫杰,Physicality,48.608307,,
侯煜,Physicality,56.128326,,
俸泽源,Physicality,47.20892,,
内野 貴史,Physicality,58.330887,,
冉伟枫,Physicality,59.15123,,
凌杰,Physicality,42.33657,,
刘俊贤,Physicality,43.77259,,
刘国博,Physicality,61.37519,,
刘家辉,Physicality,66.433266,,
刘柏杨,Physicality,48.891827,,
刘浩帆,Physicality,60.402683,,
刘润楠,Physicality,54.722652,,
刘祝润,Physicality,54.72753,,
刘若钒,Physicality,68.76436,,
刘邵子洋,Physicality,59.137154,,
初瀬 亮,Physicality,58.700287,,
化铭灿,Physicality,48.552048,,
单欢欢,Physicality,54.934715,,
原 大智,Physicality,74.181015,,
史成龙,Physicality,59.24251,,
叶利江·什那尔,Physicality,61.25017,,
吴俊杰,Physicality,58.966434,,
吴少聪,Physicality,68.80602,,
周俊辰,Physicality,49.22074,,
奥抜 侃志,Physicality,39.935497,,
姚旭臣,Physicality,56.841587,,
孙健祥,Physicality,59.173088,,
孙学龙,Physicality,48.440907,,
孙宏伟,Physicality,57.305298,,
孟俊杰,Physicality,52.613903,,
季家葆,Physicality,59.36325,,
安部 裕葵,Physicality,55.25873,,
宋鑫涛,Physicality,46.92479,,
川﨑 修平,Physicality,50.652695,,
庞嘉俊,Physicality,59.229572,,
廖伟,Physicality,51.709797,,
廖垒,Physicality,53.859753,,
廖家骏,Physicality,46.800343,,
张俊业,Physicality,49.339134,,
张华峻,Physicality,52.86506,,
张威,Physicality,64.658165,,
张家辉,Physicality,54.898396,,
张建生,Physicality,47.622124,,
张星亮,Physicality,41.973625,,
张焯傲,Physicality,55.47237,,
张祥硕,Physicality,59.1233,,
张禹,Physicality,56.038795,,
张越,Physicality,51.339287,,
张辉,Physicality,42.07201,,
张锦梁,Physicality,60.803314,,
徐世龙,Physicality,59.225216,,
徐浩峰,Physicality,56.126358,,
徐浩洋,Physicality,51.30345,,
徐磊,Physicality,57.58593,,
徐越,Physicality,51.800705,,
慈恒龙,Physicality,59.30221,,
戴伟浚,Physicality,56.210613,,
文达,Physicality,57.815712,,
斉藤 光毅,Physicality,53.570503,,
曹孝义,Physicality,51.23138,,
木塔力甫·依明卡日,Physicality,52.52444,,
朱辰杰,Physicality,73.0688,,
李一嘉,Physicality,59.157013,,
李亚伦,Physicality,51.77033,,
李佳恒,Physicality,58.925007,,
李冠希,Physicality,58.161247,,
李永佳,Physicality,49.505867,,
李沛楠,Physicality,56.11179,,
李达,Physicality,60.659435,,
杜智轩,Physicality,59.52278,,
杜月徵,Physicality,50.21119,,
杨意林,Physicality,49.449913,,
杨梓豪,Physicality,61.48644,,
杨翼璇,Physicality,55.95177,,
杨辰禹,Physicality,54.58111,,
梁国桥,Physicality,55.300766,,
梁少文,Physicality,64.99088,,
橋岡 大樹,Physicality,69.92533,,
檀崎 竜孔,Physicality,53.35385,,
檜尾 昂樹,Physicality,41.18343,,
段刘愚,Physicality,58.917095,,
毕浩洋,Physicality,54.99524,,
水多 海斗,Physicality,53.70013,,
汪海健,Physicality,58.56901,,
渡井 理己,Physicality,50.71813,,
温家宝,Physicality,60.7859,,
温永骏,Physicality,55.953777,,
瀬古 歩夢,Physicality,67.6443,,
牛梓屹,Physicality,64.186005,,
王世龙,Physicality,48.574368,,
王华鹏,Physicality,56.97882,,
王振澳,Physicality,42.576836,,
王政豪,Physicality,55.574646,,
王文轩,Physicality,50.81051,,
王浩然,Physicality,58.54798,,
王献钧,Physicality,67.09655,,
王金帅,Physicality,59.196404,,
田中 聡,Physicality,67.319275,,
田川 亨介,Physicality,70.444405,,
町田 浩樹,Physicality,76.68518,,
皮梓杨,Physicality,52.24182,,
石炎,Physicality,46.678383,,
肖开提江·塔依尔,Physicality,56.61745,,
胡家笠,Physicality,60.91019,,
胡荷韬,Physicality,51.301716,,
胡靖,Physicality,55.83115,,
艾沙江·库尔班,Physicality,42.632957,,
艾菲尔丁·艾斯卡尔,Physicality,52.602592,,
苏宇亮,Physicality,39.182068,,
范恒博,Physicality,43.27211,,
蒋圣龙,Physicality,70.8646,,
蔡明民,Physicality,45.44991,,
蔡浩畅,Physicality,49.393044,,
赵健博,Physicality,52.93857,,
赵剑非,Physicality,65.59516,,
赵文哲,Physicality,56.427288,,
赵梓业,Physicality,47.371437,,
赵越政,Physicality,54.498363,,
迪力依米提·土地,Physicality,58.709595,,
遠藤 渓太,Physicality,57.93151,,
邓雄涛,Physicality,59.165646,,
郑圣雄,Physicality,43.205387,,
郑雪健,Physicality,64.993034,,
郭瀚儒,Physicality,59.222576,,
郭田雨,Physicality,69.13475,,
阮奇龙,Physicality,54.683823,,
阿布力克木·阿布都沙拉木,Physicality,46.925343,,
阿布拉汗·哈力克,Physicality,58.430233,,
陈克强,Physicality,57.76064,,
陈国抗,Physicality,42.68149,,
陈宇浩,Physicality,55.267685,,
陈序煌,Physicality,49.69611,,
陈彦朴,Physicality,42.288284,,
陈日金,Physicality,45.688515,,
陈泉江,Physicality,50.421303,,
陈祥煜,Physicality,50.92074,,
陈运华,Physicality,56.062923,,
陈雅俊,Physicality,49.80542,,
霍深坪,Physicality,59.226135,,
韦丰,Physicality,47.467968,,
韩东,Physicality,54.377388,,
韩佳奇,Physicality,58.976086,,
韵程,Physicality,63.142937,,
马昆越,Physicality,59.169945,,
马辅渔,Physicality,54.35943,,
高天语,Physicality,52.0364,,
高玉男,Physicality,43.990482,,
高翔,Physicality,59.244793,,
魏洺赫,Physicality,56.69042,,
麦高崚,Physicality,59.206436,,
麦麦提热依木·麦麦提艾力,Physicality,52.026314,,
黄光亮,Physicality,57.040615,,
黄家辉,Physicality,58.450222,,
黄锐烽,Physicality,59.49248,,
고재현 Jae Hyeon Ko,Physicality,60.490215,,
김주성 Joo-Sung Kim,Physicality,63.970634,,
김태환 Tae Hwan Kim,Physicality,69.35558,,
박지민 Ji Min Park,Physicality,59.231388,,
송민규 Min Kyu Song,Physicality,68.70442,,
오현규 Hyeon-Gyu Oh,Physicality,74.909,,
유주안 Ju An You,Physicality,60.610703,,
이광연 Gwang Yeon Lee,Physicality,59.251507,,
이광혁 李光赫,Physicality,51.54664,,
이수빈 Soo Bin Lee,Physicality,58.92083,,
이준석 Joon Suk Lee,Physicality,57.33619,,
전세진 Jin Woo Jeon,Physicality,51.417305,,
조영욱 Young Wook Cho,Physicality,62.959515,,
천성훈 Seong Hoon Cheon,Physicality,57.714787,,
홍현석 Hyeon Seok Hong,Physicality,60.87004,,
