Nome,Target,Previsto,Effettivo (2024),Differenza
Jakub Szymański,passing,31.606194,64.0,32.39380645751953
Elio Capradossi,passing,28.444042,55.0,26.555957794189453
Matěj Kovář,passing,51.684826,77.0,25.315174102783203
Jordy Makengo,passing,33.679634,58.0,24.32036590576172
Rico Lewis,passing,42.711006,67.0,24.28899383544922
Reece James,passing,59.887028,83.0,23.112972259521484
Severin Ottiger,passing,30.044636,53.0,22.955364227294922
Jack Hamilton,passing,38.26599,60.0,21.7340087890625
Bart Verbruggen,passing,51.673054,73.0,21.326946258544922
Dominik Reimann,passing,51.67731,73.0,21.322689056396484
Jordan Graham,passing,44.848125,66.0,21.151874542236328
Aurèle Amenda,passing,29.457241,50.0,20.54275894165039
Quilindschy Hartman,passing,51.492943,72.0,20.507057189941406
Alessio Buttaro,passing,34.49878,55.0,20.501220703125
Elia Caprile,passing,51.667534,72.0,20.33246612548828
Yehvann Diouf,passing,51.672077,72.0,20.327922821044922
Filip Jörgensen,passing,51.67233,72.0,20.32767105102539
Anthony Patterson,passing,51.67333,72.0,20.326671600341797
Dimitry Bertaud,passing,51.695297,72.0,20.304702758789062
Dominik Kotarski,passing,51.695778,72.0,20.304222106933594
Dmytro Riznyk,passing,51.754124,72.0,20.24587631225586
Niccolò Corrado,passing,45.825764,66.0,20.174236297607422
Salvatore Dario La Vardera,passing,31.301603,51.0,19.698396682739258
Quentin Braat,passing,51.672173,71.0,19.32782745361328
Lucas Chevalier,passing,51.6726,71.0,19.32740020751953
Noah Atubolu,passing,51.67861,71.0,19.321388244628906
Marko Johansson,passing,51.712944,71.0,19.28705596923828
Malcom Bokele,passing,35.30649,54.0,18.69350814819336
Đorđe Petrović,passing,51.669388,70.0,18.330612182617188
Franco Israel,passing,51.67066,70.0,18.329341888427734
Luca Unbehaun,passing,51.670326,69.0,17.329673767089844
Oliver Christensen,passing,51.671375,69.0,17.328624725341797
Diant Ramaj,passing,51.67237,69.0,17.32762908935547
James Trafford,passing,51.679802,69.0,17.32019805908203
Robert Popa,passing,51.683605,69.0,17.316394805908203
Carl Rushworth,passing,51.706768,69.0,17.293231964111328
Junior Mwanga,passing,41.9182,59.0,17.081798553466797
Adam Obert,passing,42.93435,60.0,17.065650939941406
Nectarios Triantis,passing,39.15793,56.0,16.842071533203125
Isaac Price,passing,46.457817,63.0,16.54218292236328
Guillaume Restes,passing,51.670723,68.0,16.32927703857422
Peter Vindahl Jensen,passing,51.67113,68.0,16.328868865966797
Fabian de Keijzer,passing,51.67172,68.0,16.32828140258789
Stefano Turati,passing,51.672127,68.0,16.32787322998047
Rafael Hornos,passing,51.675434,68.0,16.324565887451172
Ron-Thorben Hoffmann,passing,51.67884,68.0,16.32115936279297
Arian Llugiqi,passing,38.684742,55.0,16.315258026123047
Andi Hoti,passing,29.701223,46.0,16.298776626586914
Tomás Silva,passing,51.745396,68.0,16.25460433959961
George Harmon,passing,35.128887,51.0,15.871112823486328
Juan Pablo Torres,passing,44.31376,60.0,15.686241149902344
Matías González,passing,43.508766,59.0,15.491233825683594
Manuel Roffo,passing,51.671303,67.0,15.328697204589844
Gaëtan Coucke,passing,51.67154,67.0,15.328460693359375
Christian Früchtl,passing,51.673637,67.0,15.326362609863281
Mattia Chiesa,passing,51.683514,67.0,15.316486358642578
Ruslan Neshcheret,passing,51.68421,67.0,15.315788269042969
Matija Šarkić,passing,51.68824,67.0,15.311759948730469
Alex Palmer,passing,51.697098,67.0,15.302902221679688
Lucas Lund,passing,51.697678,67.0,15.302322387695312
Owen Wolff,passing,45.7579,61.0,15.24209976196289
Callum Doyle,passing,49.823025,65.0,15.17697525024414
Ibrahim Cissé,passing,47.109093,62.0,14.890907287597656
Jack Currie,passing,37.151604,52.0,14.848396301269531
Kieran Cruise,passing,29.206444,44.0,14.793556213378906
Eliezer Mayenda,passing,39.28663,54.0,14.713371276855469
Théo Le Bris,passing,55.32447,70.0,14.675529479980469
Christian Witzig,passing,48.35939,63.0,14.640609741210938
Federico Dimarco,passing,65.42807,80.0,14.571929931640625
Kevin Yakob,passing,55.635334,70.0,14.364665985107422
Patrick Schulte,passing,51.67105,66.0,14.328948974609375
Maximilian Braune,passing,51.67214,66.0,14.327861785888672
Phillip Menzel,passing,51.672398,66.0,14.32760238647461
Kjell Scherpen,passing,51.67301,66.0,14.326988220214844
Nicolas Kristof,passing,51.673073,66.0,14.326927185058594
Luca Gemello,passing,51.67333,66.0,14.326671600341797
Matheo Raab,passing,51.676727,66.0,14.323272705078125
Nico Mantl,passing,51.678093,66.0,14.321907043457031
Tymur Puzankov,passing,51.67836,66.0,14.321640014648438
Dennis Smarsch,passing,51.679123,66.0,14.320877075195312
Massamba Ndiaye,passing,51.67942,66.0,14.320579528808594
Filip Stanković,passing,51.682674,66.0,14.317325592041016
Nathan Trott,passing,51.69152,66.0,14.308479309082031
Mile Svilar,passing,51.70335,66.0,14.296649932861328
Juan Cruz De Los Santos,passing,42.8489,57.0,14.151100158691406
Alessandro Buongiorno,passing,54.98494,69.0,14.015060424804688
Malik Tillman,passing,52.98795,67.0,14.01205062866211
Federico Giraudo,passing,32.102932,46.0,13.89706802368164
Lars Kehl,passing,47.147694,61.0,13.852306365966797
Erik Dueñas,passing,38.277878,52.0,13.722122192382812
Max Johnston,passing,45.30883,59.0,13.691169738769531
Oscar Taty Maritu,passing,41.38022,55.0,13.619781494140625
Romeo Lavia,passing,52.430744,66.0,13.569255828857422
Björn Meijer,passing,54.44797,68.0,13.55202865600586
Santiago Visentin,passing,28.524885,42.0,13.475114822387695
Cameron Humphreys,passing,49.52886,63.0,13.471141815185547
Jack Ellis,passing,28.621098,42.0,13.378902435302734
Joaquín Blázquez,passing,51.671814,65.0,13.32818603515625
Leopold Wahlstedt,passing,51.67278,65.0,13.327220916748047
Matthew Cox,passing,51.6734,65.0,13.32659912109375
Roman Celentano,passing,51.677834,65.0,13.322166442871094
Yahia Fofana,passing,51.679455,65.0,13.320545196533203
Tobias Schützenauer,passing,51.68556,65.0,13.314441680908203
Ștefan Târnovanu,passing,51.68866,65.0,13.31134033203125
Tim Rönning,passing,51.691383,65.0,13.308616638183594
Alex Paulsen,passing,51.7041,65.0,13.2958984375
Lindrit Kamberi,passing,35.778313,49.0,13.221687316894531
Keegan Jelacic,passing,48.950474,62.0,13.04952621459961
Joshua Wilson-Esbrand,passing,45.01969,58.0,12.980308532714844
Trai Hume,passing,45.09312,58.0,12.906879425048828
Skelly Alvero,passing,50.246513,63.0,12.753486633300781
Anton Gaaei,passing,49.25848,62.0,12.741519927978516
Loick Ayina,passing,31.270603,44.0,12.72939682006836
Ernest Nuamah,passing,45.27942,58.0,12.7205810546875
Nathaniel Brown,passing,44.279564,57.0,12.720436096191406
Lukas Sulzbacher,passing,49.311733,62.0,12.68826675415039
Simon Adingra,passing,53.399433,66.0,12.600566864013672
Caleb Wiley,passing,41.42889,54.0,12.571109771728516
Ibrahima Baldé,passing,41.509003,54.0,12.490997314453125
Bradley Barcola,passing,58.58625,71.0,12.413749694824219
Max Weiß,passing,51.668304,64.0,12.331695556640625
Noah Kruth,passing,51.668983,64.0,12.331016540527344
Rafał Strączek,passing,51.66986,64.0,12.33013916015625
Joey Kesting,passing,51.67103,64.0,12.328971862792969
Ashley Maynard-Brewer,passing,51.67272,64.0,12.327278137207031
Andrei Gorcea,passing,51.672863,64.0,12.327136993408203
Gaëtan Poussin,passing,51.67372,64.0,12.326278686523438
Johannes Schenk,passing,51.675903,64.0,12.3240966796875
Dominique Youfeigane,passing,51.676853,64.0,12.32314682006836
José Arbio,passing,51.677536,64.0,12.322463989257812
Issam El Maach,passing,51.689804,64.0,12.310195922851562
Freddie Woodman,passing,51.691837,64.0,12.308162689208984
Toby Savin,passing,51.693714,64.0,12.306285858154297
Alex Badolato,passing,36.718815,49.0,12.281185150146484
Radosław Majecki,passing,51.73496,64.0,12.26504135131836
Josué Casimir,passing,45.79836,58.0,12.201641082763672
Yassine Kechta,passing,55.86787,68.0,12.132129669189453
Hakim Guenouche,passing,48.901245,61.0,12.0987548828125
Gideon Tetteh,passing,35.950043,48.0,12.049957275390625
Amir Abdijanovic,passing,39.037548,51.0,11.962451934814453
Evan Ferguson,passing,46.10826,58.0,11.891738891601562
Alberto Dossena,passing,35.196194,47.0,11.80380630493164
Adrian Mazilu,passing,45.32254,57.0,11.677459716796875
Habib Diarra,passing,54.392326,66.0,11.607673645019531
Leif Davis,passing,54.447018,66.0,11.552982330322266
Connor Barron,passing,52.456337,64.0,11.543663024902344
Mats Wieffer,passing,61.48441,73.0,11.51559066772461
Matt Baker,passing,30.547386,42.0,11.452613830566406
Zakaria Hawsawi,passing,40.558823,52.0,11.441177368164062
Marten Winkler,passing,46.58013,58.0,11.419868469238281
Philip Fahrner,passing,52.61735,64.0,11.382648468017578
Christos Zafeiris,passing,59.627033,71.0,11.372966766357422
Kacper Bieszczad,passing,51.668762,63.0,11.33123779296875
Fabio Rosales,passing,51.67039,63.0,11.329608917236328
Théo De Percin,passing,51.671463,63.0,11.328536987304688
Noel Törnqvist,passing,51.67192,63.0,11.328079223632812
Niklas Hedl,passing,51.672028,63.0,11.327972412109375
Arthur Okonkwo,passing,51.672935,63.0,11.327064514160156
Arthur Lyska,passing,51.67303,63.0,11.326969146728516
Mustafa Burak Bozan,passing,51.67425,63.0,11.325748443603516
Sławomir Abramowicz,passing,51.67463,63.0,11.325370788574219
Boubacar Fall,passing,51.6759,63.0,11.324100494384766
Harold Moukoudi,passing,40.677036,52.0,11.32296371459961
Viljami Sinisalo,passing,51.678574,63.0,11.321426391601562
Amir Saipi,passing,51.67977,63.0,11.320228576660156
Bartosz Mrozek,passing,51.680256,63.0,11.319744110107422
Justin Heekeren,passing,51.683746,63.0,11.316253662109375
Hakon Valdimarsson,passing,51.68881,63.0,11.31119155883789
Hans Christian Bernat,passing,51.69556,63.0,11.304439544677734
Jordan Bos,passing,49.701283,61.0,11.298717498779297
Alfie Chang,passing,46.78392,58.0,11.216079711914062
Filip Szymczak,passing,43.80866,55.0,11.191341400146484
Moritz Broschinski,passing,45.82386,57.0,11.176139831542969
Connor Roberts,passing,59.836052,71.0,11.163948059082031
Hayden Hackney,passing,57.86503,69.0,11.134971618652344
Noé Lebreton,passing,48.944424,60.0,11.05557632446289
Jerry Yates,passing,46.02718,57.0,10.972820281982422
Jordhy Thompson,passing,52.14086,63.0,10.859138488769531
Tyler Roberts,passing,52.14973,63.0,10.850269317626953
Aske Adelgaard,passing,35.18052,46.0,10.819480895996094
Miles Leaburn,passing,37.284298,48.0,10.715702056884766
Zeno Debast,passing,57.375675,68.0,10.624324798583984
Folarin Balogun,passing,51.407993,62.0,10.59200668334961
Falko Michel,passing,46.415318,57.0,10.58468246459961
Jens Odgaard,passing,57.522427,68.0,10.47757339477539
Yusuf Erdoğan,passing,55.551086,66.0,10.44891357421875
Saxon Earley,passing,46.630207,57.0,10.369792938232422
Leny Meyer,passing,35.659187,46.0,10.340812683105469
Alexandre Pierre,passing,51.66927,62.0,10.330730438232422
Oliver Petersen,passing,51.669357,62.0,10.330642700195312
Gabriel Slonina,passing,51.67016,62.0,10.329841613769531
Samuel Brolin,passing,51.670967,62.0,10.329032897949219
Jonas Urbig,passing,51.67102,62.0,10.3289794921875
Jonas Kersken,passing,51.672043,62.0,10.327957153320312
Anthony Racioppi,passing,51.674686,62.0,10.325313568115234
Cameron Cook,passing,51.675053,62.0,10.324947357177734
Gabriel Kobylak,passing,51.675056,62.0,10.324943542480469
Teddy Boulhendi,passing,51.675194,62.0,10.324806213378906
Magnus Sjøeng,passing,51.67594,62.0,10.324058532714844
Xavier Dziekoński,passing,51.676075,62.0,10.323925018310547
George Wickens,passing,51.67707,62.0,10.322929382324219
Michele Cerofolini,passing,51.677097,62.0,10.32290267944336
Taye Ashby-Hammond,passing,51.67835,62.0,10.321651458740234
Martin Delavallée,passing,51.679863,62.0,10.320137023925781
Jonathan Lima,passing,51.68011,62.0,10.319889068603516
Ivan Nevistić,passing,51.6829,62.0,10.317100524902344
Markus Schubert,passing,51.68567,62.0,10.3143310546875
Nathan Baxter,passing,51.69077,62.0,10.30923080444336
Joel Coleman,passing,51.691185,62.0,10.308815002441406
Joe Walsh,passing,51.69146,62.0,10.308540344238281
Anton Eriksson,passing,38.697937,49.0,10.30206298828125
Theo Sander,passing,51.69894,62.0,10.30105972290039
Dimitar Mitov,passing,51.69996,62.0,10.300041198730469
Cédric Zesiger,passing,46.72533,57.0,10.274669647216797
Martin Moormann,passing,37.893944,48.0,10.106056213378906
Simon Ebonog,passing,48.908596,59.0,10.09140396118164
Saël Kumbedi,passing,51.914127,62.0,10.085872650146484
Bruno Valdez,passing,47.92321,58.0,10.076789855957031
Sascha Horvath,passing,59.976833,70.0,10.02316665649414
Daniel Svensson,passing,53.000164,63.0,9.999835968017578
Aaron Drewe,passing,35.01748,45.0,9.982521057128906
Lewin Blum,passing,46.059055,56.0,9.94094467163086
Brooklyn Ezeh,passing,49.05936,59.0,9.94063949584961
Matías Vera,passing,54.134064,64.0,9.865936279296875
Logan Costa,passing,39.198772,49.0,9.801227569580078
Victor Loturi,passing,52.200294,62.0,9.799705505371094
Jean Hugonet,passing,42.22758,52.0,9.772418975830078
Thierry Small,passing,41.329933,51.0,9.670066833496094
Baran Mogultay,passing,44.375713,54.0,9.624286651611328
Giovanni Fabbian,passing,57.378124,67.0,9.621875762939453
Tyler Morton,passing,61.3995,71.0,9.60049819946289
Paul Joly,passing,45.406746,55.0,9.593254089355469
Václav Černý,passing,57.412064,67.0,9.587936401367188
Ajibola Alese,passing,42.492485,52.0,9.507514953613281
Justin Butler,passing,41.512222,51.0,9.487777709960938
Adamo Nagalo,passing,45.52668,55.0,9.473320007324219
Jordan Brown,passing,44.529846,54.0,9.47015380859375
Louis Patris,passing,51.535778,61.0,9.464221954345703
Cihan Çanak,passing,53.576557,63.0,9.423442840576172
Darren Yapi,passing,34.58219,44.0,9.417808532714844
Yankuba Minteh,passing,44.604137,54.0,9.395862579345703
Bilal Brahimi,passing,56.61254,66.0,9.387458801269531
Federico Redondo,passing,60.655983,70.0,9.344017028808594
Philipp Treu,passing,56.657516,66.0,9.342483520507812
Justin Ferizaj,passing,45.660637,55.0,9.339363098144531
Christos Talichmanidis,passing,51.66873,61.0,9.331268310546875
Kjell Peersman,passing,51.670647,61.0,9.329353332519531
Toni Stahl,passing,51.671158,61.0,9.328842163085938
Daniel Adamczyk,passing,51.673244,61.0,9.32675552368164
Erdem Canpolat,passing,51.67339,61.0,9.326610565185547
Thomas Himeur,passing,51.674152,61.0,9.325847625732422
Garissone Innocent,passing,51.675068,61.0,9.324932098388672
Jan-Christoph Bartels,passing,51.6752,61.0,9.324798583984375
Lennart Grill,passing,51.6762,61.0,9.323799133300781
Barry Lauwers,passing,51.677166,61.0,9.322834014892578
Niclas Thiede,passing,51.67737,61.0,9.3226318359375
Sem Westerveld,passing,51.67848,61.0,9.321521759033203
Steven Benda,passing,51.679783,61.0,9.32021713256836
Tyronne Ebuehi,passing,50.680088,60.0,9.31991195678711
Vítězslav Jaroš,passing,51.68774,61.0,9.312259674072266
Will Fish,passing,42.696472,52.0,9.30352783203125
Orri Óskarsson,passing,43.707085,53.0,9.292915344238281
Kailin Barlow,passing,42.743294,52.0,9.256706237792969
Nicolás Valentini,passing,44.78342,54.0,9.21657943725586
Antonio Candela,passing,51.783623,61.0,9.216377258300781
Maximiliano Caufriez,passing,47.799385,57.0,9.200614929199219
Musab Al Juwair,passing,57.799595,67.0,9.20040512084961
Enzo Tchato,passing,47.887756,57.0,9.11224365234375
Jordan Storey,passing,42.993027,52.0,9.006973266601562
Issa Soumaré,passing,50.03289,59.0,8.967109680175781
Christos Kourfalidis,passing,58.039604,67.0,8.960395812988281
Alessandro Lopane,passing,46.05531,55.0,8.944690704345703
Marcel Wędrychowski,passing,53.069134,62.0,8.930866241455078
Cyril Ngonge,passing,55.11682,64.0,8.8831787109375
Marcus Forss,passing,45.18548,54.0,8.814521789550781
Nathan-Dylan Saliba,passing,46.197323,55.0,8.802677154541016
Julian Niehues,passing,50.204205,59.0,8.795795440673828
Gonzalo Luján,passing,47.28398,56.0,8.716018676757812
Jacob Greaves,passing,51.310722,60.0,8.689277648925781
Marvin De Lima,passing,54.312347,63.0,8.687652587890625
Nathan Tella,passing,56.315403,65.0,8.68459701538086
Clemens Riedel,passing,37.32337,46.0,8.676628112792969
Constantin Grameni,passing,59.33507,68.0,8.664928436279297
Matěj Jurásek,passing,55.336857,64.0,8.663143157958984
Arda Güler,passing,71.44625,80.0,8.553749084472656
Heorhii Sudakov,passing,62.45982,71.0,8.540180206298828
Daniel Bîrligea,passing,43.46799,52.0,8.53200912475586
Jonathan Dubasin,passing,57.501823,66.0,8.498176574707031
Wilson Odobert,passing,49.50518,58.0,8.494819641113281
Youssef Chermiti,passing,46.53476,55.0,8.465240478515625
Dominic Jefferies,passing,51.543438,60.0,8.456562042236328
Henry Rorig,passing,54.585827,63.0,8.414173126220703
Tommaso Baldanzi,passing,64.60115,73.0,8.398849487304688
Matías Godoy,passing,55.639565,64.0,8.360435485839844
Nelson Palacio,passing,56.66325,65.0,8.336750030517578
Yann Lienard,passing,51.66801,60.0,8.331989288330078
Federico Brancolini,passing,51.668037,60.0,8.331962585449219
Utku Yuvakuran,passing,51.669926,60.0,8.330074310302734
Filip Marschall,passing,51.67,60.0,8.330001831054688
Ryan Schofield,passing,51.67051,60.0,8.329490661621094
Jökull Andrésson,passing,51.671566,60.0,8.328433990478516
Tobe Leysen,passing,51.67161,60.0,8.328388214111328
Mateusz Dudek,passing,51.671696,60.0,8.328304290771484
Miguel Acosta,passing,51.67233,60.0,8.32767105102539
Ghjuvanni Quilichini,passing,51.67272,60.0,8.327278137207031
Nicola Bagnolini,passing,51.67339,60.0,8.326610565185547
Daniel Barden,passing,51.673656,60.0,8.326343536376953
Matteo Rover,passing,50.67391,59.0,8.326091766357422
Ionuț Gurău,passing,51.67407,60.0,8.325931549072266
Krzysztof Bąkowski,passing,51.67408,60.0,8.325920104980469
Tom Roufosse,passing,51.6743,60.0,8.325698852539062
Alessandro Sorrentino,passing,51.674725,60.0,8.325275421142578
Joe Gauci,passing,51.676716,60.0,8.323284149169922
Petar Zovko,passing,51.676838,60.0,8.323162078857422
Robin Roefs,passing,51.677216,60.0,8.322784423828125
Paul Tschernuth,passing,51.678253,60.0,8.321746826171875
George Marks,passing,51.678646,60.0,8.321353912353516
Mathias Delorge,passing,53.679787,62.0,8.320213317871094
Sander Tangvik,passing,51.679844,60.0,8.32015609741211
Franck Honorat,passing,62.696995,71.0,8.30300521850586
Robert Street,passing,44.69778,53.0,8.30221939086914
Julian Ryerson,passing,59.71769,68.0,8.282310485839844
Bartłomiej Kłudka,passing,42.728024,51.0,8.271976470947266
Curtis Davies,passing,52.270973,44.0,8.270973205566406
Luca Langoni,passing,54.74047,63.0,8.259529113769531
Saikou Touray,passing,52.760834,61.0,8.239166259765625
Santiago Toloza,passing,58.785408,67.0,8.214591979980469
Luciano Gondou,passing,52.787407,61.0,8.212593078613281
Rodrigo Saravia,passing,52.787483,61.0,8.212516784667969
Allan Tchaptchet,passing,33.806637,42.0,8.193363189697266
Zeki Amdouni,passing,60.812344,69.0,8.18765640258789
Joe Mendes,passing,51.830147,60.0,8.169853210449219
Mandela Keita,passing,56.845463,65.0,8.154537200927734
Karol Świderski,passing,53.865944,62.0,8.134056091308594
Mehdi Dorval,passing,48.8679,57.0,8.132099151611328
Lazar Samardžić,passing,62.8857,71.0,8.114299774169922
Nicolas Milanovic,passing,45.888744,54.0,8.111255645751953
Faisal Al Ghamdi,passing,48.924587,57.0,8.07541275024414
Alexis Tibidi,passing,53.925724,62.0,8.074275970458984
Henry Hore,passing,48.932896,57.0,8.06710433959961
Riccardo Calafiori,passing,49.94,58.0,8.060001373291016
Abiel Osorio,passing,44.971203,53.0,8.028797149658203
Dennis Gjengaar,passing,43.00416,51.0,7.995838165283203
Oskar Zawada,passing,47.005184,55.0,7.994815826416016
Diego Luna,passing,47.017918,55.0,7.982082366943359
Lassine Sinayoko,passing,48.018517,56.0,7.981483459472656
George Miller,passing,43.041958,51.0,7.958042144775391
Bryce Duke,passing,60.053207,68.0,7.9467926025390625
Jakub Lewicki,passing,48.063503,56.0,7.936496734619141
Ryan O'Kane,passing,47.096428,55.0,7.903572082519531
Juan Carlos Gauto,passing,55.11949,63.0,7.8805084228515625
Kamory Doumbia,passing,61.14552,69.0,7.854480743408203
Sebastian Nanasi,passing,56.18126,64.0,7.8187408447265625
Kajetan Szmyt,passing,53.185356,61.0,7.814643859863281
Kevin Höög Jansson,passing,49.19956,57.0,7.800441741943359
Jesper Skau,passing,44.21054,52.0,7.789459228515625
James McAtee,passing,58.232414,66.0,7.767585754394531
Patrick Sutter,passing,50.235588,58.0,7.764411926269531
Nikola Djorić,passing,38.257416,46.0,7.742584228515625
Leonidas Stergiou,passing,46.27153,54.0,7.7284698486328125
Dan Sîrbu,passing,50.274277,58.0,7.7257232666015625
Festy Ebosele,passing,49.280468,57.0,7.719532012939453
Amankwah Forson,passing,54.284286,62.0,7.7157135009765625
Bafodé Diakité,passing,55.293594,63.0,7.7064056396484375
Ibrahim Salah,passing,45.317776,53.0,7.682224273681641
Kristoffer Lund Hansen,passing,54.325737,62.0,7.674263000488281
Johan Bakayoko,passing,58.358078,66.0,7.6419219970703125
Karol Knap,passing,55.38616,63.0,7.613838195800781
Senne Lynen,passing,63.391018,71.0,7.608982086181641
Santiago Herrera,passing,54.406677,62.0,7.59332275390625
Nesta Guinness-Walker,passing,53.426273,61.0,7.573726654052734
Michel Stöcker,passing,44.475174,52.0,7.5248260498046875
Davide Bettella,passing,39.508038,47.0,7.491962432861328
Killian Phillips,passing,55.51778,63.0,7.482219696044922
Zac Ashworth,passing,48.522705,56.0,7.477294921875
Carlton Morris,passing,47.52375,55.0,7.476249694824219
Marco Sala,passing,58.527374,66.0,7.472625732421875
Andrea Pinamonti,passing,45.563526,53.0,7.436473846435547
Bali Mumba,passing,57.575012,65.0,7.42498779296875
Louis Munteanu,passing,52.58491,60.0,7.415088653564453
Sumit Rathi,passing,34.59658,42.0,7.403419494628906
Abderrahman Rebbach,passing,58.598053,66.0,7.401947021484375
George Hall,passing,55.60522,63.0,7.394779205322266
Dragoș Iancu,passing,45.60672,53.0,7.393280029296875
Naorem Mahesh Singh,passing,45.60899,53.0,7.391010284423828
Saad Al Mousa,passing,43.614857,51.0,7.385143280029297
Morgan Whittaker,passing,50.63481,58.0,7.3651885986328125
Andy Diouf,passing,61.652817,69.0,7.3471832275390625
Abdelkabir Abqar,passing,41.66253,49.0,7.337471008300781
Kacper Tobiasz,passing,51.668613,59.0,7.331386566162109
Jonas Nickisch,passing,51.669357,59.0,7.3306427001953125
Matías Córdova,passing,51.66978,59.0,7.330219268798828
John Pulskamp,passing,51.670982,59.0,7.329017639160156
Lasse Rieß,passing,51.671062,59.0,7.328937530517578
Matthieu Rongier,passing,51.671635,59.0,7.328365325927734
Luca Philipp,passing,51.671783,59.0,7.328216552734375
Davy Rouyard,passing,51.672184,59.0,7.327816009521484
Silas Ostrzinski,passing,51.6727,59.0,7.327301025390625
Quentin Galvez-Diarra,passing,51.674305,59.0,7.325695037841797
Senne Lammens,passing,51.674442,59.0,7.325557708740234
Wille Jakobsson,passing,51.674736,59.0,7.325263977050781
Nahuel Noll,passing,51.67531,59.0,7.3246917724609375
Denis Franchi,passing,51.677467,59.0,7.322532653808594
Pietro Boer,passing,51.677834,59.0,7.322166442871094
Mateusz Kochalski,passing,51.678223,59.0,7.32177734375
Noah Smith,passing,45.702393,53.0,7.297607421875
Liam Bennett,passing,46.71,54.0,7.290000915527344
Sivasakthi Narayanan,passing,40.718224,48.0,7.281776428222656
Akor Jerome Adams,passing,45.721233,53.0,7.278766632080078
Daniel Gutiérrez,passing,38.733395,46.0,7.266605377197266
Juan Cruz Esquivel,passing,52.75475,60.0,7.245250701904297
Nathan Moriah-Welsh,passing,51.766323,59.0,7.233676910400391
Frank Magri,passing,48.774155,56.0,7.2258453369140625
Mehdi Boukamir,passing,30.786839,38.0,7.213161468505859
Kevin Ortiz,passing,53.805496,61.0,7.1945037841796875
Magnus Riisnæs,passing,52.81279,60.0,7.1872100830078125
Callum Talbot,passing,48.825993,56.0,7.174007415771484
Mamadou Tounkara,passing,35.829388,43.0,7.170612335205078
Leighton Clarkson,passing,64.87706,72.0,7.1229400634765625
Linton Maina,passing,60.896366,68.0,7.103633880615234
Maximilian Bauer,passing,40.920185,48.0,7.079814910888672
Kevin Paredes,passing,55.946827,63.0,7.053173065185547
Jack McGlynn,passing,63.96816,71.0,7.031841278076172
Amine Salama,passing,42.983532,50.0,7.016468048095703
Gabriele Corbo,passing,42.0053,49.0,6.994701385498047
Jorne Spileers,passing,51.038216,58.0,6.961784362792969
Moussa Diarra,passing,50.03836,57.0,6.961639404296875
Zymer Bytyqi,passing,60.04539,67.0,6.954608917236328
Marco Curto,passing,41.04709,48.0,6.952911376953125
Giorgio Scalvini,passing,44.07194,51.0,6.928058624267578
Stephen Kelly,passing,58.086384,65.0,6.913616180419922
Ziyad Larkeche,passing,43.090607,50.0,6.909393310546875
Mamadou Fofana,passing,59.095146,66.0,6.904853820800781
Luca Moro,passing,51.901566,45.0,6.9015655517578125
Ryan Duncan,passing,50.10327,57.0,6.896728515625
Samson Tovide,passing,44.11413,51.0,6.885871887207031
Giannis Konstantelias,passing,61.130375,68.0,6.869625091552734
Felix Keidel,passing,53.16283,60.0,6.837169647216797
Juan Boselli,passing,50.183033,57.0,6.816967010498047
Oscar Wiklöf,passing,52.202354,59.0,6.797645568847656
Carlo Armiento,passing,51.213276,58.0,6.786724090576172
Luca Belardinelli,passing,56.213486,63.0,6.7865142822265625
Alexander Prass,passing,66.21646,73.0,6.783538818359375
Arouna Sangante,passing,49.229958,56.0,6.770042419433594
Michael Baidoo,passing,54.237736,61.0,6.762264251708984
Kyle Hurst,passing,46.26203,53.0,6.737968444824219
Jannes Wulff,passing,55.263786,62.0,6.736213684082031
James McManus,passing,45.263844,52.0,6.736156463623047
Josh Neufville,passing,42.264744,49.0,6.735256195068359
Gift Links,passing,57.271202,64.0,6.728797912597656
Isak Hien,passing,42.30457,49.0,6.695430755615234
Japhet Sery Larsen,passing,49.310925,56.0,6.689075469970703
Mutlaq Al Hurayji,passing,51.677227,45.0,6.677227020263672
Xavier Mbuyamba,passing,41.324078,48.0,6.675922393798828
Murphy Mahoney,passing,51.673508,45.0,6.6735076904296875
Nicolás Rossi,passing,62.669487,56.0,6.669486999511719
CJ Egan-Riley,passing,49.337273,56.0,6.662727355957031
Peter Bjur,passing,57.36168,64.0,6.6383209228515625
Salem Al Najdi,passing,32.40676,39.0,6.593238830566406
Filippo Ranocchia,passing,64.41246,71.0,6.5875396728515625
Adis Jasic,passing,57.421936,64.0,6.57806396484375
Lasse Günther,passing,52.42347,59.0,6.576530456542969
Szymon Włodarczyk,passing,38.45316,45.0,6.546840667724609
Bobby Thomas,passing,42.459316,49.0,6.540683746337891
Kiliann Sildillia,passing,51.52167,58.0,6.478328704833984
Calem Nieuwenhof,passing,55.551304,62.0,6.448696136474609
Lewis Gordon,passing,47.563313,54.0,6.436687469482422
Will Wilson,passing,48.568485,55.0,6.431514739990234
Daniel Eduardo Juárez,passing,54.57363,61.0,6.426368713378906
Amadou Mbengue,passing,39.57731,46.0,6.422691345214844
Iván Leguizamón,passing,54.58532,61.0,6.414680480957031
Jobe Bellingham,passing,53.606617,60.0,6.393383026123047
Thomas Thiesson Kristensen,passing,43.61528,50.0,6.3847198486328125
Yoni Gomis,passing,31.63513,38.0,6.364870071411133
Tobias Bech,passing,57.63713,64.0,6.3628692626953125
Ryan Wintle,passing,59.645557,66.0,6.354442596435547
Abdulkareem Al Sultan,passing,38.649303,45.0,6.350696563720703
Salim Diakité,passing,49.654125,56.0,6.345874786376953
Claudio Kammerknecht,passing,43.654896,50.0,6.345104217529297
Jakob Tånnander,passing,51.668274,58.0,6.33172607421875
Jędrzej Grobelny,passing,51.66834,58.0,6.331661224365234
Manuel Ferrel,passing,51.66858,58.0,6.3314208984375
Obed Nkambadio,passing,51.669144,58.0,6.3308563232421875
Jordan Wright,passing,51.6705,58.0,6.329498291015625
Luis Miguel Marquines,passing,51.67086,58.0,6.329139709472656
William Balikwisha,passing,57.671165,64.0,6.328834533691406
Youri Schoonderwaldt,passing,51.67141,58.0,6.328590393066406
James Delianov,passing,51.671516,58.0,6.328483581542969
Jake Turner,passing,51.671673,58.0,6.328327178955078
Liam Isherwood,passing,51.671993,58.0,6.328006744384766
Jan Reichert,passing,51.67235,58.0,6.327648162841797
Max Hagemoser,passing,51.67241,58.0,6.3275909423828125
Lucien Hawryluk,passing,51.672714,58.0,6.3272857666015625
Emre Bilgin,passing,51.67283,58.0,6.327171325683594
Moritz Nicolas,passing,51.67377,58.0,6.326229095458984
Kayne Bonnevie,passing,51.6746,58.0,6.325401306152344
Lars Larsson Jendal,passing,51.674946,58.0,6.325054168701172
Niklas Sauter,passing,51.67496,58.0,6.325038909912109
Jordan Amissah,passing,51.675034,58.0,6.3249664306640625
Thomas Hasal,passing,51.67557,58.0,6.324428558349609
Abdul Manaf Nurudeen,passing,51.675964,58.0,6.32403564453125
Grégoire Coudert,passing,51.67641,58.0,6.323589324951172
Giovanni Garofani,passing,51.676514,58.0,6.323486328125
Prabhsukhan Gill,passing,51.67681,58.0,6.323188781738281
Sven Jansen,passing,51.676823,58.0,6.323177337646484
Tomás Durso,passing,51.677048,58.0,6.3229522705078125
Laurin Mack,passing,51.67724,58.0,6.322761535644531
Vic Chambaere,passing,51.677883,58.0,6.322116851806641
Julian Krahl,passing,51.677906,58.0,6.322093963623047
Luciano Boggio,passing,63.680428,70.0,6.319572448730469
Benjamin Ozegovic,passing,51.68294,58.0,6.317058563232422
Lorcan Healy,passing,51.6904,58.0,6.309600830078125
Edward McGinty,passing,51.692688,58.0,6.30731201171875
Mario Dorgeles,passing,53.713905,60.0,6.286094665527344
Giuseppe Cuomo,passing,32.72471,39.0,6.275291442871094
Oisín McEntee,passing,40.725864,47.0,6.274135589599609
Barış Alper Yılmaz,passing,57.74802,64.0,6.251979827880859
Wouter Burger,passing,62.756718,69.0,6.243282318115234
Aral Şimşir,passing,54.76358,61.0,6.236419677734375
Nikolai Hopland,passing,43.77635,50.0,6.223651885986328
Fabian Reese,passing,62.778618,69.0,6.221382141113281
Alfie Doughty,passing,58.794,65.0,6.206001281738281
Valentin Gendrey,passing,47.806484,54.0,6.193515777587891
Jacopo Fazzini,passing,59.818184,66.0,6.181816101074219
Ole Pohlmann,passing,56.81879,63.0,6.181209564208984
Marco Nasti,passing,42.823936,49.0,6.176063537597656
Olivier Deman,passing,61.84191,68.0,6.158088684082031
Tadeo Allende,passing,59.871437,66.0,6.128562927246094
Noah Allen,passing,44.90383,51.0,6.096168518066406
Michał Karbownik,passing,62.91751,69.0,6.082489013671875
Óscar Zambrano,passing,57.929157,64.0,6.070842742919922
Regan Slater,passing,62.9454,69.0,6.054599761962891
Marc Leonard,passing,53.959457,60.0,6.0405426025390625
Artem Bondarenko,passing,59.961372,66.0,6.038627624511719
Maxim De Cuyper,passing,66.9713,73.0,6.0287017822265625
Jesurun Rak-Sakyi,passing,56.97371,63.0,6.0262908935546875
Vetle Skjærvik,passing,39.975754,46.0,6.0242462158203125
Lewis Macari,passing,46.994823,53.0,6.005176544189453
Ethan Bartlow,passing,31.99538,38.0,6.004619598388672
Ed Turns,passing,38.002045,44.0,5.997955322265625
Gustav Grubbe,passing,48.0112,54.0,5.988800048828125
Aidomo Emakhu,passing,37.029716,43.0,5.970283508300781
Jannik Rochelt,passing,59.03227,65.0,5.967731475830078
Hussein Carneil,passing,53.049965,59.0,5.950035095214844
Darian Males,passing,62.06756,68.0,5.932441711425781
Gideon Mensah,passing,57.086147,63.0,5.913852691650391
Nathaniel Adjei,passing,36.097736,42.0,5.902263641357422
Corey Hollman,passing,48.10348,54.0,5.896518707275391
Sebastián González,passing,60.10528,66.0,5.894718170166016
Denis Huseinbašić,passing,56.10609,62.0,5.893909454345703
Furkan Bayır,passing,37.111923,43.0,5.8880767822265625
Jamie Lawrence,passing,42.115242,48.0,5.884757995605469
Dennis Cirkin,passing,52.125954,58.0,5.874046325683594
Sammie Szmodics,passing,58.129227,64.0,5.8707733154296875
Lameck Banda,passing,52.131092,58.0,5.868907928466797
Himad Abdelli,passing,62.14044,68.0,5.85955810546875
Yoann Cathline,passing,55.157047,61.0,5.842952728271484
Frederik Lauenborg,passing,59.165257,65.0,5.834743499755859
Alessandro Circati,passing,33.17039,39.0,5.829608917236328
Morten Thorsby,passing,64.17488,70.0,5.8251190185546875
Marian Danciu,passing,48.18251,54.0,5.8174896240234375
Halid Šabanović,passing,49.18342,55.0,5.816581726074219
Daniel Edelman,passing,49.197857,55.0,5.802143096923828
Dirk Proper,passing,59.23494,65.0,5.7650604248046875
Lenny Pirringuel,passing,57.235073,63.0,5.764926910400391
Conor Bradley,passing,54.238533,60.0,5.761466979980469
Mathias Olesen,passing,56.238903,62.0,5.761096954345703
Liam Delap,passing,49.250347,55.0,5.749652862548828
Kazeem Olaigbe,passing,51.25688,57.0,5.7431182861328125
Iván Tapia,passing,68.26778,74.0,5.7322235107421875
Ebrima Colley,passing,53.269493,59.0,5.730506896972656
Bartłomiej Wdowik,passing,56.2984,62.0,5.70159912109375
Virgiliu Postolachi,passing,48.315952,54.0,5.684047698974609
Will Sands,passing,49.346714,55.0,5.653285980224609
Erlend Dahl Reitan,passing,53.35635,59.0,5.643650054931641
Ilyes Hamache,passing,50.356472,56.0,5.643527984619141
Hannibal Mejbri,passing,63.361202,69.0,5.638797760009766
Emmanuel Iyoha,passing,52.376705,58.0,5.623294830322266
Rémy Vita,passing,49.376743,55.0,5.623256683349609
Rayyan Baniya,passing,37.385414,43.0,5.614585876464844
Jake Rooney,passing,45.388515,51.0,5.611484527587891
Mateo Gamarra,passing,43.38859,49.0,5.611408233642578
Alfie Devine,passing,57.401634,63.0,5.598365783691406
Vladyslav Vanat,passing,49.408268,55.0,5.591732025146484
Phillip Tietz,passing,50.41418,56.0,5.585819244384766
Jhon Durán,passing,42.42512,48.0,5.574878692626953
Jack Armer,passing,49.426716,55.0,5.573284149169922
Maxim Dekker,passing,47.438057,53.0,5.561943054199219
Enzo Leopold,passing,59.44897,65.0,5.551029205322266
Cassius Mailula,passing,56.450253,62.0,5.549747467041016
Abdessamad Ezzalzouli,passing,58.455807,64.0,5.544193267822266
Marco John,passing,63.45883,69.0,5.541168212890625
Emil Bohinen,passing,65.46834,71.0,5.5316619873046875
Tyler Goodrham,passing,49.48266,55.0,5.517341613769531
Shane Blaney,passing,43.483345,49.0,5.516654968261719
Leonardo Benedetti,passing,60.520683,66.0,5.479316711425781
Juan José Cáceres,passing,56.527184,62.0,5.472816467285156
Ragnar Ache,passing,45.536896,51.0,5.463104248046875
Adrian Gantenbein,passing,49.55223,55.0,5.4477691650390625
Dominik Fitz,passing,65.55584,71.0,5.444160461425781
Nunzio Lella,passing,55.557728,61.0,5.442272186279297
Yanis Begraoui,passing,52.558647,58.0,5.441352844238281
Johan Bångsbo,passing,41.570152,47.0,5.429847717285156
Jez Lofthouse,passing,43.57119,49.0,5.428810119628906
Désiré Doué,passing,59.57371,65.0,5.426288604736328
Elias Jelert,passing,56.574104,62.0,5.425895690917969
Bruno Leyes,passing,58.586536,64.0,5.413463592529297
Sam Gallagher,passing,52.606426,58.0,5.393573760986328
Adam Armstrong,passing,59.61342,65.0,5.3865814208984375
Noah Ohio,passing,44.62273,50.0,5.377269744873047
Robert Voloder,passing,35.63955,41.0,5.360450744628906
Jasper Moon,passing,35.65516,41.0,5.344841003417969
Samuel Silvera,passing,50.659615,56.0,5.340385437011719
Lukas Gütlbauer,passing,51.669407,57.0,5.330593109130859
Jon McCracken,passing,51.670242,57.0,5.3297576904296875
Bernhard Unger,passing,51.670967,57.0,5.329032897949219
Sam Long,passing,51.67278,57.0,5.327220916748047
Lasse Schulz,passing,51.67321,57.0,5.326789855957031
Will Dennis,passing,51.673637,57.0,5.326362609863281
Kacper Trelowski,passing,51.67457,57.0,5.325431823730469
Magnus Rugland Ree,passing,51.675053,57.0,5.324947357177734
Răzvan Sava,passing,51.67533,57.0,5.324668884277344
Jakub Stolarczyk,passing,51.675385,57.0,5.324615478515625
Maciej Kowal,passing,51.67575,57.0,5.324249267578125
Mio Backhaus,passing,51.675755,57.0,5.324245452880859
Jakob Golz,passing,51.675915,57.0,5.324085235595703
Pascal Kuiper,passing,51.676403,57.0,5.323596954345703
Gavin Beavers,passing,51.676785,57.0,5.323215484619141
Jhon Solís,passing,56.67746,62.0,5.322540283203125
Philipp Schulze,passing,51.677902,57.0,5.3220977783203125
André Picornell,passing,51.67943,57.0,5.3205718994140625
Sam Tickle,passing,51.679623,57.0,5.320377349853516
Andri Lucas Guðjohnsen,passing,42.689056,48.0,5.310943603515625
Manuel Polster,passing,46.694035,52.0,5.305965423583984
Kian Moore,passing,51.697063,57.0,5.302936553955078
Arnaud Lusamba,passing,64.69886,70.0,5.301139831542969
Louis Jones,passing,51.702225,57.0,5.2977752685546875
Darren Robinson,passing,46.70667,52.0,5.293331146240234
Josh Coburn,passing,41.712284,47.0,5.287715911865234
Brian Aguirre,passing,55.723053,61.0,5.276947021484375
Claudio Gomes,passing,60.730427,66.0,5.269573211669922
Vladislav Molchan,passing,39.732777,45.0,5.267223358154297
Alfie Jones,passing,51.765015,57.0,5.2349853515625
Cameron Dummigan,passing,51.7752,57.0,5.224800109863281
Femi Azeez,passing,55.786194,61.0,5.21380615234375
Ibrahim Said,passing,52.79223,58.0,5.207771301269531
Matte Smets,passing,49.806683,55.0,5.193317413330078
Mikael Egill Ellertsson,passing,56.817066,62.0,5.182933807373047
Jack Maher,passing,43.818245,49.0,5.181755065917969
Andrei Dragu,passing,52.82688,58.0,5.173118591308594
Matthias Bader,passing,56.827282,62.0,5.172718048095703
Steven Bradley,passing,51.831448,57.0,5.168552398681641
Georgios Vagiannidis,passing,51.850063,57.0,5.149936676025391
Jason Ceka,passing,58.85016,64.0,5.14984130859375
Martin Baturina,passing,69.85038,75.0,5.149620056152344
Noah Botić,passing,40.86017,46.0,5.13983154296875
Gastón Álvarez,passing,50.872112,56.0,5.127887725830078
Bartuğ Elmaz,passing,61.877106,67.0,5.122894287109375
Connor Malley,passing,52.88493,58.0,5.115070343017578
Harvey Lintott,passing,40.905743,46.0,5.094257354736328
Nicolas Vouilloz,passing,40.921654,46.0,5.078346252441406
Mateusz Łęgowski,passing,58.928196,64.0,5.071804046630859
Oliver Sørensen,passing,56.939293,62.0,5.060707092285156
Franz Roggow,passing,51.941414,57.0,5.058586120605469
Antonino Gallo,passing,60.94246,66.0,5.0575408935546875
Alidu Seidu,passing,54.948997,60.0,5.051002502441406
Andy Smith,passing,38.954815,44.0,5.045185089111328
Hjalmar Ekdal,passing,46.957767,52.0,5.042232513427734
Sinan Karweina,passing,51.9608,57.0,5.0391998291015625
Moussa N'Diaye,passing,52.961266,58.0,5.038734436035156
David Čolina,passing,46.96792,52.0,5.032081604003906
Baba Alhassan,passing,56.00127,61.0,4.998729705810547
Lucas Rocrou,passing,46.00259,51.0,4.997409820556641
Kobe Franklin,passing,48.021145,53.0,4.978855133056641
Josh Williams,passing,49.02989,54.0,4.970111846923828
Farès Chaïbi,passing,67.037834,72.0,4.962165832519531
Mohammed Diomande,passing,63.044125,68.0,4.955875396728516
Ranko Veselinović,passing,43.063507,48.0,4.936492919921875
Ibrahim Cissoko,passing,58.073746,63.0,4.9262542724609375
Haydon Roberts,passing,55.076485,60.0,4.923515319824219
Nene Dorgeles,passing,56.083454,61.0,4.916545867919922
Caspar Jander,passing,59.092785,64.0,4.907215118408203
Fraser Hornby,passing,50.094784,55.0,4.905216217041016
Matías Soulé,passing,66.101746,71.0,4.89825439453125
Noah De Ridder,passing,50.101852,55.0,4.8981475830078125
Marcel Hoffmeier,passing,56.11036,61.0,4.889640808105469
Manfred Ugalde,passing,53.132187,58.0,4.8678131103515625
Thibo Somers,passing,62.133057,67.0,4.866943359375
Mathias Løvik,passing,46.13738,51.0,4.862621307373047
Semih Sahin,passing,59.137924,64.0,4.8620758056640625
Tomasz Pieńko,passing,48.16461,53.0,4.83538818359375
Łukasz Poręba,passing,58.164906,63.0,4.835094451904297
Bojan Miovski,passing,45.16883,50.0,4.831169128417969
Michał Rakoczy,passing,61.179478,66.0,4.820522308349609
Kwadwo Opoku,passing,49.18186,54.0,4.818138122558594
Lequincio Zeefuik,passing,36.183186,41.0,4.816814422607422
Niko Tsakiris,passing,49.19366,54.0,4.806339263916016
Cameron Archer,passing,53.19962,58.0,4.800380706787109
Aaron Ramsey,passing,62.204575,67.0,4.7954254150390625
Ben Chrisene,passing,53.21306,58.0,4.7869415283203125
Amir Richardson,passing,60.226692,65.0,4.773307800292969
James Bree,passing,59.227432,64.0,4.7725677490234375
Sonny Perkins,passing,48.243378,53.0,4.756622314453125
Tomás González,passing,50.245167,55.0,4.754833221435547
Badredine Bouanani,passing,63.24674,68.0,4.753261566162109
Ardon Jashari,passing,62.251114,67.0,4.7488861083984375
Isak Helstad Amundsen,passing,43.264942,48.0,4.735057830810547
Lucas Souto,passing,43.27082,48.0,4.729179382324219
Maurits Kjaergaard,passing,66.27892,71.0,4.721076965332031
Barry Cotter,passing,49.28208,54.0,4.717918395996094
Aidan Morris,passing,53.286026,58.0,4.7139739990234375
Azeem Abdulai,passing,52.28621,57.0,4.7137908935546875
Kaan Caliskaner,passing,52.288765,57.0,4.711235046386719
George Campbell,passing,37.301083,42.0,4.698917388916016
Konrad Matuszewski,passing,49.303307,54.0,4.696693420410156
Łukasz Łakomy,passing,56.31516,61.0,4.684841156005859
Nnamdi Collins,passing,40.315716,45.0,4.684284210205078
Tim Civeja,passing,59.31844,64.0,4.681560516357422
Ethan Alagich,passing,49.325115,54.0,4.674884796142578
Isaac Ogundere,passing,43.333107,48.0,4.666893005371094
Jamil Siebert,passing,43.33964,48.0,4.660358428955078
Ryan Trevitt,passing,54.341038,59.0,4.658962249755859
Taylor Luvambo,passing,50.341343,55.0,4.658657073974609
Julien Ponceau,passing,63.35032,68.0,4.649681091308594
Harry Boyes,passing,48.35854,53.0,4.641460418701172
Scott Wright,passing,59.3619,64.0,4.638099670410156
Moustapha Mbow,passing,37.364113,42.0,4.635887145996094
Luke McNally,passing,47.367607,52.0,4.632392883300781
Grejohn Kyei,passing,49.37124,54.0,4.628761291503906
Jake Hollman,passing,53.380352,58.0,4.619647979736328
Aleksandar Jukic,passing,64.380554,69.0,4.61944580078125
Stelios Andreou,passing,50.384003,55.0,4.615997314453125
Sonny Cox,passing,35.39066,40.0,4.609340667724609
Oliver Arblaster,passing,53.400948,58.0,4.599052429199219
Derry Scherhant,passing,51.405884,56.0,4.5941162109375
Rocco Ascone,passing,59.407043,64.0,4.59295654296875
Otto Rosengren,passing,57.41216,62.0,4.587841033935547
Marvin Pieringer,passing,51.42462,56.0,4.57537841796875
Jamie McGrath,passing,57.431366,62.0,4.568634033203125
Piotr Samiec-Talar,passing,52.43279,57.0,4.567211151123047
Levi Colwill,passing,57.438217,62.0,4.5617828369140625
Rassoul Ndiaye,passing,59.440517,64.0,4.559482574462891
Rico Henry,passing,57.448532,62.0,4.5514678955078125
Ishaq Abdulrazak,passing,60.450584,65.0,4.549415588378906
David Schnegg,passing,59.45196,64.0,4.548038482666016
Mario Stroeykens,passing,58.455563,63.0,4.544437408447266
Azzedine Ounahi,passing,67.47619,72.0,4.523811340332031
Sam Sanna,passing,61.496605,66.0,4.503395080566406
Jayden Oosterwolde,passing,55.502117,60.0,4.497882843017578
Mayckel Lahdo,passing,54.5169,59.0,4.483100891113281
Darko Gyabi,passing,55.52299,60.0,4.477008819580078
Nicolò Cambiaghi,passing,57.524216,62.0,4.4757843017578125
Thijs Dallinga,passing,58.530415,63.0,4.469585418701172
Benjamin Bouchouari,passing,62.541634,67.0,4.458366394042969
Valerio Mastrantonio,passing,58.54774,63.0,4.452259063720703
Mathieu Choinière,passing,62.554977,67.0,4.4450225830078125
Quentin Merlin,passing,68.5586,73.0,4.441398620605469
Yannik Engelhardt,passing,58.566135,63.0,4.433864593505859
Rareș Ispas,passing,48.568245,53.0,4.431755065917969
Jekob Abiezer Jeno,passing,51.583553,56.0,4.416446685791016
Ruben Providence,passing,51.58856,56.0,4.411441802978516
Caleb Taylor,passing,36.591892,41.0,4.408107757568359
Emin Bayram,passing,44.594574,49.0,4.405426025390625
Calvin Brackelmann,passing,52.599396,57.0,4.400604248046875
Güven Yalçın,passing,56.63047,61.0,4.369529724121094
Paul Nebel,passing,59.63512,64.0,4.364879608154297
Noel Buck,passing,53.638767,58.0,4.361232757568359
Liam Gibbs,passing,59.65326,64.0,4.34674072265625
Filip Marchwiński,passing,58.66027,63.0,4.339729309082031
Cheick Conde,passing,56.662197,61.0,4.337802886962891
Dheeraj Singh Moirangthem,passing,51.669662,56.0,4.3303375244140625
Luke McNicholas,passing,51.66985,56.0,4.330150604248047
Justin Hammel,passing,51.670254,56.0,4.329746246337891
Facundo Sanguinetti,passing,51.671238,56.0,4.328762054443359
Diego González,passing,51.67128,56.0,4.3287200927734375
Daniel Klein,passing,51.671875,56.0,4.328125
Alessandro Lai,passing,51.671947,56.0,4.328052520751953
Hunter Sulte,passing,51.67241,56.0,4.3275909423828125
Yusuf Karagöz,passing,51.6725,56.0,4.3274993896484375
Nils De Mol,passing,51.67268,56.0,4.327320098876953
Isaac Boehmer,passing,51.672806,56.0,4.3271942138671875
Louis Lord,passing,51.672882,56.0,4.327117919921875
Joe Whitworth,passing,51.67359,56.0,4.326408386230469
Nicholas Bilokapic,passing,51.6738,56.0,4.326198577880859
Macklin Freke,passing,51.674686,56.0,4.325313568115234
Moritz Schulze,passing,51.674908,56.0,4.325092315673828
Steven Hall,passing,51.67496,56.0,4.325038909912109
Hannes Sveijer,passing,51.675964,56.0,4.32403564453125
Sebastian Selin,passing,51.676323,56.0,4.323677062988281
Thomas Gillier,passing,51.676785,56.0,4.323215484619141
Florian Schock,passing,51.67693,56.0,4.323070526123047
Filippo Manfrin,passing,51.677876,56.0,4.322124481201172
Marcel Lotka,passing,51.677895,56.0,4.322105407714844
Joachim Imbrechts,passing,51.67793,56.0,4.322071075439453
Yannick Pandor,passing,51.678585,56.0,4.321414947509766
Mohamed Koné,passing,51.679813,56.0,4.320186614990234
Bader Al Enazi,passing,51.68511,56.0,4.314891815185547
Promise Omochere,passing,50.68903,55.0,4.310970306396484
Mohamed Daramy,passing,59.700703,64.0,4.299297332763672
James Furlong,passing,45.703663,50.0,4.296337127685547
Lewis Dobbin,passing,49.704025,54.0,4.2959747314453125
Serano Seymor,passing,41.704075,46.0,4.295925140380859
Charlie Patino,passing,62.711906,67.0,4.288093566894531
Formose Mendy,passing,50.715767,55.0,4.284233093261719
Brandon Baiye,passing,50.73879,55.0,4.261211395263672
Bautista Kociubinski,passing,58.7391,63.0,4.260898590087891
Benedikt Gimber,passing,54.76591,59.0,4.234088897705078
Oliver Tipton,passing,39.771267,44.0,4.228733062744141
Flavien-Enzo Boyomo,passing,39.77175,44.0,4.228248596191406
André Boman,passing,53.78575,58.0,4.2142486572265625
Dominik Stumberger,passing,44.786175,49.0,4.213825225830078
Florent Muslija,passing,65.81199,70.0,4.188011169433594
Leopold Querfeld,passing,42.815582,47.0,4.184417724609375
Shady Oukhadda,passing,43.818733,48.0,4.181266784667969
Thoiba Singh Moirangthem,passing,42.827297,47.0,4.172702789306641
Jayden Nelson,passing,51.82761,56.0,4.172389984130859
Noah Eile,passing,37.835064,42.0,4.164936065673828
Federico Bonazzoli,passing,50.84469,55.0,4.155311584472656
Tyreece Campbell,passing,42.853565,47.0,4.146434783935547
Harry Van der Saag,passing,43.862114,48.0,4.137886047363281
Sean Zawadzki,passing,45.86508,50.0,4.134918212890625
Alessandro Bianco,passing,58.882668,63.0,4.117332458496094
Anass Salah-Eddine,passing,57.884407,62.0,4.115592956542969
Kristoffer Velde,passing,56.885372,61.0,4.114627838134766
Tobias Berger,passing,52.904068,57.0,4.0959320068359375
Aymen Boutoutaou,passing,53.908443,58.0,4.091556549072266
Aiden O'Neill,passing,60.91,65.0,4.090000152587891
Zac Sapsford,passing,41.913353,46.0,4.086647033691406
Sven Mijnans,passing,64.91385,69.0,4.086151123046875
Bobby Adekanye,passing,55.917053,60.0,4.08294677734375
Kevin Wiethaup,passing,53.9182,58.0,4.081798553466797
Dominic Solanke,passing,59.925503,64.0,4.074497222900391
Luca D'Andrea,passing,58.935486,63.0,4.06451416015625
Dexter Lembikisa,passing,48.935955,53.0,4.064044952392578
Aleksander Paluszek,passing,34.937363,39.0,4.0626373291015625
Franco Orozco,passing,56.954235,61.0,4.045764923095703
Casper Terho,passing,54.96112,59.0,4.03887939453125
Jerry Skotadis,passing,56.036304,52.0,4.036304473876953
Lucas Hey,passing,50.965702,55.0,4.034297943115234
Oualid Mhamdi,passing,42.968403,47.0,4.031597137451172
El Bilal Touré,passing,56.9685,61.0,4.031501770019531
Franco Zapiola,passing,64.97091,69.0,4.029090881347656
Agustín Giay,passing,59.97231,64.0,4.027690887451172
Benedict Hollerbach,passing,54.97606,59.0,4.0239410400390625
Stephan Negru,passing,36.977215,41.0,4.022785186767578
Georgios Sideras,passing,30.9848,35.0,4.015199661254883
Idris El Mizouni,passing,56.995667,61.0,4.00433349609375
Joscha Wosz,passing,58.997612,63.0,4.002388000488281
Scott Wharton,passing,46.000984,50.0,3.9990158081054688
Nick Woltemade,passing,53.004097,57.0,3.9959030151367188
Simon Elisor,passing,53.008842,57.0,3.9911575317382812
Mika Baur,passing,58.01451,62.0,3.9854888916015625
Oliver Sonne,passing,57.02424,61.0,3.9757614135742188
Tim Iroegbunam,passing,59.02427,63.0,3.9757308959960938
Cameron Windust,passing,32.033165,36.0,3.9668350219726562
Armin Gigović,passing,61.055016,65.0,3.9449844360351562
Petko Hristov,passing,41.05909,45.0,3.9409103393554688
Vicente Taborda,passing,63.060905,67.0,3.9390945434570312
Alessandro Zanoli,passing,58.06368,62.0,3.936321258544922
Adam Lewis,passing,58.919083,55.0,3.9190826416015625
Jacob Ondrejka,passing,60.09493,64.0,3.905071258544922
Matej Maglica,passing,42.09983,46.0,3.9001693725585938
Félix Lemaréchal,passing,60.106277,64.0,3.8937225341796875
Conan Noonan,passing,35.10633,39.0,3.8936691284179688
Lamare Bogarde,passing,52.116238,56.0,3.8837623596191406
Krystian Okoniewski,passing,35.12183,39.0,3.8781700134277344
Kyle Edwards,passing,62.876534,59.0,3.8765335083007812
Håkon Røsten,passing,37.15545,41.0,3.8445510864257812
Damián Bobadilla,passing,57.163437,61.0,3.8365631103515625
Fabian Rieder,passing,67.17361,71.0,3.8263931274414062
Sofyan Chader,passing,54.17564,58.0,3.824359893798828
Tyrell Warren,passing,46.18184,50.0,3.8181610107421875
Christian Kinsombi,passing,57.18357,61.0,3.8164291381835938
Rune Paeshuyse,passing,46.18741,50.0,3.812591552734375
Maxwell Gyamfi,passing,48.19037,52.0,3.80963134765625
Dembo Sylla,passing,52.191437,56.0,3.808563232421875
Vittorio Parigini,passing,54.202957,58.0,3.7970428466796875
Marlon Fossey,passing,58.222866,62.0,3.7771339416503906
Josh Eccles,passing,61.23458,65.0,3.7654190063476562
Daniel Paraschiv,passing,51.237457,55.0,3.762542724609375
Samuel Loric,passing,48.24199,52.0,3.7580108642578125
Cristian Volpato,passing,60.24425,64.0,3.755748748779297
Ervin Omić,passing,58.2464,62.0,3.75360107421875
Ismael Cortez,passing,46.25071,50.0,3.7492904663085938
Marco Antonio Angulo,passing,59.261597,63.0,3.7384033203125
Donat Rrudhani,passing,59.262596,63.0,3.7374038696289062
Aramide Oteh,passing,46.26265,50.0,3.7373504638671875
Jordan Holsgrove,passing,65.2696,69.0,3.7304000854492188
Marcin Cebula,passing,61.27132,65.0,3.728679656982422
Billal Brahimi,passing,64.28296,68.0,3.717041015625
Mor Ndiaye,passing,54.28473,58.0,3.71527099609375
Paxten Aaronson,passing,59.29188,63.0,3.708118438720703
Jack Clarke,passing,62.315845,66.0,3.684154510498047
Kasey Palmer,passing,65.319916,69.0,3.680084228515625
Alex Scott,passing,67.32057,71.0,3.6794281005859375
Rhys Bozinovski,passing,46.321125,50.0,3.678874969482422
Emmanuel Ochoa,passing,51.677017,48.0,3.6770172119140625
Anthony Marcucci,passing,51.673447,48.0,3.6734466552734375
Osama Al Mermish,passing,51.67327,48.0,3.6732711791992188
Ahmad Taleb,passing,51.6706,48.0,3.6706008911132812
Toms Leitis,passing,51.668434,48.0,3.6684341430664062
James Maxwell,passing,44.34454,48.0,3.6554603576660156
Jacob Wakeling,passing,46.34608,50.0,3.653919219970703
Mirza Cihan,passing,52.352177,56.0,3.6478233337402344
Boris Lambert,passing,56.352364,60.0,3.6476364135742188
Noah Fadiga,passing,58.369267,62.0,3.6307334899902344
Yaimar Medina,passing,54.375584,58.0,3.6244163513183594
Conor Coventry,passing,63.376034,67.0,3.6239662170410156
Marvin Mehlem,passing,65.37645,69.0,3.6235504150390625
Jaheim Headley,passing,49.394405,53.0,3.6055946350097656
Miguel Monsalve,passing,58.39464,62.0,3.605358123779297
Jamie Egan,passing,32.396973,36.0,3.60302734375
Taylor Gardner-Hickman,passing,62.41517,66.0,3.5848312377929688
Leandro Morgalla,passing,45.417255,49.0,3.582744598388672
Gustav Mortensen,passing,38.4184,42.0,3.5816001892089844
Lloyd Kelly,passing,58.424973,62.0,3.5750274658203125
Mathys Tel,passing,58.438217,62.0,3.5617828369140625
Gonzalo Álvez,passing,57.445587,61.0,3.554412841796875
Ryan Ledson,passing,62.450016,66.0,3.5499839782714844
Alou Kuol,passing,37.45554,41.0,3.5444602966308594
Nicolai Rapp,passing,52.46135,56.0,3.5386505126953125
Lucas Soto,passing,51.466442,55.0,3.533557891845703
Abdul Rabeeh,passing,45.469925,49.0,3.5300750732421875
Hugo Larsson,passing,56.476284,60.0,3.5237159729003906
Nikita Iosifov,passing,60.480015,64.0,3.5199851989746094
Valentín Gómez,passing,53.48477,57.0,3.515228271484375
Adrián Sánchez,passing,63.485134,67.0,3.5148658752441406
Zak Vyner,passing,52.49659,56.0,3.5034103393554688
Serdar Saatçı,passing,37.503033,41.0,3.496967315673828
Kendall Burks,passing,31.504667,35.0,3.495332717895508
Ola Brynhildsen,passing,59.505028,63.0,3.4949722290039062
Michał Skóraś,passing,60.507496,64.0,3.492504119873047
Samuel Stückler,passing,53.51548,57.0,3.4845199584960938
Yayah Kallon,passing,57.516766,61.0,3.483234405517578
Mads Frøkjær-Jensen,passing,61.51923,65.0,3.4807701110839844
Gatlin O'Donkor,passing,40.523933,44.0,3.4760665893554688
Saurav Mandal,passing,45.52618,49.0,3.4738197326660156
Eber Moreno,passing,59.528915,63.0,3.4710845947265625
Aleksa Terzić,passing,55.53038,59.0,3.4696197509765625
Julius Ertlthaler,passing,57.530846,61.0,3.4691543579101562
Oumar Ngom,passing,52.531494,56.0,3.468505859375
Liam Kerrigan,passing,61.541237,65.0,3.4587631225585938
Steve Ngoura,passing,40.54268,44.0,3.4573211669921875
Aaron Basenach,passing,53.45691,50.0,3.4569091796875
Ronnie Edwards,passing,47.54969,51.0,3.4503097534179688
Sorba Thomas,passing,69.44922,66.0,3.44921875
Adam Sørensen,passing,57.55154,61.0,3.4484596252441406
Jewison Bennette,passing,60.445625,57.0,3.4456253051757812
Richard Neudecker,passing,65.5645,69.0,3.4355010986328125
Jake Davis,passing,48.56454,52.0,3.4354591369628906
Crysencio Summerville,passing,59.57325,63.0,3.4267501831054688
Santeri Väänänen,passing,54.57521,58.0,3.4247894287109375
Mike Eerdhuijzen,passing,44.578926,48.0,3.4210739135742188
Elijah Krahn,passing,54.582428,58.0,3.417572021484375
Konstantinos Koulierakis,passing,50.58676,54.0,3.413238525390625
Nico Hug,passing,53.587543,57.0,3.412456512451172
Bartosz Slisz,passing,62.588947,66.0,3.411052703857422
Conor McGrandles,passing,58.599983,62.0,3.4000167846679688
Amar Dedić,passing,63.602604,67.0,3.3973960876464844
Andres Jasson,passing,50.60662,54.0,3.3933792114257812
Joel Mvuka,passing,55.60907,59.0,3.39093017578125
Matías Ramírez,passing,56.612755,60.0,3.3872451782226562
Shurandy Sambo,passing,56.61795,60.0,3.382049560546875
Taras Gomulka,passing,54.619072,58.0,3.3809280395507812
Patrik Mercado,passing,53.6251,57.0,3.3749008178710938
Yadaly Diaby,passing,56.626614,60.0,3.3733863830566406
Daniel Kanu,passing,36.630096,40.0,3.369903564453125
Ellis Taylor,passing,45.634777,49.0,3.365222930908203
Gabriel Vidović,passing,55.63569,59.0,3.3643112182617188
Adam Murphy,passing,50.651627,54.0,3.3483734130859375
Max Caputo,passing,39.654617,43.0,3.3453826904296875
Noah Persson,passing,51.6559,55.0,3.3441009521484375
Kolbeinn Birgir Finnsson,passing,55.65642,59.0,3.343578338623047
Till Cissokho,passing,33.66078,37.0,3.3392181396484375
Adrien Louveau,passing,44.66342,48.0,3.336578369140625
Owen Gene,passing,56.663918,60.0,3.3360824584960938
Harvey O'Brien,passing,37.669727,41.0,3.330272674560547
Bartosz Klebaniuk,passing,51.66974,55.0,3.33026123046875
Szymon Weirauch,passing,51.670742,55.0,3.3292579650878906
Cian Tyler,passing,51.671364,55.0,3.3286361694335938
Blondy Nna Noukeu,passing,51.671528,55.0,3.328472137451172
Markus Ponath,passing,51.671803,55.0,3.328197479248047
Stefan Drljača,passing,51.672,55.0,3.3279991149902344
David Robson,passing,51.672127,55.0,3.3278732299804688
Luca Bendel,passing,51.672184,55.0,3.3278160095214844
Matteo Bignetti,passing,51.67232,55.0,3.327678680419922
Tjark Ernst,passing,51.672894,55.0,3.327106475830078
Hunor Gedő,passing,51.673298,55.0,3.326702117919922
Sam Karssies,passing,51.673473,55.0,3.326526641845703
Ben Bottomley,passing,51.674675,55.0,3.3253250122070312
Ethan Cox,passing,51.674767,55.0,3.3252334594726562
Tom Hendriks,passing,51.674877,55.0,3.325122833251953
Arne Schulz,passing,51.675022,55.0,3.3249778747558594
Rudy Boulais,passing,51.675724,55.0,3.3242759704589844
Gurmeet Singh,passing,51.67594,55.0,3.3240585327148438
Matthew Sutton,passing,51.677895,55.0,3.3221054077148438
Ștefan Mușat,passing,51.679665,55.0,3.3203353881835938
Stefano Surdanović,passing,51.680004,55.0,3.319995880126953
Louis Fortin,passing,51.680054,55.0,3.3199462890625
Sebastian Banozic,passing,51.6808,55.0,3.3191986083984375
Jack Wills,passing,51.681316,55.0,3.318683624267578
Adam Wilk,passing,51.69028,55.0,3.3097190856933594
Ossama Ashley,passing,52.697693,56.0,3.30230712890625
Sascha Risch,passing,56.701584,60.0,3.2984161376953125
Bryan Reynolds,passing,58.70694,62.0,3.293060302734375
Louis Mouton,passing,53.714657,57.0,3.2853431701660156
Tom Bischof,passing,61.725502,65.0,3.2744979858398438
Vikram Singh,passing,47.731667,51.0,3.2683334350585938
Hákon Arnar Haraldsson,passing,63.74677,67.0,3.2532310485839844
Simon Straudi,passing,57.748306,61.0,3.2516937255859375
Jean Ruiz,passing,57.754345,61.0,3.245655059814453
Kenji Cabrera,passing,58.756073,62.0,3.243927001953125
Giuseppe Caso,passing,59.7561,63.0,3.2439002990722656
Brian Plat,passing,45.765953,49.0,3.2340469360351562
Lasse Sørensen,passing,61.23154,58.0,3.2315406799316406
Jan Mlakar,passing,51.7727,55.0,3.2272987365722656
Matthias Braunöder,passing,65.77589,69.0,3.2241134643554688
Leonardo Díaz,passing,47.787266,51.0,3.2127342224121094
Willum Þór Willumsson,passing,66.790016,70.0,3.2099838256835938
Gino Infantino,passing,60.797195,64.0,3.2028045654296875
Garang Kuol,passing,51.801086,55.0,3.19891357421875
Jules Gaudin,passing,55.805634,59.0,3.194366455078125
John Tolkin,passing,59.80641,63.0,3.1935882568359375
Joe White,passing,57.81449,61.0,3.1855087280273438
Jaouen Hadjam,passing,57.830334,61.0,3.169666290283203
Noé Sow,passing,45.833908,49.0,3.1660919189453125
Ibrahima Kébé,passing,59.84276,63.0,3.1572418212890625
Liam Scales,passing,56.84291,60.0,3.1570892333984375
Jacques Ekomié,passing,52.84806,56.0,3.1519393920898438
Maël de Gevigney,passing,47.848106,51.0,3.1518936157226562
Muhammed Damar,passing,59.849304,63.0,3.15069580078125
Nabil Alioui,passing,61.8532,65.0,3.146800994873047
Armindo Sieb,passing,50.853264,54.0,3.1467361450195312
Faris Pemi Moumbagna,passing,48.858185,52.0,3.141815185546875
Jack Sparkes,passing,53.861843,57.0,3.1381568908691406
Pablo Pagis,passing,43.86194,47.0,3.1380615234375
Jani Atanasov,passing,67.87789,71.0,3.1221084594726562
Jacob Muir,passing,41.8826,45.0,3.117401123046875
Filippo Terracciano,passing,63.88302,67.0,3.1169815063476562
Dion Pereira,passing,58.114887,55.0,3.114887237548828
Njabulo Blom,passing,53.890575,57.0,3.109424591064453
Sonny Carey,passing,58.898525,62.0,3.1014747619628906
Julian Stark,passing,57.90384,61.0,3.096160888671875
Jostin Alarcón,passing,64.911835,68.0,3.088165283203125
Lawrence Ennali,passing,50.917496,54.0,3.0825042724609375
Niklas Kölle,passing,50.92547,54.0,3.0745315551757812
Griffin Dorsey,passing,56.926693,60.0,3.0733070373535156
Paul-Philipp Besong,passing,38.92923,42.0,3.070770263671875
Mohammed Al Oufi,passing,40.929543,44.0,3.0704574584960938
Nelson Weiper,passing,42.93229,46.0,3.0677108764648438
Nathan Tjoe-A-On,passing,49.938534,53.0,3.0614662170410156
Douglas James-Taylor,passing,40.944836,44.0,3.055164337158203
Maximilian Wittek,passing,64.94696,68.0,3.05303955078125
Justo Giani,passing,58.95111,62.0,3.04888916015625
Marco Brescianini,passing,57.95257,61.0,3.0474281311035156
Máximo Perrone,passing,62.95398,66.0,3.0460205078125
Miloš Ćoćić,passing,52.956356,56.0,3.0436439514160156
Gabriel Kirejczyk,passing,36.95932,40.0,3.040679931640625
Joseph Forde,passing,43.9603,47.0,3.0396995544433594
Samuele Mulattieri,passing,56.961967,60.0,3.0380325317382812
Kilian Fischer,passing,60.973392,64.0,3.0266075134277344
Henning Matriciani,passing,50.976593,54.0,3.023406982421875
Ethon Varian,passing,44.980686,48.0,3.0193138122558594
Daylam Meddah,passing,54.98408,58.0,3.015918731689453
Mark O'Hara,passing,61.985767,65.0,3.014232635498047
Lars Olden Larsen,passing,56.986916,60.0,3.0130844116210938
Johann Lepenant,passing,63.990738,67.0,3.0092620849609375
Jann-Fiete Arp,passing,52.99498,56.0,3.0050201416015625
Sam Greenwood,passing,65.008675,68.0,2.9913253784179688
Kyan Vaesen,passing,56.014084,59.0,2.9859161376953125
Vlad Pop,passing,55.016518,58.0,2.9834823608398438
John Iredale,passing,45.017277,48.0,2.9827232360839844
Joe Riley,passing,56.02101,59.0,2.9789886474609375
Elies Mahmoud,passing,53.021347,56.0,2.9786529541015625
Christian Viet,passing,59.03193,62.0,2.9680709838867188
Kyliane Dong,passing,49.034245,52.0,2.9657554626464844
Joaquín Lavega,passing,58.04152,61.0,2.9584808349609375
Adam Devine,passing,50.044228,53.0,2.9557723999023438
Søren Tengstedt,passing,53.0456,56.0,2.9543991088867188
Brandon Fleming,passing,54.048027,57.0,2.9519729614257812
Brian Gutiérrez,passing,59.049107,62.0,2.9508934020996094
Freddie Draper,passing,37.050217,40.0,2.9497833251953125
Albion Ademi,passing,42.055122,45.0,2.9448776245117188
Bledian Krasniqi,passing,62.067616,65.0,2.932384490966797
Kasey McAteer,passing,57.07353,60.0,2.926471710205078
Marvin Senaya,passing,50.0757,53.0,2.9243011474609375
Lohann Doucet,passing,54.07822,57.0,2.9217796325683594
Lewis Ferguson,passing,68.08088,71.0,2.9191207885742188
Yan Valery,passing,60.08232,63.0,2.9176788330078125
Tijjani Noslin,passing,56.08974,59.0,2.910259246826172
Yordi López,passing,56.09472,59.0,2.9052810668945312
Tom Zimmerschied,passing,58.109844,61.0,2.890155792236328
Edoardo Bove,passing,64.12374,67.0,2.8762588500976562
Facundo Buonanotte,passing,63.128822,66.0,2.8711776733398438
David Toure,passing,45.134342,48.0,2.8656578063964844
Denso Kasius,passing,59.137726,62.0,2.862274169921875
Colin Rösler,passing,41.139576,44.0,2.860424041748047
Alexander Busch,passing,39.14363,42.0,2.8563690185546875
Rodrigo Márquez,passing,57.150608,60.0,2.8493919372558594
Filip Stojilković,passing,46.15611,49.0,2.843891143798828
Léo Leroy,passing,66.15651,69.0,2.8434906005859375
Ahmed Qasem,passing,51.166416,54.0,2.8335838317871094
David Sala,passing,47.16933,50.0,2.830669403076172
Fred Onyedinma,passing,59.186275,62.0,2.8137245178222656
Linus Rosenlöcher,passing,49.198593,52.0,2.8014068603515625
Kaare Barslund,passing,35.198887,38.0,2.8011131286621094
Joseph N'Duquidi,passing,56.199722,59.0,2.8002777099609375
Fardin Ali Molla,passing,42.200565,45.0,2.7994346618652344
Kayne Ramsay,passing,46.200592,49.0,2.799407958984375
Sem Steijn,passing,64.20153,67.0,2.7984695434570312
Malick Fofana,passing,56.20164,59.0,2.798358917236328
Lewis Warrington,passing,58.206295,61.0,2.7937049865722656
Lucas Mauragis,passing,50.20754,53.0,2.792461395263672
Radu Negru,passing,56.788338,54.0,2.7883377075195312
Jean-Mattéo Bahoya,passing,55.212986,58.0,2.7870140075683594
Odin Luraas Bjørtuft,passing,52.219833,55.0,2.7801666259765625
Ethan Bristow,passing,53.220264,56.0,2.779735565185547
Tomi Horvat,passing,68.22334,71.0,2.7766571044921875
Botond Balogh,passing,35.226383,38.0,2.7736167907714844
Ernest Poku,passing,52.237774,55.0,2.762226104736328
Cameron Harper,passing,49.240868,52.0,2.7591323852539062
Dennis Borkowski,passing,46.241024,49.0,2.7589759826660156
Hugo Vetlesen,passing,65.24169,68.0,2.7583084106445312
Jairo Concha,passing,65.24194,68.0,2.758056640625
Umut Güneş,passing,60.251312,63.0,2.748687744140625
Kenneth Paal,passing,65.25238,68.0,2.74761962890625
Anass Zaroury,passing,65.25699,68.0,2.743011474609375
Eric N'Jo,passing,36.258816,39.0,2.7411842346191406
Kyle McAllister,passing,58.738644,56.0,2.7386436462402344
Josh Austerfield,passing,52.26518,55.0,2.734821319580078
Oscar Luigi Fraulo,passing,58.265244,61.0,2.7347564697265625
Patrick Yazbek,passing,57.275726,60.0,2.724273681640625
Oscar Vilhelmsson,passing,41.27601,44.0,2.7239913940429688
Can Bozdoğan,passing,65.28221,68.0,2.7177886962890625
Timo Königsmann,passing,51.715588,49.0,2.715587615966797
Mirnes Pepić,passing,62.713676,60.0,2.7136764526367188
Kacper Chodyna,passing,56.287956,59.0,2.7120437622070312
Sadik Fofana,passing,54.289352,57.0,2.7106475830078125
Mads Hansen,passing,55.289375,58.0,2.7106246948242188
Franklin Tebo Uchenna,passing,37.294346,40.0,2.7056541442871094
Jannis Heuer,passing,54.29746,57.0,2.7025413513183594
Tommy Lonergan,passing,43.29808,46.0,2.7019195556640625
Dion Sanderson,passing,51.29844,54.0,2.7015609741210938
Sikou Niakaté,passing,48.303085,51.0,2.6969146728515625
Kostandinos Grozos,passing,54.30776,57.0,2.692241668701172
Baïla Diallo,passing,49.31539,52.0,2.6846084594726562
Jarrad Branthwaite,passing,45.316357,48.0,2.683643341064453
Niraj Kumar,passing,51.675003,49.0,2.6750030517578125
Matthew Connelly,passing,51.672173,49.0,2.6721725463867188
Jeanuël Belocian,passing,55.336525,58.0,2.6634750366210938
Yoan Koré,passing,51.34046,54.0,2.6595382690429688
Jacob Shaffelburg,passing,57.34558,60.0,2.6544189453125
Marouan Azarkan,passing,54.34831,57.0,2.651691436767578
Komal Thatal,passing,45.647327,43.0,2.647327423095703
Jordan James,passing,56.35537,59.0,2.6446304321289062
Lewis Hall,passing,62.35789,65.0,2.642108917236328
Charlie Kelman,passing,45.360516,48.0,2.639484405517578
Kosi Thompson,passing,49.362297,52.0,2.6377029418945312
Felix Götze,passing,59.36342,62.0,2.6365814208984375
Mads Enggård,passing,56.368828,59.0,2.6311721801757812
Faride Alidou,passing,57.37458,60.0,2.6254196166992188
Musa Juwara,passing,56.623768,54.0,2.623767852783203
Zidane Iqbal,passing,59.380352,62.0,2.619647979736328
Lucas Kåhed,passing,49.381466,52.0,2.6185340881347656
Freddie Potts,passing,52.385056,55.0,2.6149444580078125
Emmanuel Yeboah,passing,53.387035,56.0,2.612964630126953
Robbie McKenzie,passing,56.612587,54.0,2.6125869750976562
Marius Ros,passing,37.389435,40.0,2.610565185546875
Lewis Miller,passing,53.389477,56.0,2.610523223876953
Gene Kennedy,passing,52.60682,50.0,2.6068191528320312
Francesco Cassata,passing,67.60371,65.0,2.6037063598632812
Siriné Doucouré,passing,45.398502,48.0,2.6014976501464844
Jonny Yull,passing,47.402225,50.0,2.5977745056152344
Nassim Elouarti,passing,48.40282,51.0,2.597179412841797
Calvin Twigt,passing,59.4063,62.0,2.593700408935547
Paul Omo Mukairu,passing,58.593,56.0,2.592998504638672
Damián Pizarro,passing,41.40752,44.0,2.592479705810547
Luca Warrick Koleosho,passing,52.408455,55.0,2.5915451049804688
Lex-Tyger Lobinger,passing,42.409374,45.0,2.590625762939453
Gonzalo Piñeiro,passing,64.58583,62.0,2.5858306884765625
Denis Benga,passing,44.415207,47.0,2.5847930908203125
Oliver Cooper,passing,61.417995,64.0,2.5820045471191406
Kusini Yengi,passing,49.42764,52.0,2.5723609924316406
Kobe Hernández-Foster,passing,59.435665,62.0,2.5643348693847656
Jonas Michelbrink,passing,56.436775,59.0,2.5632247924804688
Martin Samuelsen,passing,57.43905,60.0,2.5609512329101562
Amadou Bakayoko,passing,50.558132,48.0,2.5581321716308594
Eli King,passing,54.44603,57.0,2.5539703369140625
Ernest Terpiłowski,passing,55.44852,58.0,2.5514793395996094
Jean N'Guessan,passing,62.458645,65.0,2.5413551330566406
Alper Demirol,passing,53.460896,56.0,2.539104461669922
Reece Burke,passing,51.462906,54.0,2.5370941162109375
Jackson Tchatchoua,passing,54.463303,57.0,2.5366973876953125
Daniel Pereira,passing,60.463722,63.0,2.5362777709960938
Dawid Drachal,passing,49.465393,52.0,2.53460693359375
Namgyal Bhutia,passing,43.467037,46.0,2.5329627990722656
Franco Díaz,passing,61.471413,64.0,2.5285873413085938
Niklas May,passing,53.47536,56.0,2.524639129638672
Santiago Castro,passing,44.47728,47.0,2.5227203369140625
Yusuf Sarı,passing,63.478096,66.0,2.5219039916992188
Victor Larsson,passing,46.47859,49.0,2.521411895751953
Mateusz Praszelik,passing,69.51922,67.0,2.5192184448242188
Michael Ameyaw,passing,54.482872,57.0,2.5171279907226562
Abu Francis,passing,59.48744,62.0,2.512561798095703
Josh Flint,passing,53.488113,56.0,2.5118865966796875
Khalil Fayad,passing,59.49179,62.0,2.508209228515625
Henrik Skogvold,passing,49.493286,52.0,2.5067138671875
Xavier Simons,passing,59.50299,62.0,2.49700927734375
Nayel Mehssatou,passing,57.50422,60.0,2.4957809448242188
Nikolas Veratschnig,passing,56.50831,59.0,2.4916915893554688
Dan Martin,passing,50.51224,53.0,2.4877586364746094
Ali Makki,passing,43.513344,46.0,2.4866561889648438
Kelland Watts,passing,54.481346,52.0,2.4813461303710938
Gaetano Oristanio,passing,62.524025,65.0,2.4759750366210938
Vetle Walle Egeli,passing,52.524544,55.0,2.4754562377929688
Thijs Timmermans,passing,54.525185,57.0,2.4748153686523438
Huseyin Biler,passing,45.531254,48.0,2.4687461853027344
Juljan Shehu,passing,62.467896,60.0,2.4678955078125
John-Patrick Strauß,passing,61.46294,59.0,2.462940216064453
Dean Cornelius,passing,59.539146,62.0,2.4608535766601562
Agustín Martegani,passing,66.54593,69.0,2.454071044921875
Francisco Perruzzi,passing,52.547447,55.0,2.4525527954101562
Daniel Wilmering,passing,51.55165,54.0,2.4483489990234375
Emanuele Valeri,passing,64.552986,67.0,2.4470138549804688
Ahmed Longmire,passing,28.553205,31.0,2.4467945098876953
Christiaan Ravych,passing,48.445274,46.0,2.4452743530273438
Jonas Sterner,passing,64.44506,62.0,2.4450607299804688
Moritz Jenz,passing,47.558342,50.0,2.4416580200195312
Marko Divković,passing,49.563812,52.0,2.436187744140625
Isaiah Parente,passing,54.57027,57.0,2.429729461669922
Sacha Delaye,passing,60.575134,63.0,2.42486572265625
Lorenzo Pirola,passing,49.582836,52.0,2.417163848876953
Casper Tengstedt,passing,56.587433,59.0,2.412567138671875
Matías Silva,passing,55.58813,58.0,2.4118690490722656
Dixon Vera,passing,54.59255,57.0,2.407451629638672
Noah Mbamba,passing,51.593243,54.0,2.406757354736328
Brahima Diarra,passing,53.594242,56.0,2.4057579040527344
Samuel Rogers,passing,49.60339,52.0,2.3966102600097656
Mamadou Camara,passing,51.607277,54.0,2.3927230834960938
Sekou Sidibe,passing,56.613205,59.0,2.3867950439453125
Bendegúz Bolla,passing,56.615067,59.0,2.3849334716796875
Matisse Samoise,passing,65.6192,68.0,2.38079833984375
Mads Pedersen,passing,62.620472,65.0,2.379528045654297
Jack Robinson,passing,48.379246,46.0,2.3792457580566406
Patrick Nwadike,passing,47.624035,50.0,2.375965118408203
Kacper Kozłowski,passing,61.630417,64.0,2.3695831298828125
Christian Dalle Mura,passing,42.630474,45.0,2.369525909423828
Arnór Sigurðsson,passing,66.65045,69.0,2.34954833984375
Cameron Duke,passing,54.650944,57.0,2.3490562438964844
Daniel Samek,passing,69.345436,67.0,2.3454360961914062
Tanner Tessmann,passing,63.65459,66.0,2.345409393310547
Kryspin Szcześniak,passing,42.6568,45.0,2.34320068359375
Raphael Borges Rodrigues,passing,47.65734,50.0,2.3426589965820312
Daniel Adshead,passing,57.338272,55.0,2.3382720947265625
Yasser Larouci,passing,56.663204,59.0,2.3367958068847656
Guillaume Furrer,passing,51.665615,54.0,2.3343849182128906
Eric Martel,passing,57.666428,60.0,2.3335723876953125
Alieu Fadera,passing,58.6668,61.0,2.3331985473632812
Daniel Bielica,passing,51.668144,54.0,2.3318557739257812
Drissa Camara,passing,54.668762,57.0,2.33123779296875
Mohammad Nawaz,passing,51.670063,54.0,2.329936981201172
Paul Schermer,passing,51.671757,54.0,2.3282432556152344
CJ dos Santos,passing,51.672043,54.0,2.3279571533203125
Kayne van Oevelen,passing,51.672066,54.0,2.3279342651367188
Casper Andersson,passing,51.672066,54.0,2.3279342651367188
Kévin Cabral,passing,58.327843,56.0,2.3278427124023438
Edoardo Corvi,passing,51.672207,54.0,2.3277931213378906
Lewis Webb,passing,51.672424,54.0,2.32757568359375
Max Bird,passing,67.32685,65.0,2.3268508911132812
Jamie Searle,passing,51.673485,54.0,2.3265151977539062
Oliver Valaker Edvardsen,passing,55.6741,58.0,2.3259010314941406
Joe Hilton,passing,51.67634,54.0,2.3236618041992188
Brian Salvareschi,passing,49.322773,47.0,2.322772979736328
Felix Wienand,passing,51.67955,54.0,2.3204498291015625
Boubacar Fofana,passing,54.680626,57.0,2.3193740844726562
Federico Ravaglia,passing,51.68079,54.0,2.3192100524902344
Gabriel Osho,passing,51.68139,54.0,2.3186111450195312
Ayman Aiki,passing,47.6825,50.0,2.3175010681152344
Bonke Innocent,passing,54.683804,57.0,2.3161964416503906
Robert Wagner,passing,60.685314,63.0,2.314685821533203
Maik Nawrocki,passing,54.68692,57.0,2.313079833984375
Ianis Stoica,passing,58.31249,56.0,2.312488555908203
Rasmus Örqvist,passing,57.68883,60.0,2.311168670654297
Julius Eskesen,passing,58.694202,61.0,2.305797576904297
Rocco Reitz,passing,65.69493,68.0,2.3050689697265625
Aske Andresen,passing,51.696598,54.0,2.3034019470214844
Gary Magnée,passing,58.69783,61.0,2.3021697998046875
Patricio Pizarro,passing,43.69794,46.0,2.3020591735839844
Felix Afena-Gyan,passing,56.71262,59.0,2.2873802185058594
Cristhian García,passing,55.71302,58.0,2.2869796752929688
Tommaso Cassandro,passing,46.714993,49.0,2.2850074768066406
Alex Murphy,passing,50.71528,53.0,2.2847213745117188
Quinn Sullivan,passing,59.717762,62.0,2.282238006591797
Max Woltman,passing,46.72059,49.0,2.2794113159179688
Michał Helik,passing,49.27769,47.0,2.277690887451172
Luca Kerber,passing,60.724472,63.0,2.2755279541015625
Taïryk Arconte,passing,56.725822,59.0,2.2741775512695312
Christoph Lang,passing,57.72613,60.0,2.2738685607910156
Killian Sardella,passing,62.728245,65.0,2.2717552185058594
Boubacar Traoré,passing,60.731434,63.0,2.268566131591797
Ismaël Koné,passing,58.731895,61.0,2.2681045532226562
Kian Fitz-Jim,passing,64.7409,67.0,2.2591018676757812
Matías Alfonso,passing,58.746136,61.0,2.253864288330078
Brison Fernandes,passing,45.75467,48.0,2.245330810546875
Miguel Chaiwa,passing,46.755764,49.0,2.2442359924316406
Jean-Victor Makengo,passing,69.76325,72.0,2.2367477416992188
Vegard Kongsro,passing,50.765263,53.0,2.2347373962402344
Odel Offiah,passing,38.77101,41.0,2.2289886474609375
Iyad Mohamed,passing,52.775635,55.0,2.224365234375
Ben Wilmot,passing,52.77964,55.0,2.2203598022460938
Kegs Chauke,passing,54.786713,57.0,2.213287353515625
Felix Allgaier,passing,48.78976,51.0,2.2102394104003906
Thierry Lutonda,passing,54.795456,57.0,2.2045440673828125
Ian Fray,passing,36.79905,39.0,2.2009506225585938
Charlie Lakin,passing,63.200413,61.0,2.2004127502441406
Patrick Wood,passing,48.800858,51.0,2.1991424560546875
Lukas Fadinger,passing,59.80962,62.0,2.190380096435547
Adam Gnezda Čerin,passing,65.81424,68.0,2.185760498046875
Jeison Mina,passing,34.815067,37.0,2.1849327087402344
Nigel Lonwijk,passing,41.817966,44.0,2.1820335388183594
Tyler Onyango,passing,59.176506,57.0,2.1765060424804688
Mathis Lachuer,passing,65.82395,68.0,2.1760482788085938
Zico Buurmeester,passing,59.82528,62.0,2.1747207641601562
Selmin Hodza,passing,51.82792,54.0,2.1720809936523438
Florian Kleinhansl,passing,59.83548,62.0,2.164520263671875
Givson Singh,passing,49.83948,52.0,2.1605186462402344
Robbie Gotts,passing,61.159008,59.0,2.159008026123047
Kevin Schade,passing,56.841408,59.0,2.1585922241210938
Bryce Miranda,passing,49.158173,47.0,2.158172607421875
Gökhan Gül,passing,52.15636,50.0,2.156360626220703
Yáser Asprilla,passing,63.8452,66.0,2.1548004150390625
Abdul Fatawu Issahaku,passing,62.84717,65.0,2.1528282165527344
Maren Haile-Selassie,passing,56.84967,59.0,2.15032958984375
Ciarán Kelly,passing,48.14767,46.0,2.1476707458496094
Aljaž Casar,passing,59.85476,62.0,2.1452407836914062
Mark Byrne,passing,54.142536,52.0,2.142536163330078
Luke Ivanovic,passing,51.14181,49.0,2.1418113708496094
Christian Theoharous,passing,48.859116,51.0,2.1408843994140625
Oliver Antman,passing,58.86188,61.0,2.1381187438964844
Jacen Russell-Rowe,passing,41.866703,44.0,2.1332969665527344
Robin Hack,passing,62.87266,65.0,2.127338409423828
Mimeirhel Benita,passing,52.875294,55.0,2.124706268310547
Joel Tabiner,passing,53.876854,56.0,2.1231460571289062
Luke Bolton,passing,56.879997,59.0,2.1200027465820312
Jacob Davenport,passing,60.11936,58.0,2.1193618774414062
Bryang Kayo,passing,56.883766,59.0,2.1162338256835938
Valentino Müller,passing,62.88713,65.0,2.1128692626953125
Diego Coppola,passing,52.888847,55.0,2.1111526489257812
Jay Idzes,passing,56.892513,59.0,2.1074867248535156
Alex Greive,passing,47.894768,50.0,2.1052322387695312
Kyle Joseph,passing,45.89821,48.0,2.1017913818359375
Naouirou Ahamada,passing,62.903767,65.0,2.096233367919922
Cameron Congreve,passing,49.905315,52.0,2.094684600830078
Romaric Yapi,passing,42.908653,45.0,2.0913467407226562
Mallik Wilks,passing,58.09127,56.0,2.0912704467773438
Henrik Molvær Melland,passing,50.910614,53.0,2.089385986328125
Jens Castrop,passing,61.91107,64.0,2.08892822265625
Harvey Vale,passing,61.916466,64.0,2.0835342407226562
Igoh Ogbu,passing,52.919178,55.0,2.080821990966797
Lasse Berg Johnsen,passing,62.919693,65.0,2.0803070068359375
Omar El Hilali,passing,54.92227,57.0,2.077728271484375
Thor Úlfarsson,passing,57.07642,55.0,2.0764198303222656
Kristoffer Askildsen,passing,66.07601,64.0,2.0760116577148438
Lennard Maloney,passing,53.92806,56.0,2.071941375732422
Görkem Sağlam,passing,63.930332,66.0,2.0696678161621094
Tim Oermann,passing,45.930664,48.0,2.0693359375
Abdoulie Sanyang,passing,55.93937,58.0,2.0606307983398438
Jamie Bynoe-Gittens,passing,55.942482,58.0,2.0575180053710938
Kiyan Nassiri,passing,43.94421,46.0,2.0557899475097656
Sydney van Hooijdonk,passing,54.947536,57.0,2.0524635314941406
Sahil Panwar,passing,39.949547,42.0,2.0504531860351562
Marius Cioiu,passing,56.9543,59.0,2.0457000732421875
Filip Trpcevski,passing,46.95758,49.0,2.04241943359375
Arkadiusz Pyrka,passing,56.959415,59.0,2.0405845642089844
Christoph Klarer,passing,47.960472,50.0,2.0395278930664062
Noa Savignac,passing,55.96068,58.0,2.0393218994140625
Liam Lindsay,passing,48.9614,51.0,2.0386009216308594
Fredrik Oppegård,passing,56.963562,59.0,2.03643798828125
Logan Delaurier-Chaubet,passing,66.96841,69.0,2.0315933227539062
Antonio Foti,passing,56.974472,59.0,2.0255279541015625
Dylan Duffy,passing,50.975346,53.0,2.0246543884277344
Reed Baker-Whiting,passing,48.97687,51.0,2.0231285095214844
Harvey Macadam,passing,53.976994,56.0,2.0230064392089844
Mateusz Wdowiak,passing,58.97777,61.0,2.022228240966797
James Gomez,passing,45.97891,48.0,2.0210914611816406
Taylor Perry,passing,58.97944,61.0,2.0205612182617188
Max Ejdum,passing,52.98017,55.0,2.0198287963867188
Delano Burgzorg,passing,56.0188,54.0,2.018798828125
Arianit Ferati,passing,65.98273,68.0,2.01727294921875
Angus Thurgate,passing,60.98569,63.0,2.0143089294433594
Omar Faraj,passing,42.990623,45.0,2.0093765258789062
Ben Jackson,passing,49.002,51.0,1.9980010986328125
Oussama El Azzouzi,passing,57.007812,59.0,1.9921875
Jesper Ceesay,passing,57.0148,59.0,1.985198974609375
Tasos Douvikas,passing,60.01945,62.0,1.9805488586425781
Juan Alexander Franco,passing,45.022358,47.0,1.9776420593261719
Fabian Nürnberger,passing,65.97374,64.0,1.9737396240234375
Mateo Pellegrino,passing,44.02736,46.0,1.9726409912109375
Tom Bayliss,passing,63.0286,65.0,1.9714012145996094
Lukas Schleimer,passing,61.02989,63.0,1.9701118469238281
Kazımcan Karataş,passing,57.031757,59.0,1.9682426452636719
Gianluca Frabotta,passing,64.965904,63.0,1.9659042358398438
Tate Russell,passing,56.963802,55.0,1.9638023376464844
Ethan Chislett,passing,59.037624,61.0,1.9623756408691406
Yentl Van Genechten,passing,56.039574,58.0,1.9604263305664062
Marcos Portillo,passing,57.040787,59.0,1.9592132568359375
Justin Haak,passing,55.047874,57.0,1.9521255493164062
Daouda Guindo,passing,53.065514,55.0,1.9344863891601562
Eoghan O'Connell,passing,50.934296,49.0,1.934295654296875
Daniel Arzani,passing,59.932255,58.0,1.9322547912597656
Laurin Ulrich,passing,59.07194,61.0,1.9280586242675781
Kai Corbett,passing,41.073574,43.0,1.9264259338378906
Michel Ndary Adopo,passing,58.075863,60.0,1.9241371154785156
Federico Paradela,passing,62.912224,61.0,1.9122238159179688
Allan Linguet,passing,47.09005,49.0,1.9099502563476562
George Johnston,passing,49.091167,51.0,1.9088325500488281
Edwin Cerrillo,passing,58.09217,60.0,1.9078292846679688
Jusef Erabi,passing,46.09809,48.0,1.9019088745117188
Nicholas Pierini,passing,56.099174,58.0,1.9008255004882812
Matthéo Xantippe,passing,54.100098,56.0,1.89990234375
Tom Ducrocq,passing,61.10078,63.0,1.8992195129394531
Ismet Lushaku,passing,58.10411,60.0,1.8958892822265625
Adam Wikman,passing,53.111935,55.0,1.8880653381347656
Andrew Quinn,passing,41.121685,43.0,1.8783149719238281
Facundo Colidio,passing,65.12873,67.0,1.8712692260742188
Noah Katterbach,passing,58.870483,57.0,1.8704833984375
Amadou Keita,passing,60.869453,59.0,1.8694534301757812
Jonatas Santos,passing,51.140488,53.0,1.8595123291015625
Ramiro Sordo,passing,59.142845,61.0,1.8571548461914062
Evan Caffrey,passing,53.145863,55.0,1.8541374206542969
Joe Rankin-Costello,passing,59.146194,61.0,1.8538055419921875
Ramiro Ruiz Rodríguez,passing,64.148506,66.0,1.8514938354492188
Amin Sarr,passing,56.14972,58.0,1.85028076171875
Kenzo Goudmijn,passing,64.15161,66.0,1.848388671875
Marin Ljubičić,passing,53.15194,55.0,1.8480606079101562
Marcin Listkowski,passing,60.154026,62.0,1.8459739685058594
Elkan Baggott,passing,32.15791,34.0,1.8420906066894531
Mateusz Żukowski,passing,53.16021,55.0,1.8397903442382812
Giorgio Cittadini,passing,37.161213,39.0,1.8387870788574219
Sweden Fernandes,passing,42.16485,44.0,1.8351516723632812
Niclas Stierlin,passing,55.834335,54.0,1.8343353271484375
Benjamin Kanuric,passing,57.17288,59.0,1.8271217346191406
Ben Purrington,passing,58.826256,57.0,1.8262557983398438
Mirko Antonucci,passing,64.17578,66.0,1.82421875
Vincent Marchetti,passing,66.1871,68.0,1.812896728515625
Will Richmond,passing,46.192043,48.0,1.8079566955566406
Rafik Guitane,passing,64.19249,66.0,1.8075103759765625
Jacob Farrell,passing,46.19307,48.0,1.8069305419921875
Giuliano Simeone,passing,56.206142,58.0,1.7938575744628906
Théo Sainte-Luce,passing,57.210686,59.0,1.7893142700195312
Ryan Flamingo,passing,60.211468,62.0,1.7885322570800781
Paul Ramfangzauva,passing,51.78662,50.0,1.78662109375
William Osula,passing,45.21518,47.0,1.784820556640625
Oğuz Aydın,passing,55.21574,57.0,1.7842597961425781
Gonzalo Nápoli,passing,63.217926,65.0,1.782073974609375
Cameron Carter-Vickers,passing,54.21934,56.0,1.7806587219238281
Jamie Mullins,passing,49.234127,51.0,1.7658729553222656
Jordan Williams,passing,54.235256,56.0,1.7647438049316406
Fabio Ponsi,passing,46.236122,48.0,1.7638778686523438
Magnus Retsius Grødem,passing,62.24626,64.0,1.7537384033203125
Tommy Conway,passing,44.247414,46.0,1.7525863647460938
Jacob Eng,passing,45.24872,47.0,1.75128173828125
Osame Sahraoui,passing,63.25107,65.0,1.748931884765625
Luke Heeney,passing,52.742176,51.0,1.7421760559082031
Yusuf Özdemir,passing,53.257935,55.0,1.7420654296875
Fabio Torsiello,passing,39.259605,41.0,1.7403945922851562
Marco Tilio,passing,59.262157,61.0,1.7378425598144531
Mukhair Al Rashidi,passing,48.737274,47.0,1.737274169921875
Finn Ole Becker,passing,65.263054,67.0,1.7369461059570312
Jonathan Afolabi,passing,45.2631,47.0,1.7369003295898438
Fabricio Vidal,passing,46.267204,48.0,1.7327957153320312
Daniel Bassi,passing,48.269165,50.0,1.7308349609375
Andreas Müller,passing,67.26957,69.0,1.7304306030273438
Can Keleş,passing,57.269825,59.0,1.7301750183105469
Thomas Santos,passing,56.270363,58.0,1.7296371459960938
Jay Stansfield,passing,53.272068,55.0,1.7279319763183594
Dominik Kother,passing,53.72771,52.0,1.7277107238769531
Jón Dagur Þorsteinsson,passing,62.279724,64.0,1.72027587890625
Valentin Ticu,passing,63.28721,65.0,1.7127914428710938
Tanguy Zoukrou,passing,39.290844,41.0,1.7091560363769531
Ezequiel Herrera,passing,47.292824,49.0,1.7071762084960938
Luca Hoole,passing,54.29312,56.0,1.706878662109375
Zinédine Ould Khaled,passing,57.293587,59.0,1.7064132690429688
Franco Fagúndez,passing,64.29585,66.0,1.7041473388671875
Kevin Ehlers,passing,51.69536,50.0,1.6953582763671875
Cody Johnson,passing,52.30832,54.0,1.691680908203125
Stefan Colakovski,passing,51.69118,50.0,1.6911811828613281
Alexander Bernhardsson,passing,58.31256,60.0,1.68743896484375
Romeo Giovannini,passing,49.315292,51.0,1.6847076416015625
Gonzalo Maroni,passing,64.68264,63.0,1.6826400756835938
Dylan Kadji,passing,48.318897,50.0,1.6811027526855469
Flynn Downes,passing,66.32035,68.0,1.6796493530273438
Nikhil Deka,passing,51.6791,50.0,1.6791000366210938
Heath Richardson,passing,51.677467,50.0,1.6774673461914062
Frank Junior Adjei,passing,43.323887,45.0,1.6761131286621094
Meshari Sanyor,passing,51.67444,50.0,1.6744384765625
Bandar Al Shahrani,passing,51.673786,50.0,1.6737861633300781
Luis Guillén,passing,51.673595,50.0,1.6735954284667969
Reo Griffiths,passing,45.673218,44.0,1.6732177734375
Daniel Aguirre,passing,55.326836,57.0,1.6731643676757812
Conor Brann,passing,51.67308,50.0,1.6730804443359375
Fabian Holst-Larsen,passing,42.3272,44.0,1.6727981567382812
Sayfallah Ltaief,passing,57.327618,59.0,1.6723823547363281
Nik Prelec,passing,53.327656,55.0,1.6723442077636719
Nathan Harness,passing,51.671074,50.0,1.6710739135742188
Georgios Theocharis,passing,51.67071,50.0,1.6707115173339844
Johaneko Louis-Jean,passing,50.669598,49.0,1.6695976257324219
Sachin Suresh,passing,51.668507,50.0,1.6685066223144531
James Holden,passing,51.668285,50.0,1.6682853698730469
Kevin Martin Krygård,passing,58.337902,60.0,1.6620979309082031
Ryan Howley,passing,59.338657,61.0,1.6613426208496094
Antonio Jonjić,passing,55.349075,57.0,1.6509246826171875
Sami Lahssaini,passing,60.34994,62.0,1.6500587463378906
Noel Eichinger,passing,52.351357,54.0,1.6486434936523438
Johan Kenneryd,passing,34.35148,36.0,1.6485214233398438
Eli Adams,passing,49.355362,51.0,1.6446380615234375
Victor Lind,passing,54.364788,56.0,1.6352119445800781
Xander Blomme,passing,55.370426,57.0,1.6295738220214844
Lucas Noubi,passing,48.627956,47.0,1.6279563903808594
Marco Burch,passing,50.376095,52.0,1.6239051818847656
Frankie Kent,passing,46.379585,48.0,1.6204147338867188
Matthis Riou,passing,53.382256,55.0,1.6177444458007812
Nico Ochojski,passing,55.38417,57.0,1.6158294677734375
Liam Thompson,passing,60.615646,59.0,1.6156463623046875
Grégory Coelho,passing,49.38485,51.0,1.6151504516601562
Bart van Rooij,passing,56.393368,58.0,1.6066322326660156
Mohamed Sankoh,passing,48.39449,50.0,1.6055107116699219
Julian Hettwer,passing,49.397522,51.0,1.60247802734375
İsmail Yüksek,passing,66.39769,68.0,1.6023101806640625
Michael Steinwender,passing,42.40128,44.0,1.5987205505371094
Brandon Kavanagh,passing,56.407642,58.0,1.5923576354980469
Ben Lederman,passing,66.40899,68.0,1.5910110473632812
Max Cleworth,passing,37.410423,39.0,1.5895767211914062
Kortney Hause,passing,56.41171,58.0,1.5882911682128906
Marvin Senger,passing,42.41584,44.0,1.5841598510742188
Francesco Lo Celso,passing,68.58063,67.0,1.58062744140625
Fin Back,passing,49.425922,51.0,1.5740776062011719
Facundo Bruera,passing,52.42597,54.0,1.5740318298339844
Noah Söderberg,passing,55.426884,57.0,1.5731163024902344
Marco Pompetti,passing,61.427975,63.0,1.5720252990722656
Bernhard Zimmermann,passing,54.43133,56.0,1.5686683654785156
Omar Megeed,passing,51.431908,53.0,1.5680923461914062
Rodney Elongo-Yombo,passing,53.43194,55.0,1.5680618286132812
Noah Weißhaupt,passing,62.43289,64.0,1.567108154296875
Michael Gallagher,passing,47.438576,49.0,1.5614242553710938
Joaquín Pombo,passing,36.440437,38.0,1.5595626831054688
Oussama Targhalline,passing,65.44237,67.0,1.5576324462890625
Žan Zaletel,passing,43.44348,45.0,1.5565185546875
Francis Momoh,passing,45.449116,47.0,1.5508842468261719
Serge-Philippe Raux-Yao,passing,38.45304,40.0,1.5469589233398438
Maximilian Breunig,passing,45.45376,47.0,1.5462417602539062
Igor Strzałek,passing,55.45703,57.0,1.54296875
Justin Salmon,passing,55.46121,57.0,1.5387916564941406
Ignacio Rodríguez,passing,28.46151,30.0,1.5384902954101562
Youri Baas,passing,54.46451,56.0,1.5354881286621094
Allahyar Sayyadmanesh,passing,55.46453,57.0,1.5354690551757812
Justin Forst,passing,40.472492,42.0,1.5275077819824219
Zac Williams,passing,45.47718,47.0,1.5228195190429688
Afimico Pululu,passing,56.52137,55.0,1.5213699340820312
Jan Král,passing,33.479923,35.0,1.5200767517089844
Sadou Diallo,passing,55.48008,57.0,1.5199203491210938
Oliver Hammond,passing,50.48011,52.0,1.5198898315429688
Ben Bobzien,passing,53.481144,55.0,1.5188560485839844
Iron Gomis,passing,63.482094,65.0,1.5179061889648438
Ezequiel Alfonso,passing,56.482983,58.0,1.5170173645019531
Cisse Sandra,passing,61.483418,63.0,1.5165824890136719
Darragh Burns,passing,58.51314,57.0,1.5131416320800781
Antoine Semenyo,passing,57.50071,59.0,1.4992904663085938
Rarmani Edmonds-Green,passing,55.497414,54.0,1.4974136352539062
Alexandru Ișfan,passing,58.50792,60.0,1.4920806884765625
Santiago Núñez,passing,43.5085,45.0,1.4915008544921875
Nassim Boujellab,passing,62.491055,61.0,1.4910545349121094
Amadou Sagna,passing,44.510548,46.0,1.4894523620605469
Jocelyn Janneh,passing,49.51296,51.0,1.4870414733886719
Jack Rudoni,passing,61.485584,60.0,1.4855842590332031
Davino Knappe,passing,51.517326,53.0,1.4826736450195312
Gautier Lloris,passing,50.47585,49.0,1.4758491516113281
Sam McClelland,passing,37.526054,39.0,1.4739456176757812
Antonio Nusa,passing,57.529236,59.0,1.47076416015625
Kian Leavy,passing,54.540104,56.0,1.4598960876464844
Josh Earl,passing,56.541508,58.0,1.4584922790527344
Ethan Laird,passing,63.542854,65.0,1.4571456909179688
Shane Farrell,passing,53.543842,55.0,1.4561576843261719
Conrad Wallem,passing,60.546295,62.0,1.453704833984375
Jodi Jones,passing,57.553165,59.0,1.4468345642089844
Mateo Tanlongo,passing,61.55934,63.0,1.4406585693359375
John Nelson,passing,46.560116,48.0,1.4398841857910156
Nikolas Sattlberger,passing,51.561142,53.0,1.4388580322265625
Jonathan Rowe,passing,57.563126,59.0,1.4368743896484375
Thomas Sabitzer,passing,58.56408,60.0,1.4359207153320312
Yahya Al Najai,passing,49.565132,51.0,1.4348678588867188
Nawaf Al Qumairi,passing,48.56815,50.0,1.4318504333496094
Steffen Tigges,passing,55.568493,57.0,1.4315071105957031
Connor McLennan,passing,57.43142,56.0,1.4314193725585938
Tyrese Shade,passing,52.43088,51.0,1.4308815002441406
Guillermo Enrique,passing,49.421856,48.0,1.4218559265136719
Alexander Oroz,passing,58.57851,60.0,1.4214897155761719
Boris Singh,passing,48.58054,50.0,1.4194602966308594
Kylian Kaïboué,passing,62.583427,64.0,1.4165725708007812
Ernest Muçi,passing,57.586433,59.0,1.4135665893554688
Jeremy Sarmiento,passing,61.5875,63.0,1.4124984741210938
Danny McNamara,passing,58.587563,60.0,1.4124374389648438
Joel Senior,passing,42.587746,44.0,1.4122543334960938
Nathanael Ogbeta,passing,51.590813,53.0,1.4091873168945312
Trent Buhagiar,passing,49.592064,51.0,1.4079360961914062
Fisnik Asllani,passing,47.59242,49.0,1.4075813293457031
Al-Amin Kazeem,passing,45.598602,47.0,1.401397705078125
Adam Wharton,passing,54.599415,56.0,1.4005851745605469
Thomas Aquilina,passing,49.399597,48.0,1.39959716796875
Paddy Lane,passing,64.39576,63.0,1.3957595825195312
Daniel Pik,passing,48.608746,50.0,1.3912544250488281
Ryan Porteous,passing,60.60895,62.0,1.3910484313964844
Sondre Fosnæss Hanssen,passing,44.610893,46.0,1.3891067504882812
Reece Brown,passing,63.38898,62.0,1.3889808654785156
Manuel García,passing,56.615376,58.0,1.3846244812011719
Mark Dignam,passing,48.61643,50.0,1.3835716247558594
Herbie Kane,passing,65.61743,67.0,1.382568359375
Nicolae Păun,passing,59.617596,61.0,1.3824043273925781
Louis Zabala,passing,53.620018,55.0,1.3799819946289062
Anders Klynge,passing,62.62052,64.0,1.3794784545898438
Thibault Klidje,passing,54.62053,56.0,1.3794708251953125
Charlie McCann,passing,60.624123,62.0,1.3758773803710938
Johannes Naschberger,passing,59.62447,61.0,1.3755302429199219
Mamadou Sangare,passing,60.628677,62.0,1.3713226318359375
Luca Oyen,passing,63.6288,65.0,1.3712005615234375
Mads Søndergaard,passing,55.62973,57.0,1.370269775390625
Dennis Dressel,passing,63.63019,65.0,1.3698081970214844
Mateusz Skrzypczak,passing,45.632053,47.0,1.3679466247558594
Sajal Bag,passing,44.634186,46.0,1.365814208984375
Alex Gilbert,passing,51.636593,53.0,1.3634071350097656
Sam Field,passing,64.363174,63.0,1.3631744384765625
Nicolás Garayalde,passing,67.36249,66.0,1.36248779296875
Khalil Al Absi,passing,46.638493,48.0,1.3615074157714844
Josh Campbell,passing,60.638596,62.0,1.3614044189453125
Alexander Freeman,passing,38.640125,40.0,1.3598747253417969
Djenahro Nunumete,passing,63.355373,62.0,1.3553733825683594
Brian Mansilla,passing,58.660732,60.0,1.3392677307128906
Max Christiansen,passing,63.338142,62.0,1.3381423950195312
Patrick Sontheimer,passing,62.664295,64.0,1.3357048034667969
Thibaut Vargas,passing,54.666946,56.0,1.3330535888671875
Magnus Nielsen,passing,51.66781,53.0,1.3321914672851562
Celestin De Schrevel,passing,51.668716,53.0,1.3312835693359375
Adam Montgomery,passing,56.669014,58.0,1.3309860229492188
Nishan Velupillay,passing,50.67053,52.0,1.3294715881347656
Antonio Carrera,passing,51.670692,53.0,1.3293075561523438
Leander Øy,passing,51.671387,53.0,1.32861328125
James Nieuwenhuizen,passing,51.67241,53.0,1.3275909423828125
Alexandru Utiu,passing,51.673126,53.0,1.326873779296875
Anuj Kumar,passing,51.673145,53.0,1.3268547058105469
Cieran Slicker,passing,51.67321,53.0,1.3267898559570312
Théo Chatelain,passing,51.673294,53.0,1.3267059326171875
Damian Las,passing,51.673485,53.0,1.3265151977539062
Storm Strand-Kolbjørnsen,passing,51.673805,53.0,1.3261947631835938
David Skubl,passing,51.67467,53.0,1.3253288269042969
Oregan Ravet,passing,51.675182,53.0,1.3248176574707031
Andreas Gülstorff,passing,51.676083,53.0,1.3239173889160156
Steven Sserwadda,passing,48.67802,50.0,1.3219795227050781
Lara Sharma,passing,51.678127,53.0,1.3218727111816406
Vishal Yadav,passing,51.67835,53.0,1.3216514587402344
Jackson Smith,passing,51.68083,53.0,1.3191719055175781
Maciej Śliwa,passing,58.31839,57.0,1.318389892578125
Darius Lipsiuc,passing,48.683296,50.0,1.3167037963867188
Keke Topp,passing,43.684017,45.0,1.3159828186035156
Filip Dagerstål,passing,57.68459,59.0,1.3154106140136719
Mohammed Al Qunayan,passing,52.68843,54.0,1.3115692138671875
Luka Romero,passing,63.688618,65.0,1.3113822937011719
Matteo Gabbia,passing,46.68914,48.0,1.3108596801757812
Jordi Vanlerberghe,passing,65.68994,67.0,1.31005859375
Rhys Byrne,passing,51.689957,53.0,1.3100433349609375
Lars Mogstad Ranger,passing,53.690483,55.0,1.3095169067382812
Agustín Cayetano,passing,56.693493,58.0,1.3065071105957031
Henrik Heggheim,passing,50.69902,52.0,1.3009796142578125
Melle Meulensteen,passing,63.70109,65.0,1.2989082336425781
Ninthoi Meetei,passing,45.298233,44.0,1.2982330322265625
Tom Baack,passing,56.7034,58.0,1.296600341796875
Tristan Crama,passing,40.704,42.0,1.2960014343261719
Ransford-Yeboah Königsdörffer,passing,58.70554,60.0,1.2944602966308594
Joseph Rosales,passing,55.705654,57.0,1.2943458557128906
Thierno Baldé,passing,57.708103,59.0,1.2918968200683594
Derek Mazou-Sacko,passing,55.70912,57.0,1.2908782958984375
Princeton Rebello,passing,50.290287,49.0,1.2902870178222656
Stefan Škrbo,passing,55.71028,57.0,1.2897186279296875
Yacine El Amri,passing,51.710426,53.0,1.2895736694335938
Ion Gheorghe,passing,64.28167,63.0,1.2816696166992188
Mohamed Belhadj Mahmoud,passing,57.723763,59.0,1.2762374877929688
Vesel Demaku,passing,59.275185,58.0,1.2751846313476562
Luca Valzania,passing,62.725075,64.0,1.2749252319335938
Shayne Pattynama,passing,57.729233,59.0,1.2707672119140625
Marcus Ferkranus,passing,35.729515,37.0,1.2704849243164062
Danny Amos,passing,52.72983,54.0,1.2701683044433594
Jack Stretton,passing,41.731735,43.0,1.2682647705078125
Yassin Oukili,passing,59.733253,61.0,1.2667465209960938
Bryce Hosannah,passing,53.25557,52.0,1.2555694580078125
Arquimides Ordoñez,passing,49.74575,51.0,1.2542495727539062
Oliver Burke,passing,61.748577,63.0,1.2514228820800781
Peer Koopmeiners,passing,60.7486,62.0,1.2513999938964844
Ibrahima Koné,passing,50.749634,52.0,1.2503662109375
Jordi Osei-Tutu,passing,57.751167,59.0,1.2488327026367188
Tymoteusz Puchacz,passing,59.751183,61.0,1.2488174438476562
Alejo Veliz,passing,52.7519,54.0,1.2481002807617188
Raphael Schifferl,passing,45.753838,47.0,1.2461624145507812
Odin Thiago Holm,passing,60.75465,62.0,1.2453498840332031
Declan Drysdale,passing,46.24114,45.0,1.2411384582519531
Jakob Lewald,passing,39.76945,41.0,1.2305488586425781
Clarke Oduor,passing,56.229866,55.0,1.2298660278320312
Michał Feliks,passing,51.226257,50.0,1.22625732421875
Tim Rossmann,passing,50.778454,52.0,1.2215461730957031
Tobias Storm,passing,50.778984,52.0,1.2210159301757812
Sævar Atli Magnússon,passing,55.78174,57.0,1.21826171875
Myles Peart-Harris,passing,61.78218,63.0,1.2178192138671875
Mehmet Ibrahimi,passing,52.786087,54.0,1.2139129638671875
Maksim Stjopin,passing,50.786503,52.0,1.2134971618652344
Loreintz Rosier,passing,63.788105,65.0,1.2118949890136719
Maghnes Akliouche,passing,63.789253,65.0,1.2107467651367188
Isak Vanlalruatfela,passing,50.78935,52.0,1.2106513977050781
Tommy Leigh,passing,58.789856,60.0,1.21014404296875
Serafin Szota,passing,45.209587,44.0,1.2095870971679688
Kastriot Imeri,passing,67.791405,69.0,1.2085952758789062
Žan Celar,passing,49.792202,51.0,1.2077980041503906
Mohamed Amoura,passing,59.2043,58.0,1.2042999267578125
Joshua Schwirten,passing,58.7958,60.0,1.2042007446289062
Jack Moylan,passing,55.80049,57.0,1.1995086669921875
Oisin Smyth,passing,56.80119,58.0,1.1988105773925781
José Bolívar,passing,61.801434,63.0,1.1985664367675781
Makan Winkle Chothe,passing,48.80203,50.0,1.1979713439941406
Noel Niemann,passing,57.802868,59.0,1.1971321105957031
Emeric Depussay,passing,60.195362,59.0,1.1953620910644531
Justin Njinmah,passing,53.80607,55.0,1.1939315795898438
Alec Van Hoorenbeeck,passing,50.810104,52.0,1.1898956298828125
James Clarke,passing,51.81012,53.0,1.18988037109375
Sarpreet Singh,passing,69.18947,68.0,1.1894683837890625
Robin Voisine,passing,30.81061,32.0,1.1893901824951172
Liam Coyle,passing,54.81113,56.0,1.1888694763183594
Bobby Faulkner,passing,31.813473,33.0,1.1865272521972656
Tony Springett,passing,55.815525,57.0,1.1844749450683594
Joe Tomlinson,passing,55.819775,57.0,1.1802253723144531
Rory Jordan,passing,47.81997,49.0,1.1800308227539062
Mohamed El Arouch,passing,63.821083,65.0,1.1789169311523438
Owen Dale,passing,57.170563,56.0,1.170562744140625
Mason Bennett,passing,61.829937,63.0,1.1700630187988281
Felipe Peña,passing,60.83074,62.0,1.1692581176757812
Samuel Folarin,passing,45.8309,47.0,1.1691017150878906
Fraser Murray,passing,61.166054,60.0,1.1660537719726562
Jérémy Blasco,passing,57.833965,59.0,1.1660346984863281
Markus Solbakken,passing,62.8406,64.0,1.1594009399414062
Anssi Suhonen,passing,59.84119,61.0,1.1588096618652344
Alexandru Jipa,passing,48.843826,50.0,1.1561737060546875
Élysée Logbo,passing,42.844402,44.0,1.1555976867675781
Kelvin Abrefa,passing,43.844692,45.0,1.1553077697753906
Yari Otto,passing,53.844894,55.0,1.1551055908203125
Mustafa Kourouma,passing,39.84928,41.0,1.1507186889648438
Matteo Meisl,passing,45.849712,47.0,1.1502876281738281
Norman Bassette,passing,38.85094,40.0,1.1490592956542969
Kieron Bowie,passing,49.852383,51.0,1.1476173400878906
Tariq Uwakwe,passing,55.14358,54.0,1.1435813903808594
Bruno Gutiérrez,passing,50.85978,52.0,1.1402206420898438
Abdoulaye Kamara,passing,57.86154,59.0,1.138458251953125
Kerim Çalhanoğlu,passing,63.86195,65.0,1.1380500793457031
Szymon Czyż,passing,60.86681,62.0,1.1331901550292969
Pietro Pellegri,passing,55.13165,54.0,1.1316490173339844
Will Ferry,passing,57.86972,59.0,1.130279541015625
Facundo Mansilla,passing,42.876915,44.0,1.1230850219726562
Gustaf Lagerbielke,passing,45.879707,47.0,1.1202926635742188
John Mahon,passing,46.118183,45.0,1.1181831359863281
Anders Dahl,passing,52.88692,54.0,1.1130790710449219
Muhammed Uvais,passing,36.887028,38.0,1.1129722595214844
Harry Steele,passing,55.89,57.0,1.1100006103515625
Jamal Amofa,passing,50.1081,49.0,1.1081008911132812
Aidan Keena,passing,56.894993,58.0,1.1050071716308594
Jay Henderson,passing,54.895626,56.0,1.1043739318847656
Adrian Benedyczak,passing,48.895912,50.0,1.1040878295898438
Lewis Mayo,passing,49.897785,51.0,1.1022148132324219
Denis Genreau,passing,65.90311,67.0,1.096893310546875
Dijon Kameri,passing,61.90341,63.0,1.096588134765625
Rijad Sadiku,passing,45.908054,47.0,1.0919456481933594
Reece McAlear,passing,55.910255,57.0,1.0897445678710938
Elayis Tavşan,passing,59.914867,61.0,1.0851325988769531
Mattéo Tramoni,passing,67.080055,66.0,1.0800552368164062
Myron van Brederode,passing,58.92373,60.0,1.0762710571289062
Liam Cullen,passing,56.92409,58.0,1.0759086608886719
Jannes Van Hecke,passing,63.074337,62.0,1.0743370056152344
Seydouba Cisse,passing,62.92739,64.0,1.0726089477539062
Sebastian Berhalter,passing,58.932293,60.0,1.0677070617675781
Florian Miguel,passing,62.064236,61.0,1.0642356872558594
Joseph Gbode,passing,33.93975,35.0,1.0602493286132812
Cristian Castro Devenish,passing,44.940662,46.0,1.0593376159667969
Maksymilian Pingot,passing,42.94313,44.0,1.0568695068359375
Bilal Boutobba,passing,67.943924,69.0,1.0560760498046875
José Gómez,passing,41.05605,40.0,1.0560493469238281
Bas Van Den Eynden,passing,56.94406,58.0,1.055938720703125
Ignacio Agustín Rodríguez,passing,60.944218,62.0,1.0557823181152344
Leo Walta,passing,57.95109,59.0,1.0489082336425781
Maximilien Balard,passing,58.952034,60.0,1.0479660034179688
Pragyan Gogoi,passing,50.047485,49.0,1.0474853515625
Johan Bakke,passing,55.954002,57.0,1.0459976196289062
Naatan Skyttä,passing,63.957047,65.0,1.0429534912109375
Deepak Tangri,passing,47.95805,49.0,1.0419502258300781
Nils Rossen,passing,59.964203,61.0,1.035797119140625
Niklas Lang,passing,38.970554,40.0,1.0294456481933594
Eros Mancuso,passing,57.97522,59.0,1.0247802734375
Renzo Sanchez,passing,56.977608,58.0,1.0223922729492188
Milutin Osmajić,passing,58.978558,60.0,1.0214424133300781
Kévin Boma,passing,43.983032,45.0,1.0169677734375
Antoine Hainaut,passing,51.98447,53.0,1.0155296325683594
Charly Nouck Horneman,passing,43.984764,45.0,1.0152359008789062
Adam Buksa,passing,55.985306,57.0,1.0146942138671875
Łukasz Bejger,passing,49.98724,51.0,1.0127601623535156
Loum Tchaouna,passing,63.00853,62.0,1.0085296630859375
Isak Jansson,passing,54.992653,56.0,1.0073471069335938
Marinos Tzionis,passing,51.99374,53.0,1.0062599182128906
Clément Vidal,passing,45.995625,47.0,1.0043754577636719
Hugo Siquet,passing,71.99609,73.0,1.00390625
Tyreeq Bakinson,passing,60.002823,59.0,1.0028228759765625
Leo Greiml,passing,47.99955,49.0,1.0004501342773438
Ionuț Andres,passing,32.003445,33.0,0.9965553283691406
Edvin Becirovic,passing,52.00367,53.0,0.9963302612304688
Paweł Stolarski,passing,60.996048,60.0,0.9960479736328125
Charles Vanhoutte,passing,61.00737,62.0,0.9926300048828125
Ousmane Camara,passing,56.00741,57.0,0.9925918579101562
Andri Fannar Baldursson,passing,59.01114,60.0,0.988861083984375
Marin Šverko,passing,53.016018,54.0,0.9839820861816406
Randy Schneider,passing,58.982407,58.0,0.9824066162109375
Aniket Jadhav,passing,47.979084,47.0,0.9790840148925781
Juninho Bacuna,passing,69.022484,70.0,0.9775161743164062
Deian Verón,passing,58.023216,59.0,0.9767837524414062
Michael Mieles,passing,60.026722,61.0,0.9732780456542969
Lewis Billington,passing,35.026817,36.0,0.9731826782226562
Othman Al Othman,passing,43.027584,44.0,0.9724159240722656
Djevencio van der Kust,passing,53.970684,53.0,0.9706840515136719
Alassana Jatta,passing,47.031574,48.0,0.9684257507324219
Uğurcan Yazğılı,passing,41.032597,42.0,0.9674034118652344
Couhaib Driouech,passing,51.032974,52.0,0.9670257568359375
Noah Rupp,passing,55.034138,56.0,0.9658622741699219
Alan Virginius,passing,58.034306,59.0,0.9656944274902344
Maxime Bastian,passing,49.038994,50.0,0.9610061645507812
Gustav Berggren,passing,57.958782,57.0,0.9587821960449219
Jakov Medić,passing,58.046097,59.0,0.9539031982421875
Marco Kana,passing,64.04917,65.0,0.9508285522460938
Mohamed Kaba,passing,56.05348,57.0,0.9465217590332031
Dragoș Albu,passing,66.0547,67.0,0.9452972412109375
Dženis Burnić,passing,64.943985,64.0,0.9439849853515625
Abdoulaye Bakayoko,passing,43.940964,43.0,0.9409637451171875
Mattia Zanotti,passing,67.061325,68.0,0.9386749267578125
Olivier Dumont,passing,61.063576,62.0,0.9364242553710938
Johan Karlsson,passing,54.065407,55.0,0.9345932006835938
Hans Nicolussi Caviglia,passing,64.06954,65.0,0.9304580688476562
Reece Oxford,passing,53.073437,54.0,0.9265632629394531
Alfie Bendle,passing,49.075584,50.0,0.9244155883789062
Vebjørn Hoff,passing,64.07742,65.0,0.922576904296875
Youri Regeer,passing,64.07907,65.0,0.920928955078125
Augusto Schott,passing,56.92093,56.0,0.920928955078125
Lalrinliana Hnamte,passing,47.079247,48.0,0.9207534790039062
Leonhard Münst,passing,60.08023,61.0,0.919769287109375
Noah Shamoun,passing,56.080532,57.0,0.9194679260253906
Ahmed Al Ghamdi,passing,51.080822,52.0,0.9191780090332031
Mads Bidstrup,passing,66.08262,67.0,0.9173812866210938
Luca Jaquez,passing,35.083073,36.0,0.9169273376464844
Simon Olsson,passing,66.083115,67.0,0.9168853759765625
Leon Augustine,passing,46.087204,47.0,0.9127960205078125
Hugo Vandermersch,passing,58.09006,59.0,0.9099388122558594
Andreas Bruus,passing,63.092304,64.0,0.9076957702636719
Alex Mitchell,passing,45.092426,46.0,0.9075736999511719
Sander Risan Mørk,passing,60.09356,61.0,0.9064407348632812
Ibrahim Sadiq,passing,53.094482,54.0,0.905517578125
Anthony Schmid,passing,46.0948,47.0,0.9052009582519531
Anouar Ait El Hadj,passing,67.90428,67.0,0.9042816162109375
Adam Dźwigała,passing,52.09944,53.0,0.9005584716796875
Ethan Erhahon,passing,63.100685,64.0,0.8993148803710938
August Mikkelsen,passing,62.898594,62.0,0.8985939025878906
Patrick Vroegh,passing,62.89599,62.0,0.8959884643554688
Adrian Fein,passing,64.894455,64.0,0.8944549560546875
Bruno Amione,passing,51.105846,52.0,0.8941535949707031
Chem Campbell,passing,57.106007,58.0,0.8939933776855469
Valon Zumberi,passing,33.108234,34.0,0.8917655944824219
Liam Burt,passing,56.109707,57.0,0.8902931213378906
Kevin Doukoure,passing,59.11001,60.0,0.8899917602539062
Jasper Pattenden,passing,54.889565,54.0,0.8895645141601562
Hugo Andersson,passing,45.110874,46.0,0.8891258239746094
Femi Seriki,passing,45.88856,45.0,0.8885612487792969
Cian Hayes,passing,51.887547,51.0,0.8875465393066406
Tyrese Campbell,passing,59.11329,60.0,0.8867111206054688
Pathé Mboup,passing,51.11581,52.0,0.8841896057128906
Dominik Steczyk,passing,55.883408,55.0,0.8834075927734375
Tobias Raschl,passing,65.882866,65.0,0.8828659057617188
Matti Peltola,passing,54.1173,55.0,0.8827018737792969
Yusuf Barası,passing,50.121952,51.0,0.8780479431152344
Anthony Roncaglia,passing,53.12288,54.0,0.8771209716796875
Nicklas Shipnoski,passing,57.123653,58.0,0.8763465881347656
Brooke Norton-Cuffy,passing,55.126118,56.0,0.8738822937011719
Kamil Kruk,passing,42.126877,43.0,0.8731231689453125
Ante Palaversa,passing,66.87086,66.0,0.8708572387695312
Batista Mendy,passing,63.13265,64.0,0.8673515319824219
Frankie Amaya,passing,64.132866,65.0,0.8671340942382812
Žan Kolmanič,passing,66.13354,67.0,0.8664627075195312
Sylvester Jasper,passing,59.13601,60.0,0.8639907836914062
Ciaran Brennan,passing,43.86082,43.0,0.8608207702636719
Syb van Ottele,passing,46.139313,47.0,0.860687255859375
Runar Norheim,passing,53.141136,54.0,0.8588638305664062
Claudiu Negoescu,passing,44.142025,45.0,0.8579750061035156
Waniss Taïbi,passing,64.1436,65.0,0.8563995361328125
Serge Ngoma,passing,46.144333,47.0,0.8556671142578125
Donal Higgins,passing,51.146774,52.0,0.8532257080078125
Samuel Edozie,passing,55.146812,56.0,0.8531875610351562
Niall Morahan,passing,56.14835,57.0,0.8516502380371094
Sander Moen Foss,passing,41.850014,41.0,0.8500137329101562
Tolaji Bola,passing,46.150173,47.0,0.8498268127441406
Mohammed Al Dawsari,passing,52.154278,53.0,0.8457221984863281
Reda Khadra,passing,64.1573,65.0,0.8426971435546875
Yonas Malede,passing,57.157864,58.0,0.8421363830566406
Max Rosenfelder,passing,47.158276,48.0,0.8417243957519531
Issouf Sissokho,passing,60.841034,60.0,0.841033935546875
Tom Grivosti,passing,42.159782,43.0,0.8402175903320312
Felix Passlack,passing,66.16039,67.0,0.8396072387695312
Aljoscha Kemlein,passing,56.161,57.0,0.8390007019042969
Vincenzo Millico,passing,59.163063,60.0,0.8369369506835938
José Alfredo Flores,passing,53.166985,54.0,0.8330154418945312
Martin Luciano,passing,51.167233,52.0,0.8327674865722656
Osaze Urhoghide,passing,46.16751,47.0,0.832489013671875
Dara Keane,passing,51.169544,52.0,0.8304557800292969
Baba Fernandes,passing,38.830402,38.0,0.8304023742675781
Hayden Carter,passing,55.17118,56.0,0.8288192749023438
Filippo Melegoni,passing,67.17264,68.0,0.827362060546875
Callum Brittain,passing,59.172977,60.0,0.8270225524902344
Godson Kyeremeh,passing,59.174805,60.0,0.8251953125
Giordano Colli,passing,59.17536,60.0,0.8246383666992188
Sam McCallum,passing,63.178467,64.0,0.821533203125
Richard Ledezma,passing,65.178696,66.0,0.8213043212890625
Uran Bislimi,passing,61.17897,62.0,0.8210296630859375
Billy Koumetio,passing,43.81936,43.0,0.8193588256835938
Cameron McJannet,passing,48.81821,48.0,0.8182106018066406
Jack Keaney,passing,58.81814,58.0,0.8181381225585938
Ari Leifsson,passing,49.183945,50.0,0.8160552978515625
Reece Welch,passing,29.184904,30.0,0.8150959014892578
Kyle Taylor,passing,59.814526,59.0,0.8145256042480469
Jad Hakiki,passing,52.185905,53.0,0.8140945434570312
Daniel Eid,passing,56.187065,57.0,0.8129348754882812
Vincy Barretto,passing,48.809917,48.0,0.8099174499511719
Morten Ågnes Konradsen,passing,61.19049,62.0,0.80950927734375
Abdoulaye Cissoko,passing,38.19182,39.0,0.8081817626953125
Bjarki Steinn Bjarkason,passing,60.193974,61.0,0.8060264587402344
Yunus Bahadır,passing,44.805054,44.0,0.8050537109375
Christian Dahle Borchgrevink,passing,60.80102,60.0,0.8010215759277344
Amarjit Singh Kiyam,passing,52.800114,52.0,0.8001136779785156
Aventis Aventisian,passing,41.800087,41.0,0.8000869750976562
Jay Matete,passing,60.199993,61.0,0.8000068664550781
Zech Obiero,passing,51.799904,51.0,0.7999038696289062
Julian Guttau,passing,59.20215,60.0,0.7978515625
Yohan Cassubie,passing,59.203537,60.0,0.7964630126953125
Oisin Gallagher,passing,50.204086,51.0,0.7959136962890625
Maximilian Beier,passing,60.20617,61.0,0.7938308715820312
Peter Abimbola,passing,47.20761,48.0,0.792388916015625
Anton Krivotsyuk,passing,51.207733,52.0,0.792266845703125
Lenny Joseph,passing,52.21188,53.0,0.7881202697753906
Nicholas Pennington,passing,57.788,57.0,0.7879981994628906
Zeno Ibsen Rossi,passing,46.784805,46.0,0.7848052978515625
Abdullah Al Enazi,passing,43.78366,43.0,0.783660888671875
Dennis Hadžikadunić,passing,47.783054,47.0,0.7830543518066406
Mihajlo Ivančević,passing,47.21726,48.0,0.7827415466308594
Martin Šviderský,passing,60.21927,61.0,0.780731201171875
Lorenz Assignon,passing,59.220047,60.0,0.7799530029296875
Kacper Smoliński,passing,59.221565,60.0,0.7784347534179688
Jarrod Carluccio,passing,47.223362,48.0,0.7766380310058594
Pape Ndiaga Yade,passing,58.223545,59.0,0.7764549255371094
D'Mani Mellor,passing,51.776306,51.0,0.77630615234375
Santiago Moreno,passing,60.22556,61.0,0.7744407653808594
Luca Herrmann,passing,67.22641,68.0,0.773590087890625
Rijad Smajić,passing,44.77133,44.0,0.771331787109375
Ben McCormack,passing,57.22867,58.0,0.771331787109375
Laurenz Dehl,passing,58.770935,58.0,0.77093505859375
Liam Ravenhill,passing,50.233818,51.0,0.7661819458007812
Giorgio Altare,passing,46.234997,47.0,0.7650032043457031
Jan Sobociński,passing,45.235725,46.0,0.7642745971679688
Oliver Zandén,passing,59.23698,60.0,0.7630195617675781
Marko Lazetić,passing,53.761642,53.0,0.7616424560546875
Scott Smith,passing,52.24156,53.0,0.7584381103515625
Mohammed Abbas,passing,59.24257,60.0,0.7574310302734375
Nicholas Gioacchini,passing,57.756912,57.0,0.7569122314453125
Stefán Teitur Thórdarson,passing,59.243935,60.0,0.7560653686523438
Kalidou Sidibé,passing,55.2461,56.0,0.7538986206054688
Matthew Bondswell,passing,51.752045,51.0,0.752044677734375
Andy Pembélé,passing,54.248474,55.0,0.75152587890625
Suresh Wangjam,passing,51.748966,51.0,0.7489662170410156
Franco Carboni,passing,54.252327,55.0,0.7476730346679688
Dilane Bakwa,passing,61.253666,62.0,0.7463340759277344
Andre Dozzell,passing,66.2543,67.0,0.745697021484375
James Abankwah,passing,44.744,44.0,0.7439994812011719
Ștefan Baiaram,passing,61.256294,62.0,0.7437057495117188
Tom Bloxham,passing,51.74253,51.0,0.7425308227539062
Omari Hutchinson,passing,59.25898,60.0,0.7410202026367188
Nikolas Agrafiotis,passing,50.25909,51.0,0.7409095764160156
Ilija Vukotić,passing,65.2609,66.0,0.7390975952148438
Ben Paton,passing,53.2611,54.0,0.7388992309570312
Luke Le Roux,passing,60.26125,61.0,0.7387504577636719
Bastien Toma,passing,65.262856,66.0,0.7371444702148438
Souffian El Karouani,passing,60.263123,61.0,0.73687744140625
Dave Gnaase,passing,61.736237,61.0,0.736236572265625
Michael Glück,passing,39.26555,40.0,0.7344512939453125
Junior Tchamadeu,passing,53.265717,54.0,0.734283447265625
Jitendra Singh,passing,49.26705,50.0,0.7329483032226562
Agustín Chopitea,passing,53.267227,54.0,0.7327728271484375
Dru Yearwood,passing,58.72985,58.0,0.7298507690429688
Louie Watson,passing,59.271465,60.0,0.7285346984863281
Evan Weir,passing,52.27406,53.0,0.7259407043457031
Muhammed Nemil,passing,51.724373,51.0,0.7243728637695312
George Thomason,passing,58.275974,59.0,0.7240257263183594
Mateusz Wieteska,passing,46.27611,47.0,0.7238883972167969
Eskil Edh,passing,55.279564,56.0,0.7204360961914062
Jordan Lawrence-Gabriel,passing,52.720345,52.0,0.7203445434570312
Nilson Angulo,passing,59.715908,59.0,0.7159080505371094
Pontus Almqvist,passing,63.28473,64.0,0.71527099609375
Alan Nuñez,passing,46.285446,47.0,0.7145538330078125
Oscar Uddenäs,passing,57.286106,58.0,0.7138938903808594
Tobi Omole,passing,44.293526,45.0,0.7064743041992188
Jonathan Panzo,passing,61.294384,62.0,0.7056159973144531
Narender Gahlot,passing,41.294434,42.0,0.70556640625
Lasso Coulibaly,passing,55.294727,56.0,0.7052726745605469
Timothy Tillman,passing,64.29709,65.0,0.702911376953125
Nathan Harriel,passing,51.70109,51.0,0.7010917663574219
Amadou Dante,passing,56.298935,57.0,0.7010650634765625
Aimen Moueffek,passing,63.700397,63.0,0.7003974914550781
Domingos Quina,passing,65.69904,65.0,0.6990432739257812
Matthew Hoppe,passing,56.698395,56.0,0.698394775390625
Enrico Brignola,passing,62.69434,62.0,0.6943397521972656
Mert Yılmaz,passing,52.691525,52.0,0.6915245056152344
Felix Vrede Winther,passing,57.30849,58.0,0.6915092468261719
Allan Arigoni,passing,50.69119,50.0,0.6911888122558594
Dawson Devoy,passing,61.31102,62.0,0.6889801025390625
Christopher Negele,passing,57.312084,58.0,0.6879158020019531
Jelle Bataille,passing,64.31226,65.0,0.6877365112304688
Dawid Kurminowski,passing,46.312294,47.0,0.6877059936523438
Paul Kalambayi,passing,41.68749,41.0,0.6874885559082031
Conor McCarthy,passing,48.31473,49.0,0.6852684020996094
Armin Abaz,passing,51.684223,51.0,0.6842231750488281
Agustín Baldi,passing,57.317017,58.0,0.6829833984375
Nigel Thomas,passing,58.317356,59.0,0.6826438903808594
Edgar Babayan,passing,60.318714,61.0,0.6812858581542969
Stefan Parkes,passing,44.321335,45.0,0.6786651611328125
Jack Warshawsky,passing,51.67858,51.0,0.6785812377929688
Samson Okikiola Tijani,passing,59.322323,60.0,0.6776771545410156
Sanjeev Stalin,passing,44.322704,45.0,0.6772956848144531
Ernest Boahene,passing,52.323322,53.0,0.6766777038574219
Jojea Kwizera,passing,50.673138,50.0,0.6731376647949219
Ronan Boyce,passing,48.67251,48.0,0.6725082397460938
Lars Lukas Mai,passing,46.327568,47.0,0.6724319458007812
Harvey Wiles-Richards,passing,51.671482,51.0,0.6714820861816406
Amrit Gope,passing,51.671173,51.0,0.671173095703125
Bela Dumrath,passing,51.671112,51.0,0.671112060546875
Hubert Szulc,passing,39.67107,39.0,0.6710700988769531
Abraham Rodriguez,passing,51.670002,51.0,0.6700019836425781
Innes Cameron,passing,54.330612,55.0,0.6693878173828125
Jack Nolan,passing,50.33101,51.0,0.6689910888671875
Alexandro Calut,passing,52.668034,52.0,0.6680335998535156
Bohdan Viunnyk,passing,51.667225,51.0,0.6672248840332031
Andrea Carboni,passing,54.3337,55.0,0.6663017272949219
Matthew Nocita,passing,39.334793,40.0,0.6652069091796875
Vegard Solheim,passing,49.33516,50.0,0.6648406982421875
Solomon Bonnah,passing,50.664783,50.0,0.6647834777832031
Thomas Williams,passing,36.34015,37.0,0.65985107421875
Przemysław Wiśniewski,passing,45.65819,45.0,0.6581916809082031
Arvin Appiah,passing,53.656025,53.0,0.6560249328613281
Brandon Soppy,passing,63.344353,64.0,0.6556472778320312
Jurgen Çelhaka,passing,56.34667,57.0,0.6533317565917969
Mamadou Doucouré,passing,49.65086,49.0,0.6508598327636719
Victor Eriksson,passing,48.350056,49.0,0.6499443054199219
Fabio Chiarodia,passing,48.350155,49.0,0.6498451232910156
Marlon Suliman Mustapha,passing,54.350597,55.0,0.6494026184082031
Santiago Ramos Mingo,passing,46.35103,47.0,0.6489715576171875
Ludvig Carlius,passing,52.648457,52.0,0.6484565734863281
Michael Baldisimo,passing,65.35194,66.0,0.6480636596679688
Eirik Blikstad,passing,39.352386,40.0,0.647613525390625
Owen Dodgson,passing,54.352856,55.0,0.6471443176269531
Albian Hajdari,passing,38.353786,39.0,0.6462135314941406
D'Margio Wright-Phillips,passing,51.6462,51.0,0.6461982727050781
Peter Kioso,passing,57.35413,58.0,0.6458702087402344
Jack Cooper-Love,passing,50.354515,51.0,0.6454849243164062
Theocharis Tsingaras,passing,63.64124,63.0,0.6412391662597656
Valentín Sánchez,passing,59.35883,60.0,0.6411705017089844
Aaron Rowe,passing,56.63942,56.0,0.6394195556640625
Ousseni Bouda,passing,50.638176,50.0,0.6381759643554688
Eyram Viegbe,passing,47.36199,48.0,0.6380081176757812
Hrvoje Smolčić,passing,45.36217,46.0,0.6378288269042969
Théo Magnin,passing,40.636898,40.0,0.6368980407714844
Manolo Portanova,passing,68.36345,69.0,0.6365509033203125
Gonzalo Flores,passing,46.364056,47.0,0.6359443664550781
Mauro Méndez,passing,62.634926,62.0,0.6349258422851562
Danny Norris,passing,47.3651,48.0,0.6348991394042969
Lennart Czyborra,passing,59.365444,60.0,0.6345558166503906
Enzo Cornelisse,passing,59.366653,60.0,0.6333465576171875
Kelvin Arase,passing,58.632927,58.0,0.6329269409179688
Sebastián Quintana,passing,57.36741,58.0,0.6325912475585938
Trevor Clarke,passing,58.63235,58.0,0.6323509216308594
Javier Casas Jr.,passing,51.632023,51.0,0.6320228576660156
Göktan Gürpüz,passing,59.368073,60.0,0.631927490234375
Miguel Reichmuth,passing,54.62996,54.0,0.6299591064453125
Ariel Mosór,passing,42.37113,43.0,0.6288681030273438
Josh Hawkes,passing,59.371704,60.0,0.6282958984375
Yannis Letard,passing,42.62789,42.0,0.6278915405273438
Victor Dican,passing,52.372456,53.0,0.6275444030761719
Simon Asta,passing,52.37468,53.0,0.6253204345703125
Callum Slattery,passing,58.37558,59.0,0.624420166015625
Niklas Geyrhofer,passing,40.621864,40.0,0.6218643188476562
Tim Skarke,passing,59.37867,60.0,0.6213302612304688
Alex Robertson,passing,56.38045,57.0,0.6195487976074219
Flavio Alcedo,passing,43.38057,44.0,0.6194305419921875
Asish Rai,passing,49.38226,50.0,0.6177406311035156
Balthazar Pierret,passing,54.384186,55.0,0.615814208984375
Seedy Jatta,passing,42.614902,42.0,0.6149024963378906
Abundance Salaou,passing,51.61391,51.0,0.6139106750488281
Glenn McConnell,passing,51.61348,51.0,0.6134796142578125
Alex Monis,passing,51.387417,52.0,0.6125831604003906
Julian Rieckmann,passing,53.387787,54.0,0.612213134765625
Tomasz Makowski,passing,57.388233,58.0,0.6117668151855469
Igor Matanović,passing,51.610542,51.0,0.6105422973632812
Salem Al Toiawy,passing,45.609985,45.0,0.6099853515625
Toni Domgjoni,passing,64.3909,65.0,0.609100341796875
Harry Leonard,passing,43.60904,43.0,0.609039306640625
Connor Taylor,passing,45.608147,45.0,0.6081466674804688
Jonatan Braut-Brunes,passing,53.392315,54.0,0.6076850891113281
Sander Svendsen,passing,61.394173,62.0,0.6058273315429688
Patryk Dziczek,passing,59.394222,60.0,0.6057777404785156
Ollie Tanner,passing,51.39477,52.0,0.6052284240722656
Emanuel Emegha,passing,50.400986,51.0,0.5990142822265625
Julian Eitschberger,passing,49.40168,50.0,0.5983200073242188
Enis Destan,passing,55.596275,55.0,0.5962753295898438
Thomas Rekdal,passing,59.403946,60.0,0.5960540771484375
Betim Fazliji,passing,52.595055,52.0,0.5950546264648438
Tawanda Maswanhise,passing,56.406414,57.0,0.5935859680175781
Fisayo Dele-Bashiru,passing,58.40722,59.0,0.5927810668945312
Arthur Zagré,passing,57.407333,58.0,0.5926666259765625
Tim Lemperle,passing,58.407356,59.0,0.5926437377929688
Thomas Van Den Keybus,passing,63.40782,64.0,0.5921783447265625
Christian Schmidt,passing,36.408146,37.0,0.5918540954589844
Yaw Yeboah,passing,55.408203,56.0,0.591796875
Etienne Camara,passing,53.408726,54.0,0.5912742614746094
Luke Harris,passing,56.40905,57.0,0.5909500122070312
Edward Caspers,passing,51.410095,52.0,0.58990478515625
Sidney Raebiger,passing,64.41037,65.0,0.589630126953125
Niklas Vesterlund,passing,54.588844,54.0,0.5888442993164062
Alexandre Phliponeau,passing,61.41175,62.0,0.5882492065429688
Abhishek Suryavanshi,passing,50.588245,50.0,0.5882453918457031
Joe-Loïc Affamah,passing,49.41214,50.0,0.587860107421875
Callum Wright,passing,63.412388,64.0,0.5876121520996094
Nadir Zortea,passing,53.587234,53.0,0.5872344970703125
Kelvin Ehibhatiomhan,passing,39.41736,40.0,0.5826416015625
Mert Yusuf Torlak,passing,54.581474,54.0,0.5814743041992188
Hugo Vogel,passing,52.580376,52.0,0.5803756713867188
Halvor Rødølen Opsahl,passing,40.57698,40.0,0.5769805908203125
Luca Bolay,passing,48.57632,48.0,0.5763206481933594
Carlos Mendes Gomes,passing,59.42374,60.0,0.5762596130371094
Teden Mengi,passing,54.576256,54.0,0.5762557983398438
Ibrahima Camará,passing,63.424717,64.0,0.5752830505371094
Dylan Pierias,passing,51.574863,51.0,0.5748634338378906
Teddy Alloh,passing,52.573883,52.0,0.573883056640625
Kevin Felida,passing,55.427055,56.0,0.5729446411132812
Kyle Knoyle,passing,52.428352,53.0,0.5716476440429688
John Martin,passing,54.570793,54.0,0.5707931518554688
Brayann Pereira,passing,53.57006,53.0,0.5700607299804688
Ayrton Paz,passing,48.56948,48.0,0.5694808959960938
Žan Rogelj,passing,60.43109,61.0,0.56890869140625
El Chadaille Bitshiabu,passing,54.431595,55.0,0.5684051513671875
Abass Issah,passing,51.567165,51.0,0.5671653747558594
Casper Øyvann,passing,50.564777,50.0,0.5647773742675781
Fotis Ioannidis,passing,54.43977,55.0,0.5602302551269531
Dion De Neve,passing,55.560028,55.0,0.560028076171875
Jose Herrera,passing,57.440533,58.0,0.5594673156738281
George Horbury,passing,50.55753,50.0,0.5575294494628906
Florian Dietz,passing,42.443066,43.0,0.5569343566894531
Franco Ortellado,passing,35.44384,36.0,0.5561599731445312
Mads Døhr Thychosen,passing,61.443996,62.0,0.5560035705566406
Wojciech Łaski,passing,53.444183,54.0,0.555816650390625
Matúš Holíček,passing,47.55549,47.0,0.5554885864257812
Souleymane Diaby,passing,55.445015,56.0,0.5549850463867188
Dylan Williams,passing,51.554733,51.0,0.5547332763671875
Samuel Shashoua,passing,63.553955,63.0,0.553955078125
Kostyantyn Vivcharenko,passing,55.44635,56.0,0.55364990234375
Mohammed Al Abdullah,passing,48.553486,48.0,0.5534858703613281
Tom Rothe,passing,56.446804,57.0,0.5531959533691406
Jahkeele Marshall-Rutty,passing,54.551743,54.0,0.5517425537109375
Edward Chilufya,passing,52.54918,52.0,0.5491790771484375
Hassan Ndam,passing,40.548504,40.0,0.5485038757324219
Jack Vale,passing,47.545933,47.0,0.5459327697753906
George Thomas,passing,60.454144,61.0,0.5458564758300781
Zidan Sertdemir,passing,62.54568,62.0,0.5456809997558594
Rafał Adamski,passing,40.545464,40.0,0.5454635620117188
Max Mata,passing,48.545,48.0,0.5449981689453125
Raphael Framberger,passing,55.54495,55.0,0.5449485778808594
Youssef Amyn,passing,56.45516,57.0,0.5448417663574219
Erik Majetschak,passing,61.45587,62.0,0.54412841796875
Dante Sealy,passing,52.543236,52.0,0.5432357788085938
Frederik Jäkel,passing,41.54132,41.0,0.54132080078125
Suwailem Al Menhali,passing,40.54072,40.0,0.5407218933105469
Malcolm Ebiowei,passing,59.45959,60.0,0.5404090881347656
Louis Breunig,passing,49.459656,50.0,0.54034423828125
Kevin Bukusu,passing,39.540134,39.0,0.5401344299316406
Mads Bech Sørensen,passing,53.540123,53.0,0.5401229858398438
Aleksa Pejić,passing,55.46,56.0,0.5400009155273438
Simone Panada,passing,61.460377,62.0,0.5396232604980469
Oliver Wähling,passing,64.46056,65.0,0.5394363403320312
Oscar Wallin,passing,46.46077,47.0,0.5392303466796875
Million Manhoef,passing,63.53902,63.0,0.5390205383300781
Warren Bondo,passing,57.461143,58.0,0.5388565063476562
Maciej Żurawski,passing,60.46117,61.0,0.5388298034667969
Alec Georgen,passing,54.461323,55.0,0.5386772155761719
Philipp Schulz,passing,52.537094,52.0,0.5370941162109375
Rafik Zekhnini,passing,54.463722,55.0,0.5362777709960938
Mateusz Żyro,passing,51.46376,52.0,0.5362396240234375
Antoine Makoumbou,passing,64.464226,65.0,0.5357742309570312
Paxton Pomykal,passing,69.46475,70.0,0.535247802734375
Belal Halbouni,passing,46.534863,46.0,0.5348625183105469
Lewis Simper,passing,53.534843,53.0,0.5348434448242188
Edvard Sandvik Tagseth,passing,61.46549,62.0,0.5345115661621094
Muhammed Gümüşkaya,passing,66.53383,66.0,0.5338287353515625
Daniel Maldini,passing,63.46693,64.0,0.5330696105957031
Nicolas Popescu,passing,53.532433,53.0,0.5324325561523438
Tani Oluwaseyi,passing,40.532,40.0,0.5320014953613281
Mansour Al Shammari,passing,50.531948,50.0,0.5319480895996094
Gonçalo Esteves,passing,63.468533,64.0,0.5314674377441406
Phillip König,passing,46.470165,47.0,0.5298347473144531
Ewoud Pletinckx,passing,43.470867,44.0,0.5291328430175781
Osvaldo Cisneros,passing,44.47201,45.0,0.5279884338378906
Richmond Tachie,passing,55.472767,56.0,0.5272331237792969
Olaus Jair Skarsem,passing,62.473106,63.0,0.5268936157226562
Ayman Benarous,passing,57.473885,58.0,0.5261154174804688
Beni Baningime,passing,63.475483,64.0,0.5245170593261719
Arda Kızıldağ,passing,48.523315,48.0,0.5233154296875
Brynjar Ingi Bjarnason,passing,47.522453,47.0,0.5224533081054688
Silas Gnaka,passing,61.478466,62.0,0.5215339660644531
David Otto,passing,54.478466,55.0,0.5215339660644531
Tobias Kraulich,passing,52.521492,52.0,0.5214920043945312
Nikhil Prabhu,passing,28.520397,28.0,0.5203971862792969
Adrian Gryszkiewicz,passing,55.479824,56.0,0.5201759338378906
Killian Corredor,passing,55.483025,56.0,0.5169754028320312
Amin Farouk,passing,54.516838,54.0,0.5168380737304688
Bartosz Białek,passing,46.48353,47.0,0.5164718627929688
Michael Venturi,passing,59.4836,60.0,0.5163993835449219
Evan Haddock,passing,34.485226,35.0,0.5147743225097656
Adrián Alcaraz,passing,48.514385,48.0,0.5143852233886719
Isaac Schmidt,passing,52.486153,53.0,0.5138473510742188
Frederik Recktenwald,passing,44.513657,44.0,0.5136566162109375
Stipe Biuk,passing,63.487946,64.0,0.512054443359375
Tommaso Milanese,passing,65.49025,66.0,0.5097503662109375
Aleks Ławniczak,passing,40.492546,41.0,0.5074539184570312
Augustine Boakye,passing,56.492996,57.0,0.5070037841796875
Tim Breithaupt,passing,59.493073,60.0,0.506927490234375
Harrison Burrows,passing,60.49354,61.0,0.5064582824707031
Jovan Marković,passing,52.5052,52.0,0.5051994323730469
Halil İbrahim Dervişoğlu,passing,63.49566,64.0,0.5043411254882812
Tyler Walker,passing,56.496155,57.0,0.50384521484375
Jayden Richardson,passing,48.50346,48.0,0.5034599304199219
Noah Bischof,passing,48.497345,49.0,0.502655029296875
Niall Huggins,passing,52.497578,53.0,0.5024223327636719
Anthony Oyono,passing,52.50096,52.0,0.5009613037109375
Shayden Morris,passing,50.500935,50.0,0.5009346008300781
Ayush Adhikari,passing,50.50032,50.0,0.5003204345703125
Alfie Lewis,passing,60.502098,61.0,0.49790191650390625
Jonathan Meier,passing,58.497883,58.0,0.4978828430175781
Alessandro Di Pardo,passing,65.50295,66.0,0.49704742431640625
Max Bruns,passing,58.503216,59.0,0.4967842102050781
Ísak Bergmann Jóhannesson,passing,66.503654,67.0,0.49634552001953125
Lewis Bate,passing,66.50378,67.0,0.49622344970703125
Magnus Warming,passing,54.504192,55.0,0.4958076477050781
Enzo Larrosa,passing,51.495216,51.0,0.49521636962890625
César Araújo,passing,55.506706,56.0,0.49329376220703125
Engson Singh,passing,46.50708,47.0,0.492919921875
Gavin Kilkenny,passing,64.49213,64.0,0.49212646484375
James Gale,passing,46.5079,47.0,0.4920997619628906
Cameron Peupion,passing,59.50967,60.0,0.4903297424316406
Oskar van Hattum,passing,42.51015,43.0,0.4898490905761719
Luca Petrasso,passing,58.51143,59.0,0.4885711669921875
Julius Kade,passing,64.48844,64.0,0.48844146728515625
Kreshnik Krasniqi,passing,56.511612,57.0,0.4883880615234375
Tim Sechelmann,passing,51.488136,51.0,0.48813629150390625
Mounaïm El Idrissy,passing,62.51372,63.0,0.4862785339355469
Sergio Oregel,passing,51.48593,51.0,0.485931396484375
Connor O'Toole,passing,49.515095,50.0,0.4849052429199219
Nasser Al Bishi,passing,52.483963,52.0,0.4839630126953125
James Balagizi,passing,58.51807,59.0,0.4819297790527344
Daan Heymans,passing,65.51963,66.0,0.48036956787109375
Soyal Joshy,passing,28.519773,29.0,0.4802265167236328
Shaqai Forde,passing,42.479767,42.0,0.479766845703125
Harald Nilsen Tangen,passing,60.52226,61.0,0.4777412414550781
Pontus Kindberg,passing,45.522453,46.0,0.47754669189453125
Ignace Van der Brempt,passing,63.522713,64.0,0.47728729248046875
Ayman Azhil,passing,62.523453,63.0,0.4765472412109375
Oliver Larraz,passing,49.474518,49.0,0.474517822265625
Lorenzo Colombo,passing,50.52551,51.0,0.4744911193847656
Tim Siersleben,passing,48.474113,48.0,0.47411346435546875
Emeka Oduah,passing,50.47407,50.0,0.4740715026855469
Mark Doyle,passing,54.473568,54.0,0.4735679626464844
Jason Sraha,passing,34.526783,35.0,0.4732170104980469
Sivert Heggheim Mannsverk,passing,63.52697,64.0,0.47303009033203125
Brodie Spencer,passing,55.526997,56.0,0.4730033874511719
Brahim Traoré,passing,41.47283,41.0,0.47283172607421875
Jakub Niemczyk,passing,42.469696,42.0,0.469696044921875
Casper Widell,passing,49.53118,50.0,0.46881866455078125
Besfort Zeneli,passing,47.468296,47.0,0.4682960510253906
Fabio Markelic,passing,58.53207,59.0,0.4679298400878906
Lion Schuster,passing,58.46765,58.0,0.4676513671875
Obed Vargas,passing,61.532433,62.0,0.46756744384765625
Deandre Kerr,passing,51.53352,52.0,0.4664802551269531
Matthis Abline,passing,54.535168,55.0,0.4648323059082031
Dylan Teves,passing,50.464813,50.0,0.464813232421875
Gavin Molloy,passing,53.463383,53.0,0.4633827209472656
Merlin Röhl,passing,63.537277,64.0,0.4627227783203125
Ryan Raposo,passing,60.537373,61.0,0.4626274108886719
Adrien Lebeau,passing,62.538105,63.0,0.4618949890136719
Abdoullah Ba,passing,60.538204,61.0,0.4617958068847656
Nachon Nsingi,passing,51.538586,52.0,0.4614143371582031
Neil Farrugia,passing,56.5393,57.0,0.46070098876953125
Matthew Bozinovski,passing,31.539333,32.0,0.4606666564941406
Yvandro Borges Sanches,passing,63.539864,64.0,0.46013641357421875
Anton Kade,passing,54.45919,54.0,0.45919036865234375
Amario Cozier-Duberry,passing,53.45881,53.0,0.45880889892578125
Sebastiano Esposito,passing,69.54443,70.0,0.45556640625
Babajide Adeeko,passing,51.45488,51.0,0.4548797607421875
Hendry Antonay,passing,40.454506,40.0,0.45450592041015625
Marco Farfan,passing,51.545715,52.0,0.45428466796875
Ben Knight,passing,52.453922,52.0,0.4539222717285156
Moussa Sylla,passing,57.45357,57.0,0.4535713195800781
Nassim Innocenti,passing,40.453556,40.0,0.4535560607910156
Michael Ruhs,passing,49.547092,50.0,0.4529075622558594
Patrick Osterhage,passing,66.4529,66.0,0.45290374755859375
Juan Pablo Pignani,passing,54.547153,55.0,0.4528465270996094
Derry John Murkin,passing,54.452843,54.0,0.45284271240234375
Francisco Marco,passing,35.547928,36.0,0.4520721435546875
Felipe Valencia,passing,42.452015,42.0,0.4520149230957031
Abdulelah Al Shammari,passing,58.44983,58.0,0.4498291015625
Samuel Abifade,passing,51.550316,52.0,0.44968414306640625
Maxime Busi,passing,62.55086,63.0,0.4491386413574219
Erik Botheim,passing,51.551308,52.0,0.44869232177734375
Prince Aning,passing,54.44747,54.0,0.44747161865234375
James Penrice,passing,58.552677,59.0,0.4473228454589844
Saikou Janneh,passing,43.55325,44.0,0.4467506408691406
Hassan Al Mohammed,passing,47.445892,47.0,0.445892333984375
Jake Morris,passing,32.554382,33.0,0.44561767578125
Nicolás Romero,passing,53.555046,54.0,0.44495391845703125
Giannis Satsias,passing,56.55527,57.0,0.4447288513183594
Ross Tierney,passing,55.55544,56.0,0.4445610046386719
Lisandru Tramoni,passing,61.55603,62.0,0.4439697265625
Laldinliana Renthlei,passing,41.44393,41.0,0.44393157958984375
Salvatore Esposito,passing,69.55639,70.0,0.44361114501953125
Pierre Dwomoh,passing,62.55735,63.0,0.44264984130859375
Josh Tymon,passing,66.557396,67.0,0.44260406494140625
Rodrigo Guth,passing,51.442474,51.0,0.442474365234375
Daan Rots,passing,59.558617,60.0,0.44138336181640625
Sam Sherring,passing,39.440285,39.0,0.44028472900390625
Darragh Nugent,passing,54.560055,55.0,0.4399452209472656
Raphaël Eyongo,passing,53.560852,54.0,0.43914794921875
Gino Fechner,passing,55.438984,55.0,0.4389839172363281
Milan Robberechts,passing,57.561867,58.0,0.43813323974609375
Janis Antiste,passing,50.561916,51.0,0.4380836486816406
Phillip Cancar,passing,42.43807,42.0,0.4380683898925781
Conor Kane,passing,48.43767,48.0,0.4376716613769531
Gerrit Gohlke,passing,42.437286,42.0,0.437286376953125
Andréas Hountondji,passing,53.563488,54.0,0.4365119934082031
Sidi Sané,passing,56.563766,57.0,0.4362335205078125
Marcel Benger,passing,57.566338,58.0,0.43366241455078125
Caolán Boyd-Munce,passing,54.566563,55.0,0.4334373474121094
Charlie Savage,passing,62.433006,62.0,0.43300628662109375
Malik Batmaz,passing,51.567245,52.0,0.4327545166015625
Ole Enersen,passing,54.56761,55.0,0.4323883056640625
Rory Feely,passing,51.56838,52.0,0.4316215515136719
Mauro Luna Diale,passing,63.43124,63.0,0.4312400817871094
Bünyamin Balcı,passing,59.56973,60.0,0.4302711486816406
Valentin Antov,passing,47.42691,47.0,0.426910400390625
Karim Zedadka,passing,58.426453,58.0,0.42645263671875
John Kitolano,passing,53.4263,53.0,0.426300048828125
James Olayinka,passing,58.42496,58.0,0.4249610900878906
Giannis Papanikolaou,passing,62.575104,63.0,0.424896240234375
Nadjib Cissé,passing,39.575367,40.0,0.4246330261230469
Jakub Kadak,passing,65.57564,66.0,0.4243621826171875
Kayden Pierre,passing,41.424328,41.0,0.4243278503417969
Sam Taylor,passing,34.579185,35.0,0.42081451416015625
Ebrima Darboe,passing,63.5792,64.0,0.42079925537109375
Mamadou Jobe,passing,31.579462,32.0,0.42053794860839844
Ben Folami,passing,56.579853,57.0,0.4201469421386719
Dimitrios Nikolaou,passing,45.420124,45.0,0.4201240539550781
Eman Marković,passing,55.580475,56.0,0.419525146484375
Joel Cotterill,passing,53.580963,54.0,0.419036865234375
Felix Bacher,passing,41.418137,41.0,0.4181365966796875
Rhys Williams,passing,50.58241,51.0,0.4175910949707031
András Németh,passing,44.41616,44.0,0.41616058349609375
Rashaan Fernandes,passing,58.415234,58.0,0.4152336120605469
Shawn Adewoye,passing,44.415203,44.0,0.4152030944824219
Marvin Çuni,passing,51.584877,52.0,0.41512298583984375
Billy Mitchell,passing,62.413383,62.0,0.41338348388671875
Alex Mighten,passing,56.413353,56.0,0.41335296630859375
Mohamad Rakip,passing,37.586803,38.0,0.4131965637207031
Luca Everink,passing,46.587765,47.0,0.4122352600097656
Krystian Bielik,passing,62.587963,63.0,0.4120368957519531
Kristers Tobers,passing,51.411552,51.0,0.41155242919921875
Luke Mbete,passing,48.411373,48.0,0.4113731384277344
John Ross Wilson,passing,51.588844,52.0,0.41115570068359375
Timothy Noor Ouma,passing,54.590828,55.0,0.40917205810546875
Jordon Garrick,passing,55.40762,55.0,0.4076194763183594
Anthony Olusanya,passing,48.592747,49.0,0.4072532653808594
Gabriel Aranda,passing,42.406525,42.0,0.406524658203125
Abdulaziz Makin,passing,47.59399,48.0,0.4060096740722656
Madou Touré,passing,51.40562,51.0,0.4056205749511719
Di'Shon Bernard,passing,52.405525,52.0,0.40552520751953125
Lucas Brumme,passing,58.594727,59.0,0.4052734375
Emil Kischka,passing,52.404987,52.0,0.4049873352050781
Vedad Radonja,passing,54.403664,54.0,0.40366363525390625
Nicola Rauti,passing,52.40253,52.0,0.4025306701660156
Jusuf Gazibegović,passing,62.599976,63.0,0.4000244140625
David Jaunegg,passing,46.600246,47.0,0.3997535705566406
Hassan Al Slais,passing,34.601204,35.0,0.39879608154296875
Kacper Urbański,passing,56.601643,57.0,0.3983573913574219
Denis Rența,passing,44.396942,44.0,0.396942138671875
Junior Noguera,passing,54.603577,55.0,0.39642333984375
David Nemeth,passing,44.60361,45.0,0.3963890075683594
Chinedu Ekene,passing,46.60509,47.0,0.3949089050292969
Daniel Butterworth,passing,50.606674,51.0,0.3933258056640625
Hussain Furayj,passing,36.60766,37.0,0.39234161376953125
Morgan Feeney,passing,41.39164,41.0,0.39163970947265625
Daniel Chesters,passing,56.390255,56.0,0.3902549743652344
Noah Naujoks,passing,55.610336,56.0,0.3896636962890625
Greg Docherty,passing,63.61053,64.0,0.3894691467285156
Wungngayam Muirang,passing,28.610647,29.0,0.38935279846191406
Erencan Yardımcı,passing,49.386242,49.0,0.3862419128417969
Jerry Lalrinzuala,passing,46.385826,46.0,0.38582611083984375
Divin Mubama,passing,44.383846,44.0,0.3838462829589844
Ian Murphy,passing,40.38325,40.0,0.3832511901855469
Adrian Durrer,passing,45.383156,45.0,0.38315582275390625
Akash Mishra,passing,51.38304,51.0,0.3830413818359375
Fynn Lakenmacher,passing,49.38169,49.0,0.38169097900390625
Darragh Markey,passing,56.618385,57.0,0.38161468505859375
Aaron Pressley,passing,43.618645,44.0,0.38135528564453125
Okan Erdoğan,passing,49.38083,49.0,0.380828857421875
Turki Al Mutairi,passing,35.619972,36.0,0.38002777099609375
Josh Andrews,passing,42.619995,43.0,0.3800048828125
Linus Gechter,passing,49.377193,49.0,0.3771934509277344
Tjay De Barr,passing,50.37687,50.0,0.37686920166015625
Abdurrahim Dursun,passing,52.623547,53.0,0.3764533996582031
Luca Ranieri,passing,58.62411,59.0,0.3758888244628906
Haissem Hassan,passing,57.624798,58.0,0.3752021789550781
Xander Martlé,passing,58.624912,59.0,0.3750877380371094
Federico Versaci,passing,55.627068,56.0,0.37293243408203125
Callum Timmins,passing,57.372105,57.0,0.3721046447753906
Nohan Kenneh,passing,58.371967,58.0,0.3719673156738281
Denilho Cleonise,passing,60.628754,61.0,0.371246337890625
Patryk Makuch,passing,45.628933,46.0,0.3710670471191406
Patricio Ostachuk,passing,55.37008,55.0,0.37007904052734375
Justen Glad,passing,49.630173,50.0,0.3698272705078125
Gyan de Regt,passing,55.631805,56.0,0.368194580078125
Kevin Jensen,passing,58.631897,59.0,0.36810302734375
Doru Andrei,passing,54.63208,55.0,0.367919921875
Benjamin Goller,passing,58.63211,59.0,0.367889404296875
Manoj Mohammad,passing,37.632374,38.0,0.3676261901855469
Martin Wasinski,passing,45.633007,46.0,0.3669929504394531
Jake Najdovski,passing,41.366135,41.0,0.3661346435546875
Wisdom Amey,passing,52.365814,52.0,0.365814208984375
Joshua Feeney,passing,41.634266,42.0,0.3657341003417969
Elidon Qenaj,passing,43.634968,44.0,0.3650321960449219
Tim Köther,passing,56.635654,57.0,0.3643455505371094
Jake Bickerstaff,passing,41.36392,41.0,0.3639183044433594
Sanders Ngabo,passing,58.63676,59.0,0.3632392883300781
Faisal Ali,passing,46.363136,46.0,0.36313629150390625
Axel Bamba,passing,54.36288,54.0,0.3628807067871094
Ahmetcan Kaplan,passing,42.362625,42.0,0.3626251220703125
Marco Rus,passing,53.362362,53.0,0.3623619079589844
Jerome Opoku,passing,52.360855,52.0,0.3608551025390625
Taylor Moore,passing,58.639862,59.0,0.360137939453125
Tega Ikoba,passing,33.640068,34.0,0.35993194580078125
Miłosz Matysik,passing,47.35969,47.0,0.3596916198730469
Lukas Boeder,passing,53.35939,53.0,0.3593902587890625
Albert Hofman,passing,55.643238,56.0,0.3567619323730469
Giulian Biancone,passing,61.643326,62.0,0.3566741943359375
Jake Garrett,passing,55.643433,56.0,0.3565673828125
Yahya Kalley,passing,45.643982,46.0,0.35601806640625
Eldin Dzogovic,passing,51.644455,52.0,0.3555450439453125
Mamadou Coulibaly,passing,64.645454,65.0,0.35454559326171875
Finlay Pollock,passing,55.35388,55.0,0.3538818359375
Tom Lacoux,passing,66.6467,67.0,0.353302001953125
Hicham Mahou,passing,58.64681,59.0,0.3531913757324219
Þórir Jóhann Helgason,passing,61.64683,62.0,0.3531684875488281
Sofiane Alakouch,passing,62.353073,62.0,0.3530731201171875
Colm Whelan,passing,49.35255,49.0,0.3525505065917969
Bruce Anderson,passing,51.35157,51.0,0.35157012939453125
Gurkirat Singh,passing,37.64895,38.0,0.35105133056640625
Mateo Sanabria,passing,58.350277,58.0,0.3502769470214844
Thomas Geris,passing,39.34989,39.0,0.34989166259765625
Emirhan İlkhan,passing,62.650646,63.0,0.3493537902832031
Luca Kronberger,passing,58.65096,59.0,0.3490409851074219
Daniel Stynes,passing,54.651142,55.0,0.3488578796386719
Evann Guessand,passing,54.654015,55.0,0.34598541259765625
Sebastian Kowalczyk,passing,63.345573,63.0,0.34557342529296875
Dean James,passing,50.343956,50.0,0.34395599365234375
Agustín Sández,passing,56.659996,57.0,0.34000396728515625
Torben Müsel,passing,56.660007,57.0,0.3399925231933594
Yllan Okou,passing,48.33912,48.0,0.33911895751953125
Gastón González,passing,60.661602,61.0,0.3383979797363281
Antwoine Hackford,passing,38.338272,38.0,0.3382720947265625
Anton Sorenson,passing,41.661907,42.0,0.3380928039550781
Romeo Vucic,passing,47.662476,48.0,0.3375244140625
Giacomo Vrioni,passing,55.33743,55.0,0.3374290466308594
Nick Otto,passing,38.663906,39.0,0.3360939025878906
Carlos Gavilán,passing,50.665276,51.0,0.33472442626953125
Kyle Hudlin,passing,45.665314,46.0,0.334686279296875
Magnus Christensen,passing,56.33457,56.0,0.33457183837890625
Conor Masterson,passing,42.334137,42.0,0.334136962890625
Marcelo Esponda,passing,58.333443,58.0,0.33344268798828125
Tomás Galván,passing,63.332993,63.0,0.3329925537109375
Callum Styles,passing,63.670967,64.0,0.32903289794921875
Samik Mitra,passing,51.671207,52.0,0.3287925720214844
Jack Lemoignan,passing,51.67172,52.0,0.3282814025878906
Ted Cann,passing,51.672626,52.0,0.3273735046386719
Hampus Finndell,passing,64.32716,64.0,0.3271636962890625
Arsh Shaikh,passing,51.67298,52.0,0.32701873779296875
Guillermo Balzi,passing,59.67313,60.0,0.3268699645996094
Ross Munro,passing,51.67335,52.0,0.3266487121582031
Eduard Radaslavescu,passing,64.67342,65.0,0.32657623291015625
Adam Petersson,passing,53.673767,54.0,0.32623291015625
Baptiste Roux,passing,55.325306,55.0,0.3253059387207031
Adam Ingi Benediktsson,passing,51.675255,52.0,0.32474517822265625
Robert Kwasigroch,passing,51.676323,52.0,0.32367706298828125
Habib Sylla,passing,57.67778,58.0,0.3222198486328125
Lewis Richardson,passing,47.322063,47.0,0.3220634460449219
Anosike Ementa,passing,47.678936,48.0,0.3210639953613281
Antonio Raimondo,passing,60.67954,61.0,0.3204612731933594
Samba Lélé Diba,passing,48.31921,48.0,0.3192100524902344
Isaac Hutchinson,passing,59.680984,60.0,0.3190155029296875
Jack Wells-Morrison,passing,55.682392,56.0,0.3176078796386719
Cole Palmer,passing,61.682564,62.0,0.31743621826171875
Stefano Russo,passing,56.68313,57.0,0.31687164306640625
Aimé Mabika,passing,38.68336,39.0,0.3166389465332031
Tope Fadahunsi,passing,44.316433,44.0,0.3164329528808594
Zack Farnsworth,passing,41.315243,41.0,0.3152427673339844
Taylor Richards,passing,62.68552,63.0,0.3144798278808594
Boris Tomiak,passing,45.314213,45.0,0.3142127990722656
Louis Torres,passing,54.68594,55.0,0.3140602111816406
Ryan Longman,passing,58.686543,59.0,0.3134574890136719
Josué Escartin,passing,46.312744,46.0,0.312744140625
Ian Smeulers,passing,55.68974,56.0,0.3102607727050781
Evan McLaughlin,passing,54.31008,54.0,0.31008148193359375
Devin Angleberger,passing,55.309654,55.0,0.30965423583984375
Anis Mehmeti,passing,59.69179,60.0,0.3082084655761719
Paweł Olszewski,passing,49.30817,49.0,0.3081703186035156
Tobias Fleckstein,passing,45.30815,45.0,0.3081512451171875
Aaron Zehnter,passing,53.691887,54.0,0.30811309814453125
Mats Knoester,passing,49.69239,50.0,0.30760955810546875
Ben Worman,passing,55.69328,56.0,0.3067207336425781
Brian McManus,passing,55.693626,56.0,0.30637359619140625
Devendra Murgaonkar,passing,46.694374,47.0,0.30562591552734375
Zachary Brault-Guillard,passing,56.695473,57.0,0.30452728271484375
Bruno Portugal,passing,50.69645,51.0,0.30355072021484375
Jiteshwor Singh,passing,45.696457,46.0,0.3035430908203125
Alex Nolan,passing,52.697468,53.0,0.3025321960449219
Saïdou Sow,passing,53.698265,54.0,0.30173492431640625
Emiliano Viveros,passing,56.69881,57.0,0.3011894226074219
Ellis Simms,passing,51.69914,52.0,0.3008613586425781
Jesper Adolfsson,passing,42.699318,43.0,0.30068206787109375
Mohamed Farsi,passing,59.299053,59.0,0.2990531921386719
Moritz Oswald,passing,58.70105,59.0,0.2989501953125
Nicolas Janvier,passing,65.70183,66.0,0.2981719970703125
Jacky Donkor,passing,51.2949,51.0,0.29489898681640625
Joseph Hungbo,passing,60.7063,61.0,0.293701171875
Darko Churlinov,passing,61.706524,62.0,0.2934761047363281
Adam Carlén,passing,55.708015,56.0,0.29198455810546875
Nathan Bitumazala,passing,56.291725,56.0,0.29172515869140625
Kyrylo Melichenko,passing,55.29167,55.0,0.2916717529296875
Sebastian Wade,passing,50.709595,51.0,0.2904052734375
Oskar Leśniak,passing,46.28987,46.0,0.2898712158203125
Benjamin Böckle,passing,49.289055,49.0,0.28905487060546875
Loïc Mbe Soh,passing,48.710953,49.0,0.2890472412109375
Bradley Fink,passing,44.288162,44.0,0.2881622314453125
Gian Nardelli,passing,47.287685,47.0,0.2876853942871094
Stanisław Wawrzynowicz,passing,50.28591,50.0,0.28591156005859375
Maurice Dehler,passing,51.71495,52.0,0.2850494384765625
Logan Ndenbe,passing,58.284058,58.0,0.2840576171875
Cole Bassett,passing,65.71672,66.0,0.2832794189453125
Oscar Solnørdal,passing,53.282963,53.0,0.2829627990722656
Bryan Okoh,passing,52.717064,53.0,0.28293609619140625
Jordan McEneff,passing,56.717144,57.0,0.2828559875488281
Juan Arias,passing,40.281384,40.0,0.2813835144042969
Tobias Anselm,passing,59.280598,59.0,0.2805976867675781
Meritan Shabani,passing,61.720108,62.0,0.2798919677734375
Rick van Drongelen,passing,56.27953,56.0,0.2795295715332031
Jalen Hawkins,passing,52.720787,53.0,0.27921295166015625
Abdulaziz Noor,passing,52.27853,52.0,0.2785301208496094
Cheick Keita,passing,42.721577,43.0,0.2784233093261719
Marko Bulat,passing,75.27724,75.0,0.2772369384765625
Carlos Esparragoza,passing,64.7231,65.0,0.2769012451171875
David Ajiboye,passing,54.723324,55.0,0.2766761779785156
Giacomo Quagliata,passing,53.723907,54.0,0.276092529296875
Efe-Kaan Sihlaroglu,passing,56.275646,56.0,0.2756462097167969
Oskar Ågren,passing,45.724525,46.0,0.27547454833984375
Antonio Marin,passing,65.2745,65.0,0.27449798583984375
Dennis Lütke-Frie,passing,58.274483,58.0,0.27448272705078125
Daniel Bunk,passing,56.726635,57.0,0.2733650207519531
Luc Ihorst,passing,49.72705,50.0,0.27294921875
Moritz Römling,passing,50.272526,50.0,0.2725257873535156
Adam Long,passing,43.272167,43.0,0.2721672058105469
Dion Kacuri,passing,54.270416,54.0,0.270416259765625
Ashley Phillips,passing,49.270264,49.0,0.270263671875
Ștefan Pănoiu,passing,62.73006,63.0,0.2699394226074219
Marcel Zylla,passing,55.269367,55.0,0.2693672180175781
Hussein Ali,passing,49.267952,49.0,0.26795196533203125
Semi Belkahia,passing,42.266975,42.0,0.26697540283203125
Kik Pierie,passing,65.73388,66.0,0.26612091064453125
Yanis Cimignani,passing,64.73514,65.0,0.264862060546875
Ismaël Boura,passing,56.735264,57.0,0.2647361755371094
Gerasimos Mitoglou,passing,50.735428,51.0,0.2645721435546875
Simen Bolkan Nordli,passing,65.73576,66.0,0.2642364501953125
Noureddine El Bahhar,passing,56.736244,57.0,0.26375579833984375
Alessio Besio,passing,43.736534,44.0,0.26346588134765625
Sebastián Álvarez,passing,52.26345,52.0,0.26345062255859375
Jeriel Dorsett,passing,45.260654,45.0,0.2606544494628906
Fabian Wilfinger,passing,52.74036,53.0,0.2596397399902344
Mason Toye,passing,43.74059,44.0,0.2594108581542969
Julian Baas,passing,64.74069,65.0,0.259307861328125
Marley Aké,passing,63.259136,63.0,0.2591361999511719
Alexandru Blidar,passing,48.258533,48.0,0.2585334777832031
Dirk Asare,passing,46.2583,46.0,0.25830078125
Koba Leïn Koindredi,passing,70.25744,70.0,0.25743865966796875
Dion Krasniqi,passing,38.25671,38.0,0.2567100524902344
Rasmus Cronvall,passing,41.25627,41.0,0.2562713623046875
Lewis Fiorini,passing,61.25592,61.0,0.25592041015625
Gabriele Piccinini,passing,52.744484,53.0,0.25551605224609375
Enea Mihaj,passing,49.745186,50.0,0.25481414794921875
Kas de Wit,passing,57.745655,58.0,0.2543449401855469
Riccardo Ciervo,passing,56.745834,57.0,0.2541656494140625
Tony Gallacher,passing,50.25315,50.0,0.25315093994140625
Cameron Humphreys-Grant,passing,48.253136,48.0,0.25313568115234375
Tom Fellows,passing,48.252937,48.0,0.25293731689453125
Philippe Paulin Keny,passing,54.747158,55.0,0.2528419494628906
Lion Semić,passing,49.748573,50.0,0.25142669677734375
Dylan Nealis,passing,46.250305,46.0,0.25030517578125
Ryan Graydon,passing,53.250206,53.0,0.25020599365234375
Jaylin Lindsey,passing,56.753487,57.0,0.24651336669921875
Ángel Vaca,passing,52.75351,53.0,0.246490478515625
Charles Boli,passing,61.246075,61.0,0.24607467651367188
Michael Svoboda,passing,53.245853,53.0,0.24585342407226562
Carl Björk,passing,52.245426,52.0,0.24542617797851562
Niko Vukancic,passing,43.24372,43.0,0.24372100830078125
Matías Galarza,passing,67.2434,67.0,0.24340057373046875
Kipp Keller,passing,30.243078,30.0,0.24307823181152344
Yaw Moses,passing,60.756935,61.0,0.24306488037109375
Mamady Diambou,passing,57.757153,58.0,0.24284744262695312
Soumaila Coulibaly,passing,50.242798,50.0,0.2427978515625
Kian Harratt,passing,38.24249,38.0,0.24248886108398438
Roko Šimić,passing,56.757565,57.0,0.24243545532226562
Jay Rich-Baghuelou,passing,42.241943,42.0,0.241943359375
Berkan Taz,passing,61.241714,61.0,0.2417144775390625
Nicholas Bonfanti,passing,41.759075,42.0,0.24092483520507812
Marko Milovanović,passing,46.759865,47.0,0.24013519287109375
Rico Richards,passing,51.239323,51.0,0.23932266235351562
Max Thompson,passing,48.23849,48.0,0.23849105834960938
Simone Canestrelli,passing,39.237995,39.0,0.23799514770507812
Bogdan Racovițan,passing,37.7626,38.0,0.23740005493164062
Ogechika Heil,passing,55.23724,55.0,0.23723983764648438
Josh Coley,passing,49.763935,50.0,0.23606491088867188
Sebastian Saftig,passing,44.76421,45.0,0.23579025268554688
Jong-min Seo,passing,55.76637,56.0,0.23363113403320312
Achraf Dari,passing,49.23174,49.0,0.23173904418945312
Scott Robertson,passing,58.768963,59.0,0.23103713989257812
Thomas Kastanaras,passing,51.230633,51.0,0.23063278198242188
Kimberly Ezekwem,passing,53.769386,54.0,0.23061370849609375
Othmane Boussaid,passing,65.77043,66.0,0.2295684814453125
Cosmin Bucuroiu,passing,46.770443,47.0,0.22955703735351562
Yannik Keitel,passing,63.228977,63.0,0.22897720336914062
Sambou Soumano,passing,49.771275,50.0,0.22872543334960938
Oliver Fobassam,passing,37.771843,38.0,0.22815704345703125
Fabrizio Caligara,passing,64.77213,65.0,0.22786712646484375
Silas Nwankwo,passing,46.227367,46.0,0.22736740112304688
Sherel Floranus,passing,58.227158,58.0,0.2271575927734375
Diego Calcaterra,passing,44.773075,45.0,0.22692489624023438
Ryan Stirk,passing,58.226818,58.0,0.22681808471679688
Martin Agnarsson,passing,50.773735,51.0,0.22626495361328125
Jakob Breum,passing,52.77698,53.0,0.22301864624023438
Charlie Finney,passing,52.222572,52.0,0.22257232666015625
Dean Williams,passing,49.221756,49.0,0.2217559814453125
Greg Kiltie,passing,60.220104,60.0,0.22010421752929688
Ahmed Bahusayn,passing,54.780083,55.0,0.21991729736328125
Cem Üstündag,passing,53.781464,54.0,0.218536376953125
Pat Jones,passing,50.783707,51.0,0.2162933349609375
Leandro Lozano,passing,62.78407,63.0,0.21593093872070312
Fabian Greilinger,passing,55.21451,55.0,0.21451187133789062
Ibrahim El Kadiri,passing,52.78637,53.0,0.21363067626953125
Willem Geubbels,passing,56.787514,57.0,0.21248626708984375
Joe Taylor,passing,35.788517,36.0,0.21148300170898438
Kaide Gordon,passing,54.21056,54.0,0.21055984497070312
Marcus Browne,passing,60.21006,60.0,0.21006011962890625
Lino Tempelmann,passing,64.209274,64.0,0.2092742919921875
Ethan Hamilton,passing,63.209225,63.0,0.20922470092773438
Oday Dabbagh,passing,58.20906,58.0,0.2090606689453125
Florian Engelhardt,passing,50.207924,50.0,0.20792388916015625
Pascal Müller,passing,57.207317,57.0,0.20731735229492188
Frank Ronstadt,passing,59.795414,60.0,0.20458602905273438
Elias Hoff Melkersen,passing,49.203594,49.0,0.20359420776367188
Ricky Shabong,passing,42.79697,43.0,0.20302963256835938
Aleksander D. Nilsson,passing,55.797913,56.0,0.20208740234375
Aldo Florenzi,passing,62.201626,62.0,0.20162582397460938
Meiko Sponsel,passing,55.798668,56.0,0.20133209228515625
Leon Dajaku,passing,55.20041,55.0,0.200408935546875
Bryan Lasme,passing,51.803387,52.0,0.19661331176757812
Dennis Jastrzembski,passing,60.80461,61.0,0.1953887939453125
Koni De Winter,passing,51.80489,52.0,0.19511032104492188
Reyes Cleary,passing,49.80556,50.0,0.19443893432617188
Eoin Toal,passing,41.80646,42.0,0.19353866577148438
Ramy Najjarine,passing,58.192234,58.0,0.19223403930664062
Mariusz Fornalczyk,passing,50.19132,50.0,0.19131851196289062
Devin Sür,passing,52.189278,52.0,0.18927764892578125
Tashreeq Matthews,passing,58.189224,58.0,0.1892242431640625
Kreshnik Hajrizi,passing,45.810844,46.0,0.18915557861328125
Dante Polvara,passing,53.81123,54.0,0.18877029418945312
Lee Buchanan,passing,53.81141,54.0,0.18859100341796875
Oscar Schönfelder,passing,56.813194,57.0,0.18680572509765625
Maximiliano González,passing,56.186497,56.0,0.18649673461914062
Gbemi Arubi,passing,42.813515,43.0,0.18648529052734375
Csaba Bukta,passing,54.186386,54.0,0.1863861083984375
Iván Flores,passing,44.18587,44.0,0.18587112426757812
Harrison Ashby,passing,50.814472,51.0,0.18552780151367188
Reece Devine,passing,55.18487,55.0,0.18487167358398438
Julian Gaines,passing,44.184162,44.0,0.18416213989257812
Enzo Ebosse,passing,55.816505,56.0,0.18349456787109375
Niklas Jessen,passing,57.816578,58.0,0.18342208862304688
Jonathan Tomkinson,passing,40.183018,40.0,0.18301773071289062
Luke Robinson,passing,45.18286,45.0,0.182861328125
Mohammed Tolba,passing,53.1824,53.0,0.18239974975585938
Andrea Oliveri,passing,59.81811,60.0,0.18188858032226562
Jubril Okedina,passing,50.18152,50.0,0.1815185546875
Liam Walsh,passing,68.81956,69.0,0.18044281005859375
Eniss Shabani,passing,55.18004,55.0,0.1800384521484375
Dylan Mbayo,passing,55.820286,56.0,0.17971420288085938
Sebastian Pasquali,passing,58.820427,59.0,0.17957305908203125
Lachlan Rose,passing,52.820866,53.0,0.17913436889648438
Jamie Roche,passing,56.821857,57.0,0.17814254760742188
Gabriele Zappa,passing,59.821957,60.0,0.17804336547851562
Rhys Hughes,passing,56.82229,57.0,0.17771148681640625
Julián Malatini,passing,58.17764,58.0,0.17763900756835938
Kevin Rüegg,passing,63.822746,64.0,0.17725372314453125
Jibril Ibrahimi,passing,44.176147,44.0,0.1761474609375
Liston Colaco,passing,51.176117,51.0,0.176116943359375
Alexander Lind,passing,50.824142,51.0,0.1758575439453125
Jakub Myszor,passing,57.82417,58.0,0.17583084106445312
Kylian Kouassi,passing,46.175827,46.0,0.1758270263671875
Filip Olsson,passing,56.175674,56.0,0.1756744384765625
Cyrill Akono,passing,50.175255,50.0,0.17525482177734375
Cian Kavanagh,passing,49.824917,50.0,0.17508316040039062
Lucas Halangk,passing,52.825165,53.0,0.174835205078125
Alan Rodríguez,passing,66.82562,67.0,0.17437744140625
James Connolly,passing,46.826504,47.0,0.17349624633789062
Casey Walls,passing,40.173363,40.0,0.17336273193359375
William Mikelbrencis,passing,55.82678,56.0,0.17322158813476562
Alex Méndez,passing,69.827614,70.0,0.17238616943359375
Dylan Portilla,passing,63.171375,63.0,0.17137527465820312
Kai Klefisch,passing,56.829334,57.0,0.17066574096679688
Isaac Olaofe,passing,47.170605,47.0,0.17060470581054688
Roberto Piccoli,passing,49.83029,50.0,0.169708251953125
Doğucan Haspolat,passing,66.830765,67.0,0.1692352294921875
Marcel Wenig,passing,62.83084,63.0,0.169158935546875
Jacob Bedeau,passing,46.167786,46.0,0.16778564453125
Gabriel Charpentier,passing,43.16727,43.0,0.16727066040039062
Erdon Daci,passing,56.833996,57.0,0.16600418090820312
Romoney Crichlow,passing,42.834343,43.0,0.16565704345703125
Dan Nlundulu,passing,46.165024,46.0,0.1650238037109375
Machop Chol,passing,50.835705,51.0,0.16429519653320312
Kacper Jodłowski,passing,54.83678,55.0,0.16321945190429688
José David Romero,passing,44.16228,44.0,0.16228103637695312
Louie Sibley,passing,62.161808,62.0,0.16180801391601562
Marius Ștefănescu,passing,61.16174,61.0,0.16173934936523438
Jack Lynn,passing,42.838276,43.0,0.16172409057617188
Emir Tintiş,passing,54.83874,55.0,0.16125869750976562
Duplexe Tchamba,passing,45.160732,45.0,0.16073226928710938
Tom Geerkens,passing,50.83965,51.0,0.16035079956054688
Jack Milne,passing,52.839863,53.0,0.16013717651367188
Matteo Ruggeri,passing,63.159798,63.0,0.15979766845703125
Mehdi Loune,passing,60.84029,61.0,0.15970993041992188
Jesper Daland,passing,50.84046,51.0,0.15953826904296875
Filipe Sissé,passing,55.841457,56.0,0.15854263305664062
Demeaco Duhaney,passing,49.84223,50.0,0.15776824951171875
Sebastian Aigner,passing,55.843197,56.0,0.15680313110351562
Jean-Manuel Mbom,passing,65.84359,66.0,0.15641021728515625
Yan Dhanda,passing,66.15615,66.0,0.15615081787109375
Facundo Zabala,passing,56.843983,57.0,0.15601730346679688
Nicholas Mickelson,passing,47.15441,47.0,0.15441131591796875
Andy Cannon,passing,62.154068,62.0,0.1540679931640625
Filip Bilbija,passing,64.15397,64.0,0.15396881103515625
Hormipam Ruivah,passing,42.8467,43.0,0.15330123901367188
Paul Lehmann,passing,45.153217,45.0,0.15321731567382812
Antoine Valério,passing,61.152313,61.0,0.152313232421875
Ben Goodliffe,passing,42.84828,43.0,0.1517181396484375
Yaw Ackah,passing,54.84973,55.0,0.1502685546875
Burak Kapacak,passing,60.150085,60.0,0.15008544921875
Ousoumane Camara,passing,56.85097,57.0,0.14902877807617188
Luis Carlos Rodríguez,passing,48.148174,48.0,0.14817428588867188
Viktor Widell,passing,46.147717,46.0,0.14771652221679688
Naci Ünüvar,passing,66.853004,67.0,0.14699554443359375
Issiar Dramé,passing,39.853455,40.0,0.14654541015625
David Savic,passing,52.85368,53.0,0.14632034301757812
Hady Camara,passing,47.854664,48.0,0.14533615112304688
Georg Strauch,passing,57.854824,58.0,0.14517593383789062
Felix Strauss,passing,55.145126,55.0,0.1451263427734375
Charlie Webster,passing,59.145035,59.0,0.1450347900390625
Alexander Ranacher,passing,56.144047,56.0,0.14404678344726562
Christian Saydee,passing,47.85629,48.0,0.14371109008789062
Hayden Muller,passing,42.85664,43.0,0.14336013793945312
Damian Rivera,passing,51.856888,52.0,0.1431121826171875
Brahian Palacios,passing,55.85718,56.0,0.14281845092773438
Mohammed Sangare,passing,53.857666,54.0,0.142333984375
Emanuel Aiwu,passing,54.14169,54.0,0.14168930053710938
Gabriele Ferrarini,passing,56.858574,57.0,0.14142608642578125
Jack Aitchison,passing,56.858944,57.0,0.14105606079101562
Mohamed Achi,passing,57.859337,58.0,0.14066314697265625
Dominik Becker,passing,48.14054,48.0,0.14054107666015625
Alex Dunne,passing,42.859653,43.0,0.14034652709960938
Demba Seck,passing,54.86125,55.0,0.1387481689453125
Dženan Pejčinović,passing,51.861946,52.0,0.13805389404296875
Muharem Huskovic,passing,57.137726,57.0,0.137725830078125
Edgaras Utkus,passing,55.862514,56.0,0.13748550415039062
Úmaro Embaló,passing,62.86285,63.0,0.13714981079101562
Abdoul Fessal Tapsoba,passing,53.863396,54.0,0.13660430908203125
Daniel Oyegoke,passing,49.13599,49.0,0.13599014282226562
Jack MacKenzie,passing,53.864323,54.0,0.13567733764648438
Serkan Asan,passing,56.133503,56.0,0.13350296020507812
Gavin Hodgins,passing,52.132652,52.0,0.13265228271484375
Anthony Fontana,passing,61.867798,62.0,0.1322021484375
Fatih Kaya,passing,45.868156,46.0,0.13184356689453125
Liam Kitching,passing,44.86937,45.0,0.1306304931640625
Kilian Ludewig,passing,58.869637,59.0,0.13036346435546875
Patryk Zaucha,passing,54.869972,55.0,0.13002777099609375
Lenn Jastremski,passing,40.87058,41.0,0.12942123413085938
Sunusi Ibrahim,passing,53.12911,53.0,0.12910842895507812
Jake Cain,passing,60.128887,60.0,0.12888717651367188
Simone Mazzocchi,passing,50.127132,50.0,0.12713241577148438
Lautaro Ovando,passing,47.873158,48.0,0.12684249877929688
Jakub Lutostański,passing,37.123806,37.0,0.12380599975585938
Adilson Malanda,passing,39.876522,40.0,0.12347793579101562
Marcel Beifus,passing,49.876694,50.0,0.1233062744140625
Slobodan Tedić,passing,50.12319,50.0,0.12319183349609375
Nawaf Al Rashoudi,passing,49.87683,50.0,0.1231689453125
Nikolaos Michelis,passing,42.12303,42.0,0.1230316162109375
Michael Halliday,passing,43.122902,43.0,0.12290191650390625
Dominic Thompson,passing,55.1225,55.0,0.12250137329101562
Abdulkerim Çakar,passing,59.877575,60.0,0.12242507934570312
Sakarias Opsahl,passing,64.877716,65.0,0.122283935546875
Tomás Jacob,passing,53.12148,53.0,0.12147903442382812
Joshua Cavallo,passing,55.121063,55.0,0.121063232421875
David Datro Fofana,passing,52.120983,52.0,0.12098312377929688
Niclas Holm Pedersen,passing,46.879204,47.0,0.12079620361328125
Oleg Ocheretko,passing,60.879505,61.0,0.12049484252929688
Tahith Chong,passing,67.120255,67.0,0.1202545166015625
Ricky-Jade Jones,passing,52.11967,52.0,0.11967086791992188
Calvin Harris,passing,45.118885,45.0,0.11888504028320312
Manuel De Luca,passing,51.881886,52.0,0.11811447143554688
Sékou Mara,passing,52.882206,53.0,0.11779403686523438
Loris Mouyokolo,passing,38.88329,39.0,0.11671066284179688
Florian Flick,passing,63.11619,63.0,0.11619186401367188
Bent Andresen,passing,46.115036,46.0,0.1150360107421875
Kamil Pestka,passing,59.114338,59.0,0.11433792114257812
Lassi Lappalainen,passing,57.886116,58.0,0.11388397216796875
Achraf Douiri,passing,53.8862,54.0,0.113800048828125
Mario Šuver,passing,42.886524,43.0,0.11347579956054688
Jakub Kałuziński,passing,59.1134,59.0,0.11339950561523438
Milan Corryn,passing,61.887062,62.0,0.11293792724609375
Aleksander Buksa,passing,47.111736,47.0,0.11173629760742188
Missael Rodríguez,passing,38.888435,39.0,0.11156463623046875
Gabriel David,passing,51.111378,51.0,0.11137771606445312
Oskar Wójcik,passing,41.10994,41.0,0.1099395751953125
Jamie Shackleton,passing,65.89008,66.0,0.10991668701171875
Tyler Burey,passing,54.891384,55.0,0.10861587524414062
Mazeed Ogungbo,passing,44.892067,45.0,0.10793304443359375
Mario Bratu,passing,61.107845,61.0,0.10784530639648438
Jan Schöppner,passing,63.10755,63.0,0.10755157470703125
El Hadji Dieye,passing,56.107544,56.0,0.1075439453125
Emil Benny,passing,54.892807,55.0,0.1071929931640625
Rohit Danu,passing,45.893772,46.0,0.10622787475585938
Isaac Nuhu,passing,57.105637,57.0,0.1056365966796875
Ethan Ingram,passing,46.10433,46.0,0.10432815551757812
Juan Cruz Giacone,passing,46.896942,47.0,0.103057861328125
Vontae Daley-Campbell,passing,50.102962,50.0,0.10296249389648438
Ibrahima Cissé,passing,43.89748,44.0,0.10251998901367188
Edvin Kurtulus,passing,58.102272,58.0,0.10227203369140625
Kyle Robinson,passing,44.89816,45.0,0.10184097290039062
Finn Surman,passing,43.8987,44.0,0.10129928588867188
Daniel Karlsbakk,passing,49.8991,50.0,0.10089874267578125
Juan José Giménez,passing,50.89954,51.0,0.10046005249023438
Lukas Pinckert,passing,55.900955,56.0,0.0990447998046875
Rami Al Hajj,passing,62.90206,63.0,0.09793853759765625
Josef Brian Baccay,passing,53.09758,53.0,0.0975799560546875
Kamil Dankowski,passing,55.094063,55.0,0.09406280517578125
Allan Campbell,passing,65.09133,65.0,0.09133148193359375
Chris Hegardt,passing,52.90874,53.0,0.09125900268554688
Kyle Magennis,passing,65.08926,65.0,0.08925628662109375
Juan José Heinze,passing,62.911682,63.0,0.08831787109375
Matthew Dennis,passing,44.91199,45.0,0.08800888061523438
Josh Reid,passing,49.08786,49.0,0.087860107421875
Samed Onur,passing,59.91224,60.0,0.08776092529296875
Collin Smith,passing,44.912918,45.0,0.0870819091796875
Dickson Abiama,passing,43.086845,43.0,0.08684539794921875
Gaurav Bora,passing,41.086693,41.0,0.08669281005859375
Niklas Tauer,passing,57.08473,57.0,0.08472824096679688
Mika Biereth,passing,47.91642,48.0,0.08358001708984375
Karlo Butić,passing,52.917038,53.0,0.0829620361328125
Daniel Hall,passing,44.917183,45.0,0.08281707763671875
Wilitty Younoussa,passing,59.082527,59.0,0.08252716064453125
Valeriy Bondar,passing,51.082428,51.0,0.082427978515625
Cemali Sertel,passing,58.917904,59.0,0.08209609985351562
Guy-Marcelin Kilama,passing,56.918514,57.0,0.08148574829101562
Keanan Bennetts,passing,59.919502,60.0,0.08049774169921875
Victor Arong,passing,40.08042,40.0,0.08042144775390625
Richard Chin,passing,50.07956,50.0,0.079559326171875
Abdullah Matuq,passing,45.92064,46.0,0.0793609619140625
Gabrijel Rukavina,passing,51.07883,51.0,0.07883071899414062
Nathan Ngoy,passing,43.078625,43.0,0.07862472534179688
Nikola Soldo,passing,53.92138,54.0,0.07862091064453125
Bertram Kvist,passing,49.92159,50.0,0.07841110229492188
Agustín Vera,passing,58.078266,58.0,0.07826614379882812
Nawaf Boushal,passing,47.077827,47.0,0.07782745361328125
David Brekalo,passing,45.923527,46.0,0.07647323608398438
Samuel Giovane,passing,58.92427,59.0,0.0757293701171875
Alex Saji,passing,37.925568,38.0,0.074432373046875
Bjarne Pudel,passing,50.074066,50.0,0.074066162109375
Archie Goodwin,passing,42.927475,43.0,0.0725250244140625
Preston Judd,passing,41.072136,41.0,0.07213592529296875
Hussain Sibyani,passing,37.929035,38.0,0.07096481323242188
Tayo Adaramola,passing,50.068855,50.0,0.06885528564453125
Conor Noß,passing,59.068417,59.0,0.06841659545898438
Tayvon Gray,passing,52.066517,52.0,0.06651687622070312
Jeremy Ngakia,passing,53.06649,53.0,0.06649017333984375
Timur Gayret,passing,58.065964,58.0,0.0659637451171875
Victor Bobsin,passing,63.064552,63.0,0.06455230712890625
Fritiof Hellichius,passing,55.064045,55.0,0.06404495239257812
Antonios Papadopoulos,passing,45.935963,46.0,0.06403732299804688
Tyreke Wilson,passing,55.063923,55.0,0.06392288208007812
Jack Hannah,passing,28.937077,29.0,0.06292343139648438
Emmanuel Fernandez,passing,28.062874,28.0,0.06287384033203125
Kader Keïta,passing,53.062202,53.0,0.06220245361328125
Oliver Batista Meier,passing,58.938484,59.0,0.06151580810546875
Sulaiman Asiri,passing,48.93877,49.0,0.061229705810546875
Justin Rasmussen,passing,55.061172,55.0,0.0611724853515625
José-Enrique Ríos Alonso,passing,51.060116,51.0,0.060115814208984375
Ravil Tagir,passing,53.05924,53.0,0.059238433837890625
Ali Youssef,passing,55.942078,56.0,0.05792236328125
Cas Odenthal,passing,53.94232,54.0,0.05767822265625
Orest Lebedenko,passing,56.943245,57.0,0.05675506591796875
Jasper van der Werff,passing,48.9435,49.0,0.056499481201171875
Yegor Matsenko,passing,44.056187,44.0,0.056186676025390625
Josh Koroma,passing,59.056057,59.0,0.056056976318359375
Alessandro Fontanarosa,passing,61.055588,61.0,0.0555877685546875
Bećir Omeragić,passing,61.055122,61.0,0.05512237548828125
Maciej Rosołek,passing,56.05433,56.0,0.05432891845703125
Guillermo Rendón,passing,53.946358,54.0,0.05364227294921875
Wiktor Długosz,passing,59.05303,59.0,0.053028106689453125
Yassin Belkhdim,passing,61.052288,61.0,0.052288055419921875
Elias Achouri,passing,59.051163,59.0,0.0511627197265625
Oliver Alfonsi,passing,54.94922,55.0,0.05078125
Vahan Bichakhchyan,passing,65.05049,65.0,0.0504913330078125
Lenny Vallier,passing,59.949554,60.0,0.050445556640625
Woyo Coulibaly,passing,53.94957,54.0,0.0504302978515625
Alessandro Vogliacco,passing,51.949745,52.0,0.05025482177734375
Abdullah Al Hamdan,passing,56.95007,57.0,0.049930572509765625
Danylo Sikan,passing,48.95008,49.0,0.04991912841796875
Andy Breuer,passing,51.049484,51.0,0.0494842529296875
Maximilian Sellinger,passing,49.04874,49.0,0.048740386962890625
Laorent Shabani,passing,58.95217,59.0,0.04782867431640625
Abdelwahed Wahib,passing,51.952374,52.0,0.047626495361328125
Ask Tjærandsen-Skau,passing,57.952465,58.0,0.047534942626953125
Medon Berisha,passing,57.952595,58.0,0.047405242919921875
Nick Bätzner,passing,70.95386,71.0,0.046142578125
Adrian Nilsen Pereira,passing,57.954205,58.0,0.045795440673828125
Tiago José Geralnik,passing,63.954544,64.0,0.0454559326171875
Harry Pickering,passing,63.956463,64.0,0.043537139892578125
Philip Otele,passing,57.957394,58.0,0.042606353759765625
Tyler Smith,passing,47.042416,47.0,0.042415618896484375
Nathan Ferguson,passing,55.041462,55.0,0.041461944580078125
Seok-ju Hong,passing,48.04142,48.0,0.04141998291015625
Brandon Cooper,passing,43.95864,44.0,0.04135894775390625
Dujon Sterling,passing,57.04068,57.0,0.040679931640625
Kouame Autonne,passing,49.959858,50.0,0.040142059326171875
Abdourahmane Barry,passing,30.959978,31.0,0.04002189636230469
Róbert Boženík,passing,61.03977,61.0,0.039768218994140625
Roshan Singh,passing,55.03959,55.0,0.03958892822265625
Thomas Buitink,passing,59.03945,59.0,0.03945159912109375
Hayden Coulson,passing,55.960632,56.0,0.03936767578125
Deroy Duarte,passing,64.96126,65.0,0.0387420654296875
Owen Beck,passing,53.038513,53.0,0.03851318359375
Mohammed Al Yami,passing,44.961685,45.0,0.0383148193359375
Matías Pellegrini,passing,61.03827,61.0,0.03826904296875
Anthony Markanich,passing,41.038223,41.0,0.0382232666015625
Jonathan Leko,passing,55.03768,55.0,0.03768157958984375
Victor Bezerra,passing,39.962555,40.0,0.037445068359375
Mark Natta,passing,46.962967,47.0,0.0370330810546875
Carl Gustafsson,passing,61.03696,61.0,0.036960601806640625
Luis Zárate,passing,32.96307,33.0,0.036930084228515625
Anwar Ali,passing,44.96351,45.0,0.03649139404296875
David Bendrik,passing,47.963703,48.0,0.036296844482421875
Mai Traore,passing,45.03618,45.0,0.0361785888671875
Kenneth Schmidt,passing,49.035774,49.0,0.03577423095703125
David Affengruber,passing,51.035767,51.0,0.0357666015625
Charlie Cresswell,passing,49.03526,49.0,0.035259246826171875
Rahim Ali,passing,45.965282,46.0,0.034717559814453125
Tyrhys Dolan,passing,63.034485,63.0,0.03448486328125
Bright Akwo Arrey-Mbi,passing,46.03439,46.0,0.034389495849609375
Lennon Gill,passing,43.96709,44.0,0.032909393310546875
Chris Sze,passing,43.967113,44.0,0.032886505126953125
Abdullah Al Shanqeeti,passing,38.968945,39.0,0.031055450439453125
Florian Wustinger,passing,51.969673,52.0,0.03032684326171875
Jeakson Singh,passing,50.03018,50.0,0.030181884765625
Josh Benson,passing,63.970303,64.0,0.029697418212890625
Marley Marshall Miranda,passing,54.970592,55.0,0.029407501220703125
Matty Daly,passing,60.028553,60.0,0.028553009033203125
Julián Fernández,passing,60.97175,61.0,0.02825164794921875
Jeremías James,passing,40.027885,40.0,0.02788543701171875
Andrea Danzi,passing,66.02675,66.0,0.0267486572265625
Brian Jepthe Bayeye,passing,59.02674,59.0,0.02674102783203125
Bryan Nokoue,passing,49.973804,50.0,0.026195526123046875
Ismajl Beka,passing,35.97465,36.0,0.025348663330078125
Johan Arath Gómez,passing,50.975758,51.0,0.024242401123046875
David Zalazar,passing,58.02406,58.0,0.024059295654296875
Paul Will,passing,65.02368,65.0,0.023681640625
Connor Mahoney,passing,62.976475,63.0,0.023525238037109375
Eric Uhlmann,passing,54.976868,55.0,0.02313232421875
Enzo Luna,passing,59.02145,59.0,0.021450042724609375
Maksym Kucheriavyi,passing,52.978874,53.0,0.02112579345703125
Karl Edouard Etta Eyong,passing,52.020107,52.0,0.020107269287109375
Simone Davi,passing,47.018196,47.0,0.01819610595703125
Jean Lambert Evan's,passing,56.982445,57.0,0.01755523681640625
Yukhym Konoplia,passing,63.017166,63.0,0.0171661376953125
Isaak Davies,passing,48.983826,49.0,0.01617431640625
Cătălin Cîrjan,passing,64.983894,65.0,0.01610565185546875
Nathan Young-Coombes,passing,52.984035,53.0,0.015964508056640625
Michael Obafemi,passing,56.015144,56.0,0.01514434814453125
Brandan Craig,passing,49.014523,49.0,0.014522552490234375
Issa Fomba,passing,54.01337,54.0,0.013370513916015625
Jan Gorenc,passing,48.01176,48.0,0.011760711669921875
Axel Guessand,passing,40.010307,40.0,0.01030731201171875
Max Melbourne,passing,46.009552,46.0,0.009552001953125
Caleb Zady Sery,passing,60.009193,60.0,0.00919342041015625
Jay Barnett,passing,51.993023,52.0,0.006977081298828125
Filip Stevanović,passing,58.99409,59.0,0.005908966064453125
Franklin Nyenetue,passing,49.005856,49.0,0.005855560302734375
Reece Hutchinson,passing,51.997166,52.0,0.002834320068359375
George Tanner,passing,53.002167,53.0,0.002166748046875
Florian Hoxha,passing,46.002014,46.0,0.00201416015625
Anton Tsarenko,passing,60.001926,60.0,0.001926422119140625
Lewis Brunt,passing,54.99829,55.0,0.001708984375
Malek Al Darwish,passing,49.00114,49.0,0.001140594482421875
Jordan Meyer,passing,51.999493,52.0,0.000507354736328125
Aaron Anthony Connolly,passing,50.202606,,
Aaron Braithwaite,passing,48.263992,,
Aaron Davis,passing,51.66788,,
Aaron Doran,passing,48.81276,,
Aaron Facundo Quiroz,passing,50.12387,,
Aaron Graham John Collins,passing,42.505028,,
Aaron Joseph McGowan,passing,55.079033,,
Aaron Leya Iseka,passing,61.267067,,
Aaron Maurice O'Driscoll,passing,48.41626,,
Aaron Nassur Kamardin,passing,40.808952,,
Aaron Opoku-Tiawiah,passing,65.22193,,
Aaron Paul Morley,passing,64.53102,,
Aaron Sebastián Astudillo Quiñones,passing,38.200665,,
Aarón Rodrigues,passing,59.693527,,
Ababacar Moustapha Lô,passing,32.67997,,
Abakar Loubadhe Sylla,passing,46.088554,,
Abasa Aremeyaw,passing,35.601967,,
Abbas Sadiq Al Hassan,passing,44.616642,,
Abd-Al-Ali Morakinyo Olaposi Koiki,passing,54.01856,,
Abdallah Basit,passing,52.30993,,
Abdallahi Mohamed Mahmoud,passing,53.024204,,
Abdel Zagré,passing,33.705227,,
Abdelkahar Kadri,passing,66.97419,,
Abdelrahman Saidi,passing,61.70384,,
Abdoulaye Niakhate Ndiaye,passing,41.46806,,
Abdoulaye Sissako,passing,63.338047,,
Abdoulaye Sylla,passing,46.27253,,
Abdoulie Jallow,passing,63.754284,,
Abdul Malik Abubakari,passing,48.26069,,
Abdulaziz Al Yousef,passing,40.524475,,
Abdulkadir Taşdan,passing,51.672565,,
Abdulkareem Al Muzayil,passing,45.654182,,
Abdullah Dijlan Aydın,passing,61.804092,,
Abdullah Hadi Radif,passing,32.248394,,
Abdullah Nahar Al Shammari,passing,48.455914,,
Abdullah Yiğiter,passing,51.668198,,
Abdulmohsen Al Qahtani,passing,50.458122,,
Abdulrahman Mutlaq Al-Dawsari,passing,54.72427,,
Abdulrahman Saad,passing,44.226257,,
Abel Alejandro Bustos,passing,60.561073,,
Abel Bretones Cruz,passing,58.368988,,
Abel Eric Moreno Vargas,passing,50.072826,,
Abel William Stensrud,passing,41.1798,,
Abou-Malal Ba,passing,55.540802,,
Aboubacar Dit Boubou Konté,passing,50.9709,,
Aboubacar Kobele Keita,passing,50.723064,,
Aboubakary Yeli Koita,passing,63.124718,,
Abraham Del Moral Rando,passing,49.834217,,
Abraham Ifoghale Odoh,passing,53.270733,,
Abu-Bekir Ömer El-Zein,passing,55.299854,,
Abzi Diyaeddine,passing,38.654408,,
Achraf Madi,passing,61.94421,,
Adalberto Eliécer Carrasquilla Alcázar,passing,63.944088,,
Adam Armour,passing,34.569466,,
Adam Daghim,passing,50.451363,,
Adam Esparza Saldaña,passing,56.59297,,
Adam Fletcher Randell,passing,60.758137,,
Adam Griger,passing,44.48863,,
Adam Jan Chrzanowski,passing,39.391132,,
Adam Jeremy Pavlesic,passing,51.67571,,
Adam John May,passing,58.0474,,
Adam Jozef Przybek,passing,51.672714,,
Adam Kieran O'Reilly,passing,57.549404,,
Adam Lovatt,passing,51.910164,,
Adam McCaffrey,passing,46.28784,,
Adam Porter,passing,49.8984,,
Adam Ratajczyk,passing,53.52907,,
Adam Uche Idah,passing,44.406975,,
Adama Fofana,passing,55.396317,,
Adan George,passing,41.22103,,
Aday Ercan,passing,46.37659,,
Ade Oguns,passing,54.586643,,
Ademipo Ibrahim Odubeko,passing,45.008335,,
Adisu Bayew,passing,44.282726,,
Admiral Dalindlela Muskwe,passing,46.055634,,
Adnan Ugur,passing,64.55098,,
Adnane Abid,passing,54.11768,,
Adrian Bukowski,passing,53.313583,,
Adrian Costi Marian Moescu,passing,35.85008,,
Adrian Gheorghe Șut,passing,61.239727,,
Adrian Mihai Gîdea,passing,48.18936,,
Adrian Mihai Ioniță,passing,50.312103,,
Adrian Sandach,passing,51.67831,,
Adrian Segecic,passing,48.63142,,
Adrian Soboń,passing,55.26049,,
Adrian Szczutowski,passing,38.032032,,
Adrian Sæther,passing,51.67192,,
Adrian Łyszczarz,passing,56.989513,,
Adriano Firmino da Silva,passing,59.76088,,
Adrien Delphis,passing,54.731846,,
Adrià Altimira Reynaldos,passing,45.974037,,
Adrián Bernabé García,passing,69.16102,,
Adrián Butzke Benavides,passing,44.87675,,
Adrián González Moyano,passing,51.675106,,
Adrián López Garrote,passing,51.67352,,
Adrián Rodríguez Giménez,passing,51.67693,,
Adrián de la Fuente Barquilla,passing,53.235542,,
Aeron Zinga,passing,42.87971,,
Afeez Aremu Olalekan,passing,55.74751,,
Afonso Gamelas De Pinho Sousa,passing,66.78994,,
Afonso Manuel Abreu Freitas,passing,45.917614,,
Agon Muçolli,passing,56.9054,,
Agustín Barcellos,passing,45.00117,,
Agustín Da Silveira Muñoa,passing,36.342438,,
Agustín Hausch,passing,53.11183,,
Agustín Lastra,passing,51.67695,,
Agustín Nicolás Mulet,passing,65.06199,,
Agustín Santurio,passing,49.964462,,
Agustín Univaso,passing,44.868763,,
Agustín Álvarez Wallace,passing,58.258587,,
Ahmad Toure Ngouyamsa Nounchil,passing,54.686962,,
Ahmed El Messaoudi,passing,59.547825,,
Ahmed Kutucu,passing,57.88407,,
Ahmet Ege Gürleyen,passing,46.26193,,
Ahmet Gülay,passing,55.35027,,
Ahmet Karademir,passing,56.456886,,
Ahoueke Steeve Kévin Denkey,passing,43.60844,,
Aidan Thomas Stone,passing,51.68061,,
Aidan Will Barlow,passing,60.971046,,
Aiden Connor O'Neill,passing,62.538708,,
Aiden McFadden,passing,46.249107,,
Ail Fuad Mohammed Hassan,passing,37.742695,,
Aimar Oroz Huarte,passing,66.536064,,
Aimar Sher,passing,57.617233,,
Aitor Paredes Casamichana,passing,37.703697,,
Akinkunmi Ayobami Amoo,passing,56.400204,,
Akinlolu Richard Olamide Famewo,passing,41.654526,,
Akinwale Joseph Odimayo,passing,48.708847,,
Akshunna Tyagi,passing,33.817432,,
Al Hassan Toure,passing,51.97829,,
Alaa Hamad Bakir,passing,60.426205,,
Alai Hussain Ghasem,passing,36.948853,,
Alan Francisco Rodríguez Armoa,passing,65.0545,,
Alan Godoy Domínguez,passing,47.90563,,
Alan Jonathan Patrício Botelho,passing,54.995567,,
Alan Madaliński,passing,51.673363,,
Alan Nicolás Marinelli,passing,57.24771,,
Alan Paredes,passing,58.52546,,
Alan Steve Minda García,passing,48.62293,,
Alan Steven Franco Palma,passing,58.474625,,
Alassane Sidibe,passing,59.449905,,
Albert Grønbæk Erlykke,passing,66.662445,,
Albert Palmberg Thorsen,passing,37.73276,,
Albert Tivadar Stahl,passing,56.65331,,
Albert-Nicolas Lottin,passing,58.814533,,
Alberto Hórreo Taveras,passing,51.6721,,
Alberto Martín Díaz,passing,61.14184,,
Alberto Moreno Rebanal,passing,62.653835,,
Alberto del Moral Saelices,passing,56.802105,,
Albie Robert Morgan,passing,64.45661,,
Albin Mörfelt,passing,57.03913,,
Albin Zackarias Lohikangas,passing,45.84102,,
Aldair Ccorahua,passing,51.672245,,
Aldair Edgardo Peña Torres,passing,51.68523,,
Aldair Neves Paulo Faustino,passing,53.783405,,
Aldreyby Parra,passing,49.307,,
Alec Hugo Deneumostier Ortmann,passing,48.547993,,
Alejandro Alvarado,passing,65.39121,,
Alejandro Asensio Crespillo,passing,61.041092,,
Alejandro Balboa Bandeira,passing,52.989273,,
Alejandro Barbudo Lorenzo,passing,45.497356,,
Alejandro Blanco Sánchez,passing,65.285645,,
Alejandro Cantero Sánchez,passing,63.900585,,
Alejandro Carbonell Vallés,passing,63.20239,,
Alejandro Domingo Gómez,passing,63.878918,,
Alejandro Domínguez Romero,passing,51.71237,,
Alejandro Garnacho Ferreyra,passing,56.588238,,
Alejandro Iturbe Encabo,passing,51.675617,,
Alejandro José Marqués Méndez,passing,44.92101,,
Alejandro Millán Iranzo,passing,52.4788,,
Alejandro Orellana Gómez,passing,58.312027,,
Alejandro Pachón Párraga,passing,45.710392,,
Alejandro Padilla Pérez,passing,51.67731,,
Alejandro Primo Hernández,passing,51.67048,,
Alejandro Pérez Castroviejo,passing,52.28013,,
Alejandro Pérez Cea,passing,53.833492,,
Alejandro Ramos Rodríguez,passing,57.4584,,
Alejandro Revuelta Montero,passing,41.23642,,
Alejandro Rodríguez Lorite,passing,41.741337,,
Alejandro Sola López-Ocaña,passing,58.694195,,
Alejandro Suárez Cardero,passing,64.560745,,
Alejandro Zendejas Saavedra,passing,61.2397,,
Alejo Antilef,passing,63.520443,,
Aleksandar Boljević,passing,64.56659,,
Aleksander Biermann Stenseth,passing,47.34892,,
Aleksander Gajgier,passing,36.365032,,
Aleksander Pawlak,passing,57.443775,,
Alessandro Albanese,passing,63.04754,,
Alessandro Cortinovis,passing,63.55079,,
Alessandro Fiordaliso,passing,43.614716,,
Alessandro Lombardi,passing,62.455906,,
Alessandro Mallamo,passing,61.25393,,
Alessandro Russo,passing,51.675457,,
Alessandro Tripaldelli,passing,52.36487,,
Alex Aguilar,passing,40.663425,,
Alex Arthur Rufer,passing,59.659637,,
Alex Bangura,passing,50.820126,,
Alex Byrne,passing,52.135094,,
Alex Duncan Hartridge,passing,49.510498,,
Alex Emilio Timossi Andersson,passing,61.06044,,
Alex Forés Mendoza,passing,43.937183,,
Alex Juárez,passing,59.032536,,
Alex Matías Ibacache Mora,passing,53.610313,,
Alex Vigo Gamaliel,passing,64.032135,,
Alexandar Borković,passing,55.047726,,
Alexander Ballegaard Ammitzbøll,passing,45.43782,,
Alexander Díaz,passing,49.889816,,
Alexander Ernesto Aravena Guzmán,passing,53.857338,,
Alexander García,passing,58.906097,,
Alexander John Hunt,passing,54.282867,,
Alexander Joseph Gersbach,passing,55.082726,,
Alexander Larsson,passing,41.27756,,
Alexander Michael Bass,passing,51.67638,,
Alexander Munksgaard Nielsen,passing,59.336708,,
Alexander Parsons,passing,48.287518,,
Alexander Prokopenko,passing,50.13539,,
Alexander Sosa,passing,44.38578,,
Alexander William Cochrane,passing,64.762665,,
Alexandre Penetra Correia,passing,45.66041,,
Alexandro Ezequiel Bernabei,passing,66.493935,,
Alexandros Safarikas,passing,51.66961,,
Alexandru Constantin Chilili,passing,38.54522,,
Alexandru Crivac,passing,46.806824,,
Alexandru Despa,passing,40.759644,,
Alexandru Florescu,passing,40.679165,,
Alexandru Grigoraș Pantea,passing,52.546276,,
Alexandru Irinel Mățan,passing,62.87939,,
Alexandru Laurențiu Oroian,passing,53.916393,,
Alexandru Mihai Ilie,passing,58.139984,,
Alexandru Petre,passing,47.203968,,
Alexandru Pătlăgică,passing,39.517487,,
Alexi Paul Pitu,passing,63.93966,,
Alexis Adelin Beka Beka,passing,62.875603,,
Alexis Amadeo Sabella,passing,63.95542,,
Alexis Antunes Gomez,passing,54.546227,,
Alexis David Duarte Pereira,passing,47.258896,,
Alexis Francisco Flores,passing,54.50496,,
Alexis Steimbach,passing,57.108974,,
Alexis Trouillet,passing,68.93537,,
Alexsandro de Souza Ribeiro,passing,48.46861,,
Alfie Bridgman,passing,44.038727,,
Alfie Burnett,passing,51.677086,,
Alfie Malik Whiteman,passing,51.674152,,
Alfons Amade,passing,62.771286,,
Alfons Nygaard,passing,36.069714,,
Alfonso González Martínez,passing,55.571842,,
Alfonso Ocampo-Chávez,passing,43.316658,,
Alfonso Simarra,passing,44.790783,,
Alfonso Trezza Hernández,passing,59.290146,,
Alfred Lalroutsang,passing,41.31773,,
Alhagi Marie Touray Sisay,passing,44.317978,,
Alhassan Yusuf Abdullahi,passing,65.980156,,
Ali Al Salem,passing,47.97729,,
Ali Demirel,passing,55.94505,,
Ali Ibrahim Karim Ali Al-Hamadi,passing,39.33228,,
Aliou Badara Traore,passing,55.56836,,
Alistair Edward McCann,passing,62.934814,,
Alistair Oluwashaun Smith,passing,58.03014,,
Almoatasim Siddiq,passing,47.58226,,
Alois Dominik Oroz,passing,53.05893,,
Aloyayari Abdulmalik,passing,50.82037,,
Aloïs Penin,passing,44.99761,,
Amad Diallo Traoré,passing,60.725285,,
Amadou Dia Ndiaye,passing,45.4108,,
Amadou Doumbouya,passing,48.040504,,
Amankwaa Akurugu,passing,45.804596,,
Amar Ahmed Fatah,passing,53.232662,,
Amar Gerxhaliu,passing,34.075493,,
Amay Caprice,passing,44.77394,,
Ameen Al-Dakhil,passing,48.95215,,
Amel Mujanić,passing,56.841213,,
Amin Al-Hamawi,passing,39.93592,,
Amir Ismaïl,passing,45.126522,,
Amirhossein Hosseinzadeh,passing,61.220592,,
Amjhad Nazih,passing,51.675964,,
Anargyros Kampetsis,passing,58.569588,,
Anas Bakhat,passing,59.401554,,
Ander Iruarrizaga Díez,passing,51.676796,,
Ander Martín Odriozola,passing,61.06931,,
Anders Bloch Bærtelsen,passing,39.432396,,
Anders Hartveit Ryste,passing,39.99287,,
Anderson Arroyo Córdoba,passing,55.44971,,
Anderson Cordeiro Costa,passing,59.167816,,
Anderson de Oliveira da Silva,passing,59.829025,,
Andi Avdi Zeqiri,passing,58.3416,,
Andre Reynolds II,passing,51.96087,,
Andrea Papetti,passing,50.815018,,
Andrea Sorrentino,passing,51.67848,,
Andreas Klausen Helmersen,passing,43.63375,,
Andreas Mircea Mihaiu,passing,56.116615,,
Andreas Poulsen,passing,57.64836,,
Andreas Rædergård Schjelderup,passing,60.05479,,
Andreas Schjølberg Hanche-Olsen,passing,52.214836,,
Andreas Skjold,passing,51.442207,,
Andrei Chindriș,passing,48.095722,,
Andrei Daniel Vlad,passing,51.691704,,
Andrei Dragoș Șerban,passing,56.1612,,
Andrei Gabriel Ureche,passing,51.690872,,
Andrei Ioan Cordea,passing,65.02139,,
Andrei Jercălău,passing,51.674496,,
Andrei Motoc,passing,36.423874,,
Andres Mihai Dumitrescu,passing,50.853695,,
Andres Moreno,passing,28.047716,,
Andrew Abiola Omobamidele,passing,45.725033,,
Andrew Christopher Teuten Ponzoni,passing,64.76837,,
Andrew Draper,passing,58.287556,,
Andrew Irving,passing,65.559944,,
Andrew Lyons,passing,54.56598,,
Andrew Thomas,passing,51.672577,,
Andriy Kulakov,passing,44.285408,,
André Barbosa da Silva,passing,49.097813,,
André Filipe Rio Liberal,passing,46.977345,,
André Fonseca Amaro,passing,52.207333,,
André Leipold,passing,44.768047,,
André Miguel Lapa Ricardo,passing,64.4436,,
Andrés Alberto Andrade Cedeño,passing,58.94148,,
Andrés Carlos Caro Serrano,passing,52.034687,,
Andrés Enrique Ferro Peña,passing,55.147385,,
Andrés Felipe Balanta Cifuentes,passing,55.031033,,
Andrés Felipe Perea Castañeda,passing,59.791027,,
Andrés Felipe Reyes Ambuila,passing,39.80599,,
Andrés López Gallo,passing,33.578896,,
Andrés Martín García,passing,64.50577,,
Andrés Souper De La Cruz,passing,61.522507,,
Andy Musayev,passing,53.453194,,
Ange Chibozo,passing,54.726154,,
Ange-Yoan Bonny,passing,40.775036,,
Angelo Bačić,passing,50.5476,,
Anis Ben Slimane,passing,62.844444,,
Anselmo Túlio Marques Barni,passing,64.7068,,
Antal Bencze,passing,51.68458,,
Antef Tsoungui,passing,33.56573,,
Anthony Aires,passing,42.846813,,
Anthony Chigaemezu Uzodimma,passing,55.339005,,
Anthony Driscoll-Glennon,passing,54.187584,,
Anthony Hartigan,passing,62.928635,,
Anthony Kenneth Evans,passing,64.77881,,
Anthony Kevin Descotte,passing,50.023914,,
Anthony Lenin Valencia Bajaña,passing,56.68389,,
Anthony Maisonnial,passing,51.69654,,
Anthony Richard Scully,passing,56.67255,,
Anthony Tite Musaba,passing,55.37339,,
Antoine Benjamin Colassin,passing,52.16639,,
Antoine Joseph Emmanuel Bernède,passing,64.61166,,
Anton Mlinaric,passing,42.477215,,
Anton Skipper Hendriksen,passing,45.185684,,
Anton Vladimirovich Mitryushkin,passing,51.6849,,
Anton Willy Tanghe,passing,51.5,,
Anton Ziegler,passing,49.96835,,
Antoni Kozubal,passing,53.330074,,
Antoni Mikułko,passing,51.67527,,
Antonio Cortés Heredia,passing,56.696274,,
Antonio Espigares Morillas,passing,46.225662,,
Antonio Galeano,passing,54.938686,,
Antonio Gomis Alemañ,passing,51.67172,,
Antonio Iervolino,passing,54.15796,,
Antonio Jeremiah Leone,passing,31.871902,,
Antonio Marchena Millán,passing,55.808533,,
Antonio Marín Colmán,passing,52.24396,,
Antonio Mihai Stan,passing,51.72525,,
Antonio Pacheco Ruiz,passing,60.035316,,
Antonio Sandoval,passing,51.892757,,
Antonio Sefer,passing,63.1162,,
Antonio Sola Villalba,passing,49.06955,,
Antonio Yakoub,passing,49.109158,,
Antonio Zarzana Pérez,passing,64.73339,,
Antonis Aidonis,passing,41.393547,,
Antonis Makatounakis,passing,51.668213,,
Antony Alves Santos,passing,59.506027,,
Anyelberth Vera,passing,54.427155,,
Aodh Dervin,passing,54.253723,,
Apostolos Tsilingiris,passing,51.674713,,
Aqeel Al Dhafeeri,passing,27.414858,,
Arbnor Muja,passing,61.592148,,
Archie Finn Collins,passing,60.765614,,
Archie Mark Procter,passing,40.291893,,
Archie Meekison,passing,58.184803,,
Arda Okan Kurtulan,passing,51.28284,,
Aribim Pepple,passing,40.4028,,
Aridon Racaj,passing,41.245308,,
Ariel Alfonso Uribe Lepe,passing,61.0958,,
Arif Kocaman,passing,33.06669,,
Aristide Wam,passing,52.59782,,
Aritz Aldasoro Sarriegi,passing,63.08686,,
Arlind Dakaj,passing,52.73696,,
Armand Smrcka,passing,59.19264,,
Armando Shashoua,passing,61.18783,,
Armstrong Echezolachukwu Inya Okoflex,passing,51.746952,,
Arnaldo Zambrano,passing,58.006023,,
Arnau Comas Freixas,passing,53.81193,,
Arnau Puigmal Martínez,passing,66.22556,,
Arnau Tenas Ureña,passing,51.679756,,
Arnaud Dony,passing,49.765717,,
Arnaud Nkodi Luzayadio,passing,51.404125,,
Arne Rühlemann,passing,50.788498,,
Artem Onischenko,passing,57.802032,,
Arthur James Read,passing,56.96801,,
Arthur Vitelli,passing,39.0017,,
Arthur de Oliveira Sales,passing,51.0589,,
Aryan Romaní,passing,56.9365,,
Arón David Rodríguez Franco,passing,60.716022,,
Asad Kasumovic,passing,37.088043,,
Asif Khan,passing,39.818085,,
Aske Sampers,passing,41.618515,,
Asker Beck,passing,55.262005,,
Ateef Konaté,passing,54.622375,,
Atem Dor Jok,passing,42.346138,,
Attila Mocsi,passing,34.294556,,
Attilio Morosoli,passing,51.671745,,
Audenirton Soares da Silva,passing,51.679516,,
Augustin Drakpe,passing,36.306866,,
Augusto Alcorcel,passing,51.671745,,
Aurel Loubongo-M'Boungou,passing,49.40716,,
Aurelian Eusebio Păun,passing,51.68563,,
Aurélien Nguiamba,passing,59.06996,,
Auston Levi-Jesaiah Trusty,passing,49.031517,,
Avan Jones,passing,32.580795,,
Awad Haidar Al Nashri,passing,46.986935,,
Awer Bul Mabil,passing,59.628105,,
Awn Mutlaq Al Slaluli,passing,40.647697,,
Axel Prado,passing,38.926937,,
Aylan Benyahia-Tani,passing,48.56966,,
Ayman Yahya Salem,passing,52.42337,,
Ayman Yusef Al-Hujaili,passing,54.762543,,
Ayodeji Sotona,passing,51.565544,,
Ayomide Akinola,passing,47.906357,,
Ayotomiwa Dele-Bashiru,passing,62.136673,,
Ayoub Assal,passing,60.880627,,
Ayoub Jabbari,passing,43.646923,,
Ayrthon Quintana,passing,57.623863,,
Ayrton Enrique Costa,passing,56.952564,,
Ayush Dev Chhetri,passing,45.718433,,
Aziz Ouattara Mohammed,passing,48.594143,,
Azzeddine Toufiqui,passing,61.821198,,
Baba Oulen Souare,passing,32.59271,,
Bader Al Huwaidi,passing,35.238453,,
Bader Mohammed Munshi,passing,54.360462,,
Baltazar Costa Rodrigues de Oliveira,passing,59.8789,,
Barry Thomas Crowe,passing,52.66577,,
Bartosz Bida,passing,54.818058,,
Bartosz Cybulski,passing,34.60548,,
Bartłomiej Ciepiela,passing,54.600597,,
Bartłomiej Gradecki,passing,51.677334,,
Bartłomiej Mruk,passing,29.508337,,
Baruj Aburto,passing,54.361637,,
Barış Əkinçiər,passing,56.64563,,
Bassekou Diabaté,passing,39.89603,,
Bastian Bsullak,passing,36.791504,,
Bastián Jean Yañez Miranda,passing,61.52151,,
Bastián Pino,passing,35.251045,,
Bastián Sagal,passing,36.6517,,
Batuhan Ahmet Şen,passing,51.676834,,
Beckham Sunderland,passing,51.68067,,
Beka Dartsmelia,passing,65.08941,,
Belmin Beganović,passing,46.599808,,
Ben Alexander Voll,passing,51.67512,,
Ben Collins,passing,29.72834,,
Ben Curtis,passing,35.82601,,
Ben Easton Close,passing,64.50094,,
Ben Edward Stevenson,passing,64.297905,,
Ben Engdahl,passing,43.317398,,
Ben Klefisch,passing,58.78208,,
Ben Lloyd,passing,50.057518,,
Ben Nelson,passing,40.972668,,
Ben Reveno,passing,44.70126,,
Ben Scholte,passing,59.619152,,
Benas Šatkus,passing,49.09459,,
Bendik Kristiansen,passing,45.556515,,
Benedikt Paul Grawe,passing,51.678204,,
Beni Redžić,passing,41.853268,,
Benjamin Acquah,passing,60.87975,,
Benjamin Bender,passing,63.501656,,
Benjamin Cabango,passing,41.78019,,
Benjamin Craig Old,passing,56.716927,,
Benjamin Faraas,passing,50.67799,,
Benjamin Hemcke,passing,49.970932,,
Benjamin House,passing,45.08265,,
Benjamin Jack Wiles,passing,64.38084,,
Benjamin Kikanovic,passing,42.123787,,
Benjamin Leneis,passing,51.679863,,
Benjamin Lhassine Kone,passing,56.583015,,
Benjamin Luke Woodburn,passing,62.139862,,
Benjamin Mbunga-Kimpioka,passing,52.373688,,
Benjamin Mines,passing,56.26923,,
Benjamin Peter Waine,passing,53.73839,,
Benjamin Steenfeldt Hvidt,passing,56.991375,,
Benjamin Warland,passing,34.702965,,
Benjamin Williams,passing,54.80192,,
Benjamín Antonio Garré,passing,59.421356,,
Benjamín Dominguez,passing,59.324898,,
Benjamín Ignacio Galdames Millán,passing,56.724255,,
Bennet Schieber,passing,34.925648,,
Benni Smales-Braithwaite,passing,41.375313,,
Benno Dietze,passing,38.68567,,
Berat Kalkan,passing,49.911613,,
Berkan Küpelikılınç,passing,50.848198,,
Berkay Vardar,passing,57.495342,,
Berke Özer,passing,51.68208,,
Bernardo Gouveia da Silva,passing,56.85059,,
Bernardo Martins Sousa,passing,58.25505,,
Bernardo Oliveira,passing,50.827957,,
Bernardo Silva Conceição,passing,60.38968,,
Bertuğ Yıldırım,passing,46.40304,,
Besard Šabović,passing,60.26894,,
Besart Topalloj,passing,28.103468,,
Beto Avila,passing,41.324757,,
Beyhan Ametov,passing,52.57762,,
Beñat Prados Díaz,passing,65.31408,,
Beñat Turrientes Imaz,passing,68.710724,,
Biel Farrés del Castillo,passing,48.729088,,
Bijoy Varghese,passing,30.001528,,
Bilal Bayazit,passing,51.678658,,
Bilal El Khannous,passing,65.45627,,
Bilal Nadir,passing,59.583427,,
Billy Brooks,passing,51.872314,,
Billy John Sass-Davies,passing,39.970177,,
Billy van Duijl,passing,33.348095,,
Bjørn Martin Kristensen,passing,44.1851,,
Blas Esteban Armoa Núñez,passing,62.400482,,
Bleiner David Agrón Mosquera,passing,41.055824,,
Blás Miguel Riveros Galeano,passing,56.17392,,
Bobby-Emmanuel Kamwa,passing,52.62253,,
Bojan Radulović Samouković,passing,46.986546,,
Bong Soo Kim,passing,50.821327,,
Bongokuhle Hlongwane,passing,51.46794,,
Boon-Cheul Goo,passing,59.1385,,
Boris Popović,passing,49.047974,,
Borislav Ivaylov Stankov,passing,53.08626,,
Borja Garcés Moreno,passing,51.9508,,
Borja Manuel Llarena Barroso,passing,51.49523,,
Borja Sainz Eguskiza,passing,59.510086,,
Boubacar Rafael Neto Hanne,passing,49.8888,,
Boureima Hassane Bandé,passing,58.49819,,
Brad Kelly,passing,51.674225,,
Bradley Holmes,passing,33.391457,,
Bradley House,passing,51.678444,,
Bradley Matufueni M'bondo,passing,51.90188,,
Bradley Walker,passing,56.87957,,
Brady Canfield Scott,passing,51.671124,,
Braian Alejandro Galván,passing,57.976078,,
Braian Ezequiel Mansilla,passing,58.409985,,
Braian Miguel Angel Martínez,passing,59.15166,,
Braian Nahuel Aguirre,passing,54.804646,,
Braian Óscar Ojeda Rodríguez,passing,63.662018,,
Branco Antonio Provoste Ovalle,passing,60.662056,,
Brandon Anthony Austin,passing,51.677406,,
Brandon Iván Servania,passing,59.798706,,
Brandon Joel Gaetano Borrello,passing,58.28476,,
Brandon Michael Clarke Thomas-Asante,passing,55.069458,,
Brandon Pursall,passing,30.426466,,
Brandon Vázquez Toledo,passing,49.03743,,
Branislav Knežević,passing,51.96429,,
Brayan Garrido,passing,56.756462,,
Brayan Medina,passing,50.0581,,
Brayan Parada,passing,57.25939,,
Brayan Yohangel Hurtado Cortesía,passing,54.158123,,
Brendan Joel Zibusiso Galloway,passing,56.387615,,
Brendan Nana Sarpong-Wiredu,passing,58.337723,,
Brenner Souza da Silva,passing,61.2841,,
Brent Vugts,passing,54.539692,,
Brett Minnema,passing,51.681698,,
Brian Alexis Leizza,passing,44.039406,,
Brian Oddei,passing,56.642765,,
Brian Philip Maher,passing,51.703094,,
Brian Rocha Araújo,passing,51.67526,,
Briant D'Altoe,passing,48.65416,,
Bright Enobakhare,passing,58.27909,,
Brody Paterson,passing,53.23549,,
Brooklyn Lyons-Foster,passing,42.589825,,
Brooklyn Raines,passing,45.319622,,
Bruno André Cavaco Jordão,passing,59.88578,,
Bruno Báez Panero,passing,38.50097,,
Bruno Henrique Marques Torres,passing,44.375694,,
Bruno Luiz Fagundeiro Cardenas,passing,70.153114,,
Bruno Miguel Carapeto dos Reis,passing,60.942413,,
Bruno Miguel Ferreira Rodrigues,passing,43.374252,,
Bruno Onyemaechi,passing,45.132195,,
Bruno Pachito,passing,54.554237,,
Bruno Poveda,passing,51.6714,,
Bruno Recalde,passing,58.461674,,
Bruno Rivas Reyes,passing,51.672127,,
Bryan David Castrillón Gómez,passing,58.874096,,
Bryan Fiabema,passing,48.494766,,
Bryan González,passing,55.361366,,
Bryan Javier Caicedo Jurado,passing,45.62622,,
Bryan Silva Teixeira,passing,62.318645,,
Bryan Soumaré,passing,64.92929,,
Bryan Zaragoza Martínez,passing,60.083435,,
Bryant Albizo,passing,45.1481,,
Bryant Nieling,passing,40.867607,,
Bryant Ortega,passing,58.261894,,
Bryce Washington,passing,42.965405,,
Bryn Andrew Morris,passing,58.165836,,
Brynjar Johnsplass,passing,39.664955,,
Brynjólfur Darri Willumsson,passing,53.768707,,
Bum Su Kim,passing,43.826126,,
Burak Ince,passing,54.347397,,
Béni Makouana,passing,54.475178,,
Bénie Adama Traoré,passing,51.835655,,
Cade Dylan Cowell,passing,56.787308,,
Caden Clark,passing,63.87713,,
Cagan Kayra Erciyas,passing,32.73853,,
Caleb Cassius Watts,passing,59.136044,,
Callan Rennie Elliot,passing,55.772686,,
Callum Alex David Burton,passing,51.68346,,
Callum Damian Peter Morton,passing,53.079437,,
Callum Jason Noel Camps,passing,63.381184,,
Callum Joseph Lang,passing,59.307266,,
Callum Thomas Ainley,passing,59.546516,,
Callum William McCowatt,passing,62.725586,,
Calum Kavanagh,passing,45.19258,,
Calvin William Ramsay,passing,59.80903,,
Cameron Bradley John,passing,49.538887,,
Cameron Dunbar,passing,46.220345,,
Cameron James Evans,passing,39.510242,,
Cameron Lisceous Humphreys-Grant,passing,48.83109,,
Cameron MacPherson,passing,60.89987,,
Cameron Mark Thomas Brannagan,passing,70.29105,,
Cameron Puertas Castro,passing,68.129295,,
Cameron Rooney,passing,49.168472,,
Cameron Terry Coxe,passing,53.085197,,
Camilo Hernán Albornoz,passing,56.93066,,
Can Hayri Özkan,passing,58.458317,,
Caoimhin Porter,passing,49.530106,,
Caolan McLaughlin,passing,39.53658,,
Carl Adam Andersson,passing,59.636105,,
Carl Adam Jonathan Hellborg,passing,56.966125,,
Carl Robert Johnston,passing,53.74937,,
Carlo Adriano García Prades,passing,63.44806,,
Carlo Gregor Boukhalfa,passing,62.236668,,
Carlo Johan Holse Justesen,passing,64.96541,,
Carlo Roberto Casap,passing,61.184734,,
Carlos Alberto Lucumi González,passing,40.750336,,
Carlos Alberto Villanueva Fuentes,passing,58.104004,,
Carlos Andrés Chore Aguilera,passing,52.11435,,
Carlos Augusto Rojas,passing,46.19105,,
Carlos Beitia Cardos,passing,56.977688,,
Carlos Daniel Calzadilla Durán,passing,53.826023,,
Carlos Daniel Meza Villa,passing,60.498386,,
Carlos Domínguez Cáceres,passing,52.718727,,
Carlos Gabriel Villalba Rivas,passing,59.756477,,
Carlos Jhilmar Lora Saavedra,passing,58.4514,,
Carlos Joao Montoya García,passing,46.10169,,
Carlos Manuel Díaz Ferrer,passing,42.436356,,
Carlos Manuel Insaurralde Ochart,passing,64.51895,,
Carlos Martín Domínguez,passing,55.961452,,
Carlos Mateo Abastoflor Aguilera,passing,55.39478,,
Carlos Miguel Harvey Cesneros,passing,52.320396,,
Carlos Niño Junior Espinola Díaz,passing,50.08064,,
Carlos Paraco,passing,50.018776,,
Carlos Percy Liza Espinoza,passing,62.01973,,
Carlos Raúl Olses Quijada,passing,51.6693,,
Carlos Romero Serrano,passing,55.86093,,
Carlos Terán Díaz,passing,41.464035,,
Carmine Soel Chiappetta,passing,48.331657,,
Carney Chibueze Chukwuemeka,passing,64.01543,,
Carson Buschman-Dormond,passing,51.70922,,
Casper Kaarsbo Winther,passing,58.88712,,
Casper Staring,passing,54.430737,,
Celton Ansumane Biai,passing,51.683247,,
Cem Tuna Türkmen,passing,57.278538,,
Cem Çelik,passing,55.157154,,
Cenk Özkaçar,passing,54.319347,,
Cezary Miszta,passing,51.670147,,
Chan Yong Kim,passing,51.672607,,
Chang Hwan Park,passing,54.29654,,
Chanka Zimba,passing,46.863667,,
Charbel Codjo Gomez,passing,43.915077,,
Charles Mutawe,passing,39.669537,,
Charles Nathan Abi,passing,56.408203,,
Charley Kendall,passing,37.89491,,
Charlie Caton,passing,46.99435,,
Charlie Daniel Brown,passing,44.66571,,
Charlie David Kirk,passing,63.003384,,
Charlie Patrick Jolley,passing,43.92315,,
Charlie Seaman,passing,52.33792,,
Charlie Williams,passing,51.61068,,
Check Oumar Diakité,passing,63.579666,,
Cheick Aymar Timité,passing,54.9206,,
Cheick Tiemoko Diabate,passing,41.513042,,
Cheikh Ahadou Tidiane Thiam,passing,38.999004,,
Cheikh Ahmet Tidian Niasse,passing,59.677494,,
Cheikh Tidiane Sabaly,passing,58.8791,,
Chiekh Thiam,passing,44.217045,,
Chigozier Caleb Chukwuemeka,passing,46.834324,,
Chinonso Offor Nnamdi,passing,45.590885,,
Chris Donovan,passing,40.073853,,
Chris Forino-Joseph,passing,39.057423,,
Chris Kouakou,passing,58.13527,,
Chris Lotefa,passing,48.103615,,
Chris Vianney Bedia,passing,49.319218,,
Chrislain Iris Aurel Matsima,passing,47.740067,,
Christian Acella,passing,62.3628,,
Christian Adán Larotonda Adán,passing,61.887806,,
Christian Capone,passing,59.826405,,
Christian Diego Pastina,passing,52.437614,,
Christian Dominick Torres,passing,45.167168,,
Christian Fernandes Marques,passing,52.39463,,
Christian Franco,passing,54.3486,,
Christian Frederick Bayoi Makoun Reyes,passing,59.3516,,
Christian Jaeger Cappis,passing,62.547333,,
Christian Joe Conteh,passing,50.57303,,
Christian Joel Sánchez Leal,passing,51.67241,,
Christian Kouan Oulaï,passing,64.63905,,
Christian Mork Breivik,passing,46.523647,,
Christian Norton,passing,49.32065,,
Christian Rivera Hernández,passing,63.61082,,
Christian Schiavone Modica,passing,59.295177,,
Christian Tapia,passing,51.670967,,
Christián Herc,passing,65.84909,,
Christopher Brady,passing,51.681953,,
Christopher Cadden,passing,65.0256,,
Christopher Francis Merrie,passing,56.211315,,
Christopher Gavin Scott,passing,56.48118,,
Christopher Giuliani,passing,51.672874,,
Christopher Gloster,passing,51.934425,,
Christopher James Durkin,passing,66.68436,,
Christopher Lungoyi,passing,53.290833,,
Christopher Maurice Wooh,passing,55.32824,,
Christopher Robin Olivares Burga,passing,51.95371,,
Cian William Thomas Harries,passing,54.818512,,
Ciaran Patrick Gilligan,passing,54.550785,,
Cillian Heaney,passing,45.276684,,
Ciro Panico,passing,51.285423,,
Claudio Espinoza,passing,53.92883,,
Claudiu Adrian Mihai Petrila,passing,64.0942,,
Clayton Fernandes Silva,passing,58.92651,,
Cleilton Monteiro da Costa,passing,56.850105,,
Clelio Gustavo Nnachi Espinoza,passing,53.89447,,
Clemente José Montes Barroilhet,passing,54.818398,,
Clinton Mola,passing,62.809826,,
Clyde Nick García Segura,passing,54.851593,,
Clément Bayiha,passing,52.139973,,
Clément Billemaz,passing,56.75125,,
Cody Callum Pierre Drameh,passing,56.493378,,
Cody Collins,passing,37.71848,,
Cole Turner,passing,46.99818,,
Collins Sichenje,passing,47.75589,,
Connor Isaac Metcalfe,passing,64.25248,,
Connor Pye,passing,44.046967,,
Connor Smith,passing,61.21974,,
Conor Mark Chaplin,passing,56.835724,,
Conor Michael Grant,passing,57.811546,,
Constantin Cristian Dima,passing,52.973877,,
Corrie Richard Ndaba,passing,53.56228,,
Cosimo Marco Da Graca,passing,52.49373,,
Cosmin Gabriel Atănase,passing,49.452168,,
Cosmin Tucaliuc,passing,55.235744,,
Cottrell Ezekwem,passing,40.00489,,
Cristhian David Riveros Silvero,passing,51.67333,,
Cristhian Mosquera Ibargüen,passing,51.7064,,
Cristhian Penayo,passing,58.39758,,
Cristian Cosmin Dumitru,passing,53.0819,,
Cristian Enrique Cruz Meleán,passing,54.82045,,
Cristian Estaban Trujillo Riascos,passing,61.56595,,
Cristian Ezequiel Ferreira,passing,75.105515,,
Cristian Gonzalo Torres,passing,51.59501,,
Cristian Ignat,passing,35.732964,,
Cristian Maxim,passing,37.833042,,
Cristian Riquelme,passing,42.30408,,
Cristián Alexander Zavala Briones,passing,60.526447,,
Cristián Díaz,passing,31.36715,,
Cristián Díaz Ferrada,passing,48.54352,,
Cristo Ramón González Pérez,passing,63.30062,,
Cristopher Alejandro Medina García,passing,49.623127,,
Cristopher Javier Varela Caicedo,passing,51.670094,,
Cristóbal Ignacio Finch Barrios,passing,34.90466,,
Cyril Etoga,passing,48.788643,,
Cyrus Dehmie,passing,45.551342,,
César Alejandro Menacho Claros,passing,58.277695,,
César Gelabert Piña,passing,58.58972,,
César Pérez,passing,53.345524,,
César Roman Ibáñez,passing,56.39583,,
César Tárrega Requeni,passing,51.124203,,
César Valero Álvarez,passing,59.335625,,
Călin Popescu,passing,52.630817,,
Cătălin Albu,passing,52.282066,,
Daam Wonnebald Foulon,passing,64.58368,,
Daan Reiziger,passing,51.67564,,
Dae Woo Kim,passing,53.057426,,
Daishawn Orpheo Marvin Redan,passing,50.60284,,
Daithí McCallion,passing,27.170288,,
Dalibor Markovic,passing,42.19161,,
Dalisson de Almeida Leite,passing,60.784447,,
Damaitphang Lyngdoh,passing,45.636986,,
Damian Daniel Isac,passing,55.99675,,
Damian Duffy,passing,32.67702,,
Damiano Pecile,passing,57.798313,,
Damir Redzic,passing,49.773983,,
Damián Ariel Fernández,passing,44.711258,,
Damián Moreno,passing,38.083797,,
Dan Assane Ndoye,passing,62.84101,,
Dan Davies,passing,40.077267,,
Dana Amaral,passing,49.379684,,
Dane James Ingham,passing,52.03015,,
Dane Murray,passing,48.7692,,
Dane Pharrell Scarlett,passing,48.24399,,
Dango Aboubacar Faissal Ouattara,passing,47.642426,,
Daniel Albiar Serrano,passing,65.580605,,
Daniel Alejandro Pérez Córdova,passing,40.66344,,
Daniel Alonso Aceves Patiño,passing,54.01391,,
Daniel Andrés Luna García,passing,55.702293,,
Daniel David Jebbison,passing,50.13434,,
Daniel Dodds,passing,33.223606,,
Daniel Dumbravanu,passing,38.452477,,
Daniel Esmorís Tasende,passing,59.962387,,
Daniel Esteban Ríos,passing,48.81591,,
Daniel Filipe Bandeira e Silva,passing,58.32842,,
Daniel Francis Anyembe,passing,56.89974,,
Daniel George Ballard,passing,49.404175,,
Daniel González,passing,46.6105,,
Daniel González Flores,passing,40.748432,,
Daniel González García,passing,56.44293,,
Daniel Grant,passing,54.78027,,
Daniel Happe,passing,42.363327,,
Daniel Harry Kemp,passing,60.853756,,
Daniel Hawkins,passing,49.88818,,
Daniel Håkans,passing,51.02377,,
Daniel Leyva,passing,55.91578,,
Daniel Lorenzo Guerrero,passing,63.036476,,
Daniel Lønne Iversen,passing,51.679455,,
Daniel Mandroiu,passing,64.101616,,
Daniel Martín Fernández,passing,51.680492,,
Daniel Mesenhöler,passing,51.69748,,
Daniel Mosquera,passing,51.48751,,
Daniel Namaso Edi-Mesumbe Loader,passing,56.624325,,
Daniel Neil,passing,61.38112,,
Daniel Nkrumah,passing,40.773266,,
Daniel Polanco,passing,45.77722,,
Daniel Queipo Menéndez,passing,56.96709,,
Daniel Rebollo Franco,passing,51.669502,,
Daniel Rojas Céspedes,passing,60.778843,,
Daniel Shaquille Jabari Phillips,passing,54.9423,,
Daniel Steven Devine,passing,56.218,,
Daniel Szelągowski,passing,53.69534,,
Daniel Tiefenbach,passing,55.786263,,
Daniel Toma,passing,56.02584,,
Daniel Veiby Held,passing,51.669304,,
Daniel Vidal Martínez,passing,61.21733,,
Daniel Villahermosa,passing,64.97819,,
Daniel William Harvie,passing,56.491756,,
Daniel dos Santos Penha,passing,71.09382,,
Daniel Ściślak,passing,56.902683,,
Daniel Štefulj,passing,56.881287,,
Daniels Ontužāns,passing,53.575005,,
Danilo Acosta,passing,61.28589,,
Danilo Filipe Melo Veiga,passing,58.57978,,
Daniël De Silva,passing,59.392853,,
Daniël van Kaam,passing,65.10728,,
Danny Cashman,passing,49.60933,,
Dantouma Yaya Toure,passing,48.131554,,
Dany Jean,passing,48.174953,,
Dapo Mebude,passing,48.905827,,
Dara Costelloe,passing,58.419395,,
Darijo Grujcic,passing,36.84047,,
Dario Kreiker,passing,53.217327,,
Dario Oger,passing,56.6157,,
Darius Constantin Grosu,passing,48.10641,,
Dariusz Pawłowski,passing,55.15316,,
Darlin Alberto Leiton Lamilla,passing,54.55227,,
Darlin Zidane Yongwa Ngameni,passing,58.57829,,
Darluis Paz,passing,60.164463,,
Darnell Tobias Jack Johnson,passing,48.934227,,
Darrell Kamdem Tibell,passing,41.511066,,
Darren Collins,passing,43.291035,,
Darren Watson,passing,41.325317,,
Darío Ramos Pinazo,passing,51.672077,,
David Agbo,passing,56.688393,,
David Alba Fernández,passing,41.93214,,
David Argüelles Álvarez,passing,44.108467,,
David Atanga,passing,57.24943,,
David Ayomide Kasumu,passing,61.351753,,
David Bremang,passing,36.226337,,
David Concha Salas,passing,64.07064,,
David Cuenca Barreno,passing,52.046448,,
David Djigla,passing,56.626225,,
David Edvardsson,passing,50.763226,,
David Fisher,passing,44.167538,,
David Iordache,passing,46.89314,,
David Jacovic,passing,55.711746,,
David Kjær Kruse,passing,61.76013,,
David Lennart Philipp,passing,56.486874,,
David Ochoa,passing,51.675827,,
David Odumosu,passing,51.686813,,
David Peter Kopacz,passing,61.325443,,
David Poreba,passing,52.156086,,
David Puntigam,passing,51.687397,,
David Raul Miculescu,passing,59.577976,,
David Ribera,passing,59.32618,,
David Rodríguez Ramos,passing,52.314358,,
David Samuel Custódio Lima,passing,36.946903,,
David Sousa Albino,passing,45.17813,,
David Strelec,passing,53.446556,,
David Torres Ortiz,passing,49.75374,,
David Ungar,passing,56.38448,,
David Vogt,passing,55.182785,,
David Vraciu,passing,59.90182,,
David-Marian Croitoru,passing,51.77771,,
Davide Merola,passing,45.758766,,
Davide-Jerome Itter,passing,58.185493,,
Dawid Kocyła,passing,55.126072,,
Daykol Romero,passing,49.702377,,
Dayler Quintela,passing,51.67302,,
Dean Graeme Campbell,passing,62.557613,,
Declan David Glass,passing,59.666454,,
Degnand Wilfried Gnonto,passing,60.362846,,
Deiber Jair Caicedo Mideros,passing,60.27121,,
Dejan Tetek,passing,57.738243,,
Delano Vianello,passing,50.09013,,
Denilson Josué Ovando Ramírez,passing,57.67695,,
Denis Graţian Haruţ,passing,58.711086,,
Denis Lucian Hrezdac,passing,41.55368,,
Denis Mihai Drăguş,passing,52.916748,,
Denizcan Cosgun,passing,57.274532,,
Dennis Emmanuel Abiodun Adeniran,passing,56.908207,,
Dennis Olsson,passing,52.267963,,
Dennis-Adam Gorka,passing,51.676983,,
Dennis-Dorian Politic,passing,55.86424,,
Denver Jay Hume,passing,52.175808,,
Derek Agyakwa,passing,30.844063,,
Derek Germano Kutesa,passing,58.880222,,
Derik Gean Severino Lacerda,passing,53.375572,,
Derlis Darío Martínez González,passing,54.73565,,
Derrick Arthur Köhn,passing,61.365307,,
Des Kunst,passing,47.124702,,
Devansh Dabas,passing,51.67147,,
Devante James Parker,passing,57.26613,,
Devid Eugene Bouah,passing,41.83448,,
Devin Remie,passing,51.6734,,
Devinson Martínez,passing,55.719273,,
Didier Bueno,passing,53.047573,,
Didrik Hafstad,passing,42.658062,,
Diego Acevedo,passing,54.512077,,
Diego Alende López,passing,41.82146,,
Diego Alessandro Guillén Alarcón,passing,55.080574,,
Diego Alexander Gómez,passing,59.484665,,
Diego Altube Suárez,passing,51.670723,,
Diego Ariel Duarte Garcete,passing,48.278828,,
Diego Augusto Rodríguez Carreño,passing,47.525364,,
Diego Collado Raya,passing,58.540314,,
Diego Gabriel Silva Rosa,passing,66.553055,,
Diego Gustavo Rodrigues de Lima,passing,57.433094,,
Diego Gutierrez,passing,51.760628,,
Diego Gutiérrez Chinea,passing,56.05905,,
Diego Hernández,passing,59.055603,,
Diego José Conde Alcolado,passing,51.676674,,
Diego López Noguerol,passing,53.87622,,
Diego Manuel J. da Silva Moreira,passing,56.760918,,
Diego Martín Valencia Morello,passing,58.714474,,
Diego Medina,passing,50.67202,,
Diego Moreno Garbayo,passing,54.89819,,
Diego Nicolás Aranda Rojas,passing,51.672012,,
Diego Sánchez Pérez,passing,45.920856,,
Diego Valentín Rodríguez Alonso,passing,52.893032,,
Diego Varela Pampín,passing,51.857437,,
Diego Vicente Bri Carrazoni,passing,57.33217,,
Dikeni Salifou,passing,57.264637,,
Dilan Kumar Markanday,passing,54.742302,,
Dillan Solomons,passing,48.682003,,
Dimitri Joseph Oberlin Mfomo,passing,58.574913,,
Dinis L. Casals Pinto,passing,54.469288,,
Dino Salihovic,passing,53.748917,,
Dioggo Isita,passing,56.09453,,
Diogo Costa Pinto,passing,55.612152,,
Diogo Filipe Pacheco Abreu,passing,69.35033,,
Diogo Lucas Queirós,passing,42.870445,,
Diogo Nathan Peixe Barreto,passing,64.83103,,
Diogo Pinheiro Monteiro,passing,41.144257,,
Diogo dos Santos Cabral,passing,57.155132,,
Diosdany Goncalves,passing,49.61479,,
Dipu Mirdha,passing,36.163765,,
Djamal Moussadek,passing,28.72626,,
Djeidi Gassama,passing,53.000576,,
Djibril Thialaw Diop,passing,42.383377,,
Djorkaeff Neicer Reasco González,passing,54.493214,,
Do Yun Choi,passing,44.51685,,
Dom Ballard,passing,47.049732,,
Dominic David Telford,passing,45.09295,,
Dominic Thomas,passing,60.855175,,
Dominik Bauer,passing,28.970411,,
Dominik Bilogrević,passing,58.717937,,
Dominik Florian Klann,passing,49.61529,,
Dominik Franke,passing,54.89679,,
Dominik Piła,passing,54.62316,,
Dominik Prpić,passing,34.98745,,
Dominik Sokół,passing,46.500355,,
Dorian Ciezkowski,passing,51.670986,,
Douglas Matías Arezo Martínez,passing,55.10596,,
Douglas Tharme,passing,33.86618,,
Doğukan Kaya,passing,51.669632,,
Dragoljub Savić,passing,54.36038,,
Dragoș Sebastian Tescan,passing,56.932068,,
Drew Baker,passing,42.64152,,
Dries Wouters,passing,57.97279,,
Duccio Degli Innocenti,passing,59.28316,,
Duncan Nosahaere Idehen,passing,31.822947,,
Dylan Adjei-Hersey,passing,45.026424,,
Dylan Barkers,passing,48.821907,,
Dylan Demuynck,passing,51.667095,,
Dylan Duncan,passing,57.27123,,
Dylan Durivaux,passing,31.716002,,
Dylan Felipe Borrero Caicedo,passing,54.78308,,
Dylan G'Beuly,passing,57.381893,,
Dylan James Christopher Levitt,passing,67.08834,,
Dylan José Perera Plasencia,passing,59.455864,,
Dylan Lobban,passing,53.040348,,
Dylan Louis Ange Ouédraogo,passing,49.78411,,
Dylan Molloy,passing,40.241863,,
Dylan Murugesapillai,passing,51.84399,,
Dylan Reid,passing,48.95332,,
Dynel Brown Kembo Simeu,passing,45.45463,,
Dário Cassia Luís Essugo,passing,59.126812,,
Dêniro Rubens Prestes Cadete,passing,43.648594,,
Ebeguowen Owen Otasowie,passing,56.317448,,
Ebrima-Dominique N’dure,passing,53.809017,,
Ed McJannet,passing,49.704117,,
Eddie Anthony Salcedo Mora,passing,59.815685,,
Eddie Munjoma,passing,47.31322,,
Eddy Sylvestre Negadi,passing,58.31246,,
Edenildo Eloi Lagoas Regalo,passing,63.7079,,
Ederson Salomón Rodríguez Lima,passing,52.3173,,
Edgar Alberto Olivares Villarroel,passing,54.423786,,
Edgar Eyffer Lastre Mercado,passing,49.58349,,
Edgar Joel Elizalde Ferreira,passing,48.979935,,
Edi Sylisufaj,passing,52.70288,,
Edin Omeragic,passing,51.672955,,
Edison Alexander Azcona Vélez,passing,48.952248,,
Edison Mero,passing,58.71718,,
Edmond-Paris Maghoma,passing,59.31991,,
Edoardo Iannoni,passing,62.86062,,
Edoardo Piana,passing,51.67545,,
Edoardo Pierozzi,passing,49.399315,,
Edson Acevedo,passing,58.114147,,
Edson Armando Rivas Vielma,passing,50.583626,,
Eduard Dutu,passing,40.00569,,
Eduard Kozik,passing,43.560715,,
Eduard Probst,passing,45.959198,,
Eduardo Dos Santos Haesler,passing,51.673412,,
Eduardo Enrique Fereira Peñaranda,passing,56.24857,,
Eduardo Filipe Quaresma Vieira Coimbra Simões,passing,47.12859,,
Eduardo Oliveira Borges,passing,34.546825,,
Eduards Daškevičs,passing,49.09722,,
Edvin Austbø,passing,44.86506,,
Edvin Tellgren,passing,30.710659,,
Edward James Bishop,passing,66.22223,,
Edward Kizza,passing,45.234688,,
Edwin Stiven Mosquera Palacios,passing,62.385933,,
Edwin Valencia,passing,54.105885,,
Efe Arda Koyuncu,passing,34.310047,,
Efe Tatlı,passing,64.09738,,
Efraín Álvarez,passing,63.88568,,
Egoitz Arana Aizpurua,passing,51.67252,,
Eiran Cashin,passing,47.91916,,
Eivind Helgeland,passing,49.417747,,
Ejaita Ifoni,passing,40.781803,,
Ekin Çelebi,passing,46.802143,,
El Mehdi Moubarik,passing,63.58399,,
Eleutherios Lyratzis,passing,60.884224,,
Elias Aarflot,passing,38.22318,,
Elias Imed Damergy,passing,51.678062,,
Elias Jona Bördner,passing,51.67265,,
Elias Kratzer,passing,43.23792,,
Elias Kristoffersen Hagen,passing,65.89254,,
Elias Löder,passing,55.32181,,
Elias Manoel,passing,41.873093,,
Elias Sebastian Solberg,passing,54.025787,,
Elicha Ahui,passing,46.66043,,
Elija Wohlgemuth,passing,51.669945,,
Elijah Henry Just,passing,61.283844,,
Elio Salazar,passing,59.246403,,
Elione Fernandes Neto,passing,54.119396,,
Eliézer Meléndez,passing,63.27537,,
Ellery Ronald Balcombe,passing,51.67306,,
Elliot John Embleton,passing,63.154655,,
Elliot Jorge Simões Inácio,passing,53.863823,,
Elliot Morgan Thorpe,passing,56.786133,,
Elliot William Watt,passing,62.800735,,
Elliott Anderson,passing,64.055435,,
Elliott Michael Bonds,passing,56.751835,,
Elliott Ricardo Wignal List,passing,49.78994,,
Ellis Carlo Iandolo,passing,53.17081,,
Ellis Darren Chapman,passing,63.0224,,
Elvis Kevin Velasco,passing,61.403255,,
Elyas Al Biladi,passing,47.78984,,
Elías Alejandro Arias Rengel,passing,49.26095,,
Elías Alejandro Ramos Castillo,passing,54.67651,,
Elías Britez,passing,56.197105,,
Elías Iván Pereyra,passing,54.124916,,
Elías Rafn Ólafsson,passing,51.682426,,
Elías Sebastián López,passing,59.39047,,
Emanuel Dat,passing,55.35538,,
Emanuel Lalchhanchhuaha,passing,45.706818,,
Emerson Hyndman,passing,67.678375,,
Emerson Rivaldo Rodríguez Valois,passing,54.559708,,
Emerson Velasquez,passing,44.80985,,
Emil Alfons Holm,passing,56.76491,,
Emil Hellman,passing,51.283253,,
Emil Konradsen Ceïde,passing,57.188766,,
Emil Nestved Kornvig,passing,61.957504,,
Emil Roback,passing,43.155445,,
Emil Varhaugvik Breivik,passing,59.38171,,
Emilian Metu,passing,53.86863,,
Emiliano Agustín Villar Vidal,passing,56.014423,,
Emiliano Brienza,passing,37.52888,,
Emiliano Clavijo,passing,62.563736,,
Emiliano Martínez Toranza,passing,61.73366,,
Emiliano Vidart,passing,62.711357,,
Emilio Kehrer,passing,47.041656,,
Emir Kaan Gültekin,passing,58.69447,,
Emmanuel Attipoe,passing,42.732815,,
Emmanuel Danso,passing,56.845848,,
Emmanuel Delan Junior Latte Lath,passing,56.417377,,
Emmanuel Ebuka Osadebe,passing,58.397556,,
Emmanuel Ilesanmi,passing,38.52086,,
Emmanuel Longelo Mbule,passing,51.500164,,
Emmanuel Matuta,passing,54.03589,,
Emmanuel Ogura,passing,51.70485,,
Emre Demir,passing,63.949715,,
Emre Topcu,passing,48.230633,,
Emrecan Uzunhan,passing,39.52271,,
Emrehan Gedikli,passing,49.692085,,
Enis Çokaj,passing,64.290146,,
Enmerson Geovanny Batalla Martínez,passing,52.48301,,
Enric Llansana Beuse,passing,63.104534,,
Enrico Celeghin,passing,57.854713,,
Enrico Del Prato,passing,60.20496,,
Enrico Erick Dueñas Hernández,passing,56.09827,,
Enrique Achahuanco,passing,52.690865,,
Enrique Barja Afonso,passing,63.687958,,
Enrique Camargo,passing,64.69853,,
Enrique Clemente Maza,passing,53.075558,,
Enrique Jesús Salas Valiente,passing,32.55894,,
Enrique Manuel Peña Zauner,passing,63.633774,,
Enrique Ríos Vega,passing,40.498577,,
Enrique Taborga,passing,54.923428,,
Enzo Camille Alain Millot,passing,65.546074,,
Enzo Joaquín Sosa Romañuk,passing,58.41667,,
Enzo López,passing,51.680576,,
Enzo Martín Roldán,passing,63.41647,,
Ephron Jardell Mason-Clark,passing,51.147633,,
Eren Sami Dinkçi,passing,57.543034,,
Eric Anders Smith,passing,60.641914,,
Eric Andre Kahl,passing,60.64586,,
Eric Junior Bocat,passing,59.103,,
Eric Ocansey,passing,59.278988,,
Erick Perleche,passing,55.40483,,
Erick Steven Ferigra Burnham,passing,48.34997,,
Erik Benjamin Nygren,passing,64.41167,,
Erik Centeno,passing,40.086998,,
Erik Jorgens de Menezes,passing,63.439774,,
Erik Nicolás López Samaniego,passing,48.1602,,
Erik Ring,passing,55.927658,,
Erik Ross Palmer-Brown,passing,49.377777,,
Erik Shuranov,passing,44.01713,,
Erik Sorga,passing,42.51069,,
Erik Tallig,passing,63.616974,,
Erik Tobias Tangen Sandberg,passing,43.460354,,
Eris Abedini,passing,57.78377,,
Erison Danilo de Souza,passing,53.241337,,
Erolind Krasniqi,passing,56.73399,,
Ertuğrul Çetin,passing,51.67041,,
Esey Gebreyesus,passing,52.7881,,
Esmir Bajraktarevic,passing,51.673813,,
Esteban Cristóbal Valencia Reyes,passing,62.783615,,
Esteban Kirkman,passing,51.673485,,
Esteban Petignat,passing,49.41023,,
Ethan Christopher Dobbelaere,passing,47.942623,,
Ethan Craig Brierley,passing,54.069805,,
Ethan Stuart William Galbraith,passing,62.68392,,
Ethyan Jesús González Morales,passing,57.3372,,
Euan Henderson,passing,59.07154,,
Eusebio Monzó Alfonso,passing,41.446957,,
Evan Marley Khouri,passing,49.22893,,
Evan Ovendale,passing,51.67377,,
Evidence Makgopa,passing,50.016426,,
Evren Eren Elmalı,passing,62.126495,,
Ewan Henderson,passing,66.127365,,
Exon Gustavo Vallecilla Godoy,passing,34.14889,,
Eylon Almog,passing,62.176098,,
Ezequiel Busquets Sanguinetti,passing,51.84623,,
Ezequiel Cannavó,passing,58.674557,,
Ezequiel Emanuele,passing,53.41358,,
Fabian Daniel Rohner,passing,54.57803,,
Fabian Herbst,passing,41.29104,,
Fabian Tauchhammer,passing,46.777218,,
Fabiano Cibi,passing,43.16791,,
Fabiano Josué de Souza Silva,passing,62.542545,,
Fabio Blanco Gómez,passing,55.31558,,
Fabio Rojas,passing,43.35164,,
Fabio Schneider,passing,55.424236,,
Fabián Steven Ángel Bernal,passing,59.042328,,
Fabrice Daniel Hartmann,passing,47.728188,,
Fabricio Mariaca,passing,49.346577,,
Fabrizio Nicolás Correa González,passing,51.67656,,
Facundo Daniel Kruspzky,passing,63.293327,,
Facundo Ezequiel Almada,passing,45.930702,,
Facundo Fabián Trinidad Carballo,passing,56.217075,,
Facundo Leonel Mater,passing,63.2331,,
Facundo Martín Pérez,passing,67.76253,,
Facundo Pellistri Rebollo,passing,63.89081,,
Fahad Khalid Al-Dossari,passing,49.867397,,
Faisal Al Mutairi,passing,49.41772,,
Falah Waleed Juma Alsouri Aljneibi,passing,52.14583,,
Fares Al Garzae,passing,42.998207,,
Farick Haddad,passing,54.173885,,
Farrend James Rawson,passing,44.91025,,
Faruk Can Genç,passing,42.778416,,
Fatih Yiğit Şanlıtürk,passing,63.431812,,
Fatih Yılmaz,passing,35.219376,,
Faustino Adebola Rasheed Anjorin,passing,63.732964,,
Fedde de Jong,passing,60.470764,,
Federico Agustín Gattoni,passing,56.33061,,
Federico Darío Navarro,passing,61.72464,,
Federico Girotti Bonazza,passing,56.628372,,
Federico Pace,passing,39.967907,,
Felipe Tomás Zenobio,passing,51.68711,,
Felix Brand,passing,51.49605,,
Felix Eriksson,passing,32.59284,,
Felix Kalu Nmecha,passing,63.94721,,
Felix Karl-Ernst Gebhardt,passing,51.693344,,
Felix Khonde Mambimbi,passing,54.460335,,
Felix Lange,passing,40.170677,,
Felix Omoruyi Irorere,passing,36.79805,,
Felix Wennergrund,passing,49.29494,,
Fernando Andrés Prado Avelino,passing,53.94628,,
Fernando Aurelio Román Villalba,passing,52.885914,,
Fernando David Cardozo Paniagua,passing,58.90647,,
Fernando Díaz,passing,39.151478,,
Fernando Fabián Ovelar Martínez,passing,57.444733,,
Fernando Medrano Gastañaga,passing,55.155968,,
Fernando Pacheco,passing,62.423985,,
Fernando Raúl Romero González,passing,54.334103,,
Fernando Ruiz Díaz,passing,40.444,,
Fernán Faerron,passing,48.739323,,
Filip Bundgaard Kristensen,passing,54.89906,,
Filip Chalupniczak,passing,51.680195,,
Filip Filipos Lars Sachpekidis,passing,58.06606,,
Filip Koperski,passing,57.817078,,
Filip Kramarz,passing,51.673126,,
Filip Rønningen Jørgensen,passing,59.001125,,
Filip Wojciech Jagiełło,passing,63.451664,,
Filip Zawadzki,passing,52.923454,,
Filipe De Carvalho,passing,45.18814,,
Filipe Miguel Barros Soares,passing,67.296585,,
Filippo Delli Carri,passing,38.185966,,
Filippo Palazzino,passing,52.831043,,
Filippo Tripi,passing,53.244637,,
Finley Bell,passing,49.086563,,
Finley Stevens,passing,57.90917,,
Finn Isaac Azaz,passing,63.100155,,
Finn-Dominik Porath,passing,63.012825,,
Firas Tariq Nasser Al-Buraikan,passing,44.981724,,
Fisnik Isaki,passing,47.239845,,
Flamur Dzelili,passing,49.405716,,
Flavio Bianchi,passing,47.995197,,
Florent Da Silva,passing,65.3685,,
Florentin Lucien Jean Bloch,passing,51.677166,,
Florian Butscher,passing,46.825516,,
Florian Krüger,passing,57.887943,,
Florian Nichita Haită,passing,54.773598,,
Florian-Horst Carstens,passing,42.81594,,
Florin Gheorghe Borţa,passing,47.653946,,
Floris Smand,passing,33.668167,,
Flynn Clarke,passing,55.87191,,
Flávio Basilua Jacinto Nazinho,passing,52.901226,,
Fortune Bassey,passing,61.996246,,
Francesco Antonucci,passing,64.56475,,
Francesco Donati,passing,57.534836,,
Francho Serrano Gracia,passing,66.770164,,
Francis Florin Bălan,passing,52.46831,,
Francisco Agustín González,passing,63.422085,,
Francisco Bregante,passing,45.61831,,
Francisco Delgado Rojano,passing,42.534874,,
Francisco Fabián Álvarez,passing,43.503284,,
Francisco Ginella Dabezies,passing,56.279053,,
Francisco Javier Chaverra Angulo,passing,64.09486,,
Francisco Javier Montero Rubio,passing,52.205364,,
Francisco Joel Gerometta,passing,56.30129,,
Francisco Jorge Tavares Oliveira,passing,60.999416,,
Francisco José Rodríguez Araya,passing,61.56596,,
Francisco José Villalba Rodrigo,passing,70.35788,,
Francisco Manuel Gonzalez Verjara,passing,45.39647,,
Francisco Meira Meixedo,passing,51.675034,,
Francisco Sampaio Moura,passing,61.24878,,
Francisco Sebastián Moyano Jiménez,passing,57.798237,,
Francisco Vidal Bareiro Muñoz,passing,49.41744,,
Franck Cédric Tsadjout,passing,49.557262,,
Franck Elimane Kanouté,passing,60.01852,,
Franck Junior Evina,passing,56.08011,,
Franco Agustín Quinteros,passing,54.576366,,
Franco Baldassarra,passing,63.026237,,
Franco Daryl Tongya Heubang,passing,63.44935,,
Franco Gabriel Ibarra,passing,53.894848,,
Franco Herrera,passing,51.671356,,
Franco Manuel Saravia Rojas,passing,51.672745,,
Franco Nicolás Fragueda,passing,51.671326,,
Frank Stople,passing,51.68309,,
Frankarlos Benítez,passing,51.679165,,
Fred Marcos Cardouso Pombal,passing,69.38764,,
Freddie Carter,passing,36.29353,,
Freddy Alejandro Oncoy Huarote,passing,60.703384,,
Freddy Andrés Roca Vivancos,passing,49.079235,,
Freddy Kleemann,passing,33.2754,,
Frederik Alves Ibsen,passing,40.149273,,
Frederik Franck Winther,passing,51.44935,,
Frederik Rahn,passing,40.257687,,
Fredrik Sjøvold,passing,54.756157,,
Fredy Valencia,passing,49.444286,,
Friday Etim,passing,43.77648,,
Fryderyk Gerbowski,passing,51.56391,,
Fynn Otto,passing,42.93604,,
Fábio André Freitas Vianna,passing,52.88633,,
Fábio André Tavares Desidério,passing,47.661995,,
Fábio Daniel Soares Silva,passing,51.220642,,
Fábio Pereira Baptista,passing,54.4752,,
Fábio Ronaldo Costa Conceição,passing,46.09824,,
Félix Alexandre Andrade Sanches Correia,passing,63.756775,,
Fıratcan Üzüm,passing,59.283066,,
Gabriel Agustín Sotomayor Cardozo,passing,57.867123,,
Gabriel Colmenárez,passing,60.666836,,
Gabriel Dănuleasă,passing,35.700916,,
Gabriel Fernandes Castro,passing,42.504837,,
Gabriel Julien Dominique Barès,passing,63.2142,,
Gabriel Norambuena,passing,51.16439,,
Gabriel Pereira dos Santos,passing,62.70821,,
Gabriel Silva Vieira,passing,62.113857,,
Gabriel Veiga Novas,passing,57.6921,,
Gabriele Gori,passing,48.510525,,
Gaby Jean,passing,41.62058,,
Gali Balanta,passing,51.69003,,
Garis Mina,passing,48.767914,,
Gary Moya,passing,56.870907,,
Gaspar Campos Ansó Fernández,passing,59.866142,,
Gassan Ahadme Yahyai,passing,49.637268,,
Gastón Alejandro Pérez Conde,passing,58.831673,,
Gastón Benítez,passing,48.095238,,
Gastón Luciano Ávila,passing,59.514927,,
Gastón Nicolás Martirena Torres,passing,66.24228,,
Gastón Nicolás Verón,passing,58.753174,,
Gaultiér Overman,passing,42.30083,,
Gaute Høberg Vetti,passing,59.905685,,
Gavin Okeroghene Bazunu,passing,51.682343,,
Geani Mihai Crețu,passing,58.416153,,
Gedion Zelalem,passing,65.63808,,
Gennaro Borrelli,passing,35.457355,,
Geny Cipriano Catamo,passing,54.923428,,
Geon Woo Park,passing,37.277683,,
George Acosta,passing,50.24215,,
George Alexandru Cîmpanu,passing,58.422195,,
George Asomani,passing,46.814915,,
George Blackwood,passing,49.259453,,
George Burroughs,passing,36.26805,,
George Christopher Williams,passing,58.018684,,
George Cowmeadow,passing,37.763138,,
George Cristian Merloi,passing,59.650536,,
George Damien Nurse,passing,57.942505,,
George David Dobson,passing,63.702934,,
George David Eric Hirst,passing,49.391014,,
George Dănuț Ganea,passing,57.026447,,
George Iain Cooper,passing,63.579296,,
George Ionuț Dragomir,passing,49.055443,,
George Lewis,passing,54.822517,,
George Mihai Micle,passing,51.67055,,
George Oluwaseun Bello,passing,54.963146,,
George Owen Marsh,passing,59.38367,,
George Robert Lawrence Lloyd,passing,50.33788,,
George Thomas Maris,passing,54.62606,,
Georgi Tunjov,passing,55.896324,,
Gerald Martin Távara Mogollón,passing,65.056274,,
Gerard Fdez. Castellano,passing,58.567192,,
Gerard Garner,passing,46.007732,,
Gerard Yepes Laut,passing,60.18712,,
Germán Fernández Hidalgo,passing,51.671684,,
Germán Valera Karabinaite,passing,59.406044,,
Gerónimo Plada,passing,45.24102,,
Geykel Gabriel Parra Arias,passing,51.674484,,
Gi Hyeok Lee,passing,50.35057,,
Giacomo Gambetta,passing,51.67659,,
Giacomo Olzer,passing,56.209732,,
Gian Franco Cabezas Rodríguez,passing,54.576897,,
Gian-Luca Itter,passing,61.919617,,
Gianfranco Chávez Massoni,passing,47.812305,,
Gianluca Gaudino,passing,68.26484,,
Gianluca Saro,passing,51.676758,,
Gianmarco Cangiano,passing,53.48227,,
Gianni De Nitti,passing,51.672512,,
Gianni Ryan Stensness,passing,53.288044,,
Giannis Sardelis,passing,55.57145,,
Gilbert Fuentes,passing,53.110493,,
Gilles Richard,passing,35.084377,,
Gilmar Paredes,passing,55.59442,,
Gilson Benchimol Tavares,passing,55.656113,,
Giorgi Kokhreidze,passing,60.619938,,
Giotto Giuseppe Morandi,passing,59.64768,,
Giovanni Bordón,passing,50.1814,,
Giovanni Crociata,passing,65.153076,,
Giovanni Grotta,passing,51.674713,,
Giuseppe Ciocci,passing,51.67079,,
Giuseppe Di Serio,passing,46.20352,,
Giuseppe Marcianò,passing,51.67334,,
Glenn Bell Dollar Middleton,passing,58.1082,,
Gloire Amanda,passing,49.233013,,
Gnantin Yann Gboho,passing,62.557907,,
Godwin Kobby Bentil,passing,47.410885,,
Gontie Junior Diomandé,passing,50.42461,,
Gonzalo Andrés Tapia Dubournais,passing,52.21173,,
Gonzalo Damián Abrego,passing,65.94066,,
Gonzalo Gabriel Sánchez Franco,passing,44.702602,,
Gonzalo Germán Pérez Corbalán,passing,53.477085,,
Gonzalo Gonzalez,passing,35.73665,,
Gonçalo Bento Soares Cardoso,passing,37.56265,,
Gonçalo Faria Costa,passing,42.21381,,
Gonçalo Oscar Albuquerque Borges,passing,59.91284,,
Gonçalo Pinto,passing,51.671017,,
Goodman Mosele,passing,66.85498,,
Gor Manvelyan,passing,59.301125,,
Gorka San Nicolás Gil,passing,51.673283,,
Grant Dean Horton,passing,41.318203,,
Gregorio Gracia Sánchez,passing,62.955307,,
Gregorio José Tanco,passing,42.985786,,
Griffin McDorman Yow,passing,51.976074,,
Guilherme Araújo Soares,passing,42.033768,,
Guilherme Borges Guedes,passing,64.03649,,
Guilherme Silva Souza,passing,38.298573,,
Guilherme da Silva,passing,34.682377,,
Guillaume Laurent Dietsch,passing,51.67166,,
Guillermo Bueno López,passing,54.262398,,
Guillermo Duhalde,passing,36.900623,,
Guillermo Gajardo,passing,51.67284,,
Guillermo Rosas Alonso,passing,54.0949,,
Guillermo Wagner,passing,62.26472,,
Guilmer Giro,passing,54.695236,,
Gurmukh Singh,passing,28.807371,,
Gustav Lillienberg,passing,51.67019,,
Gustav Mogensen,passing,47.210564,,
Gustav Molin,passing,51.67501,,
Gustav Tang Isaksen,passing,60.610313,,
Gustavo Adolfo Carvajal Gómez,passing,55.29313,,
Gustavo Elvis Loayza,passing,56.542923,,
Gustavo Enrique Giordano Amaro Assunção da Silva,passing,63.616264,,
Gustavo Filipe Azevedo Sá,passing,59.50395,,
Gustavo Klismahn D Miranda,passing,58.404266,,
Gustavo Peralta,passing,42.485535,,
Gustavo Peredo Ortíz,passing,57.242363,,
Gustavo Verón,passing,55.494915,,
Guus Gertsen,passing,33.81086,,
Guy Carel Mbenza Kamboleke,passing,47.017807,,
Guy Dahan,passing,41.889427,,
Gyeong Jun Byun,passing,45.393436,,
Gyu Hyeong Kim,passing,52.432823,,
Gyung Hyun Min,passing,44.97541,,
Gökdeniz Bayrakdar,passing,61.049915,,
Habib Ali Keita,passing,63.120632,,
Haitam Abaida El Achhab,passing,57.306515,,
Haji Mnoga,passing,46.30273,,
Hak-Yoon Lee,passing,51.672245,,
Hakeeb Adeola Jerome Adelakun,passing,60.460503,,
Halldor Østervold Stenevik,passing,57.469593,,
Hamad Abdan Al Abdan,passing,54.8162,,
Hamad Fayez Alsayyaf,passing,30.937475,,
Hamad Turki Al Tuhayfan Al Yami,passing,56.0119,,
Hamed Abdullah Al Ghamdi,passing,58.029186,,
Hampus Gustafsson,passing,51.673462,,
Hamza Bahaïd,passing,52.43114,,
Hamza Yiğit Akman,passing,58.9036,,
Han Beom Lee,passing,49.45209,,
Han Min Jeong,passing,43.031715,,
Han-Noah Massengo,passing,64.44406,,
Hani Ismaeel Al-Sebyani,passing,42.991806,,
Hannes Küng,passing,34.82668,,
Hans Nunoo Sarpei,passing,56.523533,,
Haralambie Mociu,passing,51.67439,,
Harmanpreet Singh,passing,31.27229,,
Harrison Bright,passing,46.21597,,
Harrison Clarke,passing,56.180466,,
Harrison James Chapman,passing,60.76605,,
Harrison James Holgate,passing,38.82187,,
Harrison Joshua Perritt,passing,46.00952,,
Harrison Neal,passing,55.157745,,
Harrison Sohna,passing,52.226566,,
Harry Birtwistle,passing,50.519855,,
Harry George Kite,passing,56.978012,,
Harry Jack Darling,passing,54.552525,,
Harry Jewitt-White,passing,50.312508,,
Harry John Anderson,passing,58.337223,,
Harry Kyprianou,passing,52.77742,,
Harry Lee,passing,51.679836,,
Harry McCarthy,passing,47.85322,,
Harry Nicolson,passing,28.840143,,
Harry William Brockbank,passing,46.31432,,
Harun Alpsoy,passing,59.101273,,
Harvey Andrew Knibbs,passing,53.927017,,
Harvey David White,passing,67.09127,,
Harvey Giles,passing,51.68033,,
Harvey James Bunker,passing,51.20006,,
Harvey Jay Cartwright,passing,51.67669,,
Harvey William St Clair,passing,60.6619,,
Hassan Mohammed Al-Tambakti,passing,35.03526,,
Hatim Far,passing,42.19616,,
Hayden Lindley,passing,54.96924,,
Hayrullah Erkip,passing,53.910385,,
Hazazi Sulaiman Yahya,passing,44.094086,,
Hazim Hassan Al Zahrani,passing,43.04154,,
Hazzaa Ahmed Al-Ghamdi,passing,50.715973,,
Hector Matthew Kyprianou,passing,54.808712,,
Hee Seung Kim,passing,49.427517,,
Heine Gikling Bruseth,passing,54.287315,,
Heitor Rodrigues Fonseca,passing,61.69332,,
Henri Koudossou,passing,60.466408,,
Henricus Gerardus Hubertus Maria Linthorst,passing,60.782658,,
Henrik Rørvik Bjørdal,passing,66.84274,,
Henrique Jocú,passing,56.493793,,
Henry Atola,passing,44.61753,,
Henry Lawrence,passing,52.433067,,
Herman Johan Haugen,passing,48.82731,,
Herman Sørby Stengel,passing,67.17686,,
Hermann Tebily,passing,51.837234,,
Hernandes Rodrigues Da Silva,passing,54.718315,,
Hernán Darío López Muñoz,passing,57.278503,,
Hiang'a Mananga Mbock,passing,63.13594,,
Hidde Willem ter Avest,passing,61.88612,,
Hillary Chukwah Gong,passing,55.07625,,
Hiram Kojo Kwarteng Boateng,passing,59.840797,,
Hisham Al Dubais,passing,43.580555,,
Hmar Pialtu Lalremruata,passing,44.903698,,
Ho Jae Lee,passing,39.065666,,
Ho Jin Jeong,passing,54.29877,,
Homam Ahmed,passing,58.870686,,
Hoo Sung Oh,passing,52.419937,,
Hristu Sofianu,passing,46.45859,,
Hrithik Tiwari,passing,51.67885,,
Hubert Matynia,passing,51.434887,,
Hugo Anglada Gutiérrez,passing,47.934746,,
Hugo Bueno López,passing,54.768753,,
Hugo Claudio Vallejo Avilés,passing,63.655178,,
Hugo Denar Salvatierra Saucedo,passing,54.444706,,
Hugo Fabián Franco Schlender,passing,63.094902,,
Hugo Javier Martínez Cantero,passing,62.11735,,
Hugo Lorenzo Quintana Escobar,passing,63.610565,,
Hugo Novoa Ramos,passing,46.938908,,
Hugo Ozée,passing,34.10511,,
Hugo Pérez Balderas,passing,46.11991,,
Hugo Redón Almela,passing,61.728226,,
Hugo Silva Oliveira,passing,41.92683,,
Hugo Sotelo Gómez,passing,53.269066,,
Hun Min Kim,passing,35.872887,,
Hussain Ahmed Al-Eisa,passing,51.874065,,
Hyeon Bin Seol,passing,51.672012,,
Hyeon Joon Yang,passing,52.358627,,
Hyun Muk Kang,passing,60.95636,,
Håkan Gustaf Nilsson,passing,47.504375,,
Håkan Rasmus Wiedesheim-Paul,passing,53.675606,,
Hélder Gomes Morim,passing,61.257,,
Hélder José Oliveira Sá,passing,59.825592,,
Iago Domínguez Rodríguez,passing,51.68862,,
Ian Carlo Poveda-Ocampo,passing,59.35295,,
Ibrahim Al Ali,passing,45.412212,,
Ibrahim Danlad,passing,51.671345,,
Ibrahim Jamal,passing,28.49738,,
Ibrahim Mahnashi,passing,55.001156,,
Ibrahim Sulemana Kakari,passing,62.97338,,
Ibrahim Yalatif Diabate,passing,50.50792,,
Ibrahima Bamba,passing,57.62626,,
Ibrahima Cissokho,passing,52.238644,,
Ibraima José Barry Pérez,passing,60.59276,,
Idris Kanu,passing,53.883423,,
Idrissa Thiam,passing,57.784397,,
Ignacio Antonio Saavedra Pino,passing,61.84008,,
Ignacio Castillo Ameyugo,passing,55.767036,,
Ignacio Daniel Maestro Puch,passing,46.864048,,
Ignacio Laquintana,passing,55.42914,,
Ignacio Nahuel Suárez Ferreira,passing,51.672142,,
Ignacio Santiago Aliseda,passing,59.743065,,
Ignasi Vilarrasa Palacios,passing,37.891518,,
Igor Drapiński,passing,32.746193,,
Igor Lewandowski,passing,50.67095,,
Igor Lucatelli,passing,51.677692,,
Iker Benito Sánchez,passing,57.5053,,
Iker Bravo Solanilla,passing,49.6949,,
Iker Goujón Pozuelo,passing,62.47003,,
Iker Losada Aragunde,passing,54.388203,,
Iker Piedra Blanco,passing,51.67565,,
Iker Álvarez de Eulate,passing,51.676792,,
Ilan Benjamin Sauter,passing,46.546684,,
Ilario Monterisi,passing,40.86405,,
Ilay Eliyau Elmkies,passing,60.629852,,
Ilhan Altuntas,passing,43.134853,,
Ilia Iliev Gruev,passing,63.316513,,
Ilias Akhomach Chakkour,passing,62.582134,,
Ilias Koutsoupias,passing,55.653965,,
Ilya Pomazun,passing,51.684536,,
Ilyas Chouaref,passing,60.539497,,
Ilyas Lefrancq,passing,52.26941,,
Iman Griffith,passing,48.482437,,
Imanol Baz Berganza,passing,41.358437,,
Imanol García de Albéniz,passing,64.76337,,
Imanol Machuca,passing,58.721924,,
Immanuël-Johannes Pherai,passing,64.13645,,
Indiana Denchev Vassilev,passing,54.712105,,
Indy Boonen,passing,61.385036,,
Ioan Andrei Vasile Dumiter,passing,52.881874,,
Ioan Tolea,passing,52.785957,,
Ionuț Zanfir,passing,50.45516,,
Iroy Eckenfelder,passing,53.628742,,
Irvyn Lomami,passing,57.391716,,
Isaac Annan,passing,52.345158,,
Isaac Karamoko,passing,56.697285,,
Isaac Lihadji,passing,63.085484,,
Isac Alexi Sivert Lidberg,passing,49.75179,,
Isaiah Parker,passing,49.905384,,
Isak Bjerkebo,passing,41.71612,,
Isak Dybvik Määttä,passing,56.676804,,
Isak Kjelsrud Vik,passing,45.230766,,
Isak Ssali Ssewankambo,passing,57.42838,,
Ismael García,passing,35.6459,,
Ismael Quispe,passing,51.67054,,
Ismael Ruiz Sánchez,passing,59.803665,,
Ismael Saibari Ben El Basra,passing,62.76097,,
Ismaila Cheick Coulibaly,passing,62.793983,,
Ismaël Aaneba,passing,58.238953,,
Ismaël Gharbi,passing,59.93862,,
Ismaël Landry Doukouré,passing,41.13912,,
Iulian Zamfir,passing,50.817585,,
Ivan Krolo,passing,51.83863,,
Ivan Lepinjica,passing,58.976395,,
Ivan Mesík,passing,58.630707,,
Ivan Toney,passing,52.635956,,
Ivan Šarić,passing,46.366173,,
Iverson Contreras,passing,54.917503,,
Iván Azón Monzón,passing,52.796726,,
Iván Bonifazi,passing,51.671463,,
Iván Darío Angulo Cortés,passing,60.85075,,
Iván Fresneda Corraliza,passing,52.413155,,
Iván Gil Calero,passing,54.28751,,
Iván Martín Núñez,passing,68.22323,,
Iván Martínez Gonzálvez,passing,50.443768,,
Iván Morante Ruiz,passing,59.58112,,
Iván René Franco Díaz,passing,57.217182,,
Iván Romero de Ávila,passing,44.86876,,
Iván San José Cantalejo,passing,57.07661,,
Iván Villar Martínez,passing,51.68864,,
Jack Alexander Stevens,passing,51.684273,,
Jack David Vincent Whatmough,passing,47.918808,,
Jack Hinchy,passing,52.81997,,
Jack James Earing,passing,61.544724,,
Jack Jamie Arthur,passing,51.677917,,
Jack Jenkins,passing,55.975914,,
Jack Karadogan,passing,49.610275,,
Jack Levi Sutton,passing,58.664047,,
Jack McMillan,passing,51.017593,,
Jack Moore,passing,45.193302,,
Jack Newman,passing,51.671124,,
Jack Richard Lankester,passing,56.62756,,
Jack Robert Tucker,passing,45.517548,,
Jack Stephen Burroughs,passing,58.054764,,
Jack Tyler Diamond,passing,54.403393,,
Jack Wakely,passing,41.982574,,
Jack Walton,passing,51.68947,,
Jack Williams,passing,48.50651,,
Jack Young,passing,58.9984,,
Jack de Vries,passing,57.882996,,
Jackson Gabriel Porozo Vernaza,passing,34.77727,,
Jackson Gabriel Rodríguez Perlaza,passing,56.801395,,
Jackson Hopkins,passing,51.371086,,
Jackson Joseph Fitzwater,passing,47.151638,,
Jackson João Crusso Mutto,passing,58.80215,,
Jackson Ragen,passing,37.23664,,
Jacob Anthony Chapman,passing,51.672436,,
Jacob Carney,passing,51.679695,,
Jacob Christian Maddox,passing,60.62071,,
Jacob Jones,passing,46.327812,,
Jacob Michael Italiano,passing,55.63129,,
Jacob Mikael Widell Zetterström,passing,51.676224,,
Jacob Slater,passing,45.436325,,
Jacob Steen Christensen,passing,66.20501,,
Jacopo Da Riva,passing,63.158817,,
Jaden Bevan,passing,51.677174,,
Jaden Philogene-Bidace,passing,56.908546,,
Jaden Wavey Brown,passing,54.757618,,
Jae Hun Cho,passing,46.65054,,
Jae Hwan Hwang,passing,57.085587,,
Jae Sung Kim,passing,52.47485,,
Jae Won Hwang,passing,40.79867,,
Jae Won Shin,passing,49.69283,,
Jae Woo Kang,passing,46.472023,,
Jahnoah Markelo,passing,47.81522,,
Jaime Durán Jiménez,passing,51.671463,,
Jaimy Buter,passing,46.773003,,
Jair Veiga Vieira Tavares,passing,58.325397,,
Jairo Quinteros Sierra,passing,41.51499,,
Jairo Ralph Farnias Almeida,passing,51.67246,,
Jake Alan Young,passing,41.738953,,
Jake Alexander Hesketh,passing,67.19166,,
Jake Billy Doyle-Hayes,passing,64.61227,,
Jake Hastie,passing,55.96366,,
Jake Jon Taylor,passing,57.190174,,
Jake Joshua Burton,passing,36.513798,,
Jake Matthew Hull,passing,30.860306,,
Jakob Axel Krister Voelkerling-Persson,passing,44.61607,,
Jakob Bookjans,passing,52.44821,,
Jakob Odehnal,passing,51.678837,,
Jakub Kisiel,passing,50.12636,,
Jakub Niedbała,passing,51.69555,,
Jakub Nowakowski,passing,54.47564,,
Jakub Ojrzyński,passing,51.67017,,
Jakub Piotrowski,passing,65.20177,,
Jakub Rajczykowski,passing,51.674103,,
Jakub Sypek,passing,53.111637,,
Jamal Baptiste,passing,43.304398,,
James Andrew Cumming,passing,51.69276,,
James Anthony Wilson,passing,56.728207,,
James Carragher,passing,29.633924,,
James Charles Jones,passing,60.703922,,
James Clayton Hill,passing,44.187084,,
James Golding,passing,34.61638,,
James Hoban Sands,passing,59.47164,,
James Melhado,passing,51.944458,,
James Norris,passing,51.985752,,
James Pardington,passing,51.676525,,
James Pradic,passing,51.675762,,
James Samuel Morton,passing,56.960342,,
James Taylor,passing,44.70826,,
James Tyler Waite,passing,57.134567,,
James William Hanson,passing,62.233753,,
Jamie Bowden,passing,61.16798,,
Jamir Berdecio,passing,57.66611,,
Jan Alexandre Bamert,passing,50.429314,,
Jan Boller,passing,53.83807,,
Jan Ciućka,passing,41.720573,,
Jan Fortelný,passing,68.98335,,
Jan Hoekstra,passing,51.670063,,
Jan Jakob Olschowsky,passing,51.67075,,
Jan Jurcec,passing,54.436886,,
Jan Luca Schuler,passing,45.194798,,
Jan Niklas Beste,passing,64.99188,,
Jan Schröder,passing,48.349693,,
Jan de Boer,passing,51.671623,,
Jan Žambůrek,passing,59.476425,,
Jan-Rafael Shcherbakovski,passing,57.300903,,
Jang Woo Hong,passing,45.6438,,
Jankat Yılmaz,passing,51.67688,,
Jannes Luca Wieckhoff,passing,55.082798,,
Jannik Horz,passing,51.676785,,
Jannik Zahmel,passing,54.66152,,
Janus Guillermo Vivar Estrella,passing,55.37598,,
Janusz Nojszewski,passing,55.08945,,
Jared Harlock,passing,57.17116,,
Jari Vlak,passing,57.876675,,
Jashar Beluli,passing,35.524933,,
Jasin-Amin Assehnoun,passing,59.211086,,
Jason Bahamboula,passing,51.197823,,
Jason Eyenga-Lokilo,passing,60.614925,,
Jason Law,passing,54.858685,,
Jason Mbock,passing,51.82763,,
Jason Meerstadt,passing,50.975834,,
Jason Ngouabi Lougagui,passing,40.656334,,
Jason Paul Knight,passing,65.5806,,
Jasper ter Heide,passing,56.967556,,
Jaume Albert Cuéllar Mendoza,passing,58.570206,,
Jaume Tovar Seguí,passing,45.94197,,
Javain Okemio Brown,passing,55.279194,,
Javier Agustín Obando,passing,57.788635,,
Javier Ajenjo Hyjek,passing,56.287468,,
Javier Almerge Viñuales,passing,53.819542,,
Javier Alonso Bello,passing,65.95217,,
Javier Cueto Suárez,passing,49.953823,,
Javier Enrique Delgado Saverio,passing,57.791973,,
Javier Garrido López,passing,51.676525,,
Javier Guerra Moreno,passing,62.881996,,
Javier Gómez Castroverde,passing,60.538136,,
Javier Hernández Tarroc,passing,41.499714,,
Javier Iván Cazal Báez,passing,61.28791,,
Javier Llabrés Exposito,passing,55.262096,,
Javier López Carballo,passing,53.344364,,
Javier López-Pinto Dorado,passing,58.794914,,
Javier Marquez,passing,27.564442,,
Javier Martínez Calvo,passing,62.465347,,
Javier María Vázquez López,passing,53.532154,,
Javier Mier Martínez,passing,67.92107,,
Javier Nicolas Vallejo,passing,57.73554,,
Javier Rubio Haro,passing,54.74379,,
Javier Serrano Martínez,passing,59.62475,,
Jay Benn,passing,45.788223,,
Jay Mingi,passing,54.71914,,
Jay Turner-Cooke,passing,61.722553,,
Jay-Dee Geusens,passing,67.511345,,
Jay-Roy Grot,passing,59.171806,,
Jayden Andrew Reid,passing,46.03894,,
Jayden Davis,passing,48.103115,,
Jayden Deslandes Sweeney,passing,45.34144,,
Jayden Jezairo Braaf,passing,56.747852,,
Jayden John-Lloyd Harris,passing,54.54999,,
Jayden Wareham,passing,44.12277,,
Jayson Patrick Molumby,passing,62.725246,,
Jaziel Orozco,passing,29.265722,,
Je Ho Yu,passing,56.630157,,
Jean Baptiste Gorby,passing,57.8426,,
Jean Bone,passing,58.215557,,
Jean Botué,passing,50.13554,,
Jean Harisson Marcelin,passing,49.364685,,
Jean Paul Madera,passing,56.38307,,
Jean Pierre Chalá,passing,54.429626,,
Jean Thierry Lazare Amani,passing,62.900394,,
Jean Torres,passing,56.377293,,
Jean-Jacques Danley,passing,59.285725,,
Jeando Pourrat Fuchs,passing,63.616467,,
Jeff Dewsnup,passing,51.674652,,
Jefferson José Gómez Genes,passing,44.232143,,
Jefferson Justo Cáceres Chávez,passing,53.985428,,
Jeison Andrés Angulo Trujillo,passing,56.414604,,
Jeisson Andrés Vargas Salazar,passing,62.36514,,
Jeizon Jesús Ramírez Chacón,passing,56.30932,,
Jelle Duin,passing,45.68673,,
Jens Jakob Dyhr Thomasen,passing,60.852795,,
Jensen Guy Weir,passing,58.52946,,
Jeong Hoon Kim,passing,51.677483,,
Jeppe Møldrup Okkels,passing,61.15979,,
Jeppe Pedersen,passing,55.19051,,
Jeppe Ørris Nielsen,passing,51.67309,,
Jeremy Nicolás Silva González,passing,53.949284,,
Jeremy Rafanello,passing,44.775375,,
Jeremy Sivi,passing,44.108498,,
Jeremy van Mullem,passing,46.81231,,
Jeremías Perales,passing,52.193092,,
Jeriel Nicolás De Santis Córdova,passing,42.292778,,
Jermaine Anderson,passing,57.54094,,
Jerónimo Pourtau,passing,51.670612,,
Jesper Bergset Robertsen,passing,45.55469,,
Jesper Dickman,passing,50.901806,,
Jesper Strand Isaksen,passing,59.4231,,
Jesse Edem Tugbenyo,passing,52.624573,,
Jessic Gaïtan Ngankam,passing,58.78576,,
Jesús Abdallah Castillo Molina,passing,63.69813,,
Jesús Alejandro Quintero,passing,42.07924,,
Jesús Alvarado,passing,56.22562,,
Jesús Areso Blanco,passing,62.60417,,
Jesús Armando Vargas Rojas,passing,52.701534,,
Jesús Castellano,passing,51.80998,,
Jesús Daniel Bueno Áñez,passing,61.884354,,
Jesús Emanuel Pretell Panta,passing,63.43525,,
Jesús Fernández Alonso,passing,58.583885,,
Jesús Lázaro Owono Ngua Akeng,passing,51.670967,,
Jesús Manuel Orozco Hernández,passing,45.198284,,
Jesús Vázquez Alcalde,passing,63.951607,,
Jetmir Topalli,passing,58.988518,,
Jeyson Alejandro Rojas Orellana,passing,48.57564,,
Jeyson Ariel Chura Almanza,passing,49.937553,,
Jhoanner Stalin Chávez Quintero,passing,55.53715,,
Jhohan Sebastián Romaña Espitia,passing,39.14634,,
Jhohann Sebastián Yabur Perea,passing,56.79878,,
Jhon Jairo Cuellar Vaca,passing,51.669926,,
Jhon Jairo Espinoza Izquierdo,passing,56.644882,,
Jhon Jairo Velasco,passing,51.31037,,
Jhonder Gómez,passing,59.270744,,
Jhondly van der Meer,passing,33.839943,,
Jhonny Peitzmeier,passing,51.673294,,
Ji Han Lee,passing,52.074654,,
Ji Hoon Lee,passing,48.11157,,
Ji Moog Choi,passing,52.223335,,
Ji Sol Lee,passing,42.12819,,
Ji Soo Kim,passing,41.554264,,
Ji Yong Lee,passing,46.07562,,
Ji won Park,passing,42.434418,,
Jimmy Knowles,passing,45.338814,,
Jin Ho Kim,passing,41.742916,,
Jin Hyun Kim,passing,56.065594,,
Jin Seong Park,passing,40.439095,,
Jin Woo Jo,passing,39.51416,,
Jin Yong Lee,passing,54.49047,,
Joan García Pons,passing,51.67368,,
Joan González Cañellas,passing,58.205116,,
Joan Manuel Cruz Castro,passing,61.91743,,
Joan Onofre López Reina,passing,51.674854,,
Joan Stiven Ramírez Martínez,passing,56.137012,,
Joao Alberto Grimaldo Ubidia,passing,61.112698,,
Joaquin Bigo,passing,51.67832,,
Joaquín Gabriel Trasante Hernández,passing,56.82385,,
Joaquín Indacoechea,passing,61.451138,,
Joaquín López,passing,38.063366,,
Joaquín Matías Ardaiz de los Santos,passing,55.019295,,
Joaquín Muñoz Benavides,passing,59.17156,,
Joaquín Nicolás Pereyra,passing,68.73009,,
Joe Cameron Lewis,passing,43.297302,,
Joe Grey,passing,41.087494,,
Joe James Powell,passing,64.61376,,
Joe O'Shaughnessy,passing,51.67688,,
Joe Zen Robert Bell,passing,67.24136,,
Joe Zoherliana,passing,40.89323,,
Joel Bruce King,passing,54.17167,,
Joel Filipe Organista da Silva,passing,58.506107,,
Joel Gerezgiher,passing,58.073402,,
Joel Ideho,passing,56.374187,,
Joel John Randall,passing,56.8545,,
Joel Joshghene Asoro,passing,57.7512,,
Joel Matthew Bagan,passing,54.739483,,
Joel Mumbongo,passing,45.380817,,
Joel Persson,passing,42.343594,,
Joel Poiso,passing,52.843018,,
Joel Quispe,passing,52.01978,,
Joel Steven Quintero Nazareno,passing,47.290005,,
Joel Sundström,passing,57.171886,,
Jofre Carreras Pagès,passing,59.03337,,
Johan Armando Micolta Ruiz,passing,37.704742,,
Johan Bengtsson,passing,44.480774,,
Johan Hove,passing,65.05576,,
Johan Rojas,passing,57.454514,,
Johan Stenmark,passing,49.367825,,
Johan Stiven Carbonero Balanta,passing,57.496895,,
Johandry Jericoth Hidalgo Mora,passing,60.544598,,
Johannes Manske,passing,41.182133,,
Johannes Tartarotti,passing,62.59752,,
John Elian García Sossa,passing,61.26136,,
John George McAtee,passing,60.01394,,
John Gunnar Björkengren,passing,56.523003,,
John Joe Patrick Finn Benoa,passing,47.510345,,
John Mayanga Nekadio,passing,38.188858,,
John Nwankwo Chetauya Donald Okeh,passing,54.51334,,
John Ryan,passing,48.505337,,
John Yeboah Zamora,passing,52.660988,,
Joider Micolta,passing,52.74975,,
Joiner Moreno Montero,passing,54.292603,,
Jomaine Ellay Consbruch,passing,60.25027,,
Jon Ander Olasagasti Imizcoz,passing,64.75823,,
Jon Karrikaburu,passing,50.491917,,
Jon Pacheco Dozagarat,passing,49.914577,,
Jonah Osabutey,passing,45.44183,,
Jonaldo Kauã Monteiro Moura,passing,65.32129,,
Jonas Antonius Auer,passing,59.291042,,
Jonas Benjamin Chimezie David,passing,58.42069,,
Jonas Fedl,passing,38.383507,,
Jonas Welson Orsi de Meneses,passing,71.45578,,
Jonas Wendlinger,passing,51.676357,,
Jonas-Janko Weyand,passing,51.679886,,
Jonatan Carmona Álamo,passing,62.280457,,
Jonathan Alexánder Pérez,passing,48.14612,,
Jonathan Arriba Monroy,passing,62.954376,,
Jonathan Capuz,passing,54.759014,,
Jonathan Corozo,passing,53.054768,,
Jonathan Daniel Benítez Benítez,passing,56.76229,,
Jonathan Fernando Castillo Aguirre,passing,58.746998,,
Jonathan Montiel Caballero,passing,68.89469,,
Jonathan Risbjerg Ægidius,passing,51.67383,,
Jonathan Ruque,passing,54.685085,,
Jonathan Russell,passing,59.95847,,
Jonathan Turra,passing,31.637966,,
Jonathan Villagra,passing,42.516457,,
Jong Beom Baek,passing,51.673008,,
Jong Mu Han,passing,52.890934,,
Jonier Medina,passing,58.96938,,
Joon Beom Park,passing,44.834682,,
Joon Ho Lee,passing,35.091835,,
Jordan Alan Courtney-Perkins,passing,39.08204,,
Jordan Andrew Davies,passing,62.481056,,
Jordan Bernard Rossiter,passing,56.54083,,
Jordan Bhekithemba Zemura,passing,58.69695,,
Jordan Carrillo Rodríguez,passing,57.779907,,
Jordan Cropper,passing,45.961143,,
Jordan Doherty,passing,49.434395,,
Jordan Lewis Helliwell,passing,40.142403,,
Jordan O'Doherty,passing,60.478455,,
Jordan Perruzza,passing,38.92237,,
Jordan Scanlon,passing,51.863373,,
Jordan Stevens,passing,61.683983,,
Jordi Escobar Fernández,passing,51.037556,,
Jordi González-Pola,passing,35.04252,,
Jordi Mboula Queralt,passing,61.451496,,
Jordy José Alcívar Macías,passing,66.67158,,
Jordy Schelfhout,passing,51.67005,,
Jorge Andrés Marsiglia Carrascal,passing,48.409103,,
Jorge Benito Peña Canales,passing,51.67557,,
Jorge Damián González,passing,56.631893,,
Jorge Denilson Cabezudo Ormeño,passing,51.67852,,
Jorge Hernandez,passing,59.65789,,
Jorge Martín Aruga Torales,passing,49.253227,,
Jose María Pérez García,passing,53.068256,,
Josef John Bursik,passing,51.684998,,
Joseff John Morrell,passing,63.08347,,
Josep Gayà Martínez,passing,49.349876,,
Joseph Adams,passing,51.794018,,
Joseph Alejandro Espinoza Montenegro,passing,60.068287,,
Joseph Amoako,passing,55.077564,,
Joseph Charles Wildsmith,passing,51.717968,,
Joseph Fabrice Ondoa Ebogo,passing,51.692818,,
Joseph Gubbins,passing,33.953197,,
Joseph Minala,passing,63.20417,,
Joseph Olugbenga Olowu,passing,42.31545,,
Joseph Redmond,passing,42.030087,,
Joseph Shaun Hodge,passing,53.79916,,
Joseph Tetteh Anang,passing,51.668274,,
Josh Barlow,passing,47.522156,,
Josh Blunkell,passing,51.674316,,
Josh Brooking,passing,36.46614,,
Josh Edwards,passing,55.617065,,
Josh Giurgi,passing,51.69873,,
Josh O'Brien,passing,34.175865,,
Josh Thomas Doig,passing,58.63696,,
Joshua Akinola Ogunfaolu-Kayode,passing,51.786648,,
Joshua Atencio,passing,50.62422,,
Joshua Eijgenraam,passing,54.304123,,
Joshua Emmanuel,passing,59.6207,,
Joshua Eze,passing,55.481613,,
Joshua Felix Okpoda Eppiah,passing,50.57014,,
Joshua Gaston Kitolano,passing,60.305298,,
Joshua James Griffiths,passing,51.686306,,
Joshua Michael Blainey Davison,passing,43.87703,,
Joshua Myles Abraham Key,passing,56.90473,,
Joshua Nisbet,passing,60.55308,,
Joshua Oluwayemi,passing,51.67196,,
Joshua Saul Martin,passing,59.53092,,
Joshua Sims,passing,61.595844,,
Joshua Tapia,passing,51.671303,,
Joshua Thomas Sargent,passing,61.09655,,
Joshua William Grant,passing,54.25719,,
Joshué Jampier Quiñónez Rodriguez,passing,49.954224,,
José Aguilar Martinez,passing,51.099266,,
José Alberto Barreto,passing,46.419483,,
José Alonso Lara,passing,61.035835,,
José Antonio Devecchi,passing,51.686108,,
José Antonio Paradela,passing,69.956085,,
José Antonio Ángel García,passing,42.733513,,
José Ardila,passing,54.73616,,
José Ataupillco,passing,53.9253,,
José Caldera,passing,39.6964,,
José Carlos Martínez Garzón,passing,50.23791,,
José Carlos Natário Ferreira,passing,57.195496,,
José Daniel Lasso,passing,51.671017,,
José David Menargues,passing,56.331738,,
José David Álvarez Adsuar,passing,34.974556,,
José Francisco dos Santos Júnior,passing,55.09646,,
José Gragera Amado,passing,63.787197,,
José Hernando Estupiñan Riascos,passing,57.984627,,
José Manuel Arias Copete,passing,50.690876,,
José Manuel Fontán Mondragón,passing,59.14954,,
José Marcos Costa Martins,passing,61.421597,,
José Martín Ballesteros Vera,passing,51.680935,,
José Martínez Marsà,passing,46.859886,,
José Mijares,passing,53.19265,,
José Ndong Machín Dicombo,passing,66.4234,,
José Pedro Ferreira Oliveira,passing,51.670647,,
José Racchumick,passing,42.636528,,
José Ricardo Avelar,passing,51.36205,,
José Salinas Morán,passing,49.334324,,
José Sánchez Martínez,passing,58.050858,,
José Ángel Carmona Navarro,passing,45.560646,,
Jovan Manev,passing,42.678295,,
Jovanny David Bolívar Alvarado,passing,55.521233,,
Jozef Pukaj,passing,51.671173,,
João Diogo Fonseca Ferreira,passing,55.3002,,
João Henrique Oliveira Veras,passing,48.589165,,
João Manuel Neves Virgínia,passing,51.672386,,
João Marcelo Messias Ferreira,passing,49.326817,,
João Marcos Lima Cândido,passing,51.042984,,
João Miguel Teixeira Mendes,passing,54.918026,,
João Nuno Figueiredo Valido,passing,51.674187,,
João Paulo dos Santos Pereira,passing,54.04383,,
João Pedro E. Santo Oliveira,passing,51.68702,,
João Pedro Eira Antunes Silva,passing,41.615913,,
João Pedro Ferreira Silva,passing,61.00607,,
João Pedro Loureiro da Costa,passing,56.066525,,
João Pedro Oliveira Gonçalves,passing,51.684223,,
João Pedro Teixeira Silva,passing,51.672016,,
João Rodolfo Botelho Maia,passing,58.654057,,
Joël Latibeaudiere,passing,50.806763,,
Joël Monteiro Almada,passing,44.348515,,
Joël Pascal Schmied,passing,41.084595,,
Joël van Kaam,passing,54.791748,,
Ju Yeop Kim,passing,44.493614,,
Juan Alberto Mosquera Álvarez,passing,51.50473,,
Juan Andrés Meli,passing,56.798153,,
Juan Artola Canales,passing,62.48327,,
Juan Berrocal González,passing,49.067356,,
Juan Brandáriz Movilla,passing,50.178574,,
Juan Camilo Portilla Orozco,passing,63.029873,,
Juan Carlos Arana Gómez,passing,51.896156,,
Juan Castilla,passing,46.410027,,
Juan Cruz Díaz Espósito,passing,63.497513,,
Juan David Cabal Murillo,passing,54.081226,,
Juan David Mosquera López,passing,55.844032,,
Juan Durán Dueñas,passing,52.22621,,
Juan Familia-Castillo,passing,56.411213,,
Juan Felipe Moreno,passing,35.81406,,
Juan Franco,passing,55.564713,,
Juan Gilbert Sánchez,passing,56.2569,,
Juan Guasone,passing,33.747505,,
Juan Ignacio Martín Nardoni,passing,63.88501,,
Juan Ignacio Miramon,passing,58.195473,,
Juan José Echave Turri,passing,51.690857,,
Juan José Mina,passing,50.100674,,
Juan José Perea Mendoza,passing,56.093925,,
Juan José Uribe Colorado,passing,51.671303,,
Juan Larios López,passing,48.907658,,
Juan Luis Sánchez Velasco,passing,54.66249,,
Juan Macías,passing,57.25683,,
Juan Manuel Cruz,passing,46.360596,,
Juan Manuel Cuesta Baena,passing,56.24149,,
Juan Manuel Gutiérrez Freire,passing,61.719406,,
Juan María Alcedo Serrano,passing,42.537395,,
Juan Miguel Latasa Fernández,passing,48.52842,,
Juan Nazareno,passing,60.88062,,
Juan Nicolás Carrera Zarzar,passing,36.624832,,
Juan Pablo Barinaga,passing,60.901554,,
Juan Pablo Cisternas,passing,51.675533,,
Juan Pedro Navarro Valverde,passing,51.6698,,
Juan Ramón Cáceres,passing,54.55475,,
Juan Sebastian González Arza,passing,56.73822,,
Juan Sebastián Sforza,passing,62.638813,,
Juan Sebastián Vargas Melgarejo,passing,56.645775,,
Juan Soriano Oropesa,passing,51.701565,,
Juan de Dios Rivas Margalef,passing,51.565434,,
Juergen Farid Elitim Sepúlveda,passing,60.566475,,
Julen Agirrezabala,passing,51.67784,,
Julen Fernández Díaz,passing,51.676414,,
Julen Jon Guerrero Landabaso,passing,57.07298,,
Julen Lobete Cienfuegos,passing,52.091873,,
Jules Christ Eboue Kouassi,passing,57.556004,,
Julian Bauer,passing,51.673325,,
Julian Dunn-Johnson,passing,32.79504,,
Julian Huertas,passing,51.6737,,
Julian Rekdahl Faye Lund,passing,51.695084,,
Julian Tobias Emilio von Moos,passing,49.92028,,
Julian Turi,passing,41.742474,,
Julian Vincente Araujo,passing,60.88541,,
Julien Vetro,passing,45.77594,,
Julio Alonso Sosa,passing,49.78817,,
Julio Augusto Dabo,passing,45.79631,,
Julio César Enciso Espínola,passing,54.447712,,
Julio Esteban Fierro Díaz,passing,51.672333,,
Julio Martínez Cortés,passing,54.40563,,
Julius Dirksen,passing,44.5367,,
Julius Hoffmann,passing,44.61077,,
Julián Alejo López,passing,63.005417,,
Julián Brea,passing,57.730507,,
Julián Eduardo Palacios,passing,63.649773,,
Julián Eseiza,passing,48.733223,,
Julián Ezequiel Aude Bernardi,passing,62.11517,,
Julián Romero,passing,55.935608,,
Julián Simón Carranza,passing,56.479557,,
Junior Chukwubuike Adamu,passing,51.795887,,
Junior Diaz,passing,46.306366,,
Junior Morau Kadile,passing,56.702602,,
Junior Olaitan Ishola,passing,58.465786,,
Jurich Christopher Alexander Carolina,passing,56.258453,,
Justin Antonius Lonwijk,passing,62.903084,,
Justin Cameron McMaster,passing,46.59334,,
Justin Che,passing,56.04926,,
Justin Gerard Rennicks,passing,46.03241,,
Justin Plautz,passing,55.331757,,
Justin Smith,passing,53.48529,,
Justin Steinkötter,passing,51.520653,,
Justo D'Angelo,passing,54.60534,,
Ján Bernát,passing,69.84228,,
Jérôme Déom,passing,63.798702,,
Jóhannes K. Bjarnason,passing,50.7411,,
Józef Burta,passing,51.67567,,
Jørgen Sveinhaug,passing,51.671207,,
Kacper Kostorz,passing,56.218945,,
Kacper Lepczyński,passing,37.50971,,
Kacper Sezonienko,passing,54.678143,,
Kacper Skibicki,passing,57.478725,,
Kacper Tabiś,passing,45.813076,,
Kade Craig,passing,34.554832,,
Kadin Chung,passing,50.69209,,
Kadir Seven,passing,35.087482,,
Kai Clifton Trewin,passing,49.47037,,
Kai Evans,passing,50.903225,,
Kai Fotheringham,passing,51.722813,,
Kaiky Fernandes Melo,passing,47.683147,,
Kaine Kessler Hayden,passing,57.58859,,
Kaj van der Veldt,passing,42.038258,,
Kalifa Manneh,passing,53.47375,,
Kalil ElMedkhar,passing,48.434998,,
Kameron Malcolm Ledwidge,passing,46.023487,,
Kamil Ogorzały,passing,55.533802,,
Kamohelo Mahlatsi,passing,65.95938,,
Kane Leo Wilson,passing,59.950947,,
Kang Han Lee,passing,44.51027,,
Kang Hyeon Lee,passing,50.296593,,
Kangni Frederic Ananou,passing,46.598415,,
Karamoko Kader Dembélé,passing,57.96936,,
Karl Jakob Hein,passing,51.672523,,
Karl O’Sullivan,passing,48.109097,,
Karlo Sentić,passing,51.692875,,
Karol Stanisław Niemczycki,passing,51.67178,,
Kartal Kayra Yılmaz,passing,70.38024,,
Kasper Kaan Özden Kairinen,passing,62.259495,,
Kasper Lunding Jakobsen,passing,58.66674,,
Kasper Poul Mølgaard Jørgensen,passing,54.836864,,
Kasper Waarst Høgh,passing,49.700474,,
Kaveh Rad,passing,36.894608,,
Kayky da Silva Chagas,passing,57.246174,,
Kays Ruiz-Atil,passing,64.01707,,
Keanin Ayer Boya,passing,56.20749,,
Kebba Badjie,passing,52.340733,,
Keesean Ferdinand,passing,40.629093,,
Keiber Lamadrid,passing,58.982445,,
Kelechi John,passing,39.149887,,
Kelvin John,passing,43.31577,,
Kelvin Kwarteng Yeboah,passing,56.37046,,
Kelvin Ofori,passing,56.335022,,
Kelyan Guessoum,passing,51.902927,,
Ken Nkuba Tshiend,passing,57.924164,,
Kenny Nagera,passing,51.366627,,
Kenny Rocha Santos,passing,68.06566,,
Kerem Atakan Kesgin,passing,63.068527,,
Kerem Şen,passing,61.00763,,
Kerr McInroy,passing,58.866173,,
Kerrin Stokes,passing,42.965824,,
Kervin Andrade,passing,59.804863,,
Kerwin Vargas,passing,40.709072,,
Kevin Amir Isa Luna,passing,50.591503,,
Kevin Andres Minda Ruales,passing,57.692562,,
Kevin Andrés Zenón,passing,64.56761,,
Kevin Carlos Omoruyi Benjamin,passing,49.371178,,
Kevin Costinha,passing,51.22757,,
Kevin Egell-Johnsen,passing,50.059975,,
Kevin Fernández,passing,58.637512,,
Kevin Goden,passing,49.738903,,
Kevin Halabaku,passing,43.42977,,
Kevin Holmén,passing,56.866135,,
Kevin Joacid Moreno Sinisterra,passing,35.914074,,
Kevin Lankford,passing,56.088108,,
Kevin Mouanga,passing,44.89399,,
Kevin Nana Yaw Berkoe,passing,33.42196,,
Kevin O'Toole,passing,41.736073,,
Kevin Parra,passing,55.806713,,
Kevin Raphael Diaz,passing,55.48813,,
Kevin Rivera,passing,61.880505,,
Kevin Rolón,passing,50.31739,,
Kevin Simone Sessa,passing,67.467865,,
Kevin Villodres Medina,passing,60.81556,,
Keyendrah Simmonds,passing,45.591263,,
Khaleel Rafiq Salah-Edine,passing,50.413513,,
Khalid Essa Al Ghannam,passing,53.63642,,
Khalid Mohammed Husain Mousa Al-Blooshi,passing,56.761314,,
Khalifah Adel Al-Dawsari,passing,44.82334,,
Ki-Jana Delano Hoever,passing,60.375214,,
Kian Slor,passing,54.618454,,
Kieran Ewan Freeman,passing,53.00521,,
Kieran James Phillips,passing,52.393867,,
Kieran Lloyd,passing,45.288586,,
Kilian Bauernfeind,passing,57.701324,,
Killian Corenthin,passing,50.85709,,
Kingsley Dogo Michael,passing,67.785774,,
Kion Reece Etete,passing,38.454098,,
Kjell Dennis Collander,passing,56.649303,,
Kleber David Pinargote Lara,passing,51.681484,,
Koa Santos,passing,39.17296,,
Koca Manu Agro,passing,51.67568,,
Konan Ignace Jocelyn N’Dri,passing,59.421112,,
Koray Dag,passing,46.71949,,
Korede Yemi Adedoyin,passing,49.01906,,
Kosta Petratos,passing,52.181614,,
Kouya Mabea,passing,43.417263,,
Kristall Máni Ingason,passing,61.56983,,
Kristian Fredrik Malt Arnstad,passing,64.369835,,
Kristian Šekularac,passing,56.93631,,
Kristoffer Paulsen,passing,29.104137,,
Kristoffer-August Sundquist Klaesson,passing,51.691353,,
Krystian Kardyś,passing,50.402172,,
Kryštof Daněk,passing,66.32986,,
Krzysztof Kubica,passing,56.460716,,
Kwadwo Kyeremeh Baah,passing,50.83728,,
Kwaku Bonsu Osei,passing,62.40295,,
Kwaku Oduroh,passing,32.96666,,
Kwame Afriyie Adubofour Poku,passing,61.76535,,
Kwame Peprah,passing,53.978874,,
Kyan van Dorp,passing,51.68569,,
Kye Francis Rowles,passing,42.336395,,
Kyle Alex John,passing,55.481827,,
Kyle Alexander Jameson,passing,39.78549,,
Kyle Ferguson,passing,39.947617,,
Kyle Leon Wootton,passing,43.28183,,
Kyle Michael Dempsey,passing,64.04219,,
Kyle O'Connor,passing,50.2454,,
Kyoung-Bae Park,passing,41.982185,,
Kyron Gordon,passing,34.377087,,
Kyu Min Park,passing,45.75106,,
Kélian Nsona Wa Saka,passing,54.273785,,
L. Henrique Rosa da Silva,passing,57.046883,,
Lachlan Ricky Brook,passing,56.055367,,
Lalbiakhlua Jongte,passing,51.669754,,
Lalchungnunga Lalchungnunga,passing,39.949245,,
Lalengmawia Ralte,passing,51.418053,,
Lalhrezuala Sailung,passing,45.947342,,
Lamin Jawara,passing,39.435158,,
Lamine Diack,passing,59.78415,,
Lamine Sy,passing,46.742073,,
Lars Erik Oskar Fallenius,passing,49.0205,,
Lars Kramer,passing,47.615093,,
Lars Markmanrud,passing,47.074333,,
Lassana Sy,passing,51.671566,,
Lasse Selvåg Nordås,passing,45.410995,,
Laurenz Beckemeyer,passing,51.68206,,
Laurit Krasniqi,passing,46.529392,,
Lautaro Amadé,passing,51.6854,,
Lautaro Emanuel Blanco,passing,55.769493,,
Lautaro Marco Spatz,passing,50.60786,,
Lautaro Nicolás Ríos,passing,60.95598,,
Lautaro Pastrán,passing,41.824158,,
Lautaro Rodrigo Valenti,passing,52.933514,,
Lautaro Tomás Escalante,passing,62.86852,,
Lautaro de León Billar,passing,45.951164,,
Lawrence Nicholas,passing,58.612778,,
Layan Loor,passing,58.316868,,
Layonel Figueroa,passing,61.533237,,
Leandro Antonetti,passing,46.89652,,
Leandro Fernandes da Cunha,passing,59.99469,,
Leandro Frroku,passing,53.89024,,
Leandro Ojeda,passing,53.395428,,
Leandro Sanca,passing,58.80569,,
Leandro Zbinden,passing,51.67298,,
Lee Patrick O'Connor,passing,59.611763,,
Lehlogonolo Matlou,passing,64.62181,,
Lennart Franklin Moser,passing,51.675735,,
Lennart Schulze-Kökelsum,passing,51.67756,,
Lennert Hallaert,passing,50.539745,,
Lenny Jean-Pierre Pintor,passing,56.186325,,
Lenín Checco,passing,57.303883,,
Lenín Usca,passing,51.67619,,
Leo Erik Jean Cornic,passing,55.41861,,
Leo Friedrich Oppermann,passing,51.67121,,
Leo Fuhr Hjelde,passing,54.388245,,
Leon Bürger,passing,60.22657,,
Leon Damer,passing,62.874897,,
Leon Kugland,passing,42.05786,,
Leon Maximilian Flach,passing,62.11099,,
Leon Thomson King,passing,34.91472,,
Leon Valentin Schaffran,passing,51.67959,,
Leonardo Adelino da Silva Lopes,passing,66.144455,,
Leonardo Alves Chú,passing,57.454403,,
Leonardo Borges da Silva,passing,62.215775,,
Leonardo Campana Romero,passing,48.36628,,
Leonardo Daniel Rivas Conge,passing,45.948334,,
Leonardo Daniel Ulineia Buta,passing,51.990498,,
Leonardo Filipe Cruz Lelo,passing,58.874714,,
Leonardo Loria,passing,51.678776,,
Leonardo Morosini,passing,65.72865,,
Leonardo Mosquera,passing,49.025364,,
Leonardo Román Riquelme,passing,51.67104,,
Leonardo Scienza,passing,60.107376,,
Leonardo Yánez,passing,56.35326,,
Leonardo da Costa Bolgado,passing,45.811703,,
Leonel Bucca,passing,59.759174,,
Leonel Marcelo Picco,passing,60.036987,,
Leonhard von Schroetter,passing,49.24818,,
Leonid Srdic,passing,28.844524,,
Leroy Abanda Mfomo,passing,50.005184,,
Lesley Chimuanya Ugochukwu,passing,65.05175,,
Lesly Rebello,passing,29.363161,,
Levi Jeremiah Lumeka,passing,56.880917,,
Lewis Graham Cass,passing,46.359447,,
Lewis Jack Gibson,passing,47.527542,,
Lewis Jay Freestone,passing,50.24097,,
Lewis Leigh,passing,53.664852,,
Lewis Neilson,passing,44.15631,,
Lewis Paul Jimmy Richards,passing,50.609516,,
Lewis Payne,passing,42.412193,,
Lewis Rhys Collins,passing,49.84528,,
Lewis Robert Page,passing,50.23918,,
Lewis Temple,passing,29.46958,,
Leôncio Roger Lobeiro Cunha,passing,63.590836,,
Liam Alan Millar,passing,59.041035,,
Liam Cross,passing,53.847866,,
Liam Darren Shaw,passing,57.44586,,
Liam Harvey,passing,37.679596,,
Liam Mark Kinsella,passing,60.464523,,
Liam McCarron,passing,54.09244,,
Liam McGing,passing,37.783825,,
Liam Mullan,passing,49.400436,,
Liam Spencer Gordon,passing,49.576168,,
Liam Vincent,passing,49.452774,,
Liam van Gelderen,passing,52.784492,,
Liberman Bryan Torres Nazareno,passing,52.442307,,
Lilian Niclas Egloff,passing,57.86842,,
Lino Sousa,passing,48.62095,,
Linus Carlstrand,passing,40.647503,,
Linus Schäfer,passing,53.407566,,
Linus Tagesson,passing,50.963192,,
Lleyton Brooks,passing,48.002357,,
Lluc Matas García,passing,51.680267,,
Lluís Recasens Vives,passing,50.757145,,
Logan Chalmers,passing,55.625366,,
Lorent Tolaj,passing,46.26008,,
Lorenz Knöferl,passing,54.578217,,
Lorenzo Maria Dickmann,passing,57.615532,,
Lorenzo Zúñiga Owono,passing,51.029182,,
Lorik Emini,passing,64.79952,,
Louie Mark Barry,passing,54.69049,,
Louis Chadwick,passing,51.672768,,
Louis D'Arrigo,passing,59.437096,,
Louis George Appéré,passing,58.111084,,
Louis Samuel Reed,passing,61.51162,,
Lourival Adnan Diniz Prazeres,passing,53.53755,,
Loué Bayéré Junior,passing,36.282845,,
Loïc Anthony Bessile,passing,51.92492,,
Luan Vágner Simões Eustáquio,passing,68.37079,,
Luca Bastian Plogmann,passing,51.680637,,
Luca Crecco,passing,62.87173,,
Luca Cristian Andronache,passing,52.936554,,
Luca Daniel de la Torre,passing,63.069935,,
Luca John Connell,passing,64.10845,,
Luca Leovino Martínez Dupuy,passing,49.057133,,
Luca Menke,passing,34.950375,,
Luca Petzold,passing,51.698135,,
Luca Sonzogni,passing,51.67383,,
Luca Stellwagen,passing,49.400364,,
Luca Wollschläger,passing,41.98409,,
Luca-Milan Zander,passing,54.632275,,
Lucas Agustín Besozzi,passing,58.251995,,
Lucas Barros da Cunha,passing,63.513756,,
Lucas Becker,passing,51.672028,,
Lucas Bergström,passing,51.67091,,
Lucas Bernadou,passing,62.901676,,
Lucas Calodat,passing,55.53199,,
Lucas Cañizares Conchello,passing,51.695793,,
Lucas Chrubasik,passing,42.956623,,
Lucas Emanuel Brochero,passing,55.34598,,
Lucas Esteves Souza,passing,58.879578,,
Lucas Felix Krüger,passing,46.084377,,
Lucas Flores de Oliveira,passing,51.679546,,
Lucas Galarza,passing,51.672924,,
Lucas Hiemann,passing,51.675476,,
Lucas Jozef Lissens,passing,50.303406,,
Lucas Larade,passing,47.87665,,
Lucas Laso Gutiérrez,passing,49.988663,,
Lucas Lionel Dias,passing,51.672386,,
Lucas Maciel Felix,passing,57.428486,,
Lucas Margueron,passing,51.67408,,
Lucas Maximiliano Lemos Mayuncaldi,passing,55.90408,,
Lucas Mika Wolf,passing,53.036762,,
Lucas Nahuel González Martínez,passing,70.808014,,
Lucas Nahuel Morales,passing,59.566605,,
Lucas Queiroz Canteiro,passing,72.640915,,
Lucas Varaldo,passing,46.19734,,
Lucas Zahaczewski,passing,51.672863,,
Lucas Ángel Esquivel,passing,52.38396,,
Luciano Daniel Arriagada Garcia,passing,45.82459,,
Luciano Fernández,passing,45.933334,,
Luciano Ismael Ferreyra,passing,55.463375,,
Luciano Valente,passing,58.00674,,
Luciano Vega,passing,64.61212,,
Ludvig Nåvik,passing,54.554867,,
Ludwig Francillette,passing,42.54006,,
Luis Abelardo Vargas,passing,48.67992,,
Luis Alfredo Montero Ruíz,passing,57.137978,,
Luis Barco,passing,56.510532,,
Luis Bilbao Arechaga,passing,59.542286,,
Luis David González Torres,passing,58.722584,,
Luis Eduardo Demiquel Banegas,passing,56.72689,,
Luis Federico López Andúgar,passing,51.68028,,
Luis Fernando Casiani Zúñiga,passing,48.328278,,
Luis Francisco Sánchez Mosquera,passing,58.908318,,
Luis Gerardo Chávez Magallón,passing,62.995625,,
Luis Hernán Franco Fariña,passing,51.67518,,
Luis Ignacio Ingolotti,passing,51.67128,,
Luis Lopes,passing,48.30456,,
Luis Mario Díaz Espinoza,passing,61.66796,,
Luis Mateo Ortíz Lara,passing,55.51862,,
Luis Miguel Barrios,passing,46.17314,,
Luis Thomas Binks,passing,49.128757,,
Luiz Skraback,passing,56.79059,,
Luka Pršo,passing,54.705822,,
Luka Stankovski,passing,62.05242,,
Lukas Ahlefeld Engel,passing,60.39891,,
Lukas Bornhøft Jensen,passing,51.671314,,
Lukas Emanuel Petkov,passing,64.27187,,
Lukas Mazagg,passing,40.532555,,
Lukas Prokop,passing,53.353397,,
Lukas Rhöse,passing,40.047737,,
Lukas Sedlak,passing,51.67687,,
Lukas Sparre Klitten,passing,50.232445,,
Lukas Stephan Horst Daschner,passing,61.40287,,
Lukas Willen,passing,36.776466,,
Luke Alexander Matheson,passing,51.98854,,
Luke Badley-Morgan,passing,39.38017,,
Luke Boore,passing,42.841366,,
Luke Gerald Michael Thomas,passing,57.80059,,
Luke James Cundle,passing,60.750854,,
Luke Jenkins,passing,38.012684,,
Luke Joshua Bodnar,passing,46.571766,,
Luke Mariette,passing,51.858402,,
Luke Matthew Woolfenden,passing,55.199455,,
Luke Oresti,passing,45.29227,,
Luke Owen Jephcott,passing,53.86071,,
Luke Philip McCormick,passing,64.19507,,
Luke Rudden,passing,37.60239,,
Luke William Offord,passing,49.827316,,
Luke Đuzel,passing,52.376167,,
Lukáš Horníček,passing,51.689636,,
Luuk Wouters,passing,47.309345,,
Luís Miguel Castelo Santos,passing,53.515923,,
Luís Pedro Alves Bastos,passing,54.22586,,
Lyle Brent Foster,passing,55.248398,,
Lynden Jack Gooch,passing,63.695763,,
Léider Andrés Riascos Suárez,passing,48.51248,,
Léon Delpech,passing,55.410206,,
Lévi Ntumba,passing,51.674007,,
Maciej Bortniczuk,passing,48.62056,,
Mads Hedenstad Christiansen,passing,51.700806,,
Mads Juhl Kikkenborg,passing,51.671047,,
Mads Roerslev Rasmussen,passing,64.42831,,
Madyen El Jaouhari,passing,58.395363,,
Magnus Elkjær Mattsson,passing,60.88664,,
Magnus Isager,passing,49.840492,,
Magnus Kaastrup Refstrup Lauritsen,passing,60.088062,,
Magnus Nordengen Knudsen,passing,60.71366,,
Mahamadou Dembélé,passing,41.52018,,
Mahamadou Doucouré,passing,45.08199,,
Mahamadou Doumbia,passing,52.606476,,
Mahlon Beresford Baker Romeo,passing,61.058617,,
Maico Alejandro Quiroz,passing,59.912712,,
Maicol Gil,passing,54.371826,,
Maicol Ruiz,passing,61.101574,,
Maiker Alfonzo Rivas González,passing,39.06613,,
Maissa Ndiaye,passing,35.275948,,
Malcolm Viltard,passing,51.16223,,
Malcom Adu Ares Djaló,passing,55.638184,,
Malik Sawadogo,passing,44.638577,,
Malthe Højholt,passing,57.3609,,
Mamadi Caba Camará,passing,58.617367,,
Mamadou Ibra Mbacke Fall,passing,44.964504,,
Mamadou Kaly Sène,passing,60.727554,,
Mamady Alex Bangré,passing,59.37394,,
Mamady Diarra,passing,54.301716,,
Mamoudou Karamoko,passing,55.71339,,
Mansor Faiez Al-Beshe,passing,54.579376,,
Manuel Duarte,passing,61.534958,,
Manuel Garrido Álvarez,passing,54.316067,,
Manuel Lama Maroto,passing,52.301155,,
Manuel Mama Samba Baldé,passing,51.67296,,
Manuel Monzeglio Velázquez,passing,63.467205,,
Manuel Morillo León,passing,44.711273,,
Manuel Osifo,passing,48.79617,,
Manuel Paul Wintzheimer,passing,63.349163,,
Manuel Rico Del Valle,passing,56.969284,,
Manuel Sulbarán,passing,58.0922,,
Manuel Tadeo Llano Massa,passing,56.748867,,
Manuel Thurnwald,passing,60.182335,,
Maodo Malick M'Baye,passing,58.723576,,
Marc Aguado Pallarés,passing,63.027847,,
Marc Llinares Barragán,passing,42.854027,,
Marc Lutz,passing,35.850014,,
Marc Pubill Pagès,passing,57.578476,,
Marc Tenas Ureña,passing,45.849968,,
Marc Vidal Girona,passing,51.669724,,
Marcel Edwin Rodrigues Lavinier,passing,48.095615,,
Marcel Mansfeld,passing,50.336945,,
Marcel Zapytowski,passing,51.680546,,
Marcelo Flores,passing,59.913246,,
Marcelo Iván Allende Bravo,passing,65.06487,,
Marcelo Palomino,passing,57.745403,,
Marcelo Rubén Acosta Ríos,passing,57.782684,,
Marcelo Suárez,passing,47.719826,,
Marcin Szpakowski,passing,61.301983,,
Marco Alexandru Dulca,passing,62.94567,,
Marco Bosisio,passing,42.134487,,
Marco Campagnaro,passing,41.49767,,
Marco Camus Muñoz,passing,57.58903,,
Marco Genare Di Cesare,passing,41.484825,,
Marco Moreno Ojeda,passing,43.252666,,
Marco Olivieri,passing,54.93064,,
Marco Pašalić,passing,59.152645,,
Marcos Ezequiel Gómez Paredes,passing,53.53861,,
Marcos García Trabanco,passing,56.68332,,
Marcos Gonzalo Goñi,passing,43.077408,,
Marcos Hernán Peano,passing,51.67749,,
Marcos Johan López Lanfranco,passing,62.748295,,
Marcos Luna Luna Ruiz,passing,44.427685,,
Marcos Nahuel Enrique,passing,61.988003,,
Marcos Paulo Costa do Nascimento,passing,65.98904,,
Marcus Ellingsen Andersen,passing,51.67316,,
Marcus Maier,passing,57.51362,,
Marcus Samuel Michael McGuane,passing,61.34122,,
Marcus Serup Hannesbo,passing,49.906845,,
Marian Fernando Huja,passing,44.221764,,
Marian Obedeanu,passing,55.671925,,
Marinus Larsen,passing,54.661514,,
Mario Gila Fuentes,passing,51.911198,,
Mario Hernández Fernández,passing,51.426758,,
Mario Jorrín González,passing,44.26861,,
Marios Tsaousis,passing,59.84051,,
Marius Broholm,passing,54.02826,,
Marius Mihai Marin,passing,66.74305,,
Marius Tollefsen,passing,51.676548,,
Mark James McGuinness,passing,47.270294,,
Mark Nnamdi Ugboh,passing,51.676273,,
Mark Thomas Harris,passing,59.41291,,
Marko Brkljača,passing,54.07127,,
Marko Dijakovic,passing,41.500042,,
Marko Marić,passing,51.682396,,
Marko Seufatu Nikola Stamenic,passing,61.911606,,
Markus André Kaasa,passing,62.21501,,
Marlon Perea,passing,56.469036,,
Marokhy Ndione,passing,48.98702,,
Martial Godo,passing,50.22584,,
Martijn Beernaert,passing,51.670288,,
Martim Miguel Carneiro Tavares,passing,45.11245,,
Martin Adeline,passing,64.75436,,
Martin Yankov Minchev,passing,63.249104,,
Martí Vilà García,passing,55.764072,,
Martín Ezequiel Cañete,passing,70.81653,,
Martín Garay,passing,53.381367,,
Martín Gianoli,passing,50.515945,,
Martín Manuel Calderón Gómez,passing,66.72275,,
Martín Ortega,passing,53.52796,,
Martín Pascual Castillo,passing,41.035755,,
Martín Suárez,passing,55.775715,,
Marvin Ayhan Obuz,passing,53.755985,,
Marvin Lee Rittmüller,passing,57.321728,,
Marvin Olawale Akinlabi Park,passing,58.7091,,
Marvin Tshibuabua,passing,39.80497,,
Maryan Faryna,passing,44.219154,,
Masimiliano Doda,passing,36.93267,,
Massimo Bertagnoli,passing,65.861176,,
Matchoi Bobó Djaló,passing,63.951324,,
Matei Moraru,passing,50.03146,,
Mateo Agustín Coronel,passing,66.40305,,
Mateo Klimowicz,passing,62.699677,,
Mateus Gonçalo Espanha Fernandes,passing,65.47289,,
Mateus Santos Barbosa,passing,56.70445,,
Mateusz Kowalski,passing,36.614746,,
Mateusz Letkiewicz,passing,42.883163,,
Mateusz Piotr Bogusz,passing,64.26519,,
Mateusz Stefan Lewandowski,passing,42.000103,,
Matheus Bueno Batista,passing,64.08028,,
Matheus Nunes Fagundes de Araújo,passing,63.696526,,
Matheus Pereira de Souza,passing,51.567352,,
Matheus Salgueiro Pains,passing,56.77042,,
Mathew Antony Stevens,passing,45.779537,,
Mathias Damm Kvistgaarden,passing,49.82238,,
Mathias Daniel Pinto Mell,passing,47.266365,,
Mathias De Wolf,passing,58.87693,,
Mathias Johnsrud Emilsen,passing,49.719696,,
Mathias Knutsen Rasmussen,passing,63.610004,,
Mathias Ross Jensen,passing,50.97456,,
Mathias Ullereng Kjølø,passing,59.165657,,
Mathieu Cachbach,passing,63.748505,,
Mathis Bruns,passing,33.469154,,
Mathis Christophe Picouleau,passing,62.586357,,
Mathys Saban,passing,55.556435,,
Mathías Bernatene,passing,51.688408,,
Mathías Carpio,passing,59.579945,,
Mathías Nicolás Laborda Malseñido,passing,51.668537,,
Matias Flores,passing,47.343445,,
Matija Horvat,passing,53.291386,,
Matis Carvalho,passing,51.67482,,
Matisse Didden,passing,54.37285,,
Matko Babić,passing,48.571854,,
Matko Mijael Miljevic,passing,61.18549,,
Matondo-Merveille Papela,passing,58.940147,,
Mats Lemmens,passing,43.62229,,
Matteo Anzolin,passing,59.88722,,
Matteo Arena,passing,33.126205,,
Matteo Chiacig,passing,51.67908,,
Matteo Emilio Di Giusto,passing,54.773354,,
Matteo Piacentini,passing,33.466038,,
Matthew Alexander Sorinola,passing,59.79864,,
Matthew Anim Cudjoe,passing,53.91022,,
Matthew Ben Longstaff,passing,66.26523,,
Matthew David Butcher,passing,55.06788,,
Matthew David Hundley,passing,50.497375,,
Matthew Freese,passing,51.67004,,
Matthew Gerrard Smith,passing,59.71614,,
Matthew Hatch,passing,41.188152,,
Matthew Hudson,passing,51.70237,,
Matthew Jimmy David Garbett,passing,59.327488,,
Matthew Pollock,passing,42.47642,,
Matthew Real,passing,56.231903,,
Matthew Ridenton,passing,62.85592,,
Matthew Robert Smith,passing,65.887695,,
Matthew Ryan Wolfe,passing,56.385315,,
Matthew Scott,passing,50.81661,,
Matthias Gragger,passing,47.99505,,
Matthias Jean Phaeton,passing,56.88461,,
Matthis Harsman,passing,51.67122,,
Matthäus Taferner,passing,65.06476,,
Mattia Ciucci,passing,36.793564,,
Mattia Motolese,passing,34.194523,,
Mattia Pagliuca,passing,52.261078,,
Mattia Viviani,passing,70.050385,,
Mattéo Ahlinvi,passing,60.27123,,
Mattéo Rabuel,passing,36.074398,,
Matías Cedrés Batista,passing,61.593395,,
Matías Damián Palacios,passing,68.825294,,
Matías Damián Pérez,passing,42.85872,,
Matías Eduardo Esquivel,passing,69.95595,,
Matías Fernando Lazo Zapata,passing,42.657955,,
Matías Fredes,passing,50.89338,,
Matías Morello,passing,64.18985,,
Matías Nahuel Borgogno,passing,51.69865,,
Matías Nahuel González,passing,58.784874,,
Matías Nicolás Miranda,passing,64.635574,,
Matías Ocampo,passing,56.468307,,
Matías Romero Andrade,passing,44.256676,,
Matías Vesprini,passing,43.437958,,
Maurice Maximilian Malone,passing,58.894848,,
Maurice Michael Multhaup,passing,60.938347,,
Maurilio de Lannoy,passing,50.275566,,
Mauro Silveira,passing,51.67508,,
Max Alves da Silva,passing,60.601837,,
Max Anchor,passing,51.674038,,
Max Delyfer,passing,48.86732,,
Max Dyche,passing,42.222042,,
Max Harrison Sanders,passing,58.49264,,
Max James Watters,passing,49.019547,,
Max Johannes Whitta Fenger,passing,51.399063,,
Max Kulke,passing,55.667175,,
Max McMillan,passing,50.804806,,
Max Murphy,passing,41.56116,,
Max Normann Williamsen,passing,45.699806,,
Max Taylor,passing,45.13123,,
Max Wolfs,passing,51.67546,,
Maxim Deman,passing,51.67886,,
Maxim Gullit,passing,47.224598,,
Maximilian Franzke,passing,56.167076,,
Maximilian Neuberger,passing,48.489586,,
Maximilian Neutgens,passing,51.67464,,
Maximilian Sprang,passing,51.669086,,
Maximiliano David Ayala,passing,61.505634,,
Maximiliano Samuel Romero,passing,49.57532,,
Maximiliano Torrealba,passing,45.82734,,
Maykol Antonio Sánchez Arancibia,passing,53.049385,,
Maïdine Douane,passing,52.74103,,
Mduduzi Shabalala,passing,36.818283,,
Mehdi Baaloudj,passing,38.0833,,
Mehdi Bariki,passing,46.016266,,
Mehdi Lehaire,passing,58.912235,,
Mehmet Albayrak,passing,41.433155,,
Mehmet Ataberk Dadakdeniz,passing,51.67657,,
Mehmet Can Aydin,passing,62.949436,,
Melker Ellborg,passing,51.674843,,
Melvin Aladin Ramusović,passing,56.976818,,
Melvin Sitti,passing,58.296562,,
Mender García Torres,passing,45.017017,,
Mert Arslan,passing,59.0497,,
Mert Kurt,passing,49.388268,,
Metehan Baltacı,passing,34.68641,,
Metehan Güçlü,passing,53.583725,,
Michael Andrew Johnston,passing,62.6148,,
Michael John Cooper,passing,51.695667,,
Michael Joseph Edwards,passing,31.001907,,
Michael Kostka,passing,54.150772,,
Michael Martin,passing,55.668186,,
Michael Ndiweni,passing,45.336613,,
Michael Ologo Inainfe,passing,30.442974,,
Michael Thomas Tallaksen Crowe,passing,51.679195,,
Michael Wyparło,passing,44.11737,,
Michalis Kosidis,passing,47.11002,,
Michał Rostkowski,passing,50.80244,,
Michel De Jesus Sousa,passing,48.342,,
Miguel Angel Cornejo Loli,passing,58.560825,,
Miguel Angel Martínez Irala,passing,51.673843,,
Miguel Azeez,passing,65.242546,,
Miguel Baeza Pérez,passing,69.3801,,
Miguel Colque,passing,52.753235,,
Miguel Ferreira de Sousa,passing,65.772606,,
Miguel Gutiérrez Ortega,passing,57.840176,,
Miguel Maria Mariano Falé,passing,58.76145,,
Miguel Mariz Luís,passing,65.80016,,
Miguel Puche García,passing,61.32728,,
Miguel Raimundo Nóbrega,passing,36.139366,,
Miguel Rodríguez Vidal,passing,60.346794,,
Miguel Silva Reisinho,passing,62.9721,,
Miguel Sánchez Tabares,passing,51.669872,,
Miguel de la Fuente Escudero,passing,51.903522,,
Miguel Ángel Atienza Villa,passing,59.777214,,
Miguel Ángel Morro Muñoz,passing,51.67003,,
Miguel Ángel Navarro Zárate,passing,51.144073,,
Miguel Ángel Ruiz Herráiz,passing,46.96122,,
Miguel Ângelo Ferreira Magalhães,passing,63.19363,,
Mihai Alexandru Dobre,passing,63.32535,,
Mihai Alexandru Eşanu,passing,51.671146,,
Mihai Daniel Lixandru,passing,52.151608,,
Mihai Marian Aioani,passing,51.667057,,
Mihai Maximilian Popa,passing,51.691257,,
Mihai Velisar,passing,58.707214,,
Mika Godts,passing,59.412415,,
Mika Mármol Medina,passing,57.561066,,
Mika Schröers,passing,61.40033,,
Mikael Ugland,passing,56.354797,,
Mike Johannes Hendrikus Josephus van Beijnen,passing,55.770294,,
Mikel Carro Fandiño,passing,59.36899,,
Mikey O'Neill,passing,50.455772,,
Mikkel Duelund Poulsen,passing,67.453964,,
Mikkel Juhl Andersen,passing,55.023663,,
Mikkel Kallesøe Andreasen,passing,55.397392,,
Mikkel Kaufmann Sørensen,passing,51.071716,,
Mikkel Konradsen Ceide,passing,39.127834,,
Mikkel Møller Lassen,passing,43.60344,,
Mikkel Rakneberg,passing,51.80745,,
Mikołaj Rakowski,passing,46.62619,,
Milan Smit,passing,43.88608,,
Miliano Jonathans,passing,57.296337,,
Miloš Bočić,passing,41.710815,,
Milton Marcelo Maciel Brítez,passing,62.323856,,
Milton Nahuel Valenzuela,passing,63.310123,,
Min Geol Woo,passing,32.24033,,
Min Gyu Kim,passing,27.854338,,
Min Jun Kim,passing,56.408787,,
Min Woo Jung,passing,53.204144,,
Mirko Tomianovic,passing,62.580986,,
Miroslav Gono,passing,55.804466,,
Mitchell Reece Clark,passing,56.757675,,
Mitchell Roberts,passing,40.210552,,
Moataz Zemzemi,passing,63.895733,,
Modou Tambedou,passing,50.22117,,
Mohamad Al-Taay,passing,49.959175,,
Mohamed Airam Ramos Wade,passing,51.67483,,
Mohamed Ben Fredj,passing,42.960247,,
Mohamed Berte,passing,45.60027,,
Mohamed Bouchouari,passing,49.37054,,
Mohamed Kefing Kanté,passing,41.2007,,
Mohamed Salah El Boukammiri,passing,51.675617,,
Mohamed Taabouni,passing,61.805016,,
Mohamed Toure,passing,49.971195,,
Mohamed Traore,passing,35.986786,,
Mohamed Youla,passing,45.355392,,
Mohammed Abo Abd,passing,53.111183,,
Mohammed Al Biladi,passing,51.67673,,
Mohammed Al Khaibari,passing,32.870007,,
Mohammed Al Kunaydiri,passing,49.22906,,
Mohammed Al Mosabbah,passing,48.812527,,
Mohammed Al Qahtani,passing,45.677757,,
Mohammed Bassam Alhurayji,passing,51.834045,,
Mohammed Boudiaf,passing,39.709084,,
Mohammed Furaih,passing,44.78618,,
Mohammed Khalil Maran,passing,38.573433,,
Mohammed Tahiri,passing,50.82556,,
Mohammed Waad,passing,58.75699,,
Moises Castillo Mosquera,passing,46.436356,,
Moisés Isaac Caicedo Corozo,passing,65.329605,,
Momodou Bojang,passing,50.59269,,
Monsuru Opeyemi,passing,59.660137,,
Montasser Lahtimi,passing,62.051414,,
Moonga Simba,passing,52.884506,,
Morgan Boyes,passing,49.13599,,
Morgan Elliot Roberts,passing,51.82028,,
Morgan Elliot Rogers,passing,59.69925,,
Morgan Faßbender,passing,54.495598,,
Morgan Paul Poaty,passing,50.201035,,
Moritz Berg,passing,53.43386,,
Moritz Heinrich,passing,58.506523,,
Moteb Saad Al-Harbi,passing,60.47094,,
Moubarack Compaoré,passing,45.405533,,
Moudi Najjar,passing,51.348454,,
Mouhamed Niang,passing,51.82302,,
Mounir Chouiar,passing,69.07909,,
Moussa Kalilou Djitté,passing,56.19815,,
Moustapha Cissé,passing,51.13486,,
Moïse Sahi Dion,passing,57.633007,,
Muhammed Enes Kiprit,passing,46.558132,,
Muhammed-Cham Saračević,passing,54.302757,,
Muhammet Arslantaş,passing,43.87645,,
Muhammet Taha Tepe,passing,51.772232,,
Muhannad Mustafa Al-Shanqeeti,passing,54.644203,,
Muheet Shabir Khan,passing,51.66962,,
Murat Cem Akpınar,passing,64.26751,,
Musab Habkoor,passing,52.582943,,
Mustafa Eser,passing,33.844845,,
Mustafa Kapı,passing,62.703503,,
Mustafa Kizza,passing,60.45318,,
Muzaffer Cem Kablan,passing,51.679005,,
Mykola Kukharevych,passing,43.711056,,
Myung Sun Kim,passing,49.242218,,
Máximo David Alonso Fontes,passing,59.962536,,
Mücahit Serbest,passing,51.672874,,
Münir Levent Mercan,passing,63.211517,,
N'Dri Philippe Koffi,passing,52.417286,,
Nabili Zoubdi Touaizi,passing,56.799423,,
Nacim El Hassani,passing,58.927834,,
Nadhir Benbouali,passing,54.798042,,
Nahuel Casasola,passing,56.660427,,
Nahuel Manganelli,passing,51.67538,,
Nahuel Soria,passing,41.10292,,
Naif Saeed Almas,passing,32.652058,,
Naim García García,passing,58.408504,,
Nana Boateng,passing,50.750805,,
Nando Toggenburger,passing,36.52571,,
Nando Zen Pijnaker,passing,52.498947,,
Nasser Al Shikaili,passing,49.283676,,
Nasser Djiga,passing,42.183533,,
Nasser Eissa Shafi Al-Dawsari,passing,68.044075,,
Natanas Žebrauskas,passing,45.294518,,
Nathan Broome,passing,51.672424,,
Nathan Fogaça,passing,41.605522,,
Nathan Kenneth Patterson,passing,57.1098,,
Nathan Logue Cunningham,passing,45.326977,,
Nathan Monzango,passing,42.00664,,
Nathan N'Goumou Minpole,passing,63.42755,,
Nathan Sheppard,passing,51.682056,,
Nathan Wicht,passing,55.33317,,
Nathan Wood-Gordon,passing,39.42042,,
Nathanael Kukanda,passing,54.219116,,
Nathanaël Saintini,passing,38.236763,,
Nathaneal Blair,passing,32.89352,,
Nathangelo Alexandro Markelo,passing,53.774364,,
Nathaniel Caleb Atkinson,passing,60.6722,,
Nawaf Al Saadi,passing,49.129322,,
Nawaf Dhahi Faisal Al Suweiti Al-Aqidi,passing,51.673363,,
Nawaf Hazazi,passing,44.992855,,
Nazareno Funez,passing,45.937965,,
Nazareno Romero,passing,51.50438,,
Naël Jaby,passing,56.004925,,
Nelson Quiñónes,passing,45.575153,,
Nemanja Celic,passing,63.072437,,
Neraysho Meritchio Kasanwirjo,passing,53.97811,,
Nermin Karić,passing,57.841064,,
Nestor Jiménez,passing,46.97476,,
Neven Djurasek,passing,60.64967,,
Niall Nathan Michael Ennis,passing,48.984764,,
Nic Bollado,passing,40.57368,,
Niccolò Pierozzi,passing,52.959885,,
Nicholas D'Agostino,passing,56.490685,,
Nicholas Markanich,passing,38.00725,,
Nicholas Michael Hayes,passing,51.672066,,
Nicholas Suman,passing,51.670982,,
Nicholas Tsaroulla,passing,51.22931,,
Nicky Clescenco,passing,46.986237,,
Nicky Hernandez,passing,54.6885,,
Nicky Medja Beloko,passing,57.715206,,
Niclas Eliasson Santana,passing,63.83576,,
Nico Gordon,passing,34.610565,,
Nico Gorzel,passing,60.103584,,
Nico Moos,passing,39.639263,,
Nicolas Galazzi,passing,61.905647,,
Nicolas Martin Hautorp Madsen,passing,61.07437,,
Nicolas Thierry Raskin,passing,70.18128,,
Nicolo Tresoldi,passing,40.01919,,
Nicolás Agustín Demartini,passing,45.384693,,
Nicolás Alejandro Thaller,passing,47.825886,,
Nicolás Bastián Guerra Ruz,passing,53.3674,,
Nicolás Brian Acevedo Tabárez,passing,58.964912,,
Nicolás Delgadillo Godoy,passing,59.097324,,
Nicolás Ezequiel Fernández Mercau,passing,64.68369,,
Nicolás Federico Castro,passing,69.36571,,
Nicolás Fernando Cordero,passing,64.38838,,
Nicolás Ferreira,passing,58.804333,,
Nicolás Figueroa,passing,53.92984,,
Nicolás Gudiño Castilla,passing,43.448025,,
Nicolás Quagliata,passing,68.52587,,
Nicolás Serrano Galdeano,passing,63.95309,,
Niels Patrick Nkounkou,passing,58.607166,,
Nigel van Haveren,passing,51.678127,,
Nika Gagnidze,passing,63.045753,,
Nikita Fedotov,passing,51.670803,,
Niklas Jahn,passing,55.341743,,
Niklas Jeck,passing,38.04902,,
Niklas Lübcke,passing,51.673786,,
Nikodem Niski,passing,36.939926,,
Nikola Stevanović,passing,36.698555,,
Nikola Stosic,passing,57.723213,,
Nikolai Baden Frederiksen,passing,60.81098,,
Nikolai Rohde Laursen,passing,65.29112,,
Nikolas Korzeniecki,passing,52.02701,,
Nikolas Langberg Dyhr,passing,61.6447,,
Nikolas Polster,passing,51.670956,,
Nikolas Terkelsen Nartey,passing,65.93399,,
Nikoloz Kutateladze,passing,54.615437,,
Nikos Zografakis,passing,59.77231,,
Nils Arvidsson,passing,51.67124,,
Nils Gustav Georg Fröling,passing,55.762596,,
Nils Hahne,passing,51.680027,,
Nils Mortimer Moreno,passing,52.997513,,
Nils Wallenberg,passing,54.093075,,
Nils-Jonathan Körber,passing,51.69028,,
Nino Žugelj,passing,53.36058,,
Nishan Connell Burkart,passing,53.719086,,
Nkosingiphile Ngcobo,passing,62.640404,,
Noah Awuku,passing,47.504635,,
Noah Christopher Chilvers,passing,59.99495,,
Noah De Queiroz Pacheco,passing,31.297562,,
Noah Diliberto,passing,65.148926,,
Noah Emmanuel Jean Holm,passing,51.723415,,
Noah James,passing,51.67478,,
Noah Kemeseng Sonko-Sundberg,passing,46.168007,,
Noah König,passing,36.581547,,
Noah Raveyre,passing,51.671974,,
Noah Sadiki,passing,53.9379,,
Noah Shawn Agbaje,passing,56.30851,,
Noah Wagner,passing,31.998507,,
Noble Okello,passing,52.86702,,
Noel Hansson,passing,33.00687,,
Noel López de la Fuente,passing,54.526806,,
Nongdamba Naorem,passing,46.338627,,
Norbert Pacławski,passing,41.296085,,
Norbert Wojtuszek,passing,55.198322,,
Nordin Musampa,passing,48.11256,,
Novatus Miroshi Dismas,passing,53.88118,,
Nuno Gonçalo Rocha Moreira,passing,65.952255,,
Nuno Miguel Reis Lima,passing,41.122253,,
Nurettin Korkmaz,passing,52.920868,,
Odin Ohray Bailey,passing,63.052147,,
Olaf Kobacki,passing,55.627666,,
Olamide Shodipo,passing,58.64796,,
Ole Martin Lekven Kolskogen,passing,48.512363,,
Ole ter Haar Romeny,passing,54.696083,,
Oleksandr Drambaev,passing,57.47616,,
Oleksandr Yatsyk,passing,61.41381,,
Oleksiy Sych,passing,55.858265,,
Oliver Bjerrum Jensen,passing,52.2408,,
Oliver Bundgaard Kristensen,passing,56.445564,,
Oliver Casey,passing,44.65015,,
Oliver Denham,passing,30.07308,,
Oliver Kamdem,passing,45.51489,,
Oliver Lukas Dozae Nnonyelu Dovin,passing,51.67426,,
Oliver Marc Rose-Villadsen,passing,61.25266,,
Oliver Olsson,passing,31.138426,,
Oliver Ross,passing,53.805435,,
Oliver Samuel Crankshaw,passing,52.249813,,
Oliver Younger,passing,35.929474,,
Olivier Boissy,passing,35.577545,,
Olivier Wypart,passing,46.897987,,
Oliwier Sławiński,passing,41.168346,,
Oliwier Wojciechowski,passing,51.99839,,
Oliwier Zych,passing,51.675518,,
Oluwarotimi Mark Odusina,passing,44.440235,,
Oluwaseyi Babajide Ojo,passing,60.25413,,
Omar Damen Al Ruwaili,passing,43.544357,,
Omar Hamad Al-Owdah,passing,50.098717,,
Omar Jebali,passing,38.831177,,
Omar Khalid Dakhel Al-Jadani,passing,48.241676,,
Omar Kolawole Olufemi Sowunmi,passing,34.36324,,
Omar Rekik,passing,38.15071,,
Omar Saeed,passing,44.028328,,
Omar-Šarif Sijarić,passing,58.634315,,
Omir Guadalupe Fernandez Mosso,passing,58.541286,,
Onel Acosta,passing,51.732754,,
Onurhan Babuscu,passing,59.3872,,
Orges Bunjaku,passing,59.52389,,
Oriol Busquets Mas,passing,63.04593,,
Orlando David Colmán,passing,54.668682,,
Orrin McLaughlin,passing,51.35839,,
Osazee Aghatise,passing,50.47241,,
Oscar Aga,passing,41.194466,,
Oscar Camilo Salomón,passing,47.478004,,
Oscar Carl Linnér,passing,51.679432,,
Oscar Halls,passing,27.153233,,
Oscar Massey,passing,41.08521,,
Oscar Ramón Toledo Acosta,passing,51.67228,,
Oscar Thore Hedvall,passing,51.69931,,
Osher Davida,passing,63.375275,,
Oskar Aron Opsahl,passing,50.824577,,
Oskar Lodziński,passing,51.6744,,
Oskar Mielcarz,passing,51.6727,,
Oskar Sewerzyński,passing,52.20964,,
Oskar Siira Sivertsen,passing,48.18342,,
Oslimg Roberto Mora Pasache,passing,61.03805,,
Osman Bukari,passing,60.177185,,
Osvaldo Rodríguez del Portal,passing,59.471916,,
Oswaldo Josué Valenzuela Dileo,passing,58.66947,,
Othman Awadh,passing,41.590454,,
Otis Jan Mohammed Khan,passing,59.38427,,
Otto Lindell,passing,51.73797,,
Ousmane Ba,passing,51.67733,,
Ovidiu Horșia,passing,60.951782,,
Ovidiu Ioan Perianu,passing,55.110443,,
Owen Bevan,passing,39.392136,,
Owura Edwards,passing,53.370262,,
Oğuzhan Akgün,passing,51.36033,,
P. Justiniano Almeida Gomes,passing,33.769165,,
Pablo Agustín Minissale,passing,34.930126,,
Pablo Alejandro Bonilla Serrada,passing,58.679165,,
Pablo Antonio Ortiz Cabezas,passing,37.183113,,
Pablo Cuñat Campos,passing,51.67022,,
Pablo Enrique Ruíz,passing,63.04875,,
Pablo Felipe Pereira de Jesus,passing,46.238903,,
Pablo Gozálbez Gilabert,passing,63.798344,,
Pablo Gálvez Miranda,passing,45.521763,,
Pablo Ibáñez Lumbreras,passing,59.50222,,
Pablo López Gallo,passing,36.363777,,
Pablo Moreno Taboada,passing,54.650475,,
Pablo Pérez Rico,passing,52.67938,,
Pablo Rodríguez Delgado,passing,49.069508,,
Pablo Tomeo Félez,passing,55.991627,,
Pablo Torre Carral,passing,71.27006,,
Pablo Vaca,passing,59.843742,,
Pablo Valencia García,passing,51.673866,,
Pacifique Niyongabire,passing,46.268623,,
Panagiotis Panagiotou,passing,46.112396,,
Pantelis Chatzidiakos,passing,63.235878,,
Paolo Alessandro Reyna Lea,passing,60.369118,,
Paolo Gozzi,passing,45.197723,,
Paolo Marco Leima Donatelo,passing,64.96169,,
Paolo Medina Etienne,passing,57.517982,,
Paolo Sciortino,passing,54.353176,,
Pape Habib Guèye,passing,54.37386,,
Pape Samba Thiam,passing,39.649837,,
Pascal Hammer,passing,33.21024,,
Patricio Alessandro Flores Bascur,passing,41.521854,,
Patrick Brouwer,passing,58.15023,,
Patrick Gilmar Sequeira,passing,51.66726,,
Patrick Kpozo,passing,55.07076,,
Patrick Moser,passing,51.671337,,
Patrick Scheder,passing,52.805626,,
Patrick Weah,passing,50.688915,,
Patrik Sigurður Gunnarsson,passing,51.68246,,
Patriot Sejdiu,passing,54.535954,,
Patryk Klimala,passing,48.27771,,
Patryk Peda,passing,41.409348,,
Pau Casadesús Castro,passing,40.459457,,
Paul Asiedu Osew,passing,52.114475,,
Paul Bourdelle,passing,51.67587,,
Paul Grave,passing,51.67695,,
Paul Manske,passing,57.92086,,
Paul Milton Glatzel,passing,52.93671,,
Paul Méliande,passing,59.452755,,
Paulo Eduardo Ferreira Godinho,passing,46.215065,,
Paulo Estrela Moreira Alves,passing,67.89542,,
Paulo Guilherme Gonçalves Bernardo,passing,63.760017,,
Paulo Vitor Fernandes Pereira,passing,49.444138,,
Paulos Abraham,passing,56.230724,,
Pavle Vagić,passing,59.09906,,
Pawel Chrupalla,passing,50.28556,,
Paweł Sokół,passing,51.671036,,
Paweł Żuk,passing,42.16004,,
Paya Pichkah,passing,56.90135,,
Peder Klausen,passing,51.680954,,
Pedro Bernardo González Ojeda,passing,51.675724,,
Pedro David Brazão Teixeira,passing,63.140816,,
Pedro Emmanuel Ojeda,passing,63.92658,,
Pedro Guillermo Ibáñez Gálvez,passing,53.900684,,
Pedro Henrique Rodrigues Bicalho,passing,61.07012,,
Pedro Injai Gomes,passing,35.94473,,
Pedro Jeampierre Vite Uca,passing,56.66616,,
Pedro Jorge Gonçalves Malheiro,passing,53.858208,,
Pedro Luís Machado Ganchas,passing,34.217762,,
Pedro Miguel Almeida Lopes Pereira,passing,65.01963,,
Pedro Miguel Costa Álvaro,passing,41.32981,,
Pedro Navarro,passing,46.025707,,
Pedro Ortiz Bernat,passing,53.0092,,
Pedro Pablo Campos Olavarría,passing,46.426445,,
Pedro Ruiz Delgado,passing,51.8226,,
Pedro Trujillo,passing,51.674927,,
Pelayo González Rey,passing,58.578087,,
Pelayo Morilla Cabal,passing,57.39956,,
Pelle Elkjær Mattsson,passing,54.490883,,
Per Kristian Worre Bråtveit,passing,51.686752,,
Pere Joan García Bauzà,passing,51.670734,,
Perry Ng Tian-Hee,passing,51.12951,,
Peru Nolaskoain Esnal,passing,63.123077,,
Petar Pušić,passing,62.47953,,
Peter González Carmona,passing,55.63469,,
Peter Maguire,passing,27.684364,,
Peter Urminský,passing,51.672318,,
Philipp Birglehner,passing,43.903004,,
Philipp Ochs,passing,63.338627,,
Philipp Sonn,passing,53.265045,,
Philipp Sturm,passing,57.12619,,
Phrangki Buam,passing,48.578075,,
Pierluigi Cappelluzzo,passing,45.38423,,
Piero Antonio Vivanco Ayala,passing,62.591396,,
Pierre-Emmanuel Ekwah Elimby,passing,52.666748,,
Pietro Rovaglia,passing,49.305447,,
Pim Saathof,passing,53.62104,,
Plamedi Buni Jorge,passing,54.35608,,
Pol Bassa Mora,passing,51.61494,,
Pontus Jacob Ragne Dahlberg,passing,51.686977,,
Pontus Texel,passing,41.933014,,
Presley Pululu,passing,52.14937,,
Prince Isaac Kouame,passing,48.73325,,
Przemysław Kapek,passing,45.011692,,
Przemysław Maj,passing,52.38854,,
Quaine Bartley,passing,39.194626,,
Quinn McNeill,passing,53.188885,,
Radinio Balker,passing,47.519093,,
Radosław Cielemęcki,passing,56.822456,,
Radosław Seweryś,passing,36.002953,,
Radu Matei Drăgușin,passing,45.294792,,
Radu Ștefăniță Boboc,passing,61.078053,,
Rafael António Pereira,passing,48.336205,,
Rafael Castrillo,passing,63.092224,,
Rafael Ferrario,passing,51.676144,,
Rafael Julián Lutiger Vidalón,passing,46.478035,,
Rafael Mascarenhas Moreira,passing,45.590908,,
Rafael Obrador Burguera,passing,47.554337,,
Rafael Sebastián Mújica García,passing,58.9765,,
Rafael Sousa Gancho Brito,passing,68.62023,,
Rafael Tavares Gomes Fernandes,passing,49.229805,,
Rafael Tresaco Blasco,passing,44.604324,,
Raffaele Celia,passing,56.359875,,
Rafiki Said Ahamada,passing,52.59889,,
Rahmat Akbari,passing,58.38474,,
Rahmetullah Berişbek,passing,58.300198,,
Rahul Kannoly Praveen,passing,45.53551,,
Rakan Shamlan Al-Enezi,passing,56.448174,,
Ralph Priso-Mbongue,passing,52.37522,,
Ramón Enríquez Rodríguez,passing,66.2485,,
Ramón Juan Ramírez,passing,51.671238,,
Ramón Sosa Acosta,passing,61.796795,,
Ramón Terrats Espacio,passing,63.246464,,
Raphael Assibey-Mensah,passing,52.320175,,
Raphael Radtke,passing,51.669823,,
Rareș Bălan,passing,42.221977,,
Rashawn Scott,passing,43.54273,,
Rashed Al Muwainea,passing,51.678528,,
Rasmus Winther Højlund,passing,49.143562,,
Raul Șteau,passing,51.684265,,
Rayan Al Qahtani,passing,50.05776,,
Rayan Darwish Albloushi,passing,42.79775,,
Rayan Ny Aina Arnaldo Raveloson,passing,63.45588,,
Rayane El Khamali,passing,52.763218,,
Rayane Falchou,passing,51.680077,,
Rayhaan Rahim Amari Tulloch,passing,53.31471,,
Raymond Owusu,passing,49.39115,,
Raúl Arias Arias,passing,44.98645,,
Raúl Blanco Juncal,passing,56.347404,,
Raúl García de Haro,passing,49.38259,,
Raúl Moro Prescoli,passing,57.235878,,
Raúl Parra Artal,passing,50.460278,,
Raúl Rubio Romero,passing,47.87261,,
Raúl Torrente Navarro,passing,51.109768,,
Reda Benchaa,passing,41.36043,,
Redwan Bourlès,passing,64.519966,,
Reece Byrne,passing,51.672913,,
Regan Donelon,passing,53.88775,,
Regan Jon Griffiths,passing,53.85581,,
Reinier Jesus Carvalho,passing,64.14532,,
Rekeem Jordan Harper,passing,60.632004,,
Remco Balk,passing,54.297203,,
Remeao Andrew Hutton,passing,52.02129,,
Remi van Ekeris,passing,57.62943,,
Renat Oleq Oğlu Dadaşov,passing,52.001274,,
Rene Kriwak,passing,47.09799,,
Renné Alejandro Rivas Alezones,passing,59.73302,,
Renzo Damián Bacchia Rodríguez,passing,51.67376,,
Renzo Giampaoli,passing,50.067745,,
Rey Manaj,passing,53.778385,,
Rhian Joel Brewster,passing,55.165802,,
Rhys Llewelyn Norrington-Davies,passing,57.14054,,
Ricard Artero Ruiz,passing,59.02636,,
Ricard Sánchez Sendra,passing,55.310326,,
Ricardo Azevedo Alves,passing,58.600616,,
Ricardo Bettocchi Matallana,passing,51.676254,,
Ricardo Daniel Pepi,passing,53.97951,,
Ricardo Florin Grigore,passing,41.478367,,
Ricardo Hernández,passing,56.716663,,
Ricardo Jorge Oliveira António,passing,63.40759,,
Ricardo Manuel Pinho Matos,passing,58.15524,,
Ricardo Manuel Vieira da Silva,passing,51.680542,,
Ricardo Phillips,passing,61.543022,,
Riccardo Capellini,passing,49.124695,,
Richard Fernández,passing,55.42276,,
Richard Nartey,passing,53.744125,,
Richard Odada,passing,47.872776,,
Richet Gómez Miranda,passing,57.781803,,
Ricky Aguiar,passing,56.272717,,
Rida Zouhir,passing,54.35376,,
Rigoberto Manuel Rivas Vindel,passing,60.880257,,
Rildo G. de Amorim Filho,passing,61.84004,,
Riley-Jay Harbottle,passing,37.843037,,
Rio Adesola Frederick Adebisi,passing,53.124,,
Rishabh Dobriyal,passing,34.22302,,
Rob Nizet,passing,49.242718,,
Robbie D'Haese,passing,62.542248,,
Robbie Mahon,passing,40.929226,,
Robbie Robinson Belmar,passing,50.55149,,
Robbie Van Hauter,passing,52.055763,,
Robert Andrei Ion,passing,60.454105,,
Robert Atkinson,passing,47.484173,,
Robert Lee Burton,passing,62.375652,,
Robert Ljubičić,passing,64.60069,,
Robert Marian Moldoveanu,passing,58.12024,,
Robert Mejía,passing,56.551586,,
Robert Navarro Muñoz,passing,62.07112,,
Robert Slevin,passing,48.65159,,
Roberto Arroyo Gregorio,passing,44.451534,,
Roberto Bardales,passing,57.430195,,
Roberto Carlos Ramírez,passing,56.966496,,
Roberto Fabián Ramírez,passing,51.69432,,
Roberto Fernández Jaén,passing,58.21619,,
Roberto González Bayón,passing,64.50074,,
Roberto Joaquín García,passing,53.56228,,
Roberto López Alcaide,passing,70.93494,,
Robin Amin Tihi,passing,47.553623,,
Robin Dahl Østrøm,passing,51.251823,,
Robin Luca Kehr,passing,55.348145,,
Robin Maximilian Meißner,passing,42.951305,,
Robin Risser,passing,51.669716,,
Robin Tim Becker,passing,50.21671,,
Robin Ungerath,passing,40.614437,,
Robson Alves Reis,passing,47.244392,,
Rocco Robert Shein,passing,60.72005,,
Rocco Ríos Novo,passing,51.681137,,
Rockson Alexander Renteria Ovando,passing,51.51565,,
Rocky Bushiri Kisonga,passing,39.62596,,
Rodney Iván Redes Cáceres,passing,61.785328,,
Rodrigo Alonso Martín,passing,62.646984,,
Rodrigo Andrés Piñeiro Silva,passing,61.755447,,
Rodrigo Cisterna,passing,56.179573,,
Rodrigo Duarte Ribeiro,passing,48.887447,,
Rodrigo Díaz Desidel,passing,52.597828,,
Rodrigo Elías Delvalle Noguera,passing,39.926155,,
Rodrigo Esteban Cancino Herrera,passing,51.67297,,
Rodrigo Ezequiel Cabral,passing,58.58379,,
Rodrigo F. Conceição,passing,49.445667,,
Rodrigo Gareca,passing,58.078323,,
Rodrigo Marcos Rodrigues Andrade,passing,63.8709,,
Rodrigo Mario Morínigo Acosta,passing,51.68854,,
Rodrigo Martins Gomes,passing,57.558884,,
Rodrigo Miguel Forte Paes Martins,passing,56.882034,,
Rodrigo Montes,passing,58.697212,,
Rodrigo Muniz Carvalho,passing,55.71168,,
Rodrigo Ribeiro Valente,passing,57.261574,,
Rodrigo Riquelme Reche,passing,64.45205,,
Rodrigo Román Villagra,passing,63.02278,,
Rodrigo Saucedo,passing,56.245857,,
Roger Martínez Santamaría,passing,60.831356,,
Rohan Luthra,passing,51.67396,,
Rok Vodišek,passing,51.676327,,
Roko Jureskin,passing,63.112164,,
Rolando Lautaro Chávez,passing,52.910007,,
Roman Fernández,passing,55.026924,,
Rommell Ibarra,passing,60.10236,,
Romário Manuel Silva Baró,passing,68.14134,,
Ronaldo Damus,passing,41.431026,,
Ronan Maher,passing,51.86933,,
Ronan Thomas Darcy,passing,53.93168,,
Ronny Rikal,passing,54.57853,,
Roque Ramírez,passing,47.121616,,
Rory Holden,passing,63.292347,,
Rosaire Longelo-Mbule,passing,48.579987,,
Roshaun Omar Stuart Williams,passing,45.65204,,
Ross Fay,passing,52.27771,,
Ross Graham,passing,41.87141,,
Ross James Sykes,passing,52.22787,,
Roy Kuijpers,passing,58.07302,,
Ruan Tressoldi Netto,passing,40.420635,,
Ruben Kluivert,passing,42.55295,,
Rubin James Colwill,passing,62.745415,,
Rubén Gómez Peris,passing,51.66753,,
Rubén Iranzo Lendínez,passing,50.52185,,
Rubén Pulido Peñas,passing,51.73229,,
Rubén Sánchez Sáez,passing,61.417816,,
Rubén de Tomás Gómez,passing,59.784687,,
Ruel Dimitrios Sotiriou,passing,52.409767,,
Rufino Lucero,passing,49.976994,,
Rui Jorge Monteiro Mendes,passing,55.919384,,
Runar Hauge,passing,51.201675,,
Rushian Marcus Amari Hepburn-Murphy,passing,46.300285,,
Ruwen Werthmüller,passing,46.71881,,
Ruyery Alfonso Blanco Yus,passing,46.028877,,
Ryan Alebiosu,passing,54.603504,,
Ryan Astley,passing,51.816486,,
Ryan Austin,passing,33.388027,,
Ryan Bakayoko,passing,50.04052,,
Ryan Burke,passing,54.0733,,
Ryan Carr,passing,48.15158,,
Ryan Clampin,passing,53.56934,,
Ryan David Edmondson,passing,41.05865,,
Ryan Finnigan,passing,54.758133,,
Ryan Henry East,passing,56.590343,,
Ryan James Broom,passing,59.526222,,
Ryan James Law,passing,51.20871,,
Ryan Johansson,passing,57.35575,,
Ryan Matthew Haynes,passing,58.216286,,
Ryan Sandford,passing,51.695038,,
Ryan Spaulding,passing,51.103115,,
Ryan Steven Rydel,passing,54.227863,,
Ryan Thomas Cooney,passing,55.419014,,
Ryley Ben Towler,passing,52.89539,,
Ryun Seong Kim,passing,42.050297,,
Róbert Orri Thorkelsson,passing,42.33174,,
Răzvan Covaci,passing,46.887024,,
Saad Al Muwallad,passing,35.05659,,
Saad Fahad Al Nasser,passing,43.233532,,
Saad Yaslam Balobaid,passing,45.87799,,
Sabelo Radebe,passing,55.770546,,
Saberto Josué Botelho Rios,passing,54.35394,,
Sabit Abdulai,passing,59.45157,,
Sadat Anaku,passing,40.48928,,
Saeed Juma Hasan Juma Alsaadi,passing,53.240467,,
Saidu Salisu,passing,38.67026,,
Saku Tuomas Severi Ylätupa,passing,62.51853,,
Salah-Eddine Oulad M'Hand,passing,62.169754,,
Salem Abdullah Salmeen Mubarak Al-Jaberi,passing,49.090893,,
Salifo Caropitche Mendes,passing,40.7877,,
Salifou Soumah,passing,42.914978,,
Salih Kavrazlı,passing,50.368206,,
Salim Ben Seghir,passing,58.93787,,
Salomon Junior Sambia,passing,69.541595,,
Salvatore Elia,passing,58.35475,,
Salvatore Marrone,passing,58.031227,,
Sam Alan Stubbs,passing,40.664696,,
Sam Bowen,passing,56.849052,,
Sam Francis Schreck,passing,63.27894,,
Sam Harrry Sutton,passing,63.528706,,
Sam O'Brien,passing,27.866903,,
Sam Tinubu,passing,44.861042,,
Sambou Sissoko,passing,55.261265,,
Samir Sophian Chergui,passing,60.832245,,
Samir Valverde,passing,50.91204,,
Sammy Braybrooke,passing,61.37085,,
Sammy Robinson,passing,45.36627,,
Samuel Bone,passing,48.63609,,
Samuel Careaga,passing,65.16354,,
Samuel George Alan Edmundson,passing,46.028442,,
Samuel George Dalby,passing,38.640358,,
Samuel Graham,passing,37.741478,,
Samuel John Bell,passing,43.21807,,
Samuel Jumpe Soares,passing,51.721157,,
Samuel Leo Beat Ballet,passing,50.225113,,
Samuel Marqus Lloyd Vines,passing,56.89804,,
Samuel Mischitz,passing,52.05113,,
Samuel Nongoh,passing,52.17643,,
Samuel Peter Barnes,passing,45.47249,,
Samuel Renel,passing,62.957787,,
Samuel Tshiayima Nombe,passing,50.866173,,
Samuel Wikman,passing,51.172318,,
Samuel Yepie Yepie,passing,54.002224,,
Samuele Righetti,passing,38.758278,,
Samuele Spalluto,passing,42.35993,,
Samy Benchamma,passing,59.194183,,
Samy El Khiar,passing,52.40731,,
Samy Faraj,passing,56.145035,,
Sanasi Sy,passing,54.642803,,
Sander Johan Christiansen,passing,63.760704,,
Sandi Lovrić,passing,63.736027,,
Sandip Mandi,passing,29.313791,,
Sandro Plínio Rosa da Cruz,passing,57.106693,,
Sandro Trémoulet,passing,46.80953,,
Sang Bin Jeong,passing,55.563522,,
Sang Hoon Paik,passing,55.740845,,
Sang Hyeok Lee,passing,60.19227,,
Sanoussy Ba,passing,52.636402,,
Santiago Ayala,passing,45.097935,,
Santiago Daniel Pierotti,passing,65.20072,,
Santiago Gabriel Zamora Araujo,passing,58.096336,,
Santiago Ignacio Bueno Sciutto,passing,46.096382,,
Santiago Laquidain,passing,41.12217,,
Santiago Moya,passing,31.692553,,
Santiago Naveda Lara,passing,63.66383,,
Santiago Paiva,passing,48.827763,,
Santiago Valentín Ramírez Polero,passing,52.967762,,
Santiago Vera,passing,53.65567,,
Saqer Al Enazi,passing,38.491177,,
Saud Saad Zidan,passing,55.86902,,
Saul Shotton,passing,34.39508,,
Saïd Hamulic,passing,55.338074,,
Saúl Alejandro Guarirapa Briceño,passing,61.16369,,
Saúl Basilio Coco Bassey Oubiña,passing,45.883778,,
Saúl del Cerro García,passing,56.925438,,
Scott Brian Banks,passing,56.880592,,
Scott Burgess,passing,60.71969,,
Scott Connor Kashket,passing,54.387497,,
Scott John High,passing,65.54518,,
Scott Lynch,passing,49.502464,,
Scott McMann,passing,53.464733,,
Scott Simons,passing,51.67067,,
Scott van der Sluis,passing,51.67142,,
Seamas Keogh,passing,54.52386,,
Sean Brennan,passing,55.16458,,
Sean Dominic Robertson,passing,50.859737,,
Sean Jones-Carey,passing,31.782457,,
Sebastian Bergier,passing,49.765102,,
Sebastian Gonzáles,passing,45.722824,,
Sebastian Guerra Soto,passing,45.60332,,
Sebastian Jarl,passing,54.573776,,
Sebastian Lagerlund,passing,33.566372,,
Sebastian Lund Hausner,passing,49.58535,,
Sebastian Mellack,passing,51.676212,,
Sebastian Müller,passing,52.34924,,
Sebastian Otoa,passing,37.204655,,
Sebastian Stahlfest,passing,52.671974,,
Sebastian Sun Anderson,passing,42.78397,,
Sebastian Søraas Sebulonsen,passing,58.116066,,
Sebastian Thangmuansang,passing,36.232723,,
Sebastian Tounekti,passing,52.9148,,
Sebastian Wiktor Walukiewicz,passing,48.77928,,
Sebastien Pineau,passing,48.49592,,
Sebastián Ariel Lomónaco,passing,58.736755,,
Sebastián Dávila,passing,47.15075,,
Sebastián Figueredo,passing,51.575054,,
Sebastián Guerrero Martínez,passing,57.00709,,
Sebastián Jaurena,passing,61.029346,,
Sebastián Matías Claure Sanz,passing,56.88684,,
Sebastián Medina,passing,59.45705,,
Sebastián Parra,passing,59.26232,,
Sebastián Saucedo Mondragón,passing,62.822174,,
Sebastián Tomás Meza,passing,51.670647,,
Sebbe Augustijns,passing,53.702442,,
Sef Van Damme,passing,51.67501,,
Sekou Sylla,passing,45.834827,,
Selimcan Temel,passing,55.3643,,
Seong Jin Kang,passing,52.614784,,
Serge Atakayi,passing,50.860916,,
Sergej Grubač,passing,45.467823,,
Sergi Canós Tenés,passing,63.10321,,
Sergi García Pérez,passing,63.30564,,
Sergio Akieme Rodríguez,passing,54.660477,,
Sergio Arribas Calvo,passing,53.925537,,
Sergio Barboza,passing,56.667374,,
Sergio Barcia Larenxeira,passing,49.058594,,
Sergio Carreira Vilariño,passing,58.47487,,
Sergio Daniel Fretes Galeano,passing,53.703125,,
Sergio Fabián Ortíz,passing,56.78353,,
Sergio Gil Latorre,passing,67.72697,,
Sergio Guerrero Romero,passing,63.671463,,
Sergio Kalaj,passing,35.011612,,
Sergio Lozano Lluch,passing,64.05258,,
Sergio López Galache,passing,62.9913,,
Sergio Moreno Martínez,passing,50.05243,,
Sergio Santos Fernández,passing,53.924965,,
Setigui Karamoko,passing,33.14037,,
Severino Pedro Santos Hermes,passing,54.33715,,
Seydou Saeed Issah,passing,28.41318,,
Seymour Fünger,passing,42.93644,,
Seán Patrick Roughan,passing,43.964012,,
Shadrach Nosa Ogie,passing,46.251945,,
Shaquil Delos,passing,51.09682,,
Sharon Padattil,passing,51.67253,,
Shaun Daniel McWilliams,passing,56.320858,,
Shawn Blum,passing,45.00996,,
Shayne Francis Lavery,passing,50.556488,,
Shayr Mohamed González,passing,54.66919,,
Sheikh Sahil,passing,46.225555,,
Shola Maxwell Shoretire,passing,59.455097,,
Shubham Sarangi,passing,45.934875,,
Si Hoo Hong,passing,55.948975,,
Siad Haji,passing,54.805958,,
Sibiry Keita,passing,59.829376,,
Sidi Cissé,passing,49.27047,,
Sidiki Camara,passing,51.459587,,
Siebe Wylin,passing,57.490604,,
Sieben Dewaele,passing,66.80088,,
Sigurd Kvile,passing,42.099087,,
Sil Swinkels,passing,36.20413,,
Silvan Eli Sidler,passing,61.07748,,
Simen Vidtun Nilsen,passing,51.669895,,
Simon Alonso Ramírez Cuevas,passing,61.46184,,
Simon Beccari,passing,51.67546,,
Simon Brady Ngapandouetnbu,passing,51.674557,,
Simon Fabio Stehle,passing,46.35474,,
Simon Graves Jensen,passing,55.32978,,
Simon Solomon Junior Sohm,passing,58.896404,,
Simon van Duivenbooden,passing,50.258316,,
Simone Ghidotti,passing,51.669205,,
Simone Giordano,passing,59.302284,,
Simone Rabbi,passing,52.2133,,
Simone Santoro,passing,64.2577,,
Simone Trimboli,passing,56.83546,,
Simón Alonso González Montalban,passing,42.760605,,
Siro Ignacio Cabral Rosane,passing,55.121006,,
Sivert Stenseth Gussiås,passing,45.30762,,
Slavi Spasov,passing,40.91122,,
Sofiane Djeffal,passing,60.688408,,
Sofus Berger,passing,57.624947,,
Solomon Brynn,passing,51.68041,,
Sondre Auklend,passing,55.3279,,
Sondre Buskerud Tronstad,passing,61.323242,,
Sondre Løvseth Rossbach,passing,51.69823,,
Sonny Hilton,passing,56.043667,,
Sonny Patrick Laiton,passing,51.669926,,
Sorin Dănuț Șerban,passing,52.047478,,
Souleymane Cissé,passing,34.88501,,
Souleymane Isaak Touré,passing,48.199425,,
Stan Braem,passing,45.58499,,
Stan Van Dessel,passing,58.37027,,
Stanislav Ivanov,passing,51.70176,,
Stanley Flaherty,passing,57.08063,,
Stefan Bajić,passing,51.671497,,
Stefan Mauk,passing,62.553608,,
Stefano Alessandro Guidotti,passing,55.508934,,
Stefano Marino,passing,40.44572,,
Stephan Kofi Ambrosius,passing,45.46144,,
Stephan Vinicius Seiler,passing,55.346607,,
Stephen Christopher Wearne,passing,52.88961,,
Stephen Ewange,passing,41.644566,,
Stephen Walker,passing,50.441444,,
Stephen Welsh,passing,54.41635,,
Stephen Winston Duke-McKenna,passing,55.49484,,
Stevan Stanic-Floody,passing,48.87456,,
Steven Jesús Pabón Delgao,passing,46.325512,,
Stipe Vulikić,passing,47.662758,,
Stuart McKinstry,passing,55.51424,,
Stève Regis Mvoué,passing,58.31516,,
Stéphane Imad Diarra,passing,63.009357,,
Subha Ghosh,passing,39.645687,,
Suk Ju Yoon,passing,46.656364,,
Suleiman Camara Sanneh,passing,53.672554,,
Sultan Al Harbi,passing,41.790386,,
Svante Ulf Ingel Ingelsson,passing,64.47627,,
Sylla Morlaye,passing,66.51705,,
Syver Aas,passing,55.389595,,
Szymon Sarbinowski,passing,49.049335,,
Sávio Moreira de Oliveira,passing,69.17966,,
Sérgio Pereira Andrade,passing,57.81262,,
Tae Suk Lee,passing,55.173237,,
Tae Yang Kim,passing,34.174786,,
Tafari Lalibela Moore,passing,52.535187,,
Taha Altıkardeş,passing,49.08079,,
Taher Al Hajji,passing,51.67253,,
Talha Ülvan,passing,47.70615,,
Tanguy Coulibaly,passing,61.346966,,
Tao Sako,passing,30.992231,,
Taofeek Ismaheel,passing,49.659122,,
Tareiq Holmes-Dennis,passing,55.788185,,
Tariq Maddad,passing,41.336903,,
Tashan Oakley-Boothe,passing,62.651314,,
Tate Campbell,passing,50.23185,,
Taylor Anthony Booth,passing,63.601685,,
Taylor Ellis Allen,passing,50.382256,,
Taylor Ryan Charters,passing,52.406384,,
Tayyib Talha Sanuç,passing,45.00493,,
Ted Ku-DiPietro,passing,47.878376,,
Ted-Jonathan Tattermusch,passing,46.131813,,
Teddy Christopher Graham Jenks,passing,54.743397,,
Telasco Segovia,passing,59.884895,,
Teodor Stenshagen,passing,43.527218,,
Terence Charles Taylor,passing,56.72101,,
Terry Ablade,passing,45.814087,,
Thabiso James Monyane,passing,58.73977,,
Thakgalo Khanya Leshabela,passing,59.18646,,
Thanawat Suengchitthawon,passing,58.88723,,
Thelo Gerard Aasgaard,passing,59.337246,,
Thelonius Bair,passing,36.393684,,
Themi Antonoglou,passing,41.483086,,
Theo Gunnar Martens,passing,45.138718,,
Theodor Alexander Corbeanu,passing,60.22374,,
Theodosis Machairas,passing,61.236965,,
Thiago Eduardo de Andrade,passing,55.305565,,
Thiago Ezequiel Ojeda,passing,59.149815,,
Thiago Fernandes Rodrigues,passing,45.992546,,
Thiago Nicolás Borbas Silva,passing,52.11894,,
Thiago Thomas Nuss,passing,57.280098,,
Thiago Vecino Berriel,passing,57.443916,,
Thibault Tamas,passing,42.616486,,
Thierno Mamadou Lamarana Ballo,passing,56.718063,,
Thierry Ambrose,passing,59.179325,,
Thierry Nevers,passing,49.50434,,
Thijmen Joel Sander Nijhuis,passing,51.67072,,
Thijs van Leeuwen,passing,60.293777,,
Thody Élie Youan,passing,53.9914,,
Thom van Bergen,passing,42.743656,,
Thoma Monney,passing,28.084362,,
Thomas Andrew Knowles,passing,51.832474,,
Thomas Battistella,passing,58.361435,,
Thomas Callens,passing,51.675842,,
Thomas Clayton,passing,39.73015,,
Thomas David Bannatyne-Billson,passing,51.670265,,
Thomas Edwards,passing,63.142193,,
Thomas Ferdinand Rausch,passing,37.589542,,
Thomas Glyn Doyle,passing,67.61974,,
Thomas Gutierrez,passing,51.888317,,
Thomas Holmes,passing,54.77717,,
Thomas Ignacio Galdames Millán,passing,55.066967,,
Thomas James O'Connor,passing,62.185253,,
Thomas Kofler,passing,49.192066,,
Thomas Leon Keller,passing,55.75768,,
Thomas Liene Ness,passing,52.73192,,
Thomas McGill,passing,51.678574,,
Thomas Mcintyre,passing,55.413258,,
Thomas Palmer Thompson,passing,60.19352,,
Thomas Philip Hamer,passing,55.33674,,
Thomas Richard Lowery,passing,63.140972,,
Thomas Roberts,passing,55.09435,,
Thomas Roche,passing,51.671337,,
Thomas Sang,passing,55.822414,,
Thorbjørn Kristiansen,passing,42.636715,,
Théo Luis Fonseca,passing,55.37846,,
Théo Ndicka Matam,passing,58.195084,,
Tiago Carvalho Santos,passing,52.604507,,
Tiago Filipe Alves Araújo,passing,61.70011,,
Tiago Filipe Oliveira Dantas,passing,70.10196,,
Tiago Galletto López,passing,62.910133,,
Tiago Manuel Maio Matos,passing,56.252384,,
Tiago Maria Antunes Gouveia,passing,56.575542,,
Tiago Miguel Hora Ribeiro,passing,68.31469,,
Tiago Nahuel Banega,passing,64.84387,,
Tiago Nathan Pombeira Gesser,passing,67.333176,,
Tician Tushi,passing,51.729973,,
Tidiane Malbec,passing,51.669334,,
Tijany Atallah,passing,42.347034,,
Till Streller,passing,50.861324,,
Tim Latteier,passing,57.65174,,
Tim Luis Maciejewski,passing,54.780502,,
Tim Prica,passing,55.60542,,
Tim Stanislaw Schreiber,passing,51.679832,,
Tim Stappmann,passing,41.54563,,
Tim Walbrecht,passing,50.184727,,
Tim van Assema,passing,32.393295,,
Timm Koch,passing,42.63847,,
Timmy Abraham,passing,38.20029,,
Timo Bornemann,passing,42.865803,,
Timo Zaal,passing,53.80804,,
Timon Moritz Weiner,passing,51.72152,,
Timothy Bruce Fayulu,passing,51.669647,,
Timothy Galjé,passing,51.68263,,
Timothy Joel Eyoma,passing,52.771534,,
Timothy Martin,passing,51.682747,,
Timothé Nkada,passing,48.06462,,
Timothée Joseph Pembélé,passing,62.758415,,
Timur Zhamaletdinov,passing,51.22849,,
Tino Andrés Danesi Cammarano,passing,56.860767,,
Titas Krapikas,passing,51.678543,,
Tivonge Rushesha,passing,43.505222,,
Tobi Ogundega,passing,30.461111,,
Tobias Borchgrevink Børkeeiet,passing,58.20962,,
Tobias Christensen,passing,64.02286,,
Tobias Fjeld Gulliksen,passing,57.768463,,
Tobias Hafstad,passing,51.7197,,
Tobias Heintz,passing,63.302994,,
Tobias Klysner Breuner,passing,56.953518,,
Tobias Mißner,passing,49.410664,,
Tobias Okiki Lawal,passing,51.671555,,
Tobias Stockinger,passing,53.441463,,
Tobias-Mbunjiro Knost,passing,48.002197,,
Toby Peter Sibbick,passing,52.093826,,
Tochi Phil Chukwuani,passing,58.298195,,
Toluwalase Emmanuel Arokodare,passing,45.748882,,
Tom Bierschenk,passing,43.739136,,
Tom Crawford,passing,55.448402,,
Tom George Sawyer Conlon,passing,59.252846,,
Tom Jenkins,passing,46.903004,,
Tom Kretzschmar,passing,51.682346,,
Tom Sparrow,passing,54.072414,,
Tom Stokes,passing,44.666454,,
Tom van de Looi,passing,65.04576,,
Tomas Giraldo,passing,46.74677,,
Tomas Lían Romero Keubler,passing,51.669693,,
Tomas Olai Totland,passing,49.400043,,
Tomas Ángel Gutiérrez,passing,54.647873,,
Tomasz Neugebauer,passing,57.007557,,
Tommaso Aglietti,passing,51.678318,,
Tommi O'Reilly,passing,59.802605,,
Tommy St. Jago,passing,52.16396,,
Tomás Agustín Pozzo,passing,65.75679,,
Tomás Aresta Branco Machado Ribeiro,passing,48.875008,,
Tomás Carvalho Domingos,passing,59.4635,,
Tomás Costa Silva,passing,67.03351,,
Tomás David Sandoval,passing,45.472725,,
Tomás Lemos Araújo,passing,39.397274,,
Tomás Leonardo Lecanda,passing,51.03494,,
Tomás Mascarenhas Lemos Reymão Nogueira,passing,58.711983,,
Tomás Mendes Mendes,passing,54.035316,,
Tomás Moschión,passing,58.681835,,
Tomás Muro,passing,55.443604,,
Tomás Oscar Badaloni,passing,51.38764,,
Tomás Romano dos Santos Händel,passing,63.784397,,
Tomás Romero Cejudo,passing,51.67358,,
Tomás do Lago Pontes Esteves,passing,58.661453,,
Toni Fuidias Ribera,passing,51.679672,,
Torben Bjarne Rhein,passing,62.84137,,
Tote António Gomes,passing,59.718876,,
Travis Joel Gary Johnson,passing,45.962578,,
Trent Jordan Ostler,passing,45.42088,,
Troy Daniel Parrott,passing,58.065403,,
Tunahan Taşçı,passing,53.729893,,
Turki Al Dhafeeri,passing,41.244583,,
Turki Marwan Al-Ammar,passing,60.88256,,
Tyla Dickinson,passing,51.67476,,
Tyler Jayden Frost,passing,52.566708,,
Tyler Jordan Magloire,passing,38.07126,,
Tyreece Romayo John-Jules,passing,50.058617,,
Tyreece Tyson Nesbett Simpson,passing,44.561554,,
Tyreek Magee,passing,58.567284,,
Tyreik Samuel Wright,passing,54.741222,,
Tyrese Momodu Fornah,passing,57.221138,,
Tyrese Sinclair,passing,53.182835,,
Tyrone Tormin,passing,52.18953,,
Téva Gardies,passing,51.68328,,
Udoka Favour Godwin-Malife,passing,53.379967,,
Ugo Bertelli,passing,59.534542,,
Ulises Rivas Gilio,passing,66.02294,,
Ulisses Alexandre Garcia Lopes,passing,54.673492,,
Ulrich Meleke,passing,48.89429,,
Ulrick Brad Eneme Ella,passing,55.558823,,
Ulrik Syversen,passing,38.565117,,
Ulrik Tillung Fredriksen,passing,46.27733,,
Unai Dufur Espelosín,passing,40.090668,,
Unai Marrero Larrañaga,passing,51.673824,,
Unai Ruiz Almandzo,passing,51.671505,,
Uriel Jové Balero,passing,50.555664,,
Urko González de Zárate Quirós,passing,58.52123,,
Uros Milovanović,passing,47.71951,,
Valdemar Byskov,passing,53.36145,,
Valdemar Lund Jensen,passing,47.50996,,
Valentin Guillaume,passing,58.827477,,
Valentin Ionuț Costache,passing,60.091938,,
Valentine James Ozornwafor,passing,43.201035,,
Valentino Vermeulen,passing,59.221203,,
Valentín Adamo,passing,55.637978,,
Valentín Alberto Burgoa,passing,63.449905,,
Valentín Demateis,passing,51.03015,,
Valery Fernández Estrada,passing,62.552284,,
Valgeir Lunddal Friðriksson,passing,47.628723,,
Valmir Veliu,passing,54.484184,,
Valton Behrami,passing,38.689186,,
Vasilios Sourlis,passing,62.76631,,
Vasilios Zagaritis,passing,49.17275,,
Vassilis Chatziemmanouil,passing,51.67585,,
Vaughn Patrick Covil,passing,48.045242,,
Vebjørn Hagen,passing,33.58146,,
Vefa Temel,passing,58.24465,,
Vicente Andrés Felipe Federico Besuijen,passing,56.479107,,
Vicente Conelli,passing,39.677746,,
Vicente Esquerdo Santas,passing,64.18559,,
Vicente Tomás Pizarro Durcudoy,passing,57.46454,,
Victor Akinwale,passing,44.920113,,
Victor Alexander da Silva,passing,59.858852,,
Victor Backman,passing,54.457176,,
Victor Bernth Kristiansen,passing,61.65475,,
Victor Blixt,passing,54.768517,,
Victor Christoffer Jensen,passing,64.50386,,
Victor Gabriel Moura de Oliveira,passing,63.498955,,
Victor Göransson,passing,53.520943,,
Victor Méndez Exposito,passing,51.67546,,
Victor Okoh Boniface,passing,50.073315,,
Victor Torp Overgaard,passing,64.44028,,
Viktor Andersson,passing,51.673687,,
Viktor Tobias Johansson,passing,51.66881,,
Viljar Røsholt Myhra,passing,51.696743,,
Vincent Angelini,passing,51.67319,,
Vincent Carsten Maria Müller,passing,51.672638,,
Vincent Gembalies,passing,41.64429,,
Vincent Schwab,passing,36.329044,,
Vincent Thill,passing,65.11714,,
Vincent Trummer,passing,53.799965,,
Vincenzo Ciriello,passing,31.193336,,
Vincenzo Garofalo,passing,60.26143,,
Vinicius Silveira de Mello,passing,36.460068,,
Vinícius Tobías da Silva,passing,50.73608,,
Vitalie Damaşcan,passing,55.689644,,
Vittorio Agostinelli,passing,55.683918,,
Vlad Nicolae Mitrea,passing,46.826538,,
Vladan Dekić,passing,51.6896,,
Vladimir Ionuț Screciu,passing,55.893463,,
Vladyslav Ostrovskyi,passing,47.17913,,
Volkan Rona,passing,51.34026,,
Víctor Alejandro Dávila Zavala,passing,64.61945,,
Víctor Andrés Meseguer Cavas,passing,66.68553,,
Víctor Gómez Perea,passing,67.133156,,
Víctor Mollejo Carpintero,passing,63.793964,,
Víctor Wehbi Aznar Ussen,passing,51.673435,,
Víctor Álvarez Rozada,passing,58.16983,,
Wahidullah Faghir,passing,47.0747,,
Walid Jarmouni,passing,48.714367,,
Walid Nassi,passing,47.4294,,
Walid Ould-Chikh,passing,59.248127,,
Wally Njie,passing,35.345234,,
Walter Angello Tandazo Silva,passing,62.56652,,
Walter Antelo,passing,39.497528,,
Walter Gabriel Pérez,passing,57.448532,,
Walter Martínez Tauda,passing,54.369972,,
Walter Mora,passing,57.072712,,
Wanya Marçal Madivádua,passing,58.006443,,
Warren Håkon Christofer Kamanzi,passing,52.081703,,
Warren Patrick O'Hora,passing,50.62156,,
Washington Bryan Corozo Becerra,passing,59.264755,,
Wassim Keddari Boulif,passing,49.372326,,
Weimar Asprilla,passing,51.66809,,
Wellington Moisés Ramírez Preciado,passing,51.67194,,
Welliton Edson Helmes Junqueira,passing,60.590405,,
Wenderson Oliviera,passing,61.186073,,
Wikelman José Carmona Torres,passing,55.38242,,
Wiktor Marek Pleśnierowicz,passing,34.10956,,
Wilbert Miguel Hernández Torrealba,passing,51.677895,,
Wilfredo Rivera Cepeda,passing,47.713406,,
Wilfrid Jaures Kaptoum,passing,66.10962,,
Will Jonathan Swan,passing,37.562336,,
William Adipepe Pandi Bapaga,passing,50.48629,,
William Agada,passing,45.05658,,
William Akio,passing,45.42253,,
William Anthony Patrick Smallbone,passing,63.65255,,
William Blackmore,passing,51.671387,,
William Bøving Vick,passing,58.39801,,
William Fitzgerald,passing,53.181458,,
William Forrester,passing,44.6839,,
William Jenkins Davies,passing,52.17643,,
William Joel Pacho Tenorio,passing,49.14173,,
William John Robert Nightingale,passing,33.6422,,
William Jääskeläinen,passing,51.68786,,
William Ludovic Brandon Bianda,passing,42.222736,,
William Luke Patching,passing,65.107155,,
William Mbongo Desire Hondermarck,passing,53.630222,,
William Smith,passing,40.027737,,
William Velasco,passing,63.27539,,
Williams Alarcón,passing,60.987885,,
Williams Kokolo,passing,48.505814,,
Williams Tortolero,passing,51.672268,,
Williot Theo Swedberg,passing,59.877483,,
Wilson José Barrios Rondón,passing,48.391438,,
Wilson Ramírez,passing,51.673626,,
Wilson Vernaza,passing,53.93914,,
Wladimir Wagner,passing,44.9646,,
Wojciech Kamiński,passing,50.48424,,
Won Ho Shin,passing,52.132607,,
Won Woo Lee,passing,35.939224,,
Xander Parke,passing,51.669754,,
Xavi Moreno,passing,56.903255,,
Xavier Casmier Amaechi,passing,54.784702,,
Xian Ghislaine Emmers,passing,63.788498,,
Yackson Stiven Rivas,passing,52.297718,,
Yacoub Al Hassan,passing,44.71175,,
Yago Cariello Ribeiro,passing,45.13052,,
Yahya Nader Moustafa Elsharif,passing,57.067154,,
Yahya Soumaré,passing,54.919373,,
Yair González,passing,58.726902,,
Yanis Maronne,passing,51.67075,,
Yanis Massolin,passing,58.66475,,
Yann Aurel Ludger Bisseck,passing,49.309383,,
Yannic Voigt,passing,52.27109,,
Yannick Kevin Marchand,passing,59.112392,,
Yannik Möker,passing,55.40516,,
Yannis Lagha,passing,48.88601,,
Yaroslav Meykher,passing,51.673912,,
Yasin Abbas Ayari,passing,59.37084,,
Yavuz Buğra Boyar,passing,51.672382,,
Yaya Dukuly,passing,42.342453,,
Yeferson Paz,passing,54.52372,,
Yehor Yarmoliuk,passing,62.72992,,
Yerco Abraham Oyanedel Hernández,passing,54.781734,,
Yerson Mosquera Valdelamar,passing,39.24391,,
Yerson Ronaldo Chacón Ramírez,passing,58.840305,,
Yesit Martínez,passing,58.89528,,
Ylan Gomes,passing,47.474125,,
Yong Hui Park,passing,38.84373,,
Younes Bakiz,passing,58.3642,,
Young Joon Lee,passing,43.675037,,
Young Jun Goh,passing,60.82961,,
Young Woo Seol,passing,61.366856,,
Yousef Fawaz,passing,38.514645,,
Youssouf Amouda Assogba,passing,48.689747,,
Youssouph Mamadou Badji,passing,51.699734,,
Youssuf Sylla,passing,45.971447,,
Yuliwes Bellache,passing,53.44641,,
Yusuf Abdulazeez,passing,44.958176,,
Yusuf Bamidele,passing,54.96095,,
Zac Guinan,passing,36.526215,,
Zach Ryan,passing,46.96547,,
Zachary Duncan,passing,56.977417,,
Zachary Hemming,passing,51.676525,,
Zachary Jeacock,passing,51.67339,,
Zachary Swanson,passing,56.59181,,
Zaid Abner Romero,passing,49.15814,,
Zak Emmerson,passing,46.654263,,
Zakaria Silini,passing,43.22577,,
Zander Mateo Cassierra Cabezas,passing,55.92539,,
Zechariah Joshua Henry Medley,passing,45.00016,,
Zeno Van Den Bosch,passing,46.666782,,
Zeze Steven Sessegnon,passing,57.512318,,
Zico Bailey,passing,51.99051,,
Zinedine Labyad,passing,40.391457,,
Zito André Sebastião Luvumbo,passing,58.914818,,
Ziyad Maher Al Jari,passing,29.188501,,
Zohran Ludovic Bassong,passing,54.258495,,
Zuriko Davitashvili,passing,62.6634,,
Àlex Baño Canellas,passing,51.672543,,
Ákos Nistor,passing,53.069424,,
Álex Bermejo Escribano,passing,64.31749,,
Álex Collado Gutiérrez,passing,72.918304,,
Álex Pastor Carayol,passing,51.53996,,
Álvaro Aceves Catalina,passing,51.671375,,
Álvaro Agustín Lagos,passing,46.492935,,
Álvaro Bastida Moya,passing,56.233597,,
Álvaro Djaló Dias Fernandes,passing,60.073746,,
Álvaro Fernández Carreras,passing,61.752094,,
Álvaro García Segovia,passing,58.052624,,
Álvaro Mantilla Pérez,passing,44.772396,,
Álvaro Martín Barreal,passing,56.469463,,
Álvaro Roncal Rivera,passing,47.94185,,
Álvaro Santamaría Arenas,passing,51.52632,,
Álvaro Sanz Catalán,passing,62.317215,,
Ángel Algobia Esteves,passing,58.357258,,
Ángel Baena Pérez,passing,58.77385,,
Ángel De La Cruz,passing,51.669537,,
Ángel Fortuño Viñas,passing,51.671898,,
Ángel Jiménez Gallego,passing,51.669456,,
Çağtay Kurukalıp,passing,50.958588,,
Édouard Michut,passing,64.70786,,
Ían Jairo Misael Torres Ramírez,passing,62.94442,,
Óli Ómarsson,passing,49.173046,,
Óscar Arribas Pasero,passing,59.592735,,
Óscar Clemente Mues,passing,66.02889,,
Óscar Coronel,passing,38.673096,,
Óscar Pinto,passing,57.68477,,
Óscar Segura,passing,55.488934,,
Óscar Ureña García,passing,61.779655,,
Ömer Faruk Beyaz,passing,65.42766,,
Ömürcan Artan,passing,50.089634,,
Özkan Yiğiter,passing,56.06681,,
Łukasz Zjawiński,passing,45.141457,,
Şahverdi Çetin,passing,58.67264,,
Șerban Tomache,passing,51.67103,,
Ștefan Marinel Vlădoiu,passing,54.519928,,
アペルカンプ 真大 カール,passing,67.23672,,
ルシアン リトバルスキー,passing,53.47789,,
万隶楷,passing,30.87583,,
上田 綺世,passing,52.444363,,
中井 卓大,passing,59.082317,,
中坂 勇哉,passing,57.42157,,
中村 敬斗,passing,59.053864,,
任康康,passing,45.29725,,
伊斯坎达·布格拉汗,passing,40.4774,,
伍承儒,passing,46.27477,,
何友族,passing,35.88423,,
何宇鹏,passing,48.00933,,
何统帅,passing,51.111446,,
何鑫杰,passing,47.622986,,
侯煜,passing,46.108276,,
俸泽源,passing,36.189766,,
内野 貴史,passing,43.045345,,
冉伟枫,passing,51.685333,,
凌杰,passing,41.90878,,
刘俊贤,passing,32.86829,,
刘国博,passing,45.152462,,
刘家辉,passing,30.035269,,
刘柏杨,passing,46.03645,,
刘浩帆,passing,29.580343,,
刘润楠,passing,28.164423,,
刘祝润,passing,37.349144,,
刘若钒,passing,56.199604,,
刘邵子洋,passing,51.669086,,
初瀬 亮,passing,55.81783,,
化铭灿,passing,49.507088,,
单欢欢,passing,34.05464,,
原 大智,passing,53.164555,,
史成龙,passing,51.71293,,
叶利江·什那尔,passing,37.679596,,
吴俊杰,passing,28.772842,,
吴少聪,passing,53.512848,,
周俊辰,passing,47.60007,,
奥抜 侃志,passing,55.20165,,
姚旭臣,passing,50.498817,,
孙健祥,passing,51.672775,,
孙学龙,passing,50.01034,,
孙宏伟,passing,32.265602,,
孟俊杰,passing,35.54619,,
季家葆,passing,51.675434,,
安部 裕葵,passing,53.985012,,
宋鑫涛,passing,46.15136,,
川﨑 修平,passing,58.96567,,
庞嘉俊,passing,51.6698,,
廖伟,passing,46.117126,,
廖垒,passing,32.915047,,
廖家骏,passing,33.0759,,
张俊业,passing,44.203716,,
张华峻,passing,40.74879,,
张威,passing,45.641186,,
张家辉,passing,45.896915,,
张建生,passing,41.16449,,
张星亮,passing,45.237938,,
张焯傲,passing,31.18205,,
张祥硕,passing,46.37095,,
张禹,passing,27.756897,,
张越,passing,45.497593,,
张辉,passing,48.81413,,
张锦梁,passing,35.006535,,
徐世龙,passing,51.67598,,
徐浩峰,passing,32.17999,,
徐浩洋,passing,53.077824,,
徐磊,passing,48.303947,,
徐越,passing,49.20892,,
慈恒龙,passing,51.68132,,
戴伟浚,passing,62.226677,,
文达,passing,37.708694,,
斉藤 光毅,passing,60.307648,,
曹孝义,passing,31.7374,,
木塔力甫·依明卡日,passing,50.448765,,
朱辰杰,passing,48.42007,,
李一嘉,passing,51.677216,,
李亚伦,passing,37.629406,,
李佳恒,passing,34.476273,,
李冠希,passing,51.676785,,
李永佳,passing,47.562916,,
李沛楠,passing,28.988895,,
李达,passing,31.389385,,
杜智轩,passing,46.19793,,
杜月徵,passing,36.77685,,
杨意林,passing,53.75986,,
杨梓豪,passing,37.591137,,
杨翼璇,passing,47.09536,,
杨辰禹,passing,45.280865,,
梁国桥,passing,31.702312,,
梁少文,passing,40.02929,,
橋岡 大樹,passing,63.547165,,
檀崎 竜孔,passing,58.537586,,
檜尾 昂樹,passing,59.219597,,
段刘愚,passing,63.142754,,
毕浩洋,passing,29.206402,,
水多 海斗,passing,51.763474,,
汪海健,passing,51.23346,,
渡井 理己,passing,64.32556,,
温家宝,passing,51.915287,,
温永骏,passing,49.46754,,
瀬古 歩夢,passing,50.621574,,
牛梓屹,passing,36.29125,,
王世龙,passing,45.816837,,
王华鹏,passing,31.52859,,
王振澳,passing,42.71913,,
王政豪,passing,32.466866,,
王文轩,passing,32.3308,,
王浩然,passing,49.136257,,
王献钧,passing,48.23269,,
王金帅,passing,51.678448,,
田中 聡,passing,58.836353,,
田川 亨介,passing,59.341084,,
町田 浩樹,passing,51.42132,,
皮梓杨,passing,46.68573,,
石炎,passing,52.954887,,
肖开提江·塔依尔,passing,27.90969,,
胡家笠,passing,48.1932,,
胡荷韬,passing,33.721058,,
胡靖,passing,27.590996,,
艾沙江·库尔班,passing,40.18536,,
艾菲尔丁·艾斯卡尔,passing,42.077263,,
苏宇亮,passing,42.022278,,
范恒博,passing,42.8466,,
蒋圣龙,passing,51.09855,,
蔡明民,passing,50.060036,,
蔡浩畅,passing,46.301987,,
赵健博,passing,38.963055,,
赵剑非,passing,32.758324,,
赵文哲,passing,27.468283,,
赵梓业,passing,40.62,,
赵越政,passing,45.995308,,
迪力依米提·土地,passing,54.359936,,
遠藤 渓太,passing,64.315704,,
邓雄涛,passing,51.67575,,
郑圣雄,passing,49.38448,,
郑雪健,passing,52.01011,,
郭瀚儒,passing,51.68191,,
郭田雨,passing,41.986042,,
阮奇龙,passing,29.899485,,
阿布力克木·阿布都沙拉木,passing,49.38864,,
阿布拉汗·哈力克,passing,50.817333,,
陈克强,passing,49.005344,,
陈国抗,passing,47.967426,,
陈宇浩,passing,30.245478,,
陈序煌,passing,44.24519,,
陈彦朴,passing,45.87418,,
陈日金,passing,34.564346,,
陈泉江,passing,39.693916,,
陈祥煜,passing,38.249,,
陈运华,passing,51.321445,,
陈雅俊,passing,49.139465,,
霍深坪,passing,51.67252,,
韦丰,passing,35.871635,,
韩东,passing,45.537357,,
韩佳奇,passing,51.689983,,
韵程,passing,28.036446,,
马昆越,passing,51.670235,,
马辅渔,passing,48.19989,,
高天语,passing,41.1413,,
高玉男,passing,51.587723,,
高翔,passing,51.682556,,
魏洺赫,passing,31.324179,,
麦高崚,passing,51.674343,,
麦麦提热依木·麦麦提艾力,passing,41.270473,,
黄光亮,passing,54.89931,,
黄家辉,passing,45.01277,,
黄锐烽,passing,49.116985,,
고재현 Jae Hyeon Ko,passing,49.40751,,
김주성 Joo-Sung Kim,passing,42.183098,,
김태환 Tae Hwan Kim,passing,54.635395,,
박지민 Ji Min Park,passing,51.66861,,
송민규 Min Kyu Song,passing,57.83895,,
오현규 Hyeon-Gyu Oh,passing,51.195778,,
유주안 Ju An You,passing,54.326553,,
이광연 Gwang Yeon Lee,passing,51.671555,,
이광혁 李光赫,passing,61.459064,,
이수빈 Soo Bin Lee,passing,58.163654,,
이준석 Joon Suk Lee,passing,49.658245,,
전세진 Jin Woo Jeon,passing,53.519028,,
조영욱 Young Wook Cho,passing,56.75475,,
천성훈 Seong Hoon Cheon,passing,42.63665,,
홍현석 Hyeon Seok Hong,passing,67.80641,,
