Nome,Target,Previsto,Effettivo (2024),Differenza
Federico Dimarco,shooting,36.0775,71.0,34.92250061035156
Jakub Szymański,shooting,28.760231,60.0,31.239768981933594
Lucas Chevalier,shooting,47.544357,75.0,27.455642700195312
Yehvann Diouf,shooting,47.544056,74.0,26.455944061279297
Connor Roberts,shooting,34.65374,61.0,26.34626007080078
Đorđe Petrović,shooting,47.543434,73.0,25.456565856933594
Matěj Kovář,shooting,47.544445,73.0,25.455554962158203
Filip Jörgensen,shooting,47.54463,73.0,25.455371856689453
Reece James,shooting,47.428776,72.0,24.571224212646484
Elia Caprile,shooting,47.54479,72.0,24.455211639404297
Bart Verbruggen,shooting,47.545147,71.0,23.454853057861328
Freddie Woodman,shooting,47.550842,71.0,23.44915771484375
Hakim Guenouche,shooting,30.78875,54.0,23.21125030517578
Oliver Christensen,shooting,47.542233,70.0,22.457767486572266
Franco Israel,shooting,47.544083,70.0,22.455917358398438
Manuel Roffo,shooting,47.544834,70.0,22.45516586303711
Mandela Keita,shooting,31.102781,53.0,21.897218704223633
Jordan Bos,shooting,36.4272,58.0,21.572799682617188
Niklas Hedl,shooting,47.54379,69.0,21.45621109008789
Stefano Turati,shooting,47.543938,69.0,21.45606231689453
James Trafford,shooting,47.54405,69.0,21.455951690673828
Nico Mantl,shooting,47.54452,69.0,21.45547866821289
Guillaume Restes,shooting,47.544563,69.0,21.45543670654297
Matheo Raab,shooting,47.544678,69.0,21.455322265625
Dimitry Bertaud,shooting,47.57047,69.0,21.42953109741211
Radosław Majecki,shooting,47.58168,69.0,21.418319702148438
Alex Palmer,shooting,47.58697,69.0,21.413028717041016
Alessio Buttaro,shooting,25.086521,46.0,20.91347885131836
Gaëtan Coucke,shooting,47.543144,68.0,20.45685577392578
Anthony Patterson,shooting,47.543224,68.0,20.456775665283203
Quentin Braat,shooting,47.543446,68.0,20.456554412841797
Gaëtan Poussin,shooting,47.545033,68.0,20.454967498779297
Lucas Lund,shooting,47.54614,68.0,20.453861236572266
Nathan Baxter,shooting,47.546597,68.0,20.45340347290039
Mile Svilar,shooting,47.582844,68.0,20.417156219482422
Tommaso Baldanzi,shooting,52.78319,73.0,20.216808319091797
Rafał Strączek,shooting,47.544025,67.0,19.455974578857422
Leopold Wahlstedt,shooting,47.544193,67.0,19.455806732177734
Ivan Nevistić,shooting,47.544327,67.0,19.455673217773438
Filip Stanković,shooting,47.544853,67.0,19.45514678955078
Moritz Nicolas,shooting,47.545002,67.0,19.454998016357422
Christian Früchtl,shooting,47.546257,67.0,19.45374298095703
Dominik Kotarski,shooting,47.54818,67.0,19.451820373535156
Carl Rushworth,shooting,47.54833,67.0,19.451671600341797
Gary Magnée,shooting,32.689976,52.0,19.31002426147461
Jonathan Dubasin,shooting,54.932236,74.0,19.067764282226562
Luca Moro,shooting,46.991043,66.0,19.008956909179688
Gabriele Zappa,shooting,32.26957,51.0,18.730430603027344
Santiago Toloza,shooting,50.324448,69.0,18.675552368164062
Niccolò Corrado,shooting,27.349329,46.0,18.650671005249023
Christian Witzig,shooting,41.358295,60.0,18.641704559326172
Ernest Nuamah,shooting,46.432377,65.0,18.567623138427734
Bartłomiej Kłudka,shooting,31.524399,50.0,18.475601196289062
Dominik Reimann,shooting,47.54097,66.0,18.459030151367188
José Arbio,shooting,47.543915,66.0,18.456085205078125
Nicolas Kristof,shooting,47.543983,66.0,18.456016540527344
Anthony Racioppi,shooting,47.544006,66.0,18.45599365234375
Phillip Menzel,shooting,47.544174,66.0,18.455825805664062
Yahia Fofana,shooting,47.544197,66.0,18.45580291748047
Bartosz Mrozek,shooting,47.545074,66.0,18.454925537109375
Matija Šarkić,shooting,47.56832,66.0,18.431678771972656
Daniel Paraschiv,shooting,47.677193,66.0,18.32280731201172
Giovanni Fabbian,shooting,43.957855,62.0,18.042144775390625
Marco Sala,shooting,36.114094,54.0,17.885906219482422
Severin Ottiger,shooting,26.116457,44.0,17.883543014526367
Christos Kourfalidis,shooting,40.466526,58.0,17.53347396850586
Joe Gauci,shooting,47.543495,65.0,17.456504821777344
Arthur Okonkwo,shooting,47.54361,65.0,17.456390380859375
Steven Benda,shooting,47.54431,65.0,17.4556884765625
Amir Saipi,shooting,47.5444,65.0,17.45560073852539
Massamba Ndiaye,shooting,47.544456,65.0,17.455543518066406
Kjell Scherpen,shooting,47.544617,65.0,17.45538330078125
Noah Atubolu,shooting,47.54463,65.0,17.455371856689453
Diant Ramaj,shooting,47.544678,65.0,17.455322265625
Jan-Christoph Bartels,shooting,47.54488,65.0,17.455120086669922
Marcel Lotka,shooting,47.544945,65.0,17.455055236816406
Niclas Thiede,shooting,47.54531,65.0,17.454689025878906
Federico Ravaglia,shooting,47.54574,65.0,17.454261779785156
Peter Vindahl Jensen,shooting,47.546543,65.0,17.45345687866211
Hakon Valdimarsson,shooting,47.550156,65.0,17.449844360351562
Tim Rönning,shooting,47.550663,65.0,17.449337005615234
Ștefan Târnovanu,shooting,47.550774,65.0,17.44922637939453
Oscar Wiklöf,shooting,38.633915,56.0,17.366085052490234
Dmytro Riznyk,shooting,47.63399,65.0,17.366008758544922
Salvatore Dario La Vardera,shooting,26.644434,44.0,17.355566024780273
Frank Ronstadt,shooting,33.653595,51.0,17.346405029296875
Josh Williams,shooting,27.73901,45.0,17.260990142822266
Andy Diouf,shooting,48.766186,66.0,17.233814239501953
Lukas Sulzbacher,shooting,33.84934,51.0,17.15066146850586
Matej Maglica,shooting,33.014885,50.0,16.98511505126953
Skelly Alvero,shooting,35.052532,52.0,16.947467803955078
Juan Pablo Torres,shooting,27.158525,44.0,16.841474533081055
Yusuf Erdoğan,shooting,50.499035,67.0,16.500965118408203
Lennart Grill,shooting,47.5423,64.0,16.457698822021484
Jonas Urbig,shooting,47.543716,64.0,16.456283569335938
Ron-Thorben Hoffmann,shooting,47.543755,64.0,16.45624542236328
Răzvan Sava,shooting,47.543896,64.0,16.456104278564453
Fabian de Keijzer,shooting,47.543972,64.0,16.45602798461914
Ionuț Gurău,shooting,47.54402,64.0,16.455978393554688
Alessandro Sorrentino,shooting,47.544052,64.0,16.455947875976562
Samuel Brolin,shooting,47.54413,64.0,16.45587158203125
Giovanni Garofani,shooting,47.54421,64.0,16.455791473388672
Luca Gemello,shooting,47.544266,64.0,16.455734252929688
Kjell Peersman,shooting,47.54445,64.0,16.455551147460938
Noah Kruth,shooting,47.544594,64.0,16.455406188964844
Roman Celentano,shooting,47.544804,64.0,16.455196380615234
Dennis Smarsch,shooting,47.54514,64.0,16.45486068725586
Nathan Trott,shooting,47.5539,64.0,16.44609832763672
Marko Johansson,shooting,47.60327,64.0,16.396728515625
Kyle Knoyle,shooting,29.63047,46.0,16.369529724121094
Bali Mumba,shooting,43.685238,60.0,16.314762115478516
Isaac Price,shooting,44.736256,61.0,16.263744354248047
Cameron Humphreys,shooting,39.848854,56.0,16.151145935058594
Dembo Sylla,shooting,34.995148,51.0,16.004852294921875
Malcom Bokele,shooting,31.060127,47.0,15.939872741699219
Mark Byrne,shooting,38.14828,54.0,15.85171890258789
Dominic Jefferies,shooting,37.297714,53.0,15.702285766601562
Björn Meijer,shooting,46.302586,62.0,15.69741439819336
Patrik Mercado,shooting,38.303097,54.0,15.696903228759766
Leighton Clarkson,shooting,47.345963,63.0,15.654037475585938
Robert Popa,shooting,47.542904,63.0,15.457096099853516
Utku Yuvakuran,shooting,47.542923,63.0,15.457077026367188
Jonas Kersken,shooting,47.54331,63.0,15.45669174194336
Andrei Gorcea,shooting,47.543423,63.0,15.45657730102539
Erdem Canpolat,shooting,47.54346,63.0,15.456539154052734
Thomas Himeur,shooting,47.54353,63.0,15.456470489501953
Ashley Maynard-Brewer,shooting,47.543568,63.0,15.456432342529297
Arthur Lyska,shooting,47.543648,63.0,15.456352233886719
Daniel Bielica,shooting,47.543793,63.0,15.456207275390625
Quentin Galvez-Diarra,shooting,47.543926,63.0,15.456073760986328
Kacper Tobiasz,shooting,47.54417,63.0,15.455829620361328
Sem Westerveld,shooting,47.544395,63.0,15.455604553222656
Boubacar Fall,shooting,47.54445,63.0,15.455551147460938
Taye Ashby-Hammond,shooting,47.544647,63.0,15.455352783203125
Michele Cerofolini,shooting,47.545353,63.0,15.454647064208984
Markus Schubert,shooting,47.54954,63.0,15.450458526611328
George Hall,shooting,43.66687,59.0,15.3331298828125
Yaimar Medina,shooting,36.856796,52.0,15.143203735351562
Noé Lebreton,shooting,40.154526,55.0,14.845474243164062
Tadeo Allende,shooting,59.16381,74.0,14.836189270019531
Kajetan Szmyt,shooting,42.260315,57.0,14.73968505859375
Nikolas Veratschnig,shooting,37.436573,52.0,14.563426971435547
Philip Fahrner,shooting,36.44421,51.0,14.555789947509766
Magnus Sjøeng,shooting,47.542637,62.0,14.45736312866211
Gabriel Slonina,shooting,47.543324,62.0,14.456676483154297
Stefan Drljača,shooting,47.543552,62.0,14.45644760131836
Daniel Barden,shooting,47.54368,62.0,14.456321716308594
Matthew Cox,shooting,47.54378,62.0,14.456218719482422
Théo De Percin,shooting,47.543823,62.0,14.4561767578125
Luis Miguel Marquines,shooting,47.543842,62.0,14.456157684326172
Xavier Dziekoński,shooting,47.543888,62.0,14.456111907958984
Luca Philipp,shooting,47.544003,62.0,14.455997467041016
Max Weiß,shooting,47.544044,62.0,14.455955505371094
Oliver Petersen,shooting,47.54414,62.0,14.455860137939453
Lasse Rieß,shooting,47.544167,62.0,14.455833435058594
Pietro Boer,shooting,47.54443,62.0,14.455570220947266
Teddy Boulhendi,shooting,47.544445,62.0,14.455554962158203
Gabriel Kobylak,shooting,47.544563,62.0,14.455436706542969
Senne Lammens,shooting,47.544598,62.0,14.455402374267578
Matthieu Rongier,shooting,47.544598,62.0,14.455402374267578
Jonathan Lima,shooting,47.54465,62.0,14.45534896850586
Jakob Golz,shooting,47.54487,62.0,14.455131530761719
Ruslan Neshcheret,shooting,47.545006,62.0,14.454994201660156
Julian Krahl,shooting,47.545044,62.0,14.4549560546875
Mateusz Kochalski,shooting,47.54562,62.0,14.45438003540039
Mattia Chiesa,shooting,47.54908,62.0,14.450920104980469
Adam Wilk,shooting,47.5524,62.0,14.447601318359375
Tobias Schützenauer,shooting,47.559513,62.0,14.440486907958984
Dimitar Mitov,shooting,47.630566,62.0,14.369434356689453
Tomás Silva,shooting,36.630947,51.0,14.36905288696289
Sofyan Chader,shooting,46.75302,61.0,14.246978759765625
Oussama Targhalline,shooting,46.913273,61.0,14.086727142333984
Igor Strzałek,shooting,42.933933,57.0,14.06606674194336
Victor Loturi,shooting,40.94726,55.0,14.052738189697266
Elio Capradossi,shooting,21.982027,36.0,14.017972946166992
Evan Ferguson,shooting,58.050846,72.0,13.949153900146484
Zeno Debast,shooting,39.058548,53.0,13.941452026367188
Leif Davis,shooting,32.090847,46.0,13.90915298461914
Joe Riley,shooting,40.104828,54.0,13.895172119140625
Bilal Brahimi,shooting,47.142452,61.0,13.857547760009766
Falko Michel,shooting,41.263416,55.0,13.736583709716797
Nathaniel Brown,shooting,31.326412,45.0,13.673587799072266
Alfie Chang,shooting,34.420322,48.0,13.57967758178711
Nicolò Cambiaghi,shooting,59.453533,73.0,13.546466827392578
Federico Giraudo,shooting,28.477825,42.0,13.522174835205078
Luca Unbehaun,shooting,47.542995,61.0,13.45700454711914
Jökull Andrésson,shooting,47.543167,61.0,13.456832885742188
Christos Talichmanidis,shooting,47.54349,61.0,13.45650863647461
Noel Törnqvist,shooting,47.54364,61.0,13.45635986328125
Manuel Ferrel,shooting,47.543716,61.0,13.456283569335938
Yann Lienard,shooting,47.543747,61.0,13.456253051757812
Hans Christian Bernat,shooting,47.544117,61.0,13.455883026123047
Joaquín Blázquez,shooting,47.54418,61.0,13.455818176269531
Ryan Schofield,shooting,47.544205,61.0,13.455795288085938
Dominique Youfeigane,shooting,47.54421,61.0,13.455791473388672
Kacper Bieszczad,shooting,47.54427,61.0,13.455730438232422
Niklas Sauter,shooting,47.54433,61.0,13.455669403076172
Fabio Rosales,shooting,47.544395,61.0,13.455604553222656
Paul Tschernuth,shooting,47.545784,61.0,13.454216003417969
Justin Heekeren,shooting,47.54726,61.0,13.452739715576172
Theo Sander,shooting,47.549465,61.0,13.45053482055664
Folarin Balogun,shooting,65.61591,79.0,13.384086608886719
Habib Diarra,shooting,39.616295,53.0,13.383705139160156
Naouirou Ahamada,shooting,47.63473,61.0,13.36526870727539
Christos Zafeiris,shooting,51.705204,65.0,13.294795989990234
Junior Mwanga,shooting,31.729214,45.0,13.27078628540039
Kailin Barlow,shooting,36.77469,50.0,13.225311279296875
Felix Götze,shooting,36.86926,50.0,13.130741119384766
Nicolas Milanovic,shooting,45.038822,58.0,12.961177825927734
Mirko Antonucci,shooting,55.130898,68.0,12.869102478027344
Daniel Wilmering,shooting,30.340101,43.0,12.65989875793457
Noah Smith,shooting,34.40015,47.0,12.599849700927734
Denis Huseinbašić,shooting,49.4329,62.0,12.567100524902344
Žan Kolmanič,shooting,39.453957,52.0,12.546043395996094
Jakob Tånnander,shooting,47.543243,60.0,12.456756591796875
Edoardo Corvi,shooting,47.54335,60.0,12.456649780273438
Sam Karssies,shooting,47.5436,60.0,12.456401824951172
Davy Rouyard,shooting,47.543674,60.0,12.45632553100586
Patrick Schulte,shooting,47.54368,60.0,12.456321716308594
Youri Schoonderwaldt,shooting,47.54379,60.0,12.45621109008789
Emre Bilgin,shooting,47.54383,60.0,12.456169128417969
Lasse Schulz,shooting,47.543877,60.0,12.456123352050781
Tomás Durso,shooting,47.54388,60.0,12.456119537353516
Cieran Slicker,shooting,47.54393,60.0,12.456069946289062
Jakub Stolarczyk,shooting,47.543972,60.0,12.45602798461914
Yannick Pandor,shooting,47.544033,60.0,12.45596694946289
Jędrzej Grobelny,shooting,47.54414,60.0,12.455860137939453
George Marks,shooting,47.54443,60.0,12.455570220947266
Thomas Hasal,shooting,47.544495,60.0,12.45550537109375
Lucien Hawryluk,shooting,47.54453,60.0,12.45547103881836
John Pulskamp,shooting,47.54458,60.0,12.455421447753906
Tobe Leysen,shooting,47.54458,60.0,12.455421447753906
Edward McGinty,shooting,47.54493,60.0,12.455070495605469
Benjamin Ozegovic,shooting,47.545033,60.0,12.454967498779297
Denis Franchi,shooting,47.545902,60.0,12.454097747802734
Vítězslav Jaroš,shooting,47.551388,60.0,12.448612213134766
Louis Jones,shooting,47.568016,60.0,12.431983947753906
Joel Coleman,shooting,47.576725,60.0,12.423274993896484
Saikou Touray,shooting,39.62023,52.0,12.379768371582031
Mark O'Hara,shooting,54.74018,67.0,12.259819030761719
Jordan Graham,shooting,51.750134,64.0,12.249866485595703
Antonio Candela,shooting,41.927475,54.0,12.072525024414062
Bradley Barcola,shooting,60.941357,73.0,12.058643341064453
Ryan Duncan,shooting,42.970436,55.0,12.029563903808594
Caleb Wiley,shooting,24.045094,36.0,11.954906463623047
Adrian Gantenbein,shooting,29.045597,41.0,11.954402923583984
Fabian Rieder,shooting,57.05164,69.0,11.948360443115234
Enzo Tchato,shooting,32.061935,44.0,11.938064575195312
Tyronne Ebuehi,shooting,39.088966,51.0,11.911033630371094
Cédric Zesiger,shooting,33.09589,45.0,11.904109954833984
Valerio Mastrantonio,shooting,44.123207,56.0,11.876792907714844
Kian Leavy,shooting,40.15362,52.0,11.846378326416016
Nectarios Triantis,shooting,22.197418,34.0,11.802581787109375
Mats Wieffer,shooting,52.258442,64.0,11.741558074951172
Mamadou Fofana,shooting,39.362133,51.0,11.637866973876953
Yassine Kechta,shooting,46.36283,58.0,11.637168884277344
Oday Dabbagh,shooting,63.382572,75.0,11.617427825927734
Hugo Larsson,shooting,44.448326,56.0,11.551673889160156
Barry Cotter,shooting,40.449173,52.0,11.550827026367188
Tjark Ernst,shooting,47.543293,59.0,11.456707000732422
Jake Turner,shooting,47.543407,59.0,11.456592559814453
Tom Hendriks,shooting,47.543503,59.0,11.456497192382812
Krzysztof Bąkowski,shooting,47.54352,59.0,11.456478118896484
Maximilian Braune,shooting,47.543728,59.0,11.45627212524414
Sławomir Abramowicz,shooting,47.54382,59.0,11.456180572509766
James Delianov,shooting,47.54383,59.0,11.456169128417969
Lukas Gütlbauer,shooting,47.54384,59.0,11.456161499023438
Luke McNicholas,shooting,47.54387,59.0,11.456130981445312
Markus Ponath,shooting,47.543922,59.0,11.456077575683594
Sebastian Selin,shooting,47.544117,59.0,11.455883026123047
Toni Stahl,shooting,47.544167,59.0,11.455833435058594
Robert Kwasigroch,shooting,47.54421,59.0,11.455791473388672
Garissone Innocent,shooting,47.54427,59.0,11.455730438232422
Daniel Adamczyk,shooting,47.544353,59.0,11.455646514892578
Petar Zovko,shooting,47.544357,59.0,11.455642700195312
Florian Schock,shooting,47.544483,59.0,11.455516815185547
Nicholas Bilokapic,shooting,47.544575,59.0,11.455425262451172
Joe Hilton,shooting,47.54467,59.0,11.455329895019531
Matteo Bignetti,shooting,47.544807,59.0,11.455192565917969
Mathys Tel,shooting,61.568535,73.0,11.431465148925781
Shane Blaney,shooting,30.575874,42.0,11.424125671386719
Timo Königsmann,shooting,47.577847,59.0,11.42215347290039
Adrian Mazilu,shooting,52.691547,64.0,11.308452606201172
William Balikwisha,shooting,50.769173,62.0,11.230827331542969
Jack Armer,shooting,32.778217,44.0,11.221782684326172
Jacen Russell-Rowe,shooting,46.830807,58.0,11.169193267822266
Ernest Poku,shooting,51.913464,63.0,11.086536407470703
Matías González,shooting,36.965794,48.0,11.03420639038086
Matěj Jurásek,shooting,58.968994,70.0,11.031005859375
George Harmon,shooting,28.992851,40.0,11.007148742675781
Nathan Tella,shooting,58.070072,69.0,10.929927825927734
James McManus,shooting,37.075237,48.0,10.924762725830078
Thijs Timmermans,shooting,40.143967,51.0,10.856033325195312
Calem Nieuwenhof,shooting,49.15282,60.0,10.847179412841797
Miles Leaburn,shooting,52.287525,63.0,10.712474822998047
Szymon Włodarczyk,shooting,55.327515,66.0,10.6724853515625
Junior Tchamadeu,shooting,43.33542,54.0,10.664581298828125
Sascha Horvath,shooting,58.42242,69.0,10.577579498291016
Adis Jasic,shooting,48.427883,59.0,10.57211685180664
Christian Kinsombi,shooting,44.47532,55.0,10.524681091308594
Bela Dumrath,shooting,47.542862,58.0,10.457138061523438
Obed Nkambadio,shooting,47.543293,58.0,10.456707000732422
Bartosz Klebaniuk,shooting,47.543312,58.0,10.456687927246094
Georgios Theocharis,shooting,47.54349,58.0,10.45650863647461
Tymur Puzankov,shooting,47.543503,58.0,10.456497192382812
Nahuel Noll,shooting,47.543583,58.0,10.456417083740234
Jon McCracken,shooting,47.54361,58.0,10.456390380859375
Lars Larsson Jendal,shooting,47.543644,58.0,10.456356048583984
Kacper Trelowski,shooting,47.54383,58.0,10.456169128417969
Bernhard Unger,shooting,47.543915,58.0,10.456085205078125
Viljami Sinisalo,shooting,47.54392,58.0,10.45608139038086
Matías Córdova,shooting,47.543934,58.0,10.456066131591797
Miguel Acosta,shooting,47.543964,58.0,10.456035614013672
Wille Jakobsson,shooting,47.543964,58.0,10.456035614013672
Daniel Klein,shooting,47.543964,58.0,10.456035614013672
Vic Chambaere,shooting,47.544014,58.0,10.455986022949219
Sander Tangvik,shooting,47.544205,58.0,10.455795288085938
Prabhsukhan Gill,shooting,47.544224,58.0,10.45577621459961
Diego González,shooting,47.544266,58.0,10.455734252929688
Tom Roufosse,shooting,47.544277,58.0,10.45572280883789
Mohamed Koné,shooting,47.54432,58.0,10.455680847167969
Mustafa Burak Bozan,shooting,47.544437,58.0,10.455562591552734
Pascal Kuiper,shooting,47.54455,58.0,10.455448150634766
Barry Lauwers,shooting,47.545006,58.0,10.454994201660156
Joe Walsh,shooting,47.54548,58.0,10.454521179199219
Conor Bradley,shooting,39.553993,50.0,10.446006774902344
Toby Savin,shooting,47.58446,58.0,10.415538787841797
Nunzio Lella,shooting,44.639282,55.0,10.3607177734375
Mohamed Kaba,shooting,41.647964,52.0,10.352035522460938
Connor Barron,shooting,46.6587,57.0,10.341300964355469
Alex Paulsen,shooting,47.65908,58.0,10.340919494628906
Cheick Conde,shooting,53.73723,64.0,10.262771606445312
Regan Slater,shooting,52.78304,63.0,10.216960906982422
Yohan Cassubie,shooting,45.797905,56.0,10.202095031738281
Jhon Durán,shooting,54.8267,65.0,10.173301696777344
Wouter Burger,shooting,52.83888,63.0,10.161121368408203
Greg Docherty,shooting,54.847137,65.0,10.152862548828125
Oliver Arblaster,shooting,39.85287,50.0,10.14712905883789
Abdessamad Ezzalzouli,shooting,59.86156,70.0,10.138439178466797
Drissa Camara,shooting,42.88516,53.0,10.11484146118164
Noah Allen,shooting,29.97043,40.0,10.029569625854492
Otto Rosengren,shooting,43.988598,54.0,10.011402130126953
Benjamin Kanuric,shooting,42.024406,52.0,9.975593566894531
Federico Redondo,shooting,50.133114,60.0,9.866886138916016
Václav Černý,shooting,60.135464,70.0,9.86453628540039
Niklas Kölle,shooting,36.315144,46.0,9.684856414794922
Reed Baker-Whiting,shooting,38.320934,48.0,9.679065704345703
Carlton Morris,shooting,61.337013,71.0,9.662986755371094
Curtis Davies,shooting,44.652138,35.0,9.652137756347656
Jannis Heuer,shooting,38.35402,48.0,9.645980834960938
Simon Adingra,shooting,59.376366,69.0,9.623634338378906
Gideon Mensah,shooting,46.467945,56.0,9.532054901123047
Jordhy Thompson,shooting,52.4779,62.0,9.522098541259766
Gabriele Corbo,shooting,28.52788,38.0,9.47212028503418
Phillip Tietz,shooting,62.537945,72.0,9.462055206298828
Murphy Mahoney,shooting,47.542915,57.0,9.457084655761719
Ethan Cox,shooting,47.54332,57.0,9.456680297851562
George Wickens,shooting,47.54333,57.0,9.456668853759766
Yusuf Karagöz,shooting,47.543385,57.0,9.456615447998047
Macklin Freke,shooting,47.543453,57.0,9.456546783447266
Jordan Wright,shooting,47.54354,57.0,9.456459045410156
Robin Roefs,shooting,47.54368,57.0,9.456321716308594
Arne Schulz,shooting,47.54375,57.0,9.456249237060547
Louis Lord,shooting,47.54377,57.0,9.456230163574219
Kayne Bonnevie,shooting,47.543804,57.0,9.456195831298828
Anthony Marcucci,shooting,47.54386,57.0,9.456138610839844
Hunter Sulte,shooting,47.54387,57.0,9.456130981445312
Louis Fortin,shooting,47.543945,57.0,9.4560546875
Mateusz Dudek,shooting,47.543983,57.0,9.456016540527344
Jan Reichert,shooting,47.544052,57.0,9.455947875976562
Jonas Nickisch,shooting,47.54409,57.0,9.455909729003906
Joachim Imbrechts,shooting,47.544228,57.0,9.455772399902344
David Skubl,shooting,47.544266,57.0,9.455734252929688
Abdul Manaf Nurudeen,shooting,47.544292,57.0,9.455707550048828
Alessandro Lai,shooting,47.544376,57.0,9.455623626708984
Joe Whitworth,shooting,47.544445,57.0,9.455554962158203
Nicola Bagnolini,shooting,47.544456,57.0,9.455543518066406
Cameron Cook,shooting,47.54483,57.0,9.455169677734375
Rafael Hornos,shooting,47.545086,57.0,9.454914093017578
Jack Wills,shooting,47.545353,57.0,9.454647064208984
Joey Kesting,shooting,47.54537,57.0,9.454631805419922
Corey Hollman,shooting,38.56247,48.0,9.437530517578125
Théo Le Bris,shooting,41.591095,51.0,9.408905029296875
Benedict Hollerbach,shooting,59.613052,69.0,9.386947631835938
Hannibal Mejbri,shooting,50.639698,60.0,9.360301971435547
Mohammed Diomande,shooting,51.672554,61.0,9.327445983886719
Anton Gaaei,shooting,38.680786,48.0,9.3192138671875
Charlie Savage,shooting,42.701744,52.0,9.298255920410156
Noah Botić,shooting,52.739388,62.0,9.260612487792969
Brandon Baiye,shooting,35.75655,45.0,9.243450164794922
Brooklyn Ezeh,shooting,32.76613,42.0,9.233871459960938
Guillermo Enrique,shooting,39.767242,49.0,9.232757568359375
Brison Fernandes,shooting,36.820976,46.0,9.179023742675781
Alejo Veliz,shooting,64.821144,74.0,9.178855895996094
Peter Bjur,shooting,50.89169,60.0,9.10831069946289
Luca Belardinelli,shooting,41.89802,51.0,9.101978302001953
Jamie McGrath,shooting,53.95172,63.0,9.04827880859375
Tim Civeja,shooting,44.014736,53.0,8.98526382446289
Brian Aguirre,shooting,52.03233,61.0,8.967670440673828
Harry Van der Saag,shooting,29.080343,38.0,8.919656753540039
Heorhii Sudakov,shooting,63.118874,72.0,8.881126403808594
Tom Bayliss,shooting,50.120865,59.0,8.879135131835938
Max Johnston,shooting,27.155268,36.0,8.844732284545898
Ervin Omić,shooting,42.246826,51.0,8.753173828125
Daouda Guindo,shooting,28.26018,37.0,8.73982048034668
Jens Odgaard,shooting,67.31478,76.0,8.685218811035156
Josué Casimir,shooting,57.319344,66.0,8.680656433105469
Franck Honorat,shooting,66.34907,75.0,8.650932312011719
Santiago Visentin,shooting,25.355259,34.0,8.64474105834961
Sven Mijnans,shooting,59.363728,68.0,8.636272430419922
Cameron Dummigan,shooting,33.380722,42.0,8.619277954101562
Vladislav Molchan,shooting,29.400387,38.0,8.599613189697266
Dennis Cirkin,shooting,38.40572,47.0,8.594280242919922
Faisal Al Ghamdi,shooting,40.416702,49.0,8.583297729492188
Karol Świderski,shooting,65.45888,74.0,8.541122436523438
Marcin Cebula,shooting,55.47797,64.0,8.522029876708984
Dilane Bakwa,shooting,53.512333,62.0,8.487667083740234
Rassoul Ndiaye,shooting,44.515583,53.0,8.484416961669922
Emmanuel Yeboah,shooting,54.518333,63.0,8.481666564941406
Ross Munro,shooting,47.543213,56.0,8.456787109375
Moritz Schulze,shooting,47.54349,56.0,8.45650863647461
Oregan Ravet,shooting,47.54353,56.0,8.456470489501953
Rudy Boulais,shooting,47.543552,56.0,8.45644760131836
Alexandre Pierre,shooting,47.543575,56.0,8.456424713134766
Felix Wienand,shooting,47.54372,56.0,8.456279754638672
Steven Hall,shooting,47.54375,56.0,8.456249237060547
Gurmeet Singh,shooting,47.54378,56.0,8.456218719482422
Justin Hammel,shooting,47.543797,56.0,8.45620346069336
Jamie Searle,shooting,47.543842,56.0,8.456157684326172
Will Dennis,shooting,47.54386,56.0,8.456138610839844
Filippo Manfrin,shooting,47.5439,56.0,8.456100463867188
Emmanuel Ochoa,shooting,47.543953,56.0,8.456047058105469
Max Hagemoser,shooting,47.544014,56.0,8.455986022949219
Nils De Mol,shooting,47.544064,56.0,8.455936431884766
Silas Ostrzinski,shooting,47.544186,56.0,8.455814361572266
Philipp Schulze,shooting,47.544426,56.0,8.455574035644531
Hannes Sveijer,shooting,47.544865,56.0,8.455135345458984
Grégoire Coudert,shooting,47.545036,56.0,8.454963684082031
Issam El Maach,shooting,47.54746,56.0,8.45254135131836
Giorgio Altare,shooting,30.555504,39.0,8.444496154785156
Gatlin O'Donkor,shooting,49.558083,58.0,8.441917419433594
Davide Bettella,shooting,26.56501,35.0,8.434989929199219
Lorcan Healy,shooting,47.574127,56.0,8.425872802734375
Oliver Hammond,shooting,42.589626,51.0,8.41037368774414
Andrea Carboni,shooting,27.603762,36.0,8.396238327026367
Cihan Çanak,shooting,49.60746,58.0,8.392539978027344
Lars Olden Larsen,shooting,60.611366,69.0,8.388633728027344
Lazar Samardžić,shooting,61.65891,70.0,8.34109115600586
Nathan Moriah-Welsh,shooting,45.734238,54.0,8.265762329101562
Valentino Müller,shooting,49.753983,58.0,8.246017456054688
Noel Buck,shooting,44.76615,53.0,8.233848571777344
Iyad Mohamed,shooting,34.786957,43.0,8.213043212890625
Yoann Cathline,shooting,53.80652,62.0,8.1934814453125
Andrea Pinamonti,shooting,67.80665,76.0,8.193351745605469
Aljoscha Kemlein,shooting,45.812603,54.0,8.187397003173828
Jordan Williams,shooting,37.818596,46.0,8.181404113769531
Carlo Armiento,shooting,52.82948,61.0,8.170520782470703
Federico Bonazzoli,shooting,63.840134,72.0,8.159866333007812
Maxwell Gyamfi,shooting,29.846397,38.0,8.153602600097656
Cassius Mailula,shooting,51.854244,60.0,8.145755767822266
Marco Curto,shooting,28.880768,37.0,8.119232177734375
Kamory Doumbia,shooting,55.88516,64.0,8.11484146118164
Jobe Bellingham,shooting,45.886543,54.0,8.113456726074219
Nicolás Rossi,shooting,58.89689,67.0,8.103111267089844
Dominic Solanke,shooting,65.90534,74.0,8.094657897949219
Erik Dueñas,shooting,27.907696,36.0,8.092304229736328
Moritz Broschinski,shooting,56.917747,65.0,8.082252502441406
Tim Rossmann,shooting,50.932022,59.0,8.067977905273438
Louis Munteanu,shooting,61.947323,70.0,8.052677154541016
Tim Iroegbunam,shooting,48.976044,57.0,8.023956298828125
Callum Doyle,shooting,27.021685,35.0,7.978315353393555
Vladyslav Vanat,shooting,60.02803,68.0,7.9719696044921875
Jerry Yates,shooting,63.02983,71.0,7.9701690673828125
Brian Gutiérrez,shooting,50.09732,58.0,7.902679443359375
Tyler Roberts,shooting,57.10996,65.0,7.890041351318359
Amir Richardson,shooting,50.115067,58.0,7.8849334716796875
Stephen Kelly,shooting,57.116173,65.0,7.883827209472656
Justin Ferizaj,shooting,42.14786,50.0,7.852138519287109
Magnus Riisnæs,shooting,46.1928,54.0,7.807201385498047
Marin Šverko,shooting,29.192923,37.0,7.807077407836914
Christian Viet,shooting,33.205395,41.0,7.794605255126953
Billal Brahimi,shooting,62.206017,70.0,7.793983459472656
Luke Heeney,shooting,48.775158,41.0,7.775157928466797
Calvin Twigt,shooting,46.231514,54.0,7.768486022949219
Arda Güler,shooting,62.23336,70.0,7.766639709472656
Zac Ashworth,shooting,42.259678,50.0,7.740322113037109
Ibrahim Cissé,shooting,30.265583,38.0,7.734416961669922
Kevin Paredes,shooting,48.275536,56.0,7.724464416503906
Sebastián González,shooting,55.32865,63.0,7.671348571777344
Luka Romero,shooting,53.390728,61.0,7.609272003173828
Jacob Ondrejka,shooting,52.446777,60.0,7.55322265625
Nicolai Rapp,shooting,34.467335,42.0,7.532665252685547
Adam Buksa,shooting,64.53619,72.0,7.463813781738281
David Robson,shooting,47.54339,55.0,7.456611633300781
Hunor Gedő,shooting,47.543396,55.0,7.45660400390625
Mio Backhaus,shooting,47.543663,55.0,7.456336975097656
Jordan Amissah,shooting,47.54381,55.0,7.456188201904297
Paul Schermer,shooting,47.54384,55.0,7.4561614990234375
Filip Marschall,shooting,47.543858,55.0,7.456142425537109
Sam Tickle,shooting,47.543907,55.0,7.456092834472656
Dheeraj Singh Moirangthem,shooting,47.544006,55.0,7.45599365234375
Blondy Nna Noukeu,shooting,47.54408,55.0,7.455921173095703
Jackson Smith,shooting,47.544167,55.0,7.455833435058594
Liam Isherwood,shooting,47.544228,55.0,7.455772399902344
André Picornell,shooting,47.544357,55.0,7.4556427001953125
Ghjuvanni Quilichini,shooting,47.54455,55.0,7.455448150634766
Laurin Mack,shooting,47.54463,55.0,7.455371856689453
Martin Delavallée,shooting,47.544678,55.0,7.455322265625
Sven Jansen,shooting,47.545406,55.0,7.454593658447266
Casper Andersson,shooting,47.545647,55.0,7.454353332519531
Maurice Dehler,shooting,47.54693,55.0,7.453071594238281
Jack Clarke,shooting,60.55457,68.0,7.445430755615234
Maksim Stjopin,shooting,45.55551,53.0,7.444488525390625
Rami Al Hajj,shooting,51.556103,59.0,7.443897247314453
Thijs Dallinga,shooting,67.558136,75.0,7.441864013671875
Tate Russell,shooting,38.569798,46.0,7.430202484130859
Kendall Burks,shooting,36.5756,44.0,7.424400329589844
Jannik Rochelt,shooting,52.581917,60.0,7.418083190917969
Bartłomiej Wdowik,shooting,44.58758,52.0,7.412418365478516
Eber Moreno,shooting,42.59419,50.0,7.405811309814453
Yankuba Minteh,shooting,46.59428,54.0,7.405719757080078
Shurandy Sambo,shooting,35.60944,43.0,7.390560150146484
Luca Kerber,shooting,45.655342,53.0,7.344657897949219
Bojan Miovski,shooting,63.714077,71.0,7.285923004150391
Konstantinos Koulierakis,shooting,32.71648,40.0,7.283519744873047
Seydouba Cisse,shooting,58.721153,66.0,7.278846740722656
Henry Rorig,shooting,39.72422,47.0,7.275779724121094
Sacha Delaye,shooting,44.73235,52.0,7.267650604248047
Elias Jelert,shooting,48.73995,56.0,7.260051727294922
Marco Nasti,shooting,53.748177,61.0,7.251823425292969
Bilal Boutobba,shooting,61.787533,69.0,7.212467193603516
Désiré Doué,shooting,58.834972,66.0,7.165027618408203
Luciano Gondou,shooting,63.837456,71.0,7.162544250488281
Alessandro Lopane,shooting,40.852245,48.0,7.147754669189453
Farès Chaïbi,shooting,59.853123,67.0,7.146877288818359
Benjamin Bouchouari,shooting,46.861496,54.0,7.1385040283203125
Sumit Rathi,shooting,25.890076,33.0,7.10992431640625
Jaheim Headley,shooting,46.8995,54.0,7.100498199462891
Justen Glad,shooting,27.925308,35.0,7.0746917724609375
Liam Lindsay,shooting,27.954443,35.0,7.045557022094727
Nene Dorgeles,shooting,62.98433,70.0,7.0156707763671875
Nikolai Hopland,shooting,34.00126,41.0,6.998741149902344
Isak Vanlalruatfela,shooting,42.009525,49.0,6.990474700927734
Steve Ngoura,shooting,54.02005,61.0,6.979949951171875
Dennis Gjengaar,shooting,43.055298,50.0,6.9447021484375
Jens Castrop,shooting,42.083504,49.0,6.916496276855469
Tyler Goodrham,shooting,47.08359,54.0,6.916408538818359
Youssef Chermiti,shooting,62.089405,69.0,6.910594940185547
Ahmed Al Ghamdi,shooting,46.092003,53.0,6.907997131347656
Milan Robberechts,shooting,50.125576,57.0,6.874423980712891
Nathan-Dylan Saliba,shooting,38.13615,45.0,6.863849639892578
Lewis Ferguson,shooting,66.140045,73.0,6.859954833984375
Nelson Palacio,shooting,54.142597,61.0,6.857402801513672
Cyril Ngonge,shooting,64.1441,71.0,6.855903625488281
Henrik Skogvold,shooting,50.20764,57.0,6.7923583984375
Reece Hutchinson,shooting,30.214546,37.0,6.785453796386719
Ola Brynhildsen,shooting,63.224323,70.0,6.775676727294922
Adam Armstrong,shooting,66.234985,73.0,6.7650146484375
Orri Óskarsson,shooting,54.24306,61.0,6.756938934326172
Abdulaziz Makin,shooting,41.25247,48.0,6.747531890869141
Bobby Adekanye,shooting,54.256676,61.0,6.743324279785156
Kenzo Goudmijn,shooting,49.259293,56.0,6.7407073974609375
Fardin Ali Molla,shooting,45.26659,52.0,6.733409881591797
Darren Robinson,shooting,35.311245,42.0,6.688755035400391
Cristian Volpato,shooting,57.33782,64.0,6.662181854248047
Thibo Somers,shooting,63.370598,70.0,6.629402160644531
Oliver Sørensen,shooting,48.384037,55.0,6.615962982177734
Michel Ndary Adopo,shooting,47.395344,54.0,6.604656219482422
Marcel Wędrychowski,shooting,47.40252,54.0,6.597480773925781
Luca Warrick Koleosho,shooting,52.41517,59.0,6.584831237792969
Himad Abdelli,shooting,58.42175,65.0,6.578250885009766
Harry Steele,shooting,37.43164,44.0,6.568359375
Connor Malley,shooting,50.45381,57.0,6.5461883544921875
Cameron Carter-Vickers,shooting,24.47182,31.0,6.528179168701172
Sikou Niakaté,shooting,32.47362,39.0,6.526378631591797
Eliezer Mayenda,shooting,53.47531,60.0,6.524688720703125
Killian Phillips,shooting,51.508495,58.0,6.491504669189453
Tasos Douvikas,shooting,65.526695,72.0,6.473304748535156
Reo Griffiths,shooting,61.469296,55.0,6.469295501708984
Théo Chatelain,shooting,47.54354,54.0,6.456459045410156
Celestin De Schrevel,shooting,47.543602,54.0,6.456398010253906
Facundo Sanguinetti,shooting,47.54362,54.0,6.456378936767578
Storm Strand-Kolbjørnsen,shooting,47.54368,54.0,6.456321716308594
James Holden,shooting,47.543705,54.0,6.456295013427734
Magnus Rugland Ree,shooting,47.543915,54.0,6.456085205078125
Cian Tyler,shooting,47.543934,54.0,6.456066131591797
Thomas Gillier,shooting,47.544018,54.0,6.455982208251953
Szymon Weirauch,shooting,47.54403,54.0,6.455970764160156
Federico Brancolini,shooting,47.544155,54.0,6.455844879150391
Luca Bendel,shooting,47.54416,54.0,6.455841064453125
Maciej Kowal,shooting,47.5444,54.0,6.455600738525391
Johannes Schenk,shooting,47.54477,54.0,6.455230712890625
Isaac Boehmer,shooting,47.545376,54.0,6.454624176025391
Rhys Byrne,shooting,47.546024,54.0,6.453975677490234
Andreas Gülstorff,shooting,47.546097,54.0,6.4539031982421875
Mohamed Daramy,shooting,57.569775,64.0,6.430225372314453
Arnaud Lusamba,shooting,57.600647,64.0,6.39935302734375
Élysée Logbo,shooting,53.619293,60.0,6.380706787109375
Yadaly Diaby,shooting,52.62835,59.0,6.371650695800781
Alexander Bernhardsson,shooting,52.62991,59.0,6.370090484619141
Joshua Wilson-Esbrand,shooting,32.633656,39.0,6.366344451904297
Tyler Walker,shooting,59.636677,66.0,6.363323211669922
Kian Moore,shooting,47.638374,54.0,6.361625671386719
Rico Lewis,shooting,36.6635,43.0,6.336498260498047
Moustapha Mbow,shooting,29.683886,36.0,6.31611442565918
Johan Bakayoko,shooting,59.71318,66.0,6.2868194580078125
Ruben Providence,shooting,57.71545,64.0,6.284549713134766
Michał Rakoczy,shooting,58.716446,65.0,6.2835540771484375
Göktan Gürpüz,shooting,42.719296,49.0,6.280704498291016
Krystian Okoniewski,shooting,49.71966,56.0,6.280338287353516
Bautista Kociubinski,shooting,48.72496,55.0,6.2750396728515625
Antoine Makoumbou,shooting,47.745674,54.0,6.254325866699219
Myron van Brederode,shooting,49.74906,56.0,6.250938415527344
Gustav Grubbe,shooting,23.754284,30.0,6.245716094970703
Sem Steijn,shooting,60.75649,67.0,6.243511199951172
Danny Amos,shooting,37.767998,44.0,6.232002258300781
Fisayo Dele-Bashiru,shooting,54.768066,61.0,6.23193359375
Tommy Leigh,shooting,56.784008,63.0,6.215991973876953
Ramiro Sordo,shooting,60.789467,67.0,6.210533142089844
Luciano Boggio,shooting,52.804096,59.0,6.195903778076172
Kylian Kaïboué,shooting,53.80529,60.0,6.194709777832031
Vegard Kongsro,shooting,34.811947,41.0,6.188053131103516
Benedikt Gimber,shooting,41.817375,48.0,6.182624816894531
Cătălin Cîrjan,shooting,52.818794,59.0,6.181205749511719
Sydney van Hooijdonk,shooting,67.82517,74.0,6.174827575683594
Mario Stroeykens,shooting,57.831345,64.0,6.1686553955078125
Kyle Hurst,shooting,46.85984,53.0,6.140159606933594
Maxim De Cuyper,shooting,64.85995,71.0,6.140052795410156
Darian Males,shooting,58.867428,65.0,6.132572174072266
Darren Yapi,shooting,48.86776,55.0,6.132240295410156
Jack Hamilton,shooting,53.86824,60.0,6.1317596435546875
Constantin Grameni,shooting,57.876297,64.0,6.1237030029296875
Fabian Reese,shooting,61.90945,68.0,6.090549468994141
Philipp Treu,shooting,33.9102,40.0,6.089801788330078
Mads Døhr Thychosen,shooting,58.088963,52.0,6.088962554931641
Milutin Osmajić,shooting,66.94844,73.0,6.0515594482421875
Tom Zimmerschied,shooting,54.96259,61.0,6.037410736083984
Owen Wolff,shooting,38.018173,44.0,5.9818267822265625
Kegs Chauke,shooting,46.020588,52.0,5.979412078857422
Adrián Sánchez,shooting,49.0271,55.0,5.972900390625
Nick Woltemade,shooting,60.040985,66.0,5.959014892578125
Marvin Mehlem,shooting,59.06063,65.0,5.939369201660156
Martin Samuelsen,shooting,55.065845,61.0,5.934154510498047
Mads Hansen,shooting,61.0846,67.0,5.915401458740234
Lorenzo Colombo,shooting,68.08963,74.0,5.910369873046875
Jamie Mullins,shooting,48.095848,54.0,5.904151916503906
Mads Pedersen,shooting,46.10179,52.0,5.8982086181640625
Vikram Singh,shooting,50.89347,45.0,5.893470764160156
Maren Haile-Selassie,shooting,54.106827,60.0,5.8931732177734375
Ibrahim Sadiq,shooting,55.115063,61.0,5.884937286376953
Jesurun Rak-Sakyi,shooting,60.121452,66.0,5.878547668457031
Bledian Krasniqi,shooting,53.12569,59.0,5.874309539794922
Aral Şimşir,shooting,56.12768,62.0,5.872318267822266
Franco Fagúndez,shooting,68.14085,74.0,5.859153747558594
Faris Pemi Moumbagna,shooting,57.14379,63.0,5.856208801269531
Kyle McAllister,shooting,61.81369,56.0,5.813690185546875
Luke Bolton,shooting,49.21098,55.0,5.789020538330078
Artem Bondarenko,shooting,64.23113,70.0,5.768867492675781
Simon Elisor,shooting,60.275284,66.0,5.7247161865234375
Daniel Bîrligea,shooting,57.295033,63.0,5.704967498779297
Derry Scherhant,shooting,58.32145,64.0,5.678550720214844
Hákon Arnar Haraldsson,shooting,59.32728,65.0,5.672721862792969
Aleksander D. Nilsson,shooting,42.33197,48.0,5.66802978515625
Marc Leonard,shooting,45.357468,51.0,5.6425323486328125
Barış Alper Yılmaz,shooting,64.36411,70.0,5.635887145996094
Frank Magri,shooting,65.3841,71.0,5.615898132324219
Bartuğ Elmaz,shooting,50.38873,56.0,5.611270904541016
Santiago Castro,shooting,59.396297,65.0,5.603702545166016
Maurits Kjaergaard,shooting,64.40265,70.0,5.59735107421875
Mayckel Lahdo,shooting,54.402824,60.0,5.597175598144531
Ibrahim Said,shooting,51.405544,57.0,5.594455718994141
Matthias Bader,shooting,33.41077,39.0,5.589229583740234
Jesper Skau,shooting,34.41886,40.0,5.581138610839844
Rocco Ascone,shooting,46.427094,52.0,5.572906494140625
Amine Salama,shooting,62.428165,68.0,5.571834564208984
Sean Zawadzki,shooting,44.442577,50.0,5.557422637939453
Tanner Tessmann,shooting,46.45677,52.0,5.5432281494140625
Brandon Kavanagh,shooting,45.469727,51.0,5.5302734375
Yordi López,shooting,45.47487,51.0,5.5251312255859375
Petko Hristov,shooting,32.487152,38.0,5.512847900390625
Million Manhoef,shooting,57.487736,63.0,5.512264251708984
Zeki Amdouni,shooting,68.494316,74.0,5.505683898925781
Harrison Burrows,shooting,51.497555,57.0,5.502445220947266
Kyan Vaesen,shooting,62.513668,68.0,5.486331939697266
Jacopo Fazzini,shooting,45.519882,51.0,5.4801177978515625
Andrei Dragu,shooting,46.524162,52.0,5.475837707519531
Guillermo Balzi,shooting,51.528652,57.0,5.471347808837891
Crysencio Summerville,shooting,63.529453,69.0,5.470546722412109
Henry Hore,shooting,53.534454,59.0,5.465545654296875
Antonio Carrera,shooting,47.54333,53.0,5.456668853759766
Lewis Webb,shooting,47.54337,53.0,5.456630706787109
Adam Ingi Benediktsson,shooting,47.543427,53.0,5.456573486328125
Ted Cann,shooting,47.543438,53.0,5.456562042236328
Leander Øy,shooting,47.54353,53.0,5.456470489501953
Harvey Wiles-Richards,shooting,47.543587,53.0,5.456413269042969
Armin Abaz,shooting,47.543705,53.0,5.456295013427734
Ben Bottomley,shooting,47.543972,53.0,5.456027984619141
Matthew Sutton,shooting,47.54422,53.0,5.455780029296875
CJ dos Santos,shooting,47.544285,53.0,5.455715179443359
Lara Sharma,shooting,47.54432,53.0,5.455680847167969
Kayne van Oevelen,shooting,47.54436,53.0,5.455638885498047
Aske Andresen,shooting,47.544888,53.0,5.455112457275391
Aaron Ramsey,shooting,57.553158,63.0,5.446842193603516
Abdul Rabeeh,shooting,42.56183,48.0,5.43817138671875
Musab Al Juwair,shooting,51.56281,57.0,5.437191009521484
Kristoffer Velde,shooting,61.567585,67.0,5.432415008544922
Azeem Abdulai,shooting,32.59896,38.0,5.401039123535156
Souleymane Diaby,shooting,45.59967,51.0,5.40032958984375
Lewis Hall,shooting,48.61043,54.0,5.389568328857422
Tomás González,shooting,60.617382,66.0,5.382617950439453
Emmanuel Iyoha,shooting,62.627735,68.0,5.372264862060547
Eric Martel,shooting,45.633858,51.0,5.366142272949219
Liam Bennett,shooting,28.635044,34.0,5.364955902099609
Tom Bischof,shooting,49.635063,55.0,5.364936828613281
Greg Kiltie,shooting,53.65483,59.0,5.3451690673828125
Jordan Brown,shooting,30.668858,36.0,5.331142425537109
Manfred Ugalde,shooting,65.70647,71.0,5.2935333251953125
Alexis Tibidi,shooting,59.716335,65.0,5.283664703369141
Harvey Lintott,shooting,33.72094,39.0,5.279060363769531
Jamie Roche,shooting,42.72305,48.0,5.276950836181641
Taylor Gardner-Hickman,shooting,54.72793,60.0,5.272071838378906
Justin Salmon,shooting,42.7348,48.0,5.265201568603516
Casper Terho,shooting,56.73925,62.0,5.260749816894531
Jake Rooney,shooting,35.74083,41.0,5.2591705322265625
Alexander Ranacher,shooting,48.750423,54.0,5.249576568603516
Henrik Molvær Melland,shooting,38.75183,44.0,5.2481689453125
Agustín Giay,shooting,52.75866,58.0,5.241340637207031
Kastriot Imeri,shooting,66.760826,72.0,5.239173889160156
Andrea Danzi,shooting,41.78152,47.0,5.218479156494141
Armindo Sieb,shooting,58.78593,64.0,5.214069366455078
Sonny Carey,shooting,51.807285,57.0,5.192714691162109
Sam Taylor,shooting,49.809322,55.0,5.190677642822266
Nelson Weiper,shooting,59.830185,65.0,5.1698150634765625
Lewis Bate,shooting,50.833294,56.0,5.166706085205078
Alexander Prass,shooting,59.83392,65.0,5.166080474853516
Ibrahima Cissé,shooting,24.835312,30.0,5.1646881103515625
Liam Gibbs,shooting,49.840534,55.0,5.159465789794922
Patrick Osterhage,shooting,48.84319,54.0,5.156810760498047
Filippo Ranocchia,shooting,53.845886,59.0,5.15411376953125
Alfie Devine,shooting,53.888153,59.0,5.111846923828125
Tobias Bech,shooting,60.89522,66.0,5.104778289794922
Filip Trpcevski,shooting,48.90513,54.0,5.094871520996094
Samuel Stückler,shooting,49.909405,55.0,5.090595245361328
Jordy Makengo,shooting,21.909664,27.0,5.090335845947266
Iván Tapia,shooting,62.916943,68.0,5.083057403564453
Emanuel Emegha,shooting,59.922146,65.0,5.077854156494141
Daniel Eduardo Juárez,shooting,62.92222,68.0,5.077781677246094
Grejohn Kyei,shooting,64.92226,70.0,5.0777435302734375
Jacob Greaves,shooting,30.932451,36.0,5.067548751831055
Adam Gnezda Čerin,shooting,54.938587,60.0,5.061412811279297
Liam Kerrigan,shooting,54.94008,60.0,5.0599212646484375
Mathias Løvik,shooting,27.943848,33.0,5.05615234375
Tommy Lonergan,shooting,53.957993,59.0,5.0420074462890625
Filip Marchwiński,shooting,57.97156,63.0,5.028438568115234
Andy Smith,shooting,26.989769,32.0,5.010231018066406
Japhet Sery Larsen,shooting,35.994038,41.0,5.005962371826172
Morten Thorsby,shooting,58.008068,63.0,4.991931915283203
Mark Dignam,shooting,36.011555,41.0,4.988445281982422
Francisco Perruzzi,shooting,40.02436,45.0,4.975639343261719
Facundo Bruera,shooting,69.02465,74.0,4.975349426269531
Paul Omo Mukairu,shooting,61.966537,57.0,4.9665374755859375
Norman Bassette,shooting,55.035385,60.0,4.9646148681640625
Aleksa Terzić,shooting,40.041492,45.0,4.958507537841797
Sonny Perkins,shooting,56.05762,61.0,4.942378997802734
Nesta Guinness-Walker,shooting,31.085289,36.0,4.914710998535156
Akor Jerome Adams,shooting,61.092148,66.0,4.9078521728515625
Matteo Rover,shooting,61.111996,66.0,4.888004302978516
Formose Mendy,shooting,32.13299,37.0,4.867008209228516
Adrian Benedyczak,shooting,59.134014,64.0,4.865985870361328
Daniel Maldini,shooting,56.135056,61.0,4.8649444580078125
Nabil Alioui,shooting,63.138565,68.0,4.8614349365234375
Justin Butler,shooting,53.14704,58.0,4.852958679199219
Jacob Shaffelburg,shooting,55.15516,60.0,4.844841003417969
Meritan Shabani,shooting,53.156662,58.0,4.8433380126953125
Morgan Whittaker,shooting,60.16093,65.0,4.839069366455078
Scott Wright,shooting,57.16997,62.0,4.830028533935547
Ryan Trevitt,shooting,53.193195,58.0,4.806804656982422
Noah Ohio,shooting,61.200897,66.0,4.799102783203125
Mamadou Camara,shooting,56.203407,61.0,4.796592712402344
Vlad Pop,shooting,47.206932,52.0,4.793067932128906
Fabio Torsiello,shooting,54.225773,59.0,4.774227142333984
Isak Helstad Amundsen,shooting,32.237305,37.0,4.7626953125
Casper Tengstedt,shooting,62.24474,67.0,4.755260467529297
Daniel Svensson,shooting,41.283558,46.0,4.716442108154297
Promise Omochere,shooting,53.283676,58.0,4.7163238525390625
Joel Mvuka,shooting,52.292793,57.0,4.707206726074219
Zymer Bytyqi,shooting,62.301994,67.0,4.698005676269531
Liam Ravenhill,shooting,38.305294,43.0,4.694705963134766
Michał Karbownik,shooting,40.310658,45.0,4.689342498779297
Tim Skarke,shooting,63.312157,68.0,4.687843322753906
Hugo Siquet,shooting,54.31629,59.0,4.683708190917969
Jocelyn Janneh,shooting,41.350163,46.0,4.649837493896484
Carl Gustafsson,shooting,47.352123,52.0,4.647876739501953
Samuel Folarin,shooting,55.365772,60.0,4.634227752685547
Adam Obert,shooting,33.39295,38.0,4.607051849365234
Rory Jordan,shooting,46.39595,51.0,4.6040496826171875
Simon Olsson,shooting,47.397915,52.0,4.602085113525391
Darragh Markey,shooting,53.59459,49.0,4.5945892333984375
Martin Baturina,shooting,62.414406,67.0,4.585594177246094
Samuele Mulattieri,shooting,64.419846,69.0,4.5801544189453125
Facundo Buonanotte,shooting,58.435524,63.0,4.564476013183594
Kieran Cruise,shooting,25.439371,30.0,4.560628890991211
Chem Campbell,shooting,55.441338,60.0,4.558662414550781
William Osula,shooting,55.44541,60.0,4.554588317871094
Malik Tillman,shooting,63.452557,68.0,4.547443389892578
Jarrod Carluccio,shooting,45.453274,50.0,4.546726226806641
Jusef Erabi,shooting,53.472927,58.0,4.527072906494141
Linton Maina,shooting,57.476685,62.0,4.5233154296875
Jayden Oosterwolde,shooting,36.491158,41.0,4.508842468261719
Ibrahima Kébé,shooting,56.495193,61.0,4.5048065185546875
Griffin Dorsey,shooting,48.500607,53.0,4.499393463134766
Paul-Philipp Besong,shooting,54.5009,59.0,4.4990997314453125
Andy Cannon,shooting,48.503517,53.0,4.496482849121094
Giordano Colli,shooting,51.511353,56.0,4.4886474609375
Maximilien Balard,shooting,46.514153,51.0,4.485847473144531
Mateusz Żukowski,shooting,52.51802,57.0,4.4819793701171875
Nathan Harness,shooting,47.543125,52.0,4.456874847412109
Toms Leitis,shooting,47.543255,52.0,4.456745147705078
Magnus Nielsen,shooting,47.5433,52.0,4.456699371337891
Samik Mitra,shooting,47.543476,52.0,4.456523895263672
Alexandru Utiu,shooting,47.543568,52.0,4.456432342529297
Luis Guillén,shooting,47.543667,52.0,4.456333160400391
Arsh Shaikh,shooting,47.54382,52.0,4.456180572509766
Sachin Suresh,shooting,47.54388,52.0,4.456119537353516
Abraham Rodriguez,shooting,47.543907,52.0,4.456092834472656
Vishal Yadav,shooting,47.544193,52.0,4.455806732177734
Ibrahim Salah,shooting,56.54691,61.0,4.453090667724609
Luca Langoni,shooting,63.55198,68.0,4.448020935058594
Jordan Storey,shooting,28.552454,33.0,4.447546005249023
Moritz Oswald,shooting,47.554592,52.0,4.445407867431641
Jonathan Rowe,shooting,59.566673,64.0,4.433326721191406
Matthéo Xantippe,shooting,33.566807,38.0,4.433193206787109
Alfie Doughty,shooting,44.596626,49.0,4.403373718261719
Siriné Doucouré,shooting,57.598522,62.0,4.401477813720703
Matías Alfonso,shooting,55.60604,60.0,4.393959045410156
Julián Fernández,shooting,58.388763,54.0,4.388763427734375
Brian Salvareschi,shooting,28.618382,33.0,4.381618499755859
Giannis Konstantelias,shooting,56.62189,61.0,4.378108978271484
Finn Ole Becker,shooting,50.631363,55.0,4.3686370849609375
Caspar Jander,shooting,42.642494,47.0,4.357505798339844
James McAtee,shooting,58.64267,63.0,4.357330322265625
Rémy Vita,shooting,40.645466,45.0,4.354534149169922
Samuel Silvera,shooting,53.647243,58.0,4.352756500244141
Adam Murphy,shooting,47.658916,52.0,4.341083526611328
Ziyad Larkeche,shooting,31.663685,36.0,4.336315155029297
Marvin Senaya,shooting,36.665047,41.0,4.334953308105469
Jean N'Guessan,shooting,52.670677,57.0,4.329322814941406
Agustín Sández,shooting,37.684887,42.0,4.315113067626953
Jack McGlynn,shooting,46.692772,51.0,4.307228088378906
Lequincio Zeefuik,shooting,53.700962,58.0,4.299037933349609
Kaan Caliskaner,shooting,59.7116,64.0,4.288398742675781
Oliver Cooper,shooting,54.718945,59.0,4.281055450439453
Alessandro Zanoli,shooting,35.719933,40.0,4.280067443847656
Noel Eichinger,shooting,55.7238,60.0,4.2761993408203125
Liam Cullen,shooting,62.737797,67.0,4.262203216552734
Tommy Conway,shooting,59.744816,64.0,4.255184173583984
James Clarke,shooting,49.74956,54.0,4.250438690185547
Quilindschy Hartman,shooting,38.755257,43.0,4.244743347167969
Isak Hien,shooting,32.764866,37.0,4.235134124755859
Tijjani Noslin,shooting,57.77076,62.0,4.229240417480469
Hampus Finndell,shooting,59.783886,64.0,4.216114044189453
Marcelo Esponda,shooting,53.78436,58.0,4.215641021728516
Giuliano Simeone,shooting,64.795815,69.0,4.204185485839844
Jacob Wakeling,shooting,55.797012,60.0,4.2029876708984375
David Schnegg,shooting,51.80163,56.0,4.198371887207031
Ole Enersen,shooting,42.80736,47.0,4.192638397216797
Aidomo Emakhu,shooting,50.81376,55.0,4.186241149902344
Dragoș Albu,shooting,56.814144,61.0,4.185855865478516
Sam Sanna,shooting,51.817593,56.0,4.182407379150391
Femi Azeez,shooting,59.8193,64.0,4.180698394775391
Jake Hollman,shooting,49.822178,54.0,4.177822113037109
Lukas Schleimer,shooting,54.82279,59.0,4.177211761474609
Harrison Ashby,shooting,39.82639,44.0,4.173610687255859
Tomasz Pieńko,shooting,54.840744,59.0,4.1592559814453125
Joe Mendes,shooting,35.844505,40.0,4.155494689941406
Mohamed Belhadj Mahmoud,shooting,45.846,50.0,4.153999328613281
Julius Eskesen,shooting,48.846355,53.0,4.153644561767578
Julian Ryerson,shooting,55.849483,60.0,4.150516510009766
Oliver Alfonsi,shooting,50.849716,55.0,4.1502838134765625
Osame Sahraoui,shooting,51.856743,56.0,4.143257141113281
Cameron Archer,shooting,66.861626,71.0,4.138374328613281
Bryce Duke,shooting,51.86195,56.0,4.138050079345703
Yanis Begraoui,shooting,59.868267,64.0,4.131732940673828
Maximiliano Caufriez,shooting,25.880232,30.0,4.119768142700195
Armin Gigović,shooting,50.88035,55.0,4.119651794433594
Vicente Taborda,shooting,63.888783,68.0,4.111217498779297
Fotis Ioannidis,shooting,67.889305,72.0,4.110694885253906
Jordan James,shooting,47.903355,52.0,4.096645355224609
Alex Gilbert,shooting,56.919334,61.0,4.080665588378906
Dawid Drachal,shooting,46.925095,51.0,4.0749053955078125
Henrik Heggheim,shooting,28.92719,33.0,4.072809219360352
Nicholas Gioacchini,shooting,64.928474,69.0,4.071525573730469
Lars Kehl,shooting,57.929775,62.0,4.070224761962891
Marvin De Lima,shooting,48.93032,53.0,4.069679260253906
Rasmus Örqvist,shooting,55.939316,60.0,4.0606842041015625
Asish Rai,shooting,36.96451,41.0,4.035488128662109
Malcolm Ebiowei,shooting,58.9668,63.0,4.033199310302734
Ștefan Baiaram,shooting,55.97821,60.0,4.02178955078125
Dragoș Iancu,shooting,57.0185,53.0,4.018501281738281
James Bree,shooting,40.988453,45.0,4.011547088623047
Owen Dale,shooting,61.00746,57.0,4.0074615478515625
Alex Scott,shooting,57.996323,62.0,4.0036773681640625
Mika Baur,shooting,52.0013,56.0,3.998699188232422
Franco Díaz,shooting,49.003777,53.0,3.9962234497070312
Christoph Lang,shooting,59.022526,63.0,3.9774742126464844
Badredine Bouanani,shooting,60.02673,64.0,3.9732704162597656
Gabriel Kirejczyk,shooting,53.03597,57.0,3.964031219482422
Szymon Czyż,shooting,55.037415,59.0,3.96258544921875
Sivasakthi Narayanan,shooting,52.037525,56.0,3.962474822998047
Filip Szymczak,shooting,59.046337,63.0,3.953662872314453
Jack Rudoni,shooting,60.953625,57.0,3.953624725341797
Jostin Alarcón,shooting,59.061768,63.0,3.938232421875
Jekob Abiezer Jeno,shooting,35.064568,39.0,3.9354324340820312
Yusuf Sarı,shooting,64.06689,68.0,3.9331130981445312
Denis Genreau,shooting,58.067722,62.0,3.9322776794433594
Jerry Skotadis,shooting,49.931538,46.0,3.931537628173828
Joseph Gbode,shooting,49.068867,53.0,3.931133270263672
Ryan Howley,shooting,43.08451,47.0,3.9154891967773438
Hayden Hackney,shooting,52.096508,56.0,3.903491973876953
Maciej Śliwa,shooting,55.90013,52.0,3.9001312255859375
Elies Mahmoud,shooting,43.101486,47.0,3.8985137939453125
Kyle Joseph,shooting,59.101856,63.0,3.898143768310547
Logan Delaurier-Chaubet,shooting,57.104465,61.0,3.8955345153808594
Matías Godoy,shooting,62.110683,66.0,3.8893165588378906
Tom Grivosti,shooting,35.11665,39.0,3.883350372314453
Sævar Atli Magnússon,shooting,58.12153,62.0,3.8784713745117188
Anass Zaroury,shooting,64.131966,68.0,3.8680343627929688
Reda Khadra,shooting,61.148746,65.0,3.8512535095214844
Adrien Lebeau,shooting,53.159588,57.0,3.840412139892578
Arnór Sigurðsson,shooting,66.167854,70.0,3.8321456909179688
Xavier Simons,shooting,45.185318,49.0,3.8146820068359375
Oliver Sonne,shooting,39.18733,43.0,3.812671661376953
Josh Hawkes,shooting,57.188725,61.0,3.8112754821777344
Julian Hettwer,shooting,59.193356,63.0,3.8066444396972656
Agustín Martegani,shooting,65.20357,69.0,3.7964324951171875
Ismet Lushaku,shooting,43.221252,47.0,3.77874755859375
Andi Hoti,shooting,23.230303,27.0,3.7696971893310547
Alex Nolan,shooting,42.23043,46.0,3.7695693969726562
Julien Ponceau,shooting,54.234863,58.0,3.76513671875
Bjarki Steinn Bjarkason,shooting,53.238686,57.0,3.7613143920898438
Anthony Olusanya,shooting,57.241436,61.0,3.758563995361328
Karol Knap,shooting,50.247574,54.0,3.7524261474609375
John Iredale,shooting,61.24952,65.0,3.7504806518554688
Maximilian Wittek,shooting,63.25527,67.0,3.744731903076172
Baran Mogultay,shooting,35.255836,39.0,3.7441635131835938
Trent Buhagiar,shooting,54.256516,58.0,3.7434844970703125
Jacob Eng,shooting,47.25736,51.0,3.7426414489746094
Enzo Leopold,shooting,50.276836,54.0,3.723163604736328
Rijad Sadiku,shooting,28.27882,32.0,3.721179962158203
Edoardo Bove,shooting,64.29855,68.0,3.701446533203125
Zachary Brault-Guillard,shooting,54.312393,58.0,3.6876068115234375
Stipe Biuk,shooting,58.327965,62.0,3.6720352172851562
Mirnes Pepić,shooting,53.33168,57.0,3.6683197021484375
Kevin Yakob,shooting,59.33569,63.0,3.6643104553222656
Jaouen Hadjam,shooting,48.336746,52.0,3.6632537841796875
Leonardo Díaz,shooting,26.33731,30.0,3.662689208984375
Abass Issah,shooting,65.345894,69.0,3.6541061401367188
Tyreece Campbell,shooting,46.347363,50.0,3.652637481689453
Marco Brescianini,shooting,43.350353,47.0,3.649646759033203
Ole Pohlmann,shooting,53.358685,57.0,3.641315460205078
Darius Lipsiuc,shooting,47.364624,51.0,3.6353759765625
Jean-Mattéo Bahoya,shooting,58.368294,62.0,3.6317062377929688
Hugo Vetlesen,shooting,63.368977,67.0,3.631023406982422
Rhys Hughes,shooting,51.375996,55.0,3.624004364013672
Oleg Ocheretko,shooting,54.37869,58.0,3.6213111877441406
Christiaan Ravych,shooting,24.406096,28.0,3.593904495239258
Alexander Oroz,shooting,58.40742,62.0,3.592578887939453
Sam Greenwood,shooting,63.41056,67.0,3.5894393920898438
Virgiliu Postolachi,shooting,63.41552,67.0,3.5844802856445312
Filip Stojilković,shooting,64.42401,68.0,3.57598876953125
Bohdan Viunnyk,shooting,58.42631,62.0,3.573688507080078
Danylo Sikan,shooting,64.429825,68.0,3.5701751708984375
Ollie Tanner,shooting,56.56504,53.0,3.5650405883789062
Oliver Burke,shooting,62.438946,66.0,3.561054229736328
Koba Leïn Koindredi,shooting,66.440125,70.0,3.55987548828125
Bryang Kayo,shooting,46.444717,50.0,3.5552825927734375
Enrico Brignola,shooting,62.5507,59.0,3.550701141357422
Taras Gomulka,shooting,45.467228,49.0,3.5327720642089844
Marten Winkler,shooting,61.471104,65.0,3.5288963317871094
Paul Nebel,shooting,56.47587,60.0,3.5241317749023438
Saxon Earley,shooting,30.479227,34.0,3.520772933959961
Ryan O'Kane,shooting,51.49202,55.0,3.5079803466796875
Conan Noonan,shooting,46.503834,50.0,3.496166229248047
D'Mani Mellor,shooting,56.495056,53.0,3.49505615234375
Anass Salah-Eddine,shooting,31.51568,35.0,3.4843196868896484
Frederik Lauenborg,shooting,50.516216,54.0,3.483783721923828
Łukasz Poręba,shooting,42.524273,46.0,3.475727081298828
Georgios Vagiannidis,shooting,40.52722,44.0,3.4727783203125
Alexander Lind,shooting,53.540215,57.0,3.4597854614257812
Mohammad Nawaz,shooting,47.54256,51.0,3.457439422607422
Ahmad Taleb,shooting,47.543156,51.0,3.4568443298339844
Conor Brann,shooting,47.54351,51.0,3.4564895629882812
Damian Las,shooting,47.543804,51.0,3.456195831298828
Jack Warshawsky,shooting,47.543995,51.0,3.456005096435547
Sebastian Banozic,shooting,47.544003,51.0,3.4559974670410156
James Nieuwenhuizen,shooting,47.54414,51.0,3.455860137939453
Michał Helik,shooting,52.433147,49.0,3.433147430419922
Suresh Wangjam,shooting,34.57351,38.0,3.4264907836914062
Tobias Berger,shooting,41.577747,45.0,3.422252655029297
Noah Rupp,shooting,44.587646,48.0,3.412353515625
Max Mata,shooting,57.59319,61.0,3.406810760498047
Isaac Nuhu,shooting,59.595135,63.0,3.404865264892578
Mounaïm El Idrissy,shooting,66.59762,70.0,3.4023818969726562
Abdoulaye Cissoko,shooting,37.601723,41.0,3.3982772827148438
Ahmed Qasem,shooting,46.609947,50.0,3.3900527954101562
Christian Saydee,shooting,58.61496,62.0,3.385040283203125
Evan Caffrey,shooting,51.621204,55.0,3.378795623779297
Michael Mieles,shooting,59.631374,63.0,3.3686256408691406
Alieu Fadera,shooting,60.6399,64.0,3.3600997924804688
Mohammed Al Dawsari,shooting,36.359047,33.0,3.3590469360351562
Ibrahima Koné,shooting,65.64237,69.0,3.3576278686523438
Julian Niehues,shooting,50.64937,54.0,3.3506317138671875
James Balagizi,shooting,57.654755,61.0,3.345245361328125
Dirk Proper,shooting,47.656097,51.0,3.343902587890625
Samson Tovide,shooting,54.6596,58.0,3.3404006958007812
Felix Afena-Gyan,shooting,67.66452,71.0,3.335479736328125
Giannis Satsias,shooting,49.668045,53.0,3.3319549560546875
Jez Lofthouse,shooting,52.327473,49.0,3.327472686767578
Boubacar Fofana,shooting,59.673183,63.0,3.3268165588378906
Görkem Sağlam,shooting,55.67817,59.0,3.3218307495117188
Will Wilson,shooting,48.684246,52.0,3.315753936767578
Lassine Sinayoko,shooting,63.68953,67.0,3.3104705810546875
Haydon Roberts,shooting,43.69196,47.0,3.3080406188964844
Felix Passlack,shooting,58.703823,62.0,3.2961769104003906
Facundo Colidio,shooting,67.70917,71.0,3.29083251953125
Dan Martin,shooting,41.70983,45.0,3.2901687622070312
Harvey Macadam,shooting,49.710033,53.0,3.289966583251953
Abderrahman Rebbach,shooting,66.72464,70.0,3.275360107421875
Lawrence Ennali,shooting,55.72671,59.0,3.2732887268066406
Liam Burt,shooting,53.727524,57.0,3.2724761962890625
John Kitolano,shooting,40.72838,44.0,3.2716217041015625
Jhon Solís,shooting,56.752193,60.0,3.2478065490722656
Gustaf Lagerbielke,shooting,24.756212,28.0,3.2437877655029297
Mohammed Al Qunayan,shooting,40.76351,44.0,3.2364883422851562
Oussama El Azzouzi,shooting,40.76722,44.0,3.2327804565429688
Marco Antonio Angulo,shooting,47.767723,51.0,3.2322769165039062
Azzedine Ounahi,shooting,59.779995,63.0,3.2200050354003906
Claudio Kammerknecht,shooting,23.783878,27.0,3.2161216735839844
Nik Prelec,shooting,61.791798,65.0,3.208202362060547
Sivert Heggheim Mannsverk,shooting,56.79457,60.0,3.2054290771484375
Bonke Innocent,shooting,46.195976,43.0,3.1959762573242188
Miloš Ćoćić,shooting,45.812637,49.0,3.1873626708984375
Manolo Portanova,shooting,59.825405,63.0,3.1745948791503906
Pontus Almqvist,shooting,60.82715,64.0,3.1728515625
Magnus Retsius Grødem,shooting,59.82826,63.0,3.171741485595703
Denso Kasius,shooting,41.829494,45.0,3.1705055236816406
John Martin,shooting,56.169754,53.0,3.1697540283203125
Miguel Reichmuth,shooting,38.838467,42.0,3.1615333557128906
Kacper Chodyna,shooting,51.83864,55.0,3.1613616943359375
Marcel Hoffmeier,shooting,40.84002,44.0,3.1599807739257812
Reece McAlear,shooting,49.84207,53.0,3.157928466796875
Felix Vrede Winther,shooting,48.84776,52.0,3.152240753173828
Bernhard Zimmermann,shooting,64.853,68.0,3.147003173828125
Dominik Fitz,shooting,63.85854,67.0,3.141460418701172
İsmail Yüksek,shooting,56.859684,60.0,3.1403160095214844
Sebastian Nanasi,shooting,57.8614,61.0,3.138599395751953
Mikael Egill Ellertsson,shooting,64.86499,68.0,3.135009765625
Kostandinos Grozos,shooting,49.866714,53.0,3.1332855224609375
Brahian Palacios,shooting,54.86847,58.0,3.13153076171875
Doru Andrei,shooting,54.878048,58.0,3.1219520568847656
Paul Joly,shooting,27.878304,31.0,3.1216964721679688
Justin Forst,shooting,52.88167,56.0,3.118328094482422
Hugo Vandermersch,shooting,33.88204,37.0,3.117961883544922
Claudio Gomes,shooting,53.882385,57.0,3.11761474609375
Abdul Fatawu Issahaku,shooting,65.89229,69.0,3.1077117919921875
Marlon Fossey,shooting,43.90488,47.0,3.0951194763183594
Maghnes Akliouche,shooting,56.90551,60.0,3.0944900512695312
Kasey McAteer,shooting,53.907814,57.0,3.0921859741210938
Michael Svoboda,shooting,40.917553,44.0,3.082447052001953
Brandon Soppy,shooting,46.923603,50.0,3.076396942138672
Félix Lemaréchal,shooting,50.92372,54.0,3.0762786865234375
Amir Abdijanovic,shooting,56.925167,60.0,3.0748329162597656
Valentin Ticu,shooting,49.936962,53.0,3.063037872314453
Joaquín Lavega,shooting,56.941635,60.0,3.0583648681640625
Willum Þór Willumsson,shooting,59.945755,63.0,3.0542449951171875
Nachon Nsingi,shooting,61.94959,65.0,3.0504112243652344
Kayne Ramsay,shooting,33.95256,37.0,3.0474395751953125
Keegan Jelacic,shooting,49.9547,53.0,3.045299530029297
Mateusz Wdowiak,shooting,54.958836,58.0,3.0411643981933594
Dijon Kameri,shooting,62.959084,66.0,3.0409164428710938
Daan Heymans,shooting,66.95956,70.0,3.0404434204101562
Joseph N'Duquidi,shooting,42.963726,46.0,3.036273956298828
Marvin Pieringer,shooting,65.98702,69.0,3.0129776000976562
Žan Celar,shooting,65.99311,69.0,3.0068893432617188
Robert Street,shooting,57.994793,61.0,3.005207061767578
Selmin Hodza,shooting,43.0012,46.0,2.998798370361328
Miguel Monsalve,shooting,61.003063,64.0,2.996936798095703
Fraser Hornby,shooting,66.00721,69.0,2.9927902221679688
Adam Sørensen,shooting,42.02313,45.0,2.9768714904785156
David Datro Fofana,shooting,61.023407,64.0,2.976593017578125
Alessandro Di Pardo,shooting,47.027916,50.0,2.9720840454101562
Sebastiano Esposito,shooting,67.03281,70.0,2.967193603515625
Josh Neufville,shooting,52.033226,55.0,2.9667739868164062
Vincenzo Millico,shooting,58.047,61.0,2.9529991149902344
Oscar Vilhelmsson,shooting,60.05326,63.0,2.9467391967773438
Ismaël Koné,shooting,55.06493,58.0,2.935070037841797
Sam Gallagher,shooting,66.06553,69.0,2.9344711303710938
Richard Neudecker,shooting,57.067486,60.0,2.932514190673828
Jón Dagur Þorsteinsson,shooting,60.078506,63.0,2.9214935302734375
Tim Breithaupt,shooting,38.08666,41.0,2.913341522216797
Oğuz Aydın,shooting,61.088985,64.0,2.9110145568847656
Stefan Colakovski,shooting,50.091373,53.0,2.9086265563964844
Marouan Azarkan,shooting,56.092087,59.0,2.9079132080078125
Oscar Taty Maritu,shooting,68.093056,71.0,2.9069442749023438
Daniel Karlsbakk,shooting,54.095684,57.0,2.904315948486328
Zak Vyner,shooting,32.09751,35.0,2.9024887084960938
El Bilal Touré,shooting,68.09829,71.0,2.9017105102539062
Ben Chrisene,shooting,47.10947,50.0,2.8905296325683594
Tom Baack,shooting,53.110706,56.0,2.889293670654297
Josh Koroma,shooting,63.116016,66.0,2.883983612060547
Alfie Jones,shooting,37.117573,40.0,2.882427215576172
Marco Tilio,shooting,58.123253,61.0,2.8767471313476562
Kévin Boma,shooting,34.12671,37.0,2.873291015625
Archie Goodwin,shooting,54.136364,57.0,2.863636016845703
Marian Danciu,shooting,40.143723,43.0,2.8562774658203125
Mason Bennett,shooting,60.152126,63.0,2.8478736877441406
Jairo Concha,shooting,66.15286,69.0,2.847137451171875
Felix Keidel,shooting,39.15439,42.0,2.845611572265625
Nick Bätzner,shooting,56.160152,59.0,2.8398475646972656
Amadou Dante,shooting,49.161934,52.0,2.8380661010742188
Alou Kuol,shooting,57.162525,60.0,2.837474822998047
Daylam Meddah,shooting,46.16545,49.0,2.8345489501953125
Marcin Listkowski,shooting,57.17401,60.0,2.82598876953125
Lenny Pirringuel,shooting,43.175797,46.0,2.8242034912109375
Romaric Yapi,shooting,32.81824,30.0,2.8182411193847656
Lachlan Rose,shooting,55.182396,58.0,2.8176040649414062
Ramiro Ruiz Rodríguez,shooting,65.18371,68.0,2.8162918090820312
Ishaq Abdulrazak,shooting,54.192642,57.0,2.8073577880859375
Mateusz Łęgowski,shooting,53.193108,56.0,2.8068923950195312
Güven Yalçın,shooting,69.19326,72.0,2.8067398071289062
Sondre Fosnæss Hanssen,shooting,30.19431,33.0,2.8056907653808594
Loreintz Rosier,shooting,57.196857,60.0,2.803142547607422
Stefano Surdanović,shooting,61.215626,64.0,2.784374237060547
John Mahon,shooting,30.215742,33.0,2.7842578887939453
Odin Thiago Holm,shooting,51.215744,54.0,2.7842559814453125
Semih Sahin,shooting,48.217026,51.0,2.7829742431640625
Giuseppe Caso,shooting,65.21872,68.0,2.781280517578125
Sammie Szmodics,shooting,63.219475,66.0,2.7805252075195312
Florent Muslija,shooting,64.23264,67.0,2.7673568725585938
Luca Oyen,shooting,57.23465,60.0,2.765350341796875
Xavier Mbuyamba,shooting,30.234972,33.0,2.7650279998779297
Alessandro Bianco,shooting,43.26549,46.0,2.734508514404297
Sascha Risch,shooting,36.266758,39.0,2.7332420349121094
Bafodé Diakité,shooting,38.26896,41.0,2.7310409545898438
Renzo Sanchez,shooting,58.276737,61.0,2.7232627868652344
Raphael Borges Rodrigues,shooting,48.279953,51.0,2.7200469970703125
Marin Ljubičić,shooting,67.2831,70.0,2.7169036865234375
Halid Šabanović,shooting,36.28686,39.0,2.7131385803222656
Daniel Kanu,shooting,50.288322,53.0,2.7116775512695312
Muhammed Damar,shooting,57.29819,60.0,2.7018089294433594
Ibrahima Baldé,shooting,58.299553,61.0,2.7004470825195312
Wilson Odobert,shooting,59.30031,62.0,2.6996917724609375
Albion Ademi,shooting,52.699192,50.0,2.6991920471191406
Jordi Vanlerberghe,shooting,58.301163,61.0,2.6988372802734375
Santiago Moreno,shooting,63.302982,66.0,2.6970176696777344
Cameron Peupion,shooting,43.30696,46.0,2.6930389404296875
Odin Luraas Bjørtuft,shooting,30.31119,33.0,2.688810348510742
Abiel Osorio,shooting,64.31189,67.0,2.6881103515625
Conor McCarthy,shooting,30.687757,28.0,2.6877574920654297
Paul Kalambayi,shooting,23.324095,26.0,2.675905227661133
Nikolas Agrafiotis,shooting,61.330853,64.0,2.669147491455078
Jarrad Branthwaite,shooting,31.331,34.0,2.6690006256103516
Oumar Ngom,shooting,45.332214,48.0,2.66778564453125
Sweden Fernandes,shooting,40.333267,43.0,2.6667327880859375
Idris El Mizouni,shooting,53.34579,56.0,2.6542091369628906
Gustav Mortensen,shooting,26.350416,29.0,2.6495838165283203
Francesco Cassata,shooting,47.35065,50.0,2.6493492126464844
Pablo Pagis,shooting,62.35069,65.0,2.649311065673828
Ardon Jashari,shooting,58.3526,61.0,2.64739990234375
Jack Cooper-Love,shooting,58.354065,61.0,2.64593505859375
Kwadwo Opoku,shooting,64.3584,67.0,2.6416015625
Loum Tchaouna,shooting,59.363243,62.0,2.6367568969726562
Carlos Esparragoza,shooting,64.365776,67.0,2.6342239379882812
Mauro Méndez,shooting,67.63378,65.0,2.6337814331054688
Taïryk Arconte,shooting,63.366573,66.0,2.6334266662597656
Mads Søndergaard,shooting,44.367397,47.0,2.6326026916503906
Lameck Banda,shooting,61.37173,64.0,2.6282691955566406
Michael Baidoo,shooting,53.373917,56.0,2.6260833740234375
Jannes Wulff,shooting,57.375557,60.0,2.6244430541992188
Khalil Fayad,shooting,50.376167,53.0,2.6238327026367188
Charlie Finney,shooting,43.37797,46.0,2.622028350830078
Darko Gyabi,shooting,44.380276,47.0,2.6197242736816406
Romeo Giovannini,shooting,58.387714,61.0,2.612285614013672
Antoine Semenyo,shooting,65.39309,68.0,2.6069107055664062
Pietro Pellegri,shooting,65.39771,68.0,2.6022872924804688
Umut Güneş,shooting,48.397736,51.0,2.602264404296875
Samuel Abifade,shooting,46.402782,49.0,2.597217559814453
Enzo Larrosa,shooting,63.40392,66.0,2.596080780029297
Jonas Michelbrink,shooting,43.406136,46.0,2.5938644409179688
Osvaldo Cisneros,shooting,44.407326,47.0,2.5926742553710938
Caleb Taylor,shooting,32.41032,35.0,2.589679718017578
Liam Kitching,shooting,29.412466,32.0,2.587533950805664
Lamare Bogarde,shooting,43.416786,46.0,2.5832138061523438
Lalrinliana Hnamte,shooting,40.419186,43.0,2.5808143615722656
Anis Mehmeti,shooting,58.41949,61.0,2.5805091857910156
Baba Alhassan,shooting,61.421314,64.0,2.578685760498047
Nikita Iosifov,shooting,62.42153,65.0,2.5784683227539062
Max Christiansen,shooting,47.424248,50.0,2.5757522583007812
Jack Sparkes,shooting,43.434025,46.0,2.5659751892089844
Marinos Tzionis,shooting,47.44527,50.0,2.554729461669922
Antonios Papadopoulos,shooting,27.44883,30.0,2.5511703491210938
Mathieu Choinière,shooting,56.453514,59.0,2.5464859008789062
Sam Long,shooting,47.544765,45.0,2.5447654724121094
Steffen Tigges,shooting,65.469765,68.0,2.5302352905273438
Trevor Clarke,shooting,51.471,54.0,2.5289993286132812
Kiyan Nassiri,shooting,53.472904,56.0,2.5270957946777344
Eskil Edh,shooting,47.474644,50.0,2.5253562927246094
Ali Makki,shooting,24.47673,27.0,2.5232696533203125
Nathanael Ogbeta,shooting,42.479927,45.0,2.5200729370117188
Serge-Philippe Raux-Yao,shooting,31.482267,34.0,2.517732620239258
Tommaso Milanese,shooting,52.484417,55.0,2.515583038330078
Iron Gomis,shooting,53.485767,56.0,2.514232635498047
Marcus Forss,shooting,67.49007,70.0,2.5099334716796875
Cameron Congreve,shooting,46.49145,49.0,2.5085487365722656
Nils Rossen,shooting,50.50577,53.0,2.4942283630371094
Owen Gene,shooting,45.514904,48.0,2.485095977783203
Kenji Cabrera,shooting,54.51494,57.0,2.4850616455078125
Jani Atanasov,shooting,59.514977,62.0,2.4850234985351562
Ezequiel Alfonso,shooting,50.517467,53.0,2.482532501220703
Lex-Tyger Lobinger,shooting,56.523228,59.0,2.4767723083496094
Julian Stark,shooting,49.531044,52.0,2.4689559936523438
Jordon Garrick,shooting,60.53778,63.0,2.46221923828125
Matthew Connelly,shooting,47.543064,50.0,2.4569358825683594
Meshari Sanyor,shooting,47.543457,50.0,2.45654296875
Heath Richardson,shooting,47.54373,50.0,2.456268310546875
Nikhil Deka,shooting,47.543938,50.0,2.4560623168945312
Jack Lemoignan,shooting,47.54399,50.0,2.4560089111328125
Bader Al Enazi,shooting,47.54437,50.0,2.4556312561035156
Anuj Kumar,shooting,47.5445,50.0,2.4555015563964844
Noah Weißhaupt,shooting,56.54461,59.0,2.4553909301757812
Gavin Molloy,shooting,50.546585,53.0,2.4534149169921875
Michał Skóraś,shooting,60.54711,63.0,2.4528884887695312
Matthias Braunöder,shooting,45.55229,48.0,2.4477081298828125
Mattéo Tramoni,shooting,61.55296,64.0,2.447040557861328
Matthis Abline,shooting,67.5539,70.0,2.4460983276367188
Michał Feliks,shooting,60.445103,58.0,2.4451026916503906
Christian Theoharous,shooting,52.55492,55.0,2.445079803466797
Dawid Kurminowski,shooting,59.557934,62.0,2.442066192626953
Omar Faraj,shooting,58.55884,61.0,2.4411582946777344
Kelvin Ehibhatiomhan,shooting,55.559635,58.0,2.4403648376464844
Justin Haak,shooting,38.564556,41.0,2.435443878173828
Callum Talbot,shooting,38.565735,41.0,2.43426513671875
Juan Boselli,shooting,66.5663,69.0,2.4337005615234375
Ransford-Yeboah Königsdörffer,shooting,60.5761,63.0,2.423900604248047
Sonny Cox,shooting,52.57803,55.0,2.4219703674316406
Josh Campbell,shooting,57.585796,60.0,2.414203643798828
Bruno Portugal,shooting,59.585953,62.0,2.4140472412109375
Jack Aitchison,shooting,58.59102,61.0,2.4089813232421875
Yusuf Barası,shooting,62.59204,65.0,2.407958984375
Alan Virginius,shooting,56.59284,59.0,2.4071617126464844
Maxim Dekker,shooting,33.601963,36.0,2.3980369567871094
Rafał Adamski,shooting,56.604897,59.0,2.3951034545898438
Lewis Macari,shooting,31.608595,34.0,2.3914051055908203
Engson Singh,shooting,42.61164,45.0,2.3883590698242188
Andri Lucas Guðjohnsen,shooting,56.6309,59.0,2.369098663330078
Thierno Baldé,shooting,45.63722,48.0,2.362781524658203
Aldo Florenzi,shooting,47.64216,50.0,2.3578414916992188
Chinedu Ekene,shooting,57.64222,60.0,2.3577804565429688
Ebrima Colley,shooting,64.35028,62.0,2.35028076171875
Sebastian Berhalter,shooting,42.65107,45.0,2.3489303588867188
Franz Roggow,shooting,47.658882,50.0,2.3411178588867188
Ethan Alagich,shooting,41.659603,44.0,2.3403968811035156
Gift Links,shooting,52.66386,55.0,2.336139678955078
Dan Nlundulu,shooting,58.665565,61.0,2.3344345092773438
Nicolás Garayalde,shooting,53.674362,56.0,2.3256378173828125
Jesper Ceesay,shooting,39.689865,42.0,2.3101348876953125
Conor McGrandles,shooting,53.696793,56.0,2.3032073974609375
Casper Widell,shooting,26.70384,29.0,2.2961597442626953
Steven Bradley,shooting,55.705963,58.0,2.294036865234375
Vincy Barretto,shooting,43.7139,46.0,2.2860984802246094
Jamie Bynoe-Gittens,shooting,56.720596,59.0,2.2794036865234375
Daniel Bassi,shooting,45.729744,48.0,2.2702560424804688
Agustín Cayetano,shooting,32.731808,35.0,2.2681922912597656
Sékou Mara,shooting,65.73855,68.0,2.2614517211914062
Senne Lynen,shooting,59.739567,62.0,2.2604331970214844
Delano Burgzorg,shooting,62.75629,65.0,2.2437095642089844
Abu Francis,shooting,62.757057,65.0,2.2429428100585938
Patryk Makuch,shooting,64.24013,62.0,2.2401275634765625
Kazeem Olaigbe,shooting,56.75989,59.0,2.2401084899902344
Marco Pompetti,shooting,46.762695,49.0,2.2373046875
Gino Infantino,shooting,63.236843,61.0,2.2368431091308594
Thierry Small,shooting,31.767555,34.0,2.2324447631835938
Sayfallah Ltaief,shooting,55.77303,58.0,2.226970672607422
Kusini Yengi,shooting,56.77392,59.0,2.2260818481445312
Lewis Dobbin,shooting,58.776688,61.0,2.2233123779296875
Kyle Edwards,shooting,54.777905,57.0,2.222095489501953
Yaw Yeboah,shooting,58.782223,61.0,2.2177772521972656
Danny Norris,shooting,47.78398,50.0,2.2160186767578125
Victor Larsson,shooting,32.78805,35.0,2.2119483947753906
Quinn Sullivan,shooting,52.792137,55.0,2.2078628540039062
Yayah Kallon,shooting,64.796875,67.0,2.203125
Cem Üstündag,shooting,43.201958,41.0,2.2019577026367188
Abhishek Suryavanshi,shooting,41.80413,44.0,2.1958694458007812
Emanuele Valeri,shooting,60.80693,63.0,2.1930694580078125
Óscar Zambrano,shooting,52.808098,55.0,2.1919021606445312
Franco Orozco,shooting,60.810925,63.0,2.189075469970703
James Furlong,shooting,29.813318,32.0,2.1866817474365234
Bas Van Den Eynden,shooting,43.81391,46.0,2.1860885620117188
Ben Jackson,shooting,34.813927,37.0,2.1860733032226562
Oliver Valaker Edvardsen,shooting,58.81475,61.0,2.1852493286132812
Lucas Rocrou,shooting,54.822857,57.0,2.177143096923828
Herbie Kane,shooting,56.82419,59.0,2.175811767578125
Keke Topp,shooting,54.824223,57.0,2.1757774353027344
Pape Ndiaga Yade,shooting,65.830605,68.0,2.1693954467773438
Jan Mlakar,shooting,66.834526,69.0,2.1654739379882812
Lars Mogstad Ranger,shooting,46.842556,49.0,2.1574440002441406
Kacper Kozłowski,shooting,56.84474,59.0,2.1552581787109375
Dion Pereira,shooting,60.150856,58.0,2.1508560180664062
Alex Greive,shooting,59.85563,62.0,2.1443710327148438
Demba Seck,shooting,60.855827,63.0,2.1441726684570312
Ibrahim Cissoko,shooting,57.85684,60.0,2.1431617736816406
Julius Kade,shooting,52.134274,50.0,2.1342735290527344
Freddie Draper,shooting,54.868088,57.0,2.1319122314453125
Santeri Väänänen,shooting,45.86891,48.0,2.1310882568359375
Paxten Aaronson,shooting,52.868923,55.0,2.1310768127441406
Max Caputo,shooting,49.870026,52.0,2.129974365234375
Khalil Al Absi,shooting,43.876606,46.0,2.123394012451172
Mads Bidstrup,shooting,51.87876,54.0,2.1212387084960938
Joseph Forde,shooting,32.881763,35.0,2.118236541748047
Aljaž Casar,shooting,51.88216,54.0,2.117839813232422
Julius Ertlthaler,shooting,56.115982,54.0,2.1159820556640625
Tomasz Makowski,shooting,52.88947,55.0,2.1105308532714844
Vahan Bichakhchyan,shooting,66.88986,69.0,2.110137939453125
Juljan Shehu,shooting,47.893494,50.0,2.10650634765625
George Miller,shooting,58.90014,61.0,2.0998611450195312
Can Keleş,shooting,56.905777,59.0,2.0942230224609375
Alec Georgen,shooting,47.910633,50.0,2.089366912841797
Iván Leguizamón,shooting,58.915585,61.0,2.0844154357910156
Alexandru Jipa,shooting,42.915604,45.0,2.0843963623046875
Divin Mubama,shooting,53.918106,56.0,2.0818939208984375
Cole Palmer,shooting,63.91918,66.0,2.0808181762695312
Kai Corbett,shooting,54.922306,57.0,2.0776939392089844
Musa Juwara,shooting,64.07734,62.0,2.0773391723632812
Pat Jones,shooting,49.922974,52.0,2.0770263671875
Melle Meulensteen,shooting,54.926342,57.0,2.073657989501953
Franco Zapiola,shooting,51.93493,54.0,2.0650711059570312
Ilyes Hamache,shooting,60.93625,63.0,2.063751220703125
Moussa Diarra,shooting,33.054073,31.0,2.0540733337402344
Solomon Bonnah,shooting,34.946507,37.0,2.0534934997558594
Marvin Çuni,shooting,61.951405,64.0,2.048595428466797
Amadou Bakayoko,shooting,58.968792,61.0,2.031208038330078
Juninho Bacuna,shooting,65.971054,68.0,2.0289459228515625
Bradley Fink,shooting,57.972004,60.0,2.027996063232422
Johann Lepenant,shooting,41.972225,44.0,2.0277748107910156
Oscar Luigi Fraulo,shooting,52.976677,55.0,2.0233230590820312
Killian Corredor,shooting,62.98221,65.0,2.017791748046875
Innes Cameron,shooting,57.991077,60.0,2.008922576904297
Philippe Paulin Keny,shooting,61.99655,64.0,2.003448486328125
Jonathan Panzo,shooting,41.00291,43.0,1.9970893859863281
Giacomo Vrioni,shooting,68.00559,70.0,1.9944076538085938
Marko Bulat,shooting,64.007835,66.0,1.9921646118164062
Juan Cruz De Los Santos,shooting,59.008488,61.0,1.9915122985839844
Boubacar Traoré,shooting,47.013454,49.0,1.9865455627441406
Diego Luna,shooting,56.986248,55.0,1.9862480163574219
Róbert Boženík,shooting,66.01739,68.0,1.9826126098632812
Mamadou Doucouré,shooting,32.978394,31.0,1.9783935546875
Scott Smith,shooting,45.02166,47.0,1.9783401489257812
Oliver Tipton,shooting,41.02375,43.0,1.9762496948242188
Alfie Bendle,shooting,38.027336,40.0,1.9726638793945312
Serge Ngoma,shooting,45.029106,47.0,1.9708938598632812
Amin Sarr,shooting,65.0372,67.0,1.962799072265625
Vincent Marchetti,shooting,56.96023,55.0,1.9602317810058594
Ethan Chislett,shooting,57.040325,59.0,1.9596748352050781
Lenny Joseph,shooting,65.044106,67.0,1.9558944702148438
Victor Eriksson,shooting,34.04912,36.0,1.9508781433105469
Damián Bobadilla,shooting,56.050465,58.0,1.9495353698730469
Oscar Uddenäs,shooting,58.051903,60.0,1.9480972290039062
Yari Otto,shooting,57.05387,59.0,1.9461288452148438
Thoiba Singh Moirangthem,shooting,37.054188,39.0,1.9458122253417969
Mika Biereth,shooting,59.061775,61.0,1.9382247924804688
Samuel Edozie,shooting,54.066418,56.0,1.9335823059082031
Ben Wilmot,shooting,37.06669,39.0,1.9333114624023438
Jewison Bennette,shooting,55.069492,57.0,1.9305076599121094
Fred Onyedinma,shooting,60.075447,62.0,1.9245529174804688
Damián Pizarro,shooting,56.07781,58.0,1.9221916198730469
Lucas Noubi,shooting,22.921274,21.0,1.921274185180664
Kiliann Sildillia,shooting,28.080336,30.0,1.9196643829345703
Romeo Lavia,shooting,40.081207,42.0,1.918792724609375
Liam Delap,shooting,65.08358,67.0,1.9164199829101562
Marko Milovanović,shooting,67.085785,69.0,1.914215087890625
Ellis Simms,shooting,66.087616,68.0,1.912384033203125
Florian Dietz,shooting,60.087795,62.0,1.9122047424316406
Manuel Polster,shooting,60.09774,62.0,1.9022598266601562
Jordi Osei-Tutu,shooting,58.09992,60.0,1.9000816345214844
Ari Leifsson,shooting,29.106346,31.0,1.8936538696289062
Silas Nwankwo,shooting,57.107227,59.0,1.8927726745605469
Lino Tempelmann,shooting,52.111652,54.0,1.8883476257324219
Alper Demirol,shooting,42.11502,44.0,1.884979248046875
Zac Sapsford,shooting,48.115337,50.0,1.8846626281738281
Erencan Yardımcı,shooting,58.1233,60.0,1.8767013549804688
Jack Stretton,shooting,59.875546,58.0,1.8755455017089844
Bruce Anderson,shooting,65.127266,67.0,1.8727340698242188
Halil İbrahim Dervişoğlu,shooting,66.128075,68.0,1.8719253540039062
Liston Colaco,shooting,58.131485,60.0,1.8685150146484375
Edward Caspers,shooting,40.135983,42.0,1.8640174865722656
Arquimides Ordoñez,shooting,54.136013,56.0,1.8639869689941406
Tomi Horvat,shooting,65.13808,67.0,1.8619232177734375
Reece Burke,shooting,34.14207,36.0,1.8579292297363281
Paweł Stolarski,shooting,50.14411,52.0,1.8558883666992188
Thomas Sabitzer,shooting,62.145447,64.0,1.85455322265625
Jason Ceka,shooting,63.14693,65.0,1.8530693054199219
Vetle Skjærvik,shooting,24.151157,26.0,1.8488426208496094
Isaac Schmidt,shooting,51.15373,53.0,1.8462715148925781
Maximilian Beier,shooting,66.15584,68.0,1.8441619873046875
Gideon Tetteh,shooting,49.157845,51.0,1.8421554565429688
Łukasz Łakomy,shooting,53.163284,55.0,1.8367156982421875
Ianis Stoica,shooting,62.8338,61.0,1.83380126953125
Lewis Gordon,shooting,40.17145,42.0,1.8285484313964844
George Thomas,shooting,60.828117,59.0,1.8281173706054688
Aramide Oteh,shooting,55.174484,57.0,1.8255157470703125
Yannik Engelhardt,shooting,44.17565,46.0,1.8243484497070312
Emil Bohinen,shooting,60.179577,62.0,1.8204231262207031
Loick Ayina,shooting,26.184965,28.0,1.8150348663330078
Michael Gallagher,shooting,42.814495,41.0,1.8144950866699219
Rhys Bozinovski,shooting,41.205498,43.0,1.7945022583007812
Sadou Diallo,shooting,52.205612,54.0,1.7943878173828125
Ryan Raposo,shooting,55.206215,57.0,1.7937850952148438
Balthazar Pierret,shooting,47.209274,49.0,1.7907257080078125
Baïla Diallo,shooting,33.210274,35.0,1.7897262573242188
Ajibola Alese,shooting,34.7862,33.0,1.7862014770507812
Simon Ebonog,shooting,48.22044,50.0,1.7795600891113281
Krystian Bielik,shooting,44.222927,46.0,1.7770729064941406
Ismajl Beka,shooting,38.771976,37.0,1.7719764709472656
Niklas May,shooting,45.231506,47.0,1.76849365234375
Antonio Foti,shooting,58.23533,60.0,1.7646713256835938
Seedy Jatta,shooting,55.237854,57.0,1.76214599609375
Dan Sîrbu,shooting,38.241405,40.0,1.7585945129394531
Manuel De Luca,shooting,67.24309,69.0,1.7569122314453125
Leny Meyer,shooting,29.24389,31.0,1.7561092376708984
Mario Dorgeles,shooting,44.2451,46.0,1.7549018859863281
Lucas Mauragis,shooting,48.24566,50.0,1.7543411254882812
Nathan Young-Coombes,shooting,60.250515,62.0,1.7494850158691406
Ben McCormack,shooting,50.259865,52.0,1.7401351928710938
Dylan Duffy,shooting,50.263218,52.0,1.7367820739746094
Ossama Ashley,shooting,46.264362,48.0,1.7356376647949219
Allan Tchaptchet,shooting,31.268505,33.0,1.7314949035644531
Sajal Bag,shooting,40.2687,42.0,1.7313003540039062
Charlie Patino,shooting,46.269627,48.0,1.7303733825683594
Aleksandar Jukic,shooting,64.27646,66.0,1.723541259765625
Nicholas Pierini,shooting,59.27864,61.0,1.7213592529296875
Léo Leroy,shooting,54.279358,56.0,1.72064208984375
Gaetano Oristanio,shooting,61.282967,63.0,1.7170333862304688
Daniel Edelman,shooting,37.284138,39.0,1.7158622741699219
Ryan Flamingo,shooting,57.289207,59.0,1.7107925415039062
Jakub Lutostański,shooting,55.289574,57.0,1.7104263305664062
Gavin Hodgins,shooting,46.30035,48.0,1.6996498107910156
Ayman Aiki,shooting,52.30524,54.0,1.6947593688964844
Simone Mazzocchi,shooting,68.305885,70.0,1.6941146850585938
Kevin Schade,shooting,62.305943,64.0,1.6940574645996094
Giulian Biancone,shooting,43.307648,45.0,1.692352294921875
Olivier Deman,shooting,64.69151,63.0,1.6915130615234375
Julian Rieckmann,shooting,33.310192,35.0,1.6898078918457031
Samuel Rogers,shooting,40.310444,42.0,1.6895561218261719
Jonatan Braut-Brunes,shooting,59.31281,61.0,1.6871910095214844
Edgar Babayan,shooting,59.68262,58.0,1.6826210021972656
Patrick Yazbek,shooting,46.319595,48.0,1.6804046630859375
Timothy Tillman,shooting,54.32529,56.0,1.6747093200683594
Mamadou Sangare,shooting,60.327206,62.0,1.6727943420410156
Leonardo Benedetti,shooting,51.327843,53.0,1.6721572875976562
Syb van Ottele,shooting,32.33373,34.0,1.6662712097167969
Christian Dalle Mura,shooting,31.66007,30.0,1.6600704193115234
Antonio Marin,shooting,58.34055,60.0,1.6594505310058594
Laorent Shabani,shooting,51.34906,53.0,1.65093994140625
Ernest Muçi,shooting,65.349594,67.0,1.6504058837890625
Scott Wharton,shooting,30.35136,32.0,1.6486396789550781
Jules Gaudin,shooting,53.352226,55.0,1.6477737426757812
Noah Mbamba,shooting,32.35512,34.0,1.6448783874511719
Max Ejdum,shooting,38.358486,40.0,1.6415138244628906
Georgios Sideras,shooting,30.638931,29.0,1.6389312744140625
Alex Monis,shooting,46.365005,48.0,1.6349945068359375
Kryspin Szcześniak,shooting,25.370935,27.0,1.6290645599365234
Noah Persson,shooting,50.373493,52.0,1.6265068054199219
Mateo Pellegrino,shooting,64.62524,63.0,1.6252365112304688
Fabian Nürnberger,shooting,59.37486,61.0,1.6251411437988281
Robert Wagner,shooting,43.37623,45.0,1.6237716674804688
Jan Sobociński,shooting,23.618752,22.0,1.6187515258789062
Dexter Lembikisa,shooting,41.385216,43.0,1.6147842407226562
Naorem Mahesh Singh,shooting,53.38569,55.0,1.6143112182617188
Rodrigo Márquez,shooting,60.392387,62.0,1.6076126098632812
Ben Bobzien,shooting,55.398766,57.0,1.6012344360351562
Louis Zabala,shooting,46.400448,48.0,1.5995521545410156
Lewis Fiorini,shooting,58.401413,60.0,1.5985870361328125
Tyreeq Bakinson,shooting,57.598072,56.0,1.5980720520019531
Noah Söderberg,shooting,47.402046,49.0,1.5979537963867188
John Ross Wilson,shooting,40.403255,42.0,1.5967445373535156
Ryan Ledson,shooting,53.409798,55.0,1.5902023315429688
Ryan Wintle,shooting,53.411232,55.0,1.5887680053710938
Tobias Storm,shooting,40.411987,42.0,1.5880126953125
Oskar Zawada,shooting,63.414577,65.0,1.5854225158691406
Antonio Nusa,shooting,58.41934,60.0,1.5806617736816406
Oliver Antman,shooting,62.419777,64.0,1.5802230834960938
Kevin Doukoure,shooting,57.57787,56.0,1.5778694152832031
Antonino Gallo,shooting,48.42361,50.0,1.5763893127441406
Samuel Shashoua,shooting,67.42462,69.0,1.57537841796875
Jay Matete,shooting,53.42922,55.0,1.5707817077636719
Morgan Feeney,shooting,32.43042,34.0,1.569580078125
Ayman Benarous,shooting,47.43274,49.0,1.5672607421875
Nassim Elouarti,shooting,44.43668,46.0,1.5633201599121094
Daniel Pereira,shooting,51.43904,53.0,1.5609588623046875
Issa Soumaré,shooting,62.44149,64.0,1.5585098266601562
Charlie Lakin,shooting,56.442287,58.0,1.5577125549316406
Filippo Terracciano,shooting,58.442398,60.0,1.5576019287109375
Jack Robinson,shooting,27.557503,26.0,1.5575027465820312
Robin Hack,shooting,63.445152,65.0,1.5548477172851562
Fatih Kaya,shooting,62.546715,61.0,1.5467147827148438
Juan Carlos Gauto,shooting,59.453312,61.0,1.5466880798339844
Joe Rankin-Costello,shooting,53.45396,55.0,1.5460395812988281
Justin Njinmah,shooting,63.45554,65.0,1.5444602966308594
Dawson Devoy,shooting,50.455585,52.0,1.5444145202636719
Gavin Beavers,shooting,47.54404,46.0,1.5440406799316406
Gastón González,shooting,65.45698,67.0,1.5430221557617188
Amadou Sagna,shooting,58.538654,57.0,1.5386543273925781
Gonzalo Álvez,shooting,53.46175,55.0,1.5382499694824219
Morten Ågnes Konradsen,shooting,59.5371,58.0,1.5371017456054688
Marlon Suliman Mustapha,shooting,64.46651,66.0,1.5334930419921875
Machop Chol,shooting,51.467854,53.0,1.5321464538574219
Nicolás Romero,shooting,43.468082,45.0,1.5319175720214844
Ciaran Brennan,shooting,24.530006,23.0,1.5300064086914062
Thomas Aquilina,shooting,23.527071,22.0,1.5270709991455078
Tyrhys Dolan,shooting,58.472984,60.0,1.5270156860351562
Salim Diakité,shooting,36.473938,38.0,1.52606201171875
Anssi Suhonen,shooting,55.476288,57.0,1.523712158203125
Darragh Nugent,shooting,53.48221,55.0,1.517791748046875
Gene Kennedy,shooting,44.516605,43.0,1.5166053771972656
Sander Risan Mørk,shooting,50.484,52.0,1.5159988403320312
Ethon Varian,shooting,52.485004,54.0,1.5149955749511719
Joseph Hungbo,shooting,60.48563,62.0,1.5143699645996094
Jackson Tchatchoua,shooting,53.49158,55.0,1.5084190368652344
Lasse Sørensen,shooting,54.492554,56.0,1.5074462890625
Edvard Sandvik Tagseth,shooting,51.494022,53.0,1.5059776306152344
Georg Strauch,shooting,42.495033,44.0,1.5049667358398438
Adrian Fein,shooting,55.4971,57.0,1.502899169921875
Louie Sibley,shooting,61.498604,60.0,1.4986038208007812
Marcus Ferkranus,shooting,22.496231,21.0,1.4962310791015625
Mason Toye,shooting,67.50436,69.0,1.4956436157226562
Olaus Jair Skarsem,shooting,54.50577,56.0,1.4942283630371094
Dženis Burnić,shooting,46.50715,48.0,1.4928512573242188
Domingos Quina,shooting,64.50766,66.0,1.492340087890625
Lucas Soto,shooting,55.510727,57.0,1.4892730712890625
David Toure,shooting,39.488388,38.0,1.4883880615234375
Antoine Hainaut,shooting,39.51535,41.0,1.484649658203125
Daan Rots,shooting,59.51643,61.0,1.4835700988769531
Abdulaziz Noor,shooting,49.51779,51.0,1.482208251953125
Matías Pellegrini,shooting,60.519363,62.0,1.4806365966796875
Isaac Hutchinson,shooting,58.520958,60.0,1.4790420532226562
Matty Daly,shooting,54.523254,56.0,1.47674560546875
Eniss Shabani,shooting,48.5241,50.0,1.4758987426757812
Lindrit Kamberi,shooting,25.525179,27.0,1.4748210906982422
Max Rosenfelder,shooting,23.470339,22.0,1.4703388214111328
Anouar Ait El Hadj,shooting,56.534023,58.0,1.4659767150878906
Jean Lambert Evan's,shooting,43.53537,45.0,1.464630126953125
Daniel Gutiérrez,shooting,23.464008,22.0,1.4640083312988281
Kaare Barslund,shooting,23.461672,22.0,1.4616718292236328
Enis Destan,shooting,65.459206,64.0,1.4592056274414062
Zidane Iqbal,shooting,56.54278,58.0,1.4572181701660156
Niraj Kumar,shooting,47.54352,49.0,1.4564781188964844
Nicola Rauti,shooting,65.5436,67.0,1.4563980102539062
Osama Al Mermish,shooting,47.543797,49.0,1.4562034606933594
Jamie Egan,shooting,23.54467,25.0,1.4553298950195312
Jose Herrera,shooting,58.546238,60.0,1.4537620544433594
Pierre Dwomoh,shooting,50.54713,52.0,1.4528694152832031
Ștefan Mușat,shooting,47.547256,49.0,1.4527435302734375
Evann Guessand,shooting,67.54937,69.0,1.4506301879882812
Joshua Schwirten,shooting,56.549984,58.0,1.4500160217285156
Ignace Van der Brempt,shooting,53.550686,55.0,1.4493141174316406
Arianit Ferati,shooting,54.559994,56.0,1.4400062561035156
Rodrigo Saravia,shooting,47.564404,49.0,1.4355964660644531
Tobias Raschl,shooting,53.566536,55.0,1.4334640502929688
Matías Ramírez,shooting,60.433224,59.0,1.4332237243652344
Kian Fitz-Jim,shooting,54.57447,56.0,1.4255294799804688
Kreshnik Krasniqi,shooting,52.57641,54.0,1.4235916137695312
Jeremy Sarmiento,shooting,60.580227,62.0,1.4197731018066406
Zico Buurmeester,shooting,54.584743,56.0,1.4152565002441406
Wojciech Łaski,shooting,56.414757,55.0,1.4147567749023438
José Bolívar,shooting,57.58643,59.0,1.4135704040527344
Luis Zárate,shooting,26.412525,25.0,1.4125251770019531
Hussein Carneil,shooting,49.588593,51.0,1.411407470703125
Jelle Bataille,shooting,51.59078,53.0,1.4092216491699219
Roberto Piccoli,shooting,66.59133,68.0,1.4086685180664062
Soyal Joshy,shooting,24.4085,23.0,1.4085006713867188
Tariq Uwakwe,shooting,51.40668,50.0,1.4066810607910156
Daniel Butterworth,shooting,62.406326,61.0,1.4063262939453125
Aymen Boutoutaou,shooting,58.59388,60.0,1.4061203002929688
Gonzalo Luján,shooting,32.594456,34.0,1.4055442810058594
Albert Hofman,shooting,58.60033,60.0,1.3996696472167969
Paul Will,shooting,48.602497,50.0,1.3975028991699219
Ben Paton,shooting,50.395912,49.0,1.3959121704101562
Lasso Coulibaly,shooting,50.60527,52.0,1.3947296142578125
Faride Alidou,shooting,57.607098,59.0,1.3929023742675781
Andreas Müller,shooting,57.609333,59.0,1.3906669616699219
Lukas Boeder,shooting,32.390263,31.0,1.3902626037597656
Mattia Zanotti,shooting,57.611607,59.0,1.3883934020996094
Alessandro Buongiorno,shooting,43.611736,45.0,1.3882637023925781
Maik Nawrocki,shooting,49.613216,51.0,1.3867835998535156
Jakub Lewicki,shooting,41.61734,43.0,1.382659912109375
Kylian Kouassi,shooting,49.61761,51.0,1.3823890686035156
Victor Dican,shooting,50.620667,52.0,1.37933349609375
Sadik Fofana,shooting,43.621357,45.0,1.3786430358886719
Kalidou Sidibé,shooting,43.621597,45.0,1.3784027099609375
Muhammed Uvais,shooting,32.62257,34.0,1.3774299621582031
Bryan Lasme,shooting,65.62349,67.0,1.3765106201171875
Josh Coley,shooting,50.62664,52.0,1.3733596801757812
Evan Haddock,shooting,28.369583,27.0,1.3695831298828125
Augustine Boakye,shooting,57.630505,59.0,1.3694953918457031
Etienne Camara,shooting,43.631092,45.0,1.3689079284667969
Niklas Lang,shooting,23.368519,22.0,1.3685188293457031
Allahyar Sayyadmanesh,shooting,65.6384,67.0,1.361602783203125
Callum Styles,shooting,60.64198,62.0,1.3580207824707031
Jitendra Singh,shooting,40.64391,42.0,1.3560905456542969
Mathias Olesen,shooting,44.64502,46.0,1.35498046875
Cameron Windust,shooting,24.353985,23.0,1.3539848327636719
Brandon Fleming,shooting,34.646698,36.0,1.353302001953125
Bruno Valdez,shooting,41.351635,40.0,1.3516349792480469
Sekou Sidibe,shooting,60.648544,62.0,1.3514556884765625
Jean-Victor Makengo,shooting,64.64906,66.0,1.3509368896484375
Ștefan Pănoiu,shooting,58.64935,60.0,1.3506507873535156
Xander Blomme,shooting,42.649456,44.0,1.3505439758300781
Cian Kavanagh,shooting,49.653896,51.0,1.3461036682128906
Raphael Schifferl,shooting,29.65548,31.0,1.3445205688476562
Derek Mazou-Sacko,shooting,44.655514,46.0,1.3444862365722656
Abdulelah Al Shammari,shooting,48.65838,50.0,1.3416213989257812
Josué Escartin,shooting,31.339876,30.0,1.3398761749267578
Jamie Shackleton,shooting,47.662724,49.0,1.3372764587402344
Gautier Lloris,shooting,34.663013,36.0,1.3369865417480469
Meiko Sponsel,shooting,41.665016,43.0,1.3349838256835938
Ben Lederman,shooting,57.669846,59.0,1.3301544189453125
Emil Benny,shooting,43.67106,45.0,1.3289413452148438
Luke Harris,shooting,58.6729,60.0,1.3270988464355469
Kevin Martin Krygård,shooting,52.67434,54.0,1.3256607055664062
Þórir Jóhann Helgason,shooting,59.675682,61.0,1.3243179321289062
Johannes Naschberger,shooting,56.67589,58.0,1.3241081237792969
Amar Dedić,shooting,56.678234,58.0,1.3217658996582031
Waniss Taïbi,shooting,48.678764,50.0,1.3212356567382812
Can Bozdoğan,shooting,63.680172,65.0,1.3198280334472656
Michael Steinwender,shooting,30.318045,29.0,1.318044662475586
Ethan Bristow,shooting,36.682667,38.0,1.3173332214355469
Adam Dźwigała,shooting,42.687958,44.0,1.312042236328125
Kieron Bowie,shooting,57.68846,59.0,1.3115386962890625
Mazeed Ogungbo,shooting,32.31024,31.0,1.31024169921875
Giannis Papanikolaou,shooting,54.690445,56.0,1.3095550537109375
Nishan Velupillay,shooting,52.690506,54.0,1.3094940185546875
Linus Rosenlöcher,shooting,43.691845,45.0,1.3081550598144531
Tyler Morton,shooting,45.692688,47.0,1.30731201171875
Mads Frøkjær-Jensen,shooting,54.70049,56.0,1.2995109558105469
Gabriel Vidović,shooting,61.701138,63.0,1.2988624572753906
Filip Bilbija,shooting,53.70154,55.0,1.2984580993652344
Rafik Zekhnini,shooting,56.297356,55.0,1.2973556518554688
Matías Silva,shooting,47.703022,49.0,1.2969779968261719
Dion Kacuri,shooting,43.70307,45.0,1.2969284057617188
Samuel Giovane,shooting,48.704483,50.0,1.2955169677734375
Connor McLennan,shooting,58.29117,57.0,1.291168212890625
Jack Currie,shooting,35.709755,37.0,1.2902450561523438
Lennart Czyborra,shooting,46.709873,48.0,1.2901268005371094
Mohamed El Arouch,shooting,58.710495,60.0,1.2895050048828125
Fynn Lakenmacher,shooting,63.710728,65.0,1.2892723083496094
Niklas Tauer,shooting,44.720135,46.0,1.2798652648925781
Martin Agnarsson,shooting,40.720947,42.0,1.279052734375
Yáser Asprilla,shooting,57.721622,59.0,1.2783775329589844
Joseph Rosales,shooting,42.721657,44.0,1.2783432006835938
Mirza Cihan,shooting,50.721794,52.0,1.2782058715820312
Joshua Feeney,shooting,32.277702,31.0,1.2777023315429688
Uran Bislimi,shooting,52.72727,54.0,1.2727317810058594
Florian Flick,shooting,47.7289,49.0,1.2710990905761719
Cody Johnson,shooting,45.728947,47.0,1.2710533142089844
Conor Noß,shooting,55.729263,57.0,1.2707366943359375
Jonathan Meier,shooting,42.73214,44.0,1.2678604125976562
James Olayinka,shooting,58.73272,60.0,1.2672805786132812
Liam Scales,shooting,52.73547,54.0,1.2645301818847656
Ricky-Jade Jones,shooting,62.263138,61.0,1.2631378173828125
Mehdi Dorval,shooting,33.742977,35.0,1.2570228576660156
Medon Berisha,shooting,45.74646,47.0,1.2535400390625
Oliver Batista Meier,shooting,62.25327,61.0,1.2532691955566406
Naci Ünüvar,shooting,56.747684,58.0,1.2523155212402344
Eli King,shooting,44.749733,46.0,1.2502670288085938
Besfort Zeneli,shooting,50.750477,52.0,1.2495231628417969
Tim Lemperle,shooting,61.751934,63.0,1.2480659484863281
Anthony Markanich,shooting,23.2453,22.0,1.24530029296875
Máximo Perrone,shooting,52.754723,54.0,1.2452774047851562
Mohammed Al Abdullah,shooting,40.75515,42.0,1.2448501586914062
Nicklas Shipnoski,shooting,58.75647,60.0,1.2435302734375
Eoghan O'Connell,shooting,39.761375,41.0,1.2386245727539062
Sakarias Opsahl,shooting,55.76297,57.0,1.237030029296875
Abdelkabir Abqar,shooting,29.76376,31.0,1.2362403869628906
Markus Solbakken,shooting,54.76539,56.0,1.2346115112304688
Nikola Soldo,shooting,32.23376,31.0,1.2337608337402344
Max Bird,shooting,54.23363,53.0,1.2336311340332031
Matteo Ruggeri,shooting,47.770626,49.0,1.2293739318847656
Charlie McCann,shooting,55.771008,57.0,1.2289924621582031
Jean-Manuel Mbom,shooting,58.773285,60.0,1.226715087890625
Michael Obafemi,shooting,66.77333,68.0,1.2266693115234375
August Mikkelsen,shooting,58.77349,60.0,1.2265090942382812
Bartosz Białek,shooting,65.77639,67.0,1.2236099243164062
Kerim Çalhanoğlu,shooting,49.776596,51.0,1.2234039306640625
Junior Noguera,shooting,54.77836,56.0,1.2216415405273438
Fabian Holst-Larsen,shooting,28.778913,30.0,1.2210865020751953
Ignacio Agustín Rodríguez,shooting,54.779907,56.0,1.2200927734375
Cisse Sandra,shooting,60.78032,62.0,1.2196807861328125
Anthony Schmid,shooting,61.780697,63.0,1.2193031311035156
Dženan Pejčinović,shooting,58.78251,60.0,1.2174911499023438
Dujon Sterling,shooting,46.7846,48.0,1.2154006958007812
Alex Robertson,shooting,45.78748,47.0,1.2125205993652344
Malik Batmaz,shooting,64.78788,66.0,1.2121200561523438
Roshan Singh,shooting,48.789974,50.0,1.2100257873535156
Thor Úlfarsson,shooting,60.793797,62.0,1.2062034606933594
Alessio Besio,shooting,54.794533,56.0,1.2054672241210938
Kai Klefisch,shooting,50.79483,52.0,1.205169677734375
Filipe Sissé,shooting,44.795525,46.0,1.2044754028320312
Laurin Ulrich,shooting,57.802273,59.0,1.1977272033691406
Maximilian Breunig,shooting,59.80313,61.0,1.196868896484375
Jong-min Seo,shooting,46.803295,48.0,1.1967048645019531
Isaiah Parente,shooting,41.80592,43.0,1.1940803527832031
Yan Valery,shooting,53.194016,52.0,1.1940155029296875
Noah Shamoun,shooting,53.80709,55.0,1.1929092407226562
Nathan Tjoe-A-On,shooting,37.808308,39.0,1.1916923522949219
Anwar Ali,shooting,32.810024,34.0,1.1899757385253906
Yassin Oukili,shooting,53.811886,55.0,1.1881141662597656
Dylan Kadji,shooting,36.81423,38.0,1.1857681274414062
Magnus Warming,shooting,56.816444,58.0,1.1835556030273438
Linus Gechter,shooting,33.175488,32.0,1.1754875183105469
Baba Fernandes,shooting,30.17018,29.0,1.1701793670654297
Mallik Wilks,shooting,65.1692,64.0,1.1691970825195312
Giorgio Cittadini,shooting,29.168234,28.0,1.168233871459961
Nicholas Pennington,shooting,49.831802,51.0,1.1681976318359375
Willem Geubbels,shooting,65.168045,64.0,1.1680450439453125
Mathias Delorge,shooting,44.167118,43.0,1.1671180725097656
Omar Megeed,shooting,51.833374,53.0,1.1666259765625
Omari Hutchinson,shooting,51.833633,53.0,1.1663665771484375
Josh Eccles,shooting,48.837162,50.0,1.1628379821777344
Jack Wells-Morrison,shooting,46.839928,48.0,1.1600723266601562
Ricky Shabong,shooting,33.841385,35.0,1.1586151123046875
Ryan Longman,shooting,63.8452,65.0,1.1548004150390625
Mimeirhel Benita,shooting,53.846764,55.0,1.1532363891601562
Kristoffer Askildsen,shooting,53.847534,55.0,1.1524658203125
Alex Méndez,shooting,54.850285,56.0,1.1497154235839844
Mohamad Rakip,shooting,26.148867,25.0,1.1488666534423828
Federico Versaci,shooting,60.852562,62.0,1.1474380493164062
Efe-Kaan Sihlaroglu,shooting,46.85458,48.0,1.1454200744628906
Rocco Reitz,shooting,56.85459,58.0,1.1454086303710938
Gonzalo Nápoli,shooting,57.855415,59.0,1.1445846557617188
Zinédine Ould Khaled,shooting,45.857307,47.0,1.1426925659179688
Anosike Ementa,shooting,57.85834,59.0,1.1416587829589844
Ousoumane Camara,shooting,47.859554,49.0,1.1404457092285156
Aidan Morris,shooting,49.862797,51.0,1.1372032165527344
Elias Achouri,shooting,60.86281,62.0,1.1371917724609375
Victor Lind,shooting,61.866116,63.0,1.1338844299316406
Will Fish,shooting,32.867947,34.0,1.1320533752441406
Doğucan Haspolat,shooting,53.868385,55.0,1.1316146850585938
Couhaib Driouech,shooting,54.87152,56.0,1.12847900390625
Samed Onur,shooting,58.872105,60.0,1.1278953552246094
Eric Uhlmann,shooting,45.872368,47.0,1.1276321411132812
Abdurrahim Dursun,shooting,45.876316,47.0,1.1236839294433594
Nikhil Prabhu,shooting,23.12175,22.0,1.1217498779296875
Steven Sserwadda,shooting,38.878677,40.0,1.1213226318359375
Håkon Røsten,shooting,31.879885,33.0,1.1201152801513672
Michael Ruhs,shooting,54.880966,56.0,1.1190338134765625
César Araújo,shooting,51.884045,53.0,1.1159553527832031
Tymoteusz Puchacz,shooting,62.885357,64.0,1.1146430969238281
Lucas Kåhed,shooting,41.885654,43.0,1.1143455505371094
Marcel Wenig,shooting,56.886497,58.0,1.1135025024414062
Denilho Cleonise,shooting,57.8871,59.0,1.1128997802734375
Johan Bakke,shooting,47.88737,49.0,1.1126289367675781
Darragh Burns,shooting,58.109512,57.0,1.1095123291015625
Erdon Daci,shooting,63.892056,65.0,1.1079444885253906
Burak Kapacak,shooting,55.89303,57.0,1.1069717407226562
Jad Hakiki,shooting,49.89331,51.0,1.106689453125
Jamil Siebert,shooting,31.895756,33.0,1.1042442321777344
Marcel Zylla,shooting,53.89691,55.0,1.10308837890625
Mehdi Loune,shooting,52.898167,54.0,1.1018333435058594
Abdoul Fessal Tapsoba,shooting,65.89994,67.0,1.1000595092773438
Julian Guttau,shooting,48.90112,50.0,1.0988807678222656
Michael Baldisimo,shooting,42.902397,44.0,1.0976028442382812
Abdoulaye Kamara,shooting,41.902645,43.0,1.0973548889160156
Alex Badolato,shooting,50.90292,52.0,1.0970802307128906
Ed Turns,shooting,32.096817,31.0,1.0968170166015625
Isak Jansson,shooting,60.90459,62.0,1.0954093933105469
CJ Egan-Riley,shooting,30.905191,32.0,1.094808578491211
Patricio Pizarro,shooting,29.905489,31.0,1.0945110321044922
Othmane Boussaid,shooting,59.90651,61.0,1.0934906005859375
Dixon Vera,shooting,49.907227,51.0,1.0927734375
José Alfredo Flores,shooting,54.90927,56.0,1.090728759765625
Yacine El Amri,shooting,45.909374,47.0,1.0906257629394531
Tyrese Campbell,shooting,66.90964,68.0,1.090362548828125
Jay Henderson,shooting,49.90978,51.0,1.0902214050292969
Wiktor Długosz,shooting,50.910282,52.0,1.0897178649902344
Muharem Huskovic,shooting,60.910385,62.0,1.0896148681640625
Nathan Bitumazala,shooting,40.91254,42.0,1.0874595642089844
Malick Fofana,shooting,54.912563,56.0,1.0874366760253906
Fabricio Vidal,shooting,35.912727,37.0,1.0872726440429688
Batista Mendy,shooting,48.91314,50.0,1.0868606567382812
Hans Nicolussi Caviglia,shooting,51.913334,53.0,1.0866661071777344
Logan Ndenbe,shooting,30.08549,29.0,1.085489273071289
Mohamed Sankoh,shooting,60.914818,62.0,1.0851821899414062
Charlie Webster,shooting,52.915184,54.0,1.0848159790039062
Ousseni Bouda,shooting,48.915268,50.0,1.0847320556640625
Mert Yusuf Torlak,shooting,47.917236,49.0,1.082763671875
Ion Gheorghe,shooting,62.082638,61.0,1.0826377868652344
Wilitty Younoussa,shooting,44.91752,46.0,1.0824813842773438
Mohamed Achi,shooting,46.918232,48.0,1.0817680358886719
Eirik Blikstad,shooting,26.920288,28.0,1.0797119140625
Ethan Laird,shooting,52.92103,54.0,1.0789718627929688
Franklin Tebo Uchenna,shooting,31.07875,30.0,1.0787506103515625
Patrick Wood,shooting,57.92154,59.0,1.078460693359375
Sambou Soumano,shooting,64.921776,66.0,1.0782241821289062
Jacob Davenport,shooting,41.92662,43.0,1.0733795166015625
Nicholas Bonfanti,shooting,64.9281,66.0,1.0718994140625
Daniel Hall,shooting,25.071165,24.0,1.0711650848388672
Lucas Halangk,shooting,47.93138,49.0,1.0686187744140625
Kortney Hause,shooting,45.06813,44.0,1.0681304931640625
Théo Sainte-Luce,shooting,45.932716,47.0,1.0672836303710938
Jake Davis,shooting,41.933376,43.0,1.0666236877441406
Myles Peart-Harris,shooting,62.06294,61.0,1.0629386901855469
Nayel Mehssatou,shooting,44.938007,46.0,1.0619926452636719
Deroy Duarte,shooting,62.939568,64.0,1.0604324340820312
Kelland Watts,shooting,45.939995,47.0,1.0600051879882812
Vittorio Parigini,shooting,65.05979,64.0,1.0597915649414062
Patrick Vroegh,shooting,52.940758,54.0,1.0592422485351562
Josh Benson,shooting,55.940796,57.0,1.0592041015625
Jonathan Tomkinson,shooting,32.05666,31.0,1.0566596984863281
Achraf Dari,shooting,32.055984,31.0,1.0559844970703125
Taylor Luvambo,shooting,48.944717,50.0,1.0552825927734375
Mai Traore,shooting,56.946236,58.0,1.0537643432617188
Ben Goodliffe,shooting,26.05068,25.0,1.050680160522461
Donal Higgins,shooting,46.950607,48.0,1.0493927001953125
Francis Momoh,shooting,56.951366,58.0,1.0486335754394531
Josh Tymon,shooting,50.95145,52.0,1.0485496520996094
Luca D'Andrea,shooting,54.952953,56.0,1.0470466613769531
Bryan Reynolds,shooting,45.95468,47.0,1.045318603515625
Daniel Chesters,shooting,45.955982,47.0,1.0440177917480469
Jonathan Leko,shooting,58.956238,60.0,1.04376220703125
Ahmed Bahusayn,shooting,46.95806,48.0,1.0419387817382812
Conor Kane,shooting,42.95837,44.0,1.0416297912597656
Carlos Mendes Gomes,shooting,62.96003,64.0,1.0399703979492188
Alessandro Fontanarosa,shooting,56.9613,58.0,1.0387001037597656
Gonzalo Maroni,shooting,53.962296,55.0,1.0377044677734375
Philip Otele,shooting,54.963978,56.0,1.0360221862792969
Valentín Gómez,shooting,28.967829,30.0,1.0321712493896484
Amadou Keita,shooting,49.96804,51.0,1.0319595336914062
Daniel Samek,shooting,65.03184,64.0,1.0318374633789062
Festy Ebosele,shooting,43.96851,45.0,1.0314903259277344
Simone Canestrelli,shooting,32.029613,31.0,1.0296134948730469
Mads Enggård,shooting,43.971058,45.0,1.0289421081542969
Shawn Adewoye,shooting,25.02871,24.0,1.0287094116210938
Andreas Bruus,shooting,52.971664,54.0,1.0283355712890625
Oliver Larraz,shooting,40.97754,42.0,1.0224609375
Abdullah Al Enazi,shooting,40.982323,42.0,1.0176773071289062
Jibril Ibrahimi,shooting,59.98402,61.0,1.0159797668457031
Roko Šimić,shooting,63.985394,65.0,1.0146064758300781
Makan Winkle Chothe,shooting,42.988438,44.0,1.0115623474121094
Joe-Loïc Affamah,shooting,62.988834,64.0,1.0111656188964844
Amario Cozier-Duberry,shooting,53.989994,55.0,1.0100059509277344
Bünyamin Balcı,shooting,42.990807,44.0,1.0091934204101562
Will Sands,shooting,47.99198,49.0,1.0080184936523438
Taylor Perry,shooting,54.99226,56.0,1.0077400207519531
Daniel Bunk,shooting,42.99378,44.0,1.0062217712402344
Tim Oermann,shooting,32.994564,34.0,1.0054359436035156
Martin Moormann,shooting,34.00534,33.0,1.005340576171875
Sebastián Quintana,shooting,54.996708,56.0,1.0032920837402344
Ante Palaversa,shooting,64.996765,66.0,1.00323486328125
Ibrahima Camará,shooting,45.997383,47.0,1.0026168823242188
Brynjar Ingi Bjarnason,shooting,26.00224,25.0,1.0022392272949219
András Németh,shooting,61.001446,62.0,0.9985542297363281
Tony Springett,shooting,60.003227,61.0,0.9967727661132812
Ernest Terpiłowski,shooting,58.003822,59.0,0.9961776733398438
Kobe Hernández-Foster,shooting,43.008595,44.0,0.9914054870605469
Jaylin Lindsey,shooting,43.008743,44.0,0.9912567138671875
Ignacio Rodríguez,shooting,28.98977,28.0,0.9897708892822266
Kyle Magennis,shooting,64.01036,65.0,0.9896392822265625
Daniel Oyegoke,shooting,36.011116,37.0,0.9888839721679688
Matías Galarza,shooting,53.01344,54.0,0.9865608215332031
Enzo Luna,shooting,63.986557,63.0,0.9865570068359375
Leon Dajaku,shooting,58.015617,59.0,0.9843826293945312
Lewis Richardson,shooting,59.01706,60.0,0.982940673828125
Yusuf Özdemir,shooting,39.017487,40.0,0.982513427734375
Eman Marković,shooting,57.017635,58.0,0.9823646545410156
Saad Al Mousa,shooting,25.981415,25.0,0.981414794921875
Emirhan İlkhan,shooting,57.018665,58.0,0.9813346862792969
Ibrahim El Kadiri,shooting,57.01903,58.0,0.9809684753417969
Charles Vanhoutte,shooting,53.020004,54.0,0.9799957275390625
Cole Bassett,shooting,59.0216,60.0,0.9784011840820312
Sunusi Ibrahim,shooting,58.023914,59.0,0.9760856628417969
Deepak Tangri,shooting,37.02441,38.0,0.9755897521972656
Fisnik Asllani,shooting,63.0259,64.0,0.9740982055664062
Nicolas Vouilloz,shooting,28.973988,28.0,0.9739875793457031
Lisandru Tramoni,shooting,54.0266,55.0,0.9734001159667969
Eduard Radaslavescu,shooting,62.028175,63.0,0.9718246459960938
Arouna Sangante,shooting,32.028732,33.0,0.9712677001953125
Cameron McJannet,shooting,43.02942,44.0,0.9705810546875
Vesel Demaku,shooting,51.029858,52.0,0.9701423645019531
Gabriel Charpentier,shooting,65.968056,65.0,0.9680557250976562
Angus Thurgate,shooting,55.032272,56.0,0.9677276611328125
Nick Otto,shooting,24.965488,24.0,0.9654884338378906
Namgyal Bhutia,shooting,44.034733,45.0,0.9652671813964844
Saurav Mandal,shooting,45.03795,46.0,0.9620513916015625
Filippo Melegoni,shooting,53.039944,54.0,0.9600563049316406
Adrián Alcaraz,shooting,58.040157,59.0,0.9598426818847656
Jordan Meyer,shooting,43.042156,44.0,0.9578437805175781
Harald Nilsen Tangen,shooting,58.042427,59.0,0.9575729370117188
Tashreeq Matthews,shooting,57.04442,58.0,0.9555816650390625
Peter Kioso,shooting,44.04508,45.0,0.9549217224121094
Dean Williams,shooting,59.04654,60.0,0.953460693359375
Mats Knoester,shooting,29.952524,29.0,0.9525241851806641
Kaide Gordon,shooting,56.047653,57.0,0.9523468017578125
Jasper Pattenden,shooting,49.951946,49.0,0.9519462585449219
Marko Divković,shooting,58.951572,58.0,0.9515724182128906
Abdullah Al Hamdan,shooting,58.951176,58.0,0.9511756896972656
Martin Šviderský,shooting,42.049538,43.0,0.9504623413085938
Leonhard Münst,shooting,51.049606,52.0,0.9503936767578125
Gino Fechner,shooting,40.950237,40.0,0.9502372741699219
Nico Hug,shooting,38.051117,39.0,0.948883056640625
Liam Coyle,shooting,49.051575,50.0,0.94842529296875
Anthony Roncaglia,shooting,37.052635,38.0,0.9473648071289062
Kevin Ehlers,shooting,29.94693,29.0,0.946929931640625
Noah Naujoks,shooting,56.05424,57.0,0.9457588195800781
Jusuf Gazibegović,shooting,42.054535,43.0,0.945465087890625
Niko Tsakiris,shooting,33.054554,34.0,0.9454460144042969
Josh Austerfield,shooting,44.057804,45.0,0.9421958923339844
Nicolas Popescu,shooting,39.060375,40.0,0.9396247863769531
David Nemeth,shooting,29.939133,29.0,0.9391326904296875
Emmanuel Fernandez,shooting,23.938618,23.0,0.9386177062988281
Marley Aké,shooting,62.061874,63.0,0.9381256103515625
Agustín Vera,shooting,58.061943,59.0,0.9380569458007812
Kipp Keller,shooting,29.93775,29.0,0.9377498626708984
Dominik Kother,shooting,60.936863,60.0,0.9368629455566406
Colin Rösler,shooting,30.936827,30.0,0.9368267059326172
Beni Baningime,shooting,51.065205,52.0,0.9347953796386719
Leo Greiml,shooting,30.934486,30.0,0.9344863891601562
Frankie Kent,shooting,30.934458,30.0,0.9344577789306641
Luca Jaquez,shooting,26.933125,26.0,0.9331245422363281
Matúš Holíček,shooting,46.067066,47.0,0.9329338073730469
Luke McNally,shooting,34.069153,35.0,0.93084716796875
Ángel Vaca,shooting,60.069744,61.0,0.9302558898925781
Aleksander Buksa,shooting,59.069847,60.0,0.9301528930664062
Stefan Škrbo,shooting,54.07049,55.0,0.9295082092285156
Jakub Kadak,shooting,65.07172,66.0,0.92828369140625
Paddy Lane,shooting,61.071907,62.0,0.9280929565429688
Reyes Cleary,shooting,61.072083,62.0,0.92791748046875
Johan Arath Gómez,shooting,62.072636,63.0,0.9273643493652344
Luca Valzania,shooting,59.074005,60.0,0.925994873046875
Ellis Taylor,shooting,42.074303,43.0,0.9256973266601562
Fabio Markelic,shooting,47.07516,48.0,0.9248390197753906
Abdullah Al Shanqeeti,shooting,33.92312,33.0,0.9231185913085938
Luca Herrmann,shooting,51.077343,52.0,0.9226570129394531
Kas de Wit,shooting,47.07735,48.0,0.9226493835449219
Agustín Baldi,shooting,53.07807,54.0,0.9219284057617188
Tom Lacoux,shooting,46.079437,47.0,0.920562744140625
Mustafa Kourouma,shooting,31.91864,31.0,0.91864013671875
Robbie McKenzie,shooting,46.081844,47.0,0.9181556701660156
Clemens Riedel,shooting,26.082596,27.0,0.9174041748046875
Devendra Murgaonkar,shooting,50.917126,50.0,0.9171257019042969
Cameron Harper,shooting,56.08299,57.0,0.9170112609863281
Žan Rogelj,shooting,50.08318,51.0,0.9168205261230469
Garang Kuol,shooting,55.083385,56.0,0.9166145324707031
Matías Vera,shooting,42.08432,43.0,0.915679931640625
Justo Giani,shooting,59.084545,60.0,0.9154548645019531
Finn Surman,shooting,33.91508,33.0,0.9150810241699219
Jason Sraha,shooting,25.915024,25.0,0.9150238037109375
Marius Ros,shooting,30.911694,30.0,0.9116935729980469
Harry Pickering,shooting,50.088936,51.0,0.9110641479492188
Hassan Al Mohammed,shooting,40.090733,41.0,0.9092674255371094
Ethan Erhahon,shooting,58.091656,59.0,0.9083442687988281
Salvatore Esposito,shooting,59.092144,60.0,0.9078559875488281
Flynn Downes,shooting,52.092377,53.0,0.907623291015625
Mohammed Al Oufi,shooting,31.095047,32.0,0.9049530029296875
Arthur Zagré,shooting,42.096573,43.0,0.9034271240234375
Anton Eriksson,shooting,31.097069,32.0,0.9029312133789062
Afimico Pululu,shooting,60.90209,60.0,0.9020881652832031
Gurkirat Singh,shooting,52.098125,53.0,0.9018745422363281
Aniket Jadhav,shooting,51.09825,52.0,0.9017486572265625
Xander Martlé,shooting,42.09955,43.0,0.90045166015625
Luca Kronberger,shooting,57.10014,58.0,0.8998603820800781
Ogechika Heil,shooting,53.10084,54.0,0.8991584777832031
Saïdou Sow,shooting,40.101437,41.0,0.8985633850097656
Gerrit Gohlke,shooting,28.897991,28.0,0.8979911804199219
Carlos Gavilán,shooting,49.897923,49.0,0.8979225158691406
Rafik Guitane,shooting,57.10251,58.0,0.897491455078125
Patrick Sontheimer,shooting,50.103447,51.0,0.8965530395507812
Will Ferry,shooting,51.104107,52.0,0.8958930969238281
Noah Bischof,shooting,59.104446,60.0,0.8955535888671875
Sami Lahssaini,shooting,57.10477,58.0,0.8952293395996094
Victor Bezerra,shooting,58.10526,59.0,0.8947410583496094
Jahkeele Marshall-Rutty,shooting,49.107788,50.0,0.8922119140625
Thomas Van Den Keybus,shooting,55.108814,56.0,0.8911857604980469
Jonny Yull,shooting,44.10915,45.0,0.8908500671386719
Darko Churlinov,shooting,65.109505,66.0,0.8904953002929688
Alassana Jatta,shooting,56.10983,57.0,0.8901710510253906
Amankwah Forson,shooting,52.110832,53.0,0.8891677856445312
Simone Panada,shooting,54.110947,55.0,0.8890533447265625
Sarpreet Singh,shooting,63.888443,63.0,0.8884429931640625
Cristhian García,shooting,54.113754,55.0,0.8862457275390625
Jake Cain,shooting,56.114758,57.0,0.8852424621582031
Lewis Miller,shooting,42.116627,43.0,0.8833732604980469
Quentin Merlin,shooting,58.117653,59.0,0.8823471069335938
Stefán Teitur Thórdarson,shooting,56.11912,57.0,0.8808784484863281
Kevin Jensen,shooting,59.12107,60.0,0.8789291381835938
Matisse Samoise,shooting,60.12368,61.0,0.8763198852539062
Justin Rasmussen,shooting,54.12425,55.0,0.8757514953613281
Lasse Berg Johnsen,shooting,52.12724,53.0,0.8727607727050781
Lucas Hey,shooting,40.12732,41.0,0.8726806640625
Francisco Marco,shooting,29.872341,29.0,0.8723411560058594
Mario Bratu,shooting,60.129745,61.0,0.8702545166015625
Jeremías James,shooting,33.8687,33.0,0.8686981201171875
Max Melbourne,shooting,31.868534,31.0,0.8685340881347656
Noel Niemann,shooting,60.13185,61.0,0.8681488037109375
Youri Regeer,shooting,54.131886,55.0,0.8681144714355469
Raphaël Eyongo,shooting,53.13244,54.0,0.8675613403320312
Fabian Wilfinger,shooting,42.13425,43.0,0.8657493591308594
Fritiof Hellichius,shooting,37.134388,38.0,0.8656120300292969
Luke Ivanovic,shooting,56.864605,56.0,0.8646049499511719
Alexandre Phliponeau,shooting,42.136814,43.0,0.8631858825683594
Kevin Höög Jansson,shooting,42.138668,43.0,0.8613319396972656
Issa Fomba,shooting,59.140068,60.0,0.8599319458007812
Giuseppe Cuomo,shooting,27.141243,28.0,0.8587570190429688
Harry Leonard,shooting,60.1435,61.0,0.8564987182617188
Aleksa Pejić,shooting,44.14465,45.0,0.8553504943847656
Jorne Spileers,shooting,30.146519,31.0,0.8534812927246094
Nikolaos Michelis,shooting,34.853268,34.0,0.8532676696777344
Thomas Rekdal,shooting,51.147705,52.0,0.852294921875
Adamo Nagalo,shooting,29.850933,29.0,0.8509330749511719
Davino Knappe,shooting,50.15225,51.0,0.8477516174316406
Ilija Vukotić,shooting,57.15267,58.0,0.8473281860351562
Oskar Leśniak,shooting,42.15519,43.0,0.8448104858398438
Tomás Galván,shooting,60.155827,61.0,0.8441734313964844
Lohann Doucet,shooting,36.15648,37.0,0.8435211181640625
Timothy Noor Ouma,shooting,44.16033,45.0,0.8396682739257812
Oisín McEntee,shooting,31.838198,31.0,0.8381977081298828
Lennard Maloney,shooting,43.161976,44.0,0.8380241394042969
Naatan Skyttä,shooting,52.1628,53.0,0.8372001647949219
Dylan Portilla,shooting,55.16314,56.0,0.8368606567382812
Nohan Kenneh,shooting,50.164013,51.0,0.8359870910644531
Oliver Zandén,shooting,39.16464,40.0,0.8353614807128906
Vontae Daley-Campbell,shooting,39.833588,39.0,0.833587646484375
Bastien Toma,shooting,62.16776,63.0,0.8322410583496094
Nilson Angulo,shooting,58.16796,59.0,0.8320388793945312
Rick van Drongelen,shooting,26.828074,26.0,0.8280735015869141
Bruno Amione,shooting,35.17213,36.0,0.8278694152832031
Gian Nardelli,shooting,40.173965,41.0,0.8260345458984375
Philipp Schulz,shooting,40.17468,41.0,0.8253211975097656
Liam Walsh,shooting,63.824833,63.0,0.8248329162597656
Luke Le Roux,shooting,49.175446,50.0,0.824554443359375
Romeo Vucic,shooting,60.177902,61.0,0.8220977783203125
Othman Al Othman,shooting,43.1788,44.0,0.8212013244628906
Chris Hegardt,shooting,45.180264,46.0,0.8197364807128906
Phillip Cancar,shooting,23.819508,23.0,0.8195075988769531
Issouf Sissokho,shooting,52.1807,53.0,0.8193016052246094
Igor Matanović,shooting,63.819,63.0,0.819000244140625
Mamady Diambou,shooting,51.181007,52.0,0.8189926147460938
Luca Bolay,shooting,37.1811,38.0,0.8189010620117188
Matthew Hoppe,shooting,66.818054,66.0,0.81805419921875
Betim Fazliji,shooting,40.184032,41.0,0.8159675598144531
Kosi Thompson,shooting,49.1841,50.0,0.8158988952636719
Kevin Ortiz,shooting,51.815533,51.0,0.8155326843261719
Sidney Raebiger,shooting,51.189472,52.0,0.8105278015136719
Flavien-Enzo Boyomo,shooting,30.809387,30.0,0.80938720703125
Ayrton Paz,shooting,45.192295,46.0,0.8077049255371094
Dylan Mbayo,shooting,60.192413,61.0,0.807586669921875
Shane Farrell,shooting,54.192444,55.0,0.80755615234375
Ronan Boyce,shooting,50.192604,51.0,0.8073959350585938
Alan Rodríguez,shooting,61.193523,62.0,0.8064765930175781
Rashaan Fernandes,shooting,58.1955,59.0,0.8045005798339844
Mathis Lachuer,shooting,45.195904,46.0,0.8040962219238281
Josef Brian Baccay,shooting,42.196777,43.0,0.80322265625
Jeison Mina,shooting,24.802917,24.0,0.80291748046875
Merlin Röhl,shooting,48.197636,49.0,0.8023643493652344
Abdourahmane Barry,shooting,25.800285,25.0,0.8002853393554688
Edwin Cerrillo,shooting,42.200336,43.0,0.7996635437011719
Simone Davi,shooting,33.79681,33.0,0.7968101501464844
Kostyantyn Vivcharenko,shooting,45.204334,46.0,0.7956657409667969
Rijad Smajić,shooting,30.795444,30.0,0.7954444885253906
Sanders Ngabo,shooting,53.20662,54.0,0.7933807373046875
Mark Doyle,shooting,59.793068,59.0,0.7930679321289062
Ismaël Boura,shooting,46.207497,47.0,0.7925033569335938
Lee Buchanan,shooting,40.209297,41.0,0.7907028198242188
Vetle Walle Egeli,shooting,46.209503,47.0,0.790496826171875
Yvandro Borges Sanches,shooting,56.209637,57.0,0.7903633117675781
Daniel Eid,shooting,54.21216,55.0,0.787841796875
Aaron Rowe,shooting,51.78748,51.0,0.7874794006347656
Bryce Hosannah,shooting,42.21317,43.0,0.7868309020996094
Caleb Zady Sery,shooting,54.21387,55.0,0.7861289978027344
Jasper Moon,shooting,26.784065,26.0,0.7840652465820312
Facundo Mansilla,shooting,31.782368,31.0,0.7823677062988281
Adrian Nilsen Pereira,shooting,58.217934,59.0,0.7820663452148438
Marius Ștefănescu,shooting,63.21873,64.0,0.7812690734863281
Isaac Olaofe,shooting,57.780346,57.0,0.7803459167480469
Tanguy Zoukrou,shooting,32.77994,32.0,0.7799415588378906
Billy Mitchell,shooting,53.220936,54.0,0.7790641784667969
Hayden Coulson,shooting,38.77828,38.0,0.7782783508300781
Gabrijel Rukavina,shooting,55.778034,55.0,0.7780342102050781
Úmaro Embaló,shooting,60.222706,61.0,0.7772941589355469
Jann-Fiete Arp,shooting,63.22309,64.0,0.7769088745117188
Julian Eitschberger,shooting,33.22452,34.0,0.7754783630371094
Godson Kyeremeh,shooting,63.226387,64.0,0.7736129760742188
Bendegúz Bolla,shooting,50.22655,51.0,0.7734489440917969
Niclas Holm Pedersen,shooting,48.227234,49.0,0.77276611328125
Sidi Sané,shooting,55.230804,56.0,0.769195556640625
Dennis Hadžikadunić,shooting,30.768383,30.0,0.7683830261230469
Simon Straudi,shooting,50.232136,51.0,0.7678642272949219
Jack Moylan,shooting,58.233173,59.0,0.7668266296386719
Rasmus Cronvall,shooting,55.23398,56.0,0.766021728515625
Alberto Dossena,shooting,32.765553,32.0,0.7655525207519531
Jeakson Singh,shooting,37.235157,38.0,0.7648429870605469
Valentin Antov,shooting,36.764214,36.0,0.7642135620117188
Yassin Belkhdim,shooting,39.236996,40.0,0.7630043029785156
Lenny Vallier,shooting,55.237946,56.0,0.762054443359375
Lucas Brumme,shooting,56.239376,57.0,0.7606239318847656
Mohamed Farsi,shooting,49.760006,49.0,0.7600059509277344
Yahya Al Najai,shooting,51.75975,51.0,0.7597503662109375
Grégory Coelho,shooting,38.24076,39.0,0.7592391967773438
Tyreke Wilson,shooting,41.24165,42.0,0.7583503723144531
Niklas Jessen,shooting,48.241684,49.0,0.7583160400390625
Mohammed Abbas,shooting,44.242146,45.0,0.7578544616699219
Andri Fannar Baldursson,shooting,48.24231,49.0,0.7576904296875
Mert Yılmaz,shooting,45.244,46.0,0.7560005187988281
Eli Adams,shooting,39.244343,40.0,0.7556571960449219
Jayden Richardson,shooting,39.244354,40.0,0.755645751953125
Gerasimos Mitoglou,shooting,31.754848,31.0,0.7548484802246094
Jacky Donkor,shooting,53.24556,54.0,0.7544403076171875
Luis Carlos Rodríguez,shooting,47.24657,48.0,0.7534294128417969
Joe Tomlinson,shooting,46.246635,47.0,0.7533645629882812
Brian Mansilla,shooting,60.24746,61.0,0.7525405883789062
Gavin Kilkenny,shooting,52.248093,53.0,0.7519073486328125
Richmond Tachie,shooting,60.25036,61.0,0.7496414184570312
Adam Petersson,shooting,51.2526,52.0,0.7473983764648438
Oscar Wallin,shooting,22.746754,22.0,0.7467536926269531
Jay Barnett,shooting,42.25459,43.0,0.7454109191894531
Patricio Ostachuk,shooting,51.25465,52.0,0.7453498840332031
Ragnar Ache,shooting,64.2547,65.0,0.74530029296875
Leandro Morgalla,shooting,36.254723,37.0,0.7452774047851562
Cameron Duke,shooting,49.25587,50.0,0.7441291809082031
Matías Soulé,shooting,62.25819,63.0,0.7418098449707031
Filip Stevanović,shooting,61.258537,62.0,0.7414627075195312
Augusto Schott,shooting,44.2593,45.0,0.7406997680664062
Jakov Medić,shooting,47.2603,48.0,0.7397003173828125
Kacper Urbański,shooting,51.260674,52.0,0.7393264770507812
Ross Tierney,shooting,54.26101,55.0,0.7389907836914062
Sander Moen Foss,shooting,25.736826,25.0,0.7368259429931641
Erlend Dahl Reitan,shooting,46.26611,47.0,0.7338905334472656
Rico Richards,shooting,48.267967,49.0,0.7320327758789062
Sinan Karweina,shooting,58.730953,58.0,0.7309532165527344
Conrad Wallem,shooting,54.27031,55.0,0.7296905517578125
Ayush Adhikari,shooting,44.271034,45.0,0.7289657592773438
Christoph Klarer,shooting,35.271233,36.0,0.7287673950195312
Zack Farnsworth,shooting,29.727272,29.0,0.7272720336914062
Jack Keaney,shooting,53.72658,53.0,0.7265815734863281
Hubert Szulc,shooting,57.726173,57.0,0.7261734008789062
James Connolly,shooting,28.725204,28.0,0.7252044677734375
Nico Ochojski,shooting,46.274826,47.0,0.7251739501953125
Ísak Bergmann Jóhannesson,shooting,60.723705,60.0,0.7237052917480469
Antoine Valério,shooting,49.276375,50.0,0.7236251831054688
José David Romero,shooting,64.27659,65.0,0.7234115600585938
Charly Nouck Horneman,shooting,47.276974,48.0,0.7230262756347656
Przemysław Wiśniewski,shooting,25.722874,25.0,0.7228736877441406
Nadir Zortea,shooting,44.277622,45.0,0.7223777770996094
James Abankwah,shooting,29.722237,29.0,0.7222366333007812
Dean Cornelius,shooting,47.277775,48.0,0.7222251892089844
Dominik Steczyk,shooting,59.279026,60.0,0.7209739685058594
Jake Morris,shooting,25.720177,25.0,0.7201766967773438
Thomas Santos,shooting,51.28079,52.0,0.7192115783691406
Eric N'Jo,shooting,29.718702,29.0,0.7187023162841797
Neil Farrugia,shooting,53.28278,54.0,0.7172203063964844
Jordan Holsgrove,shooting,53.28309,54.0,0.7169113159179688
Laurenz Dehl,shooting,54.716877,54.0,0.7168769836425781
Malek Al Darwish,shooting,46.283497,47.0,0.7165031433105469
Anders Klynge,shooting,54.283615,55.0,0.7163848876953125
Louis Patris,shooting,49.716156,49.0,0.716156005859375
Fabrizio Caligara,shooting,58.285572,59.0,0.7144279479980469
Zeno Ibsen Rossi,shooting,31.713137,31.0,0.7131366729736328
Scott Robertson,shooting,53.28727,54.0,0.7127304077148438
Gyan de Regt,shooting,52.290627,53.0,0.7093734741210938
Sherel Floranus,shooting,45.29109,46.0,0.7089118957519531
Daniel Arzani,shooting,58.29168,59.0,0.7083206176757812
Luc Ihorst,shooting,61.29215,62.0,0.7078514099121094
Kyrylo Melichenko,shooting,41.294872,42.0,0.7051277160644531
Djenahro Nunumete,shooting,49.295124,50.0,0.7048759460449219
Ben Purrington,shooting,44.295486,45.0,0.7045135498046875
Killian Sardella,shooting,36.295937,37.0,0.7040634155273438
Jay Stansfield,shooting,62.703655,62.0,0.7036552429199219
Kamil Dankowski,shooting,51.29746,52.0,0.7025413513183594
Mateusz Skrzypczak,shooting,34.702393,34.0,0.702392578125
Givson Singh,shooting,42.297688,43.0,0.7023124694824219
Erik Botheim,shooting,65.29793,66.0,0.7020721435546875
Yllan Okou,shooting,31.701511,31.0,0.7015113830566406
Nikola Djorić,shooting,25.701424,25.0,0.7014236450195312
Guillermo Rendón,shooting,43.299362,44.0,0.7006378173828125
Marius Cioiu,shooting,56.300312,57.0,0.6996879577636719
Brian McManus,shooting,50.699547,50.0,0.6995468139648438
Riccardo Ciervo,shooting,57.300667,58.0,0.6993331909179688
Elias Hoff Melkersen,shooting,57.301018,58.0,0.6989822387695312
Louis Breunig,shooting,26.698755,26.0,0.6987552642822266
Abdullah Matuq,shooting,50.301495,51.0,0.6985054016113281
Owen Dodgson,shooting,41.30243,42.0,0.69757080078125
Cosmin Bucuroiu,shooting,47.30244,48.0,0.6975593566894531
Tiago José Geralnik,shooting,53.302452,54.0,0.6975479125976562
Randy Schneider,shooting,54.30293,55.0,0.6970710754394531
Brahima Diarra,shooting,51.302982,52.0,0.6970176696777344
Rodrigo Guth,shooting,38.696747,38.0,0.696746826171875
Samba Lélé Diba,shooting,42.30396,43.0,0.6960411071777344
Suwailem Al Menhali,shooting,30.695786,30.0,0.6957855224609375
Kayden Pierre,shooting,26.695156,26.0,0.6951560974121094
Arvin Appiah,shooting,60.694824,60.0,0.69482421875
Declan Drysdale,shooting,27.694479,27.0,0.6944789886474609
Kacper Jodłowski,shooting,36.694183,36.0,0.694183349609375
Cemali Sertel,shooting,37.30665,38.0,0.6933517456054688
Nicolás Valentini,shooting,32.690533,32.0,0.6905326843261719
Karlo Butić,shooting,64.690384,64.0,0.6903839111328125
Jack MacKenzie,shooting,26.689869,26.0,0.6898689270019531
Harvey Vale,shooting,60.310596,61.0,0.6894035339355469
Bećir Omeragić,shooting,39.310913,40.0,0.6890869140625
Nassim Innocenti,shooting,30.688627,30.0,0.6886272430419922
Yannik Keitel,shooting,47.311604,48.0,0.6883964538574219
Antonio Raimondo,shooting,60.312504,61.0,0.6874961853027344
Julian Gaines,shooting,24.687246,24.0,0.6872463226318359
Yonas Malede,shooting,63.31338,64.0,0.6866188049316406
Matthew Bondswell,shooting,31.68576,31.0,0.685760498046875
Milan Corryn,shooting,60.315304,61.0,0.6846961975097656
Zac Williams,shooting,35.31696,36.0,0.6830406188964844
Juan José Giménez,shooting,48.31725,49.0,0.6827507019042969
Gabriel David,shooting,41.320206,42.0,0.6797943115234375
Federico Paradela,shooting,55.32147,56.0,0.6785316467285156
Isaak Davies,shooting,61.67811,61.0,0.6781082153320312
Kik Pierie,shooting,44.3237,45.0,0.676300048828125
Jonatas Santos,shooting,59.325123,60.0,0.6748771667480469
Dara Keane,shooting,47.325195,48.0,0.6748046875
Anthony Oyono,shooting,34.67401,34.0,0.67401123046875
Jannes Van Hecke,shooting,47.327946,48.0,0.6720542907714844
Benjamin Goller,shooting,65.32857,66.0,0.6714324951171875
Giorgio Scalvini,shooting,30.329935,31.0,0.6700649261474609
Jakub Niemczyk,shooting,45.330116,46.0,0.6698837280273438
Callum Timmins,shooting,58.330997,59.0,0.6690025329589844
Adam Wikman,shooting,46.33174,47.0,0.6682586669921875
Tim Siersleben,shooting,33.667763,33.0,0.6677627563476562
Ben Folami,shooting,58.33316,59.0,0.666839599609375
Yannis Letard,shooting,29.665506,29.0,0.6655063629150391
Mads Bech Sørensen,shooting,33.334557,34.0,0.6654434204101562
Maksym Kucheriavyi,shooting,50.33571,51.0,0.6642913818359375
Rico Henry,shooting,40.33915,41.0,0.6608505249023438
Gonzalo Flores,shooting,58.33942,59.0,0.6605796813964844
Julián Malatini,shooting,31.660107,31.0,0.6601066589355469
Mohammed Sangare,shooting,48.34017,49.0,0.6598281860351562
Marcus Browne,shooting,58.341415,59.0,0.6585845947265625
Francesco Lo Celso,shooting,55.34204,56.0,0.657958984375
Florian Miguel,shooting,50.656002,50.0,0.6560020446777344
Oscar Solnørdal,shooting,45.344463,46.0,0.6555366516113281
Mihajlo Ivančević,shooting,34.65529,34.0,0.6552886962890625
Marco Rus,shooting,49.34614,50.0,0.6538581848144531
Jake Najdovski,shooting,50.34658,51.0,0.6534194946289062
Brodie Spencer,shooting,42.348164,43.0,0.6518363952636719
Taylor Moore,shooting,36.349545,37.0,0.6504554748535156
Dennis Jastrzembski,shooting,57.64947,57.0,0.6494712829589844
Nawaf Al Rashoudi,shooting,49.35264,50.0,0.6473617553710938
Nigel Thomas,shooting,59.353443,60.0,0.6465568542480469
Antonio Jonjić,shooting,61.355,62.0,0.6450004577636719
Jovan Marković,shooting,64.355736,65.0,0.6442642211914062
Richard Ledezma,shooting,58.355972,59.0,0.6440277099609375
Peter Abimbola,shooting,45.356174,46.0,0.6438255310058594
Yan Dhanda,shooting,60.357323,61.0,0.6426773071289062
Stelios Andreou,shooting,30.640997,30.0,0.6409969329833984
Aimen Moueffek,shooting,54.361813,55.0,0.6381874084472656
Timur Gayret,shooting,55.361885,56.0,0.6381149291992188
Joel Tabiner,shooting,49.362106,50.0,0.6378936767578125
Logan Costa,shooting,31.362265,32.0,0.6377353668212891
Manuel García,shooting,45.63693,45.0,0.6369285583496094
Berkan Taz,shooting,61.63677,61.0,0.6367683410644531
Louis Mouton,shooting,39.363495,40.0,0.636505126953125
Paxton Pomykal,shooting,56.366608,57.0,0.633392333984375
Kilian Ludewig,shooting,45.366634,46.0,0.6333656311035156
Conor Coventry,shooting,52.367355,53.0,0.6326446533203125
Amin Farouk,shooting,48.36802,49.0,0.6319808959960938
Marcel Benger,shooting,41.368046,42.0,0.6319541931152344
Mamadou Jobe,shooting,23.631939,23.0,0.6319389343261719
Nicolae Păun,shooting,45.368683,46.0,0.631317138671875
Hrvoje Smolčić,shooting,28.629114,28.0,0.6291141510009766
Emiliano Viveros,shooting,46.371292,47.0,0.6287078857421875
Arkadiusz Pyrka,shooting,59.628582,59.0,0.6285820007324219
Jubril Okedina,shooting,34.628395,34.0,0.6283950805664062
Gastón Álvarez,shooting,25.628004,25.0,0.6280040740966797
Maxime Busi,shooting,48.373074,49.0,0.6269264221191406
Ousmane Camara,shooting,46.37472,47.0,0.6252784729003906
Kevin Wiethaup,shooting,42.375202,43.0,0.6247978210449219
Eldin Dzogovic,shooting,28.621887,28.0,0.62188720703125
Lennon Gill,shooting,49.62142,49.0,0.6214218139648438
Guy-Marcelin Kilama,shooting,37.3831,38.0,0.6169013977050781
Agustín Chopitea,shooting,44.384907,45.0,0.6150932312011719
Max Woltman,shooting,53.38546,54.0,0.6145401000976562
Connor Mahoney,shooting,61.386105,62.0,0.6138954162597656
Devin Sür,shooting,49.38666,50.0,0.6133384704589844
Warren Bondo,shooting,54.387024,55.0,0.61297607421875
Emir Tintiş,shooting,49.387108,50.0,0.6128921508789062
Ronnie Edwards,shooting,30.387337,31.0,0.6126632690429688
Yaw Moses,shooting,55.387646,56.0,0.6123542785644531
Santiago Herrera,shooting,66.3893,67.0,0.6107025146484375
Dion De Neve,shooting,54.391148,55.0,0.6088523864746094
Michael Venturi,shooting,47.39159,48.0,0.6084098815917969
Michel Stöcker,shooting,31.606146,31.0,0.6061458587646484
Matthis Riou,shooting,32.604656,32.0,0.6046562194824219
Okan Erdoğan,shooting,35.60421,35.0,0.6042098999023438
Ryan Porteous,shooting,41.397327,42.0,0.6026725769042969
Luca Petrasso,shooting,41.40045,42.0,0.59954833984375
Yukhym Konoplia,shooting,42.401276,43.0,0.598724365234375
Brooke Norton-Cuffy,shooting,38.401276,39.0,0.598724365234375
Ashley Phillips,shooting,26.598373,26.0,0.5983734130859375
Axel Bamba,shooting,33.59792,33.0,0.5979194641113281
Florian Wustinger,shooting,36.40328,37.0,0.5967216491699219
Danny McNamara,shooting,40.403667,41.0,0.5963325500488281
Nicholas Mickelson,shooting,32.403893,33.0,0.5961074829101562
Rareș Ispas,shooting,26.59566,26.0,0.5956592559814453
Madou Touré,shooting,38.404766,39.0,0.5952339172363281
Kyliane Dong,shooting,60.40493,61.0,0.5950698852539062
Zidan Sertdemir,shooting,53.406013,54.0,0.5939865112304688
Jasper van der Werff,shooting,29.592672,29.0,0.5926723480224609
Kader Keïta,shooting,40.40744,41.0,0.592559814453125
Adam Carlén,shooting,42.40955,43.0,0.5904502868652344
Dennis Dressel,shooting,63.410233,64.0,0.5897674560546875
Tani Oluwaseyi,shooting,55.410637,56.0,0.5893630981445312
Tom Ducrocq,shooting,44.411747,45.0,0.5882530212402344
Kevin Bukusu,shooting,27.587694,27.0,0.5876941680908203
Gbemi Arubi,shooting,49.412563,50.0,0.5874366760253906
Lloyd Kelly,shooting,40.585953,40.0,0.5859527587890625
Felix Bacher,shooting,33.417206,34.0,0.582794189453125
Will Richmond,shooting,41.418232,42.0,0.5817680358886719
Cheick Keita,shooting,30.580252,30.0,0.5802516937255859
Nicolas Janvier,shooting,57.420746,58.0,0.579254150390625
Achraf Douiri,shooting,54.42226,55.0,0.5777397155761719
Joel Cotterill,shooting,42.42282,43.0,0.577178955078125
Jakub Kałuziński,shooting,54.423275,55.0,0.5767250061035156
Harold Moukoudi,shooting,31.423439,32.0,0.5765609741210938
Frank Junior Adjei,shooting,49.42455,50.0,0.5754508972167969
Maximilian Sellinger,shooting,32.574444,32.0,0.5744438171386719
Jake Garrett,shooting,38.42726,39.0,0.5727386474609375
Njabulo Blom,shooting,27.427996,28.0,0.5720043182373047
Jan Schöppner,shooting,56.428032,57.0,0.5719680786132812
Viktor Widell,shooting,36.430294,37.0,0.5697059631347656
Victor Bobsin,shooting,50.43263,51.0,0.5673713684082031
Juan Alexander Franco,shooting,32.565285,32.0,0.5652847290039062
Raphael Framberger,shooting,41.56429,41.0,0.5642890930175781
Jay Rich-Baghuelou,shooting,42.437828,43.0,0.5621719360351562
Ian Smeulers,shooting,45.438004,46.0,0.5619964599609375
Tommaso Cassandro,shooting,38.56135,38.0,0.5613517761230469
Jerome Opoku,shooting,42.44003,43.0,0.5599708557128906
Niko Vukancic,shooting,34.5591,34.0,0.5591011047363281
Reece Welch,shooting,24.558733,24.0,0.5587329864501953
Mike Eerdhuijzen,shooting,25.558174,25.0,0.5581741333007812
Preston Judd,shooting,58.44312,59.0,0.5568809509277344
Nikolas Sattlberger,shooting,35.443375,36.0,0.5566253662109375
Isaac Ogundere,shooting,33.44404,34.0,0.5559616088867188
Josh Flint,shooting,43.444195,44.0,0.5558052062988281
Dean James,shooting,29.555801,29.0,0.5558013916015625
Lukas Pinckert,shooting,40.4445,41.0,0.5555000305175781
Charlie Kelman,shooting,60.445305,61.0,0.5546951293945312
José-Enrique Ríos Alonso,shooting,36.55399,36.0,0.5539894104003906
Edward Chilufya,shooting,58.553093,58.0,0.5530929565429688
Evan McLaughlin,shooting,47.447018,48.0,0.5529823303222656
Andy Breuer,shooting,41.447952,42.0,0.5520477294921875
Javier Casas Jr.,shooting,42.448563,43.0,0.5514373779296875
Andrea Oliveri,shooting,52.44927,53.0,0.5507316589355469
Jonas Sterner,shooting,42.45001,43.0,0.5499916076660156
Colm Whelan,shooting,60.452877,61.0,0.5471229553222656
Lewin Blum,shooting,26.546375,26.0,0.5463752746582031
Mamadou Coulibaly,shooting,58.454155,59.0,0.5458450317382812
Ryan Graydon,shooting,50.45417,51.0,0.5458297729492188
Karim Zedadka,shooting,52.4545,53.0,0.545501708984375
D'Margio Wright-Phillips,shooting,59.544956,59.0,0.5449562072753906
Anton Tsarenko,shooting,48.455414,49.0,0.544586181640625
Bandar Al Shahrani,shooting,47.5434,47.0,0.5433998107910156
Lewis Billington,shooting,25.541704,25.0,0.5417041778564453
Emanuel Aiwu,shooting,41.459286,42.0,0.5407142639160156
Gustav Berggren,shooting,46.459427,47.0,0.5405731201171875
Moritz Jenz,shooting,29.540096,29.0,0.5400962829589844
Christian Dahle Borchgrevink,shooting,49.46018,50.0,0.5398216247558594
Stefano Russo,shooting,52.460796,53.0,0.5392036437988281
Rodney Elongo-Yombo,shooting,53.46197,54.0,0.5380287170410156
Noureddine El Bahhar,shooting,49.462566,50.0,0.5374336242675781
Theocharis Tsingaras,shooting,55.462826,56.0,0.5371742248535156
Jacob Farrell,shooting,33.53446,33.0,0.5344581604003906
Serkan Asan,shooting,42.465755,43.0,0.5342445373535156
Hicham Mahou,shooting,61.465828,62.0,0.5341720581054688
Max Thompson,shooting,59.532265,59.0,0.5322647094726562
Kyle Taylor,shooting,53.468315,54.0,0.5316848754882812
Fabian Greilinger,shooting,46.46887,47.0,0.5311317443847656
Donat Rrudhani,shooting,63.468872,64.0,0.5311279296875
Ewoud Pletinckx,shooting,29.530777,29.0,0.5307769775390625
Valon Zumberi,shooting,31.530708,31.0,0.5307083129882812
Aaron Basenach,shooting,45.469635,46.0,0.530364990234375
Tobias Fleckstein,shooting,25.530035,25.0,0.5300350189208984
Florian Kleinhansl,shooting,38.470856,39.0,0.529144287109375
Bright Akwo Arrey-Mbi,shooting,29.52895,29.0,0.5289497375488281
Ludvig Carlius,shooting,40.472137,41.0,0.527862548828125
Dennis Borkowski,shooting,63.52506,63.0,0.5250587463378906
Adilson Malanda,shooting,31.475384,32.0,0.5246162414550781
Marco Kana,shooting,32.52424,32.0,0.5242385864257812
Paul Ramfangzauva,shooting,34.523663,34.0,0.5236625671386719
Mateo Sanabria,shooting,53.476784,54.0,0.5232162475585938
Franco Ortellado,shooting,30.523207,30.0,0.5232067108154297
Bart van Rooij,shooting,35.477142,36.0,0.522857666015625
Yanis Cimignani,shooting,65.47893,66.0,0.5210723876953125
Jack Maher,shooting,24.520294,24.0,0.520294189453125
Lorenz Assignon,shooting,41.48169,42.0,0.518310546875
Owen Beck,shooting,39.48208,40.0,0.5179214477539062
Jakob Breum,shooting,54.482414,55.0,0.5175857543945312
Valeriy Bondar,shooting,32.516796,32.0,0.5167961120605469
Luca Ranieri,shooting,40.483513,41.0,0.5164871215820312
Josh Andrews,shooting,57.48359,58.0,0.5164108276367188
Karl Edouard Etta Eyong,shooting,37.510914,37.0,0.5109138488769531
Youssef Amyn,shooting,58.489555,59.0,0.5104446411132812
Maciej Żurawski,shooting,52.490158,53.0,0.5098419189453125
Charles Boli,shooting,55.50887,55.0,0.5088691711425781
Leonidas Stergiou,shooting,32.508102,32.0,0.5081024169921875
Bruno Leyes,shooting,51.491993,52.0,0.5080070495605469
El Hadji Dieye,shooting,58.49231,59.0,0.5076904296875
Maël de Gevigney,shooting,27.49264,28.0,0.5073604583740234
Tawanda Maswanhise,shooting,62.493465,63.0,0.5065345764160156
Sebastian Aigner,shooting,41.493473,42.0,0.5065269470214844
Christopher Negele,shooting,57.49361,58.0,0.5063896179199219
Marco John,shooting,52.493626,53.0,0.5063743591308594
Ismael Cortez,shooting,32.50574,32.0,0.5057411193847656
Taylor Richards,shooting,61.50378,61.0,0.5037803649902344
Adam Long,shooting,29.503662,29.0,0.503662109375
Riccardo Calafiori,shooting,47.497707,48.0,0.5022926330566406
Hugo Vogel,shooting,41.498894,42.0,0.5011062622070312
Jamie Lawrence,shooting,26.499363,26.0,0.4993629455566406
Jalen Hawkins,shooting,45.5022,46.0,0.4977989196777344
Hussain Sibyani,shooting,25.495953,25.0,0.4959526062011719
Aaron Pressley,shooting,58.506577,59.0,0.4934234619140625
Daniel Stynes,shooting,53.50773,54.0,0.49227142333984375
Djevencio van der Kust,shooting,39.50833,40.0,0.491668701171875
Dennis Lütke-Frie,shooting,39.510456,40.0,0.4895439147949219
Oualid Mhamdi,shooting,26.489529,26.0,0.4895286560058594
Juan Pablo Pignani,shooting,36.510693,37.0,0.4893074035644531
Alan Nuñez,shooting,26.514599,27.0,0.4854011535644531
Phillip König,shooting,59.51504,60.0,0.4849586486816406
Abdoulie Sanyang,shooting,59.51541,60.0,0.484588623046875
Franklin Nyenetue,shooting,52.516144,53.0,0.483856201171875
Yasser Larouci,shooting,46.51814,47.0,0.4818611145019531
Sebastian Pasquali,shooting,48.518177,49.0,0.4818229675292969
Santiago Núñez,shooting,27.518284,28.0,0.4817161560058594
Mehmet Ibrahimi,shooting,48.518383,49.0,0.4816169738769531
Silas Gnaka,shooting,36.519775,37.0,0.480224609375
Lewis Warrington,shooting,50.520386,51.0,0.4796142578125
El Chadaille Bitshiabu,shooting,35.521317,36.0,0.4786834716796875
Søren Tengstedt,shooting,57.522232,58.0,0.4777679443359375
Edvin Becirovic,shooting,56.477245,56.0,0.4772453308105469
Dion Krasniqi,shooting,54.523003,55.0,0.47699737548828125
Max Bruns,shooting,42.52345,43.0,0.4765510559082031
Sebastian Saftig,shooting,33.47585,33.0,0.4758491516113281
Devin Angleberger,shooting,40.52418,41.0,0.4758186340332031
Callum Brittain,shooting,50.52492,51.0,0.4750785827636719
Brian Jepthe Bayeye,shooting,49.524956,50.0,0.47504425048828125
Kristers Tobers,shooting,41.525597,42.0,0.47440338134765625
Christian Schmidt,shooting,53.52581,54.0,0.47418975830078125
Tim Köther,shooting,49.526154,50.0,0.473846435546875
André Boman,shooting,48.52725,49.0,0.4727516174316406
Aidan Keena,shooting,63.529453,64.0,0.4705467224121094
Bartosz Slisz,shooting,53.53178,54.0,0.4682197570800781
Ernest Boahene,shooting,43.532516,44.0,0.4674835205078125
Moritz Römling,shooting,34.533363,35.0,0.46663665771484375
Andre Dozzell,shooting,58.533443,59.0,0.4665565490722656
Hussain Furayj,shooting,25.466333,25.0,0.46633338928222656
Fin Back,shooting,33.535587,34.0,0.4644126892089844
Ask Tjærandsen-Skau,shooting,47.535973,48.0,0.46402740478515625
Johan Kenneryd,shooting,24.536085,25.0,0.4639148712158203
Lewis Simper,shooting,46.53718,47.0,0.4628181457519531
Joel Senior,shooting,33.461285,33.0,0.4612846374511719
Andres Jasson,shooting,46.53916,47.0,0.46083831787109375
Reece Brown,shooting,60.460068,60.0,0.4600677490234375
David Jaunegg,shooting,38.541965,39.0,0.4580345153808594
Kyle Hudlin,shooting,57.542652,58.0,0.4573478698730469
Mutlaq Al Hurayji,shooting,47.543224,48.0,0.4567756652832031
Amrit Gope,shooting,47.543716,48.0,0.4562835693359375
Lewis Brunt,shooting,39.5476,40.0,0.45240020751953125
Marley Marshall Miranda,shooting,52.550236,53.0,0.4497642517089844
Ionuț Andres,shooting,27.550879,28.0,0.44912147521972656
Lion Schuster,shooting,44.553375,45.0,0.446624755859375
Gökhan Gül,shooting,28.5546,29.0,0.4454002380371094
Lenn Jastremski,shooting,62.554768,63.0,0.4452323913574219
Cameron Humphreys-Grant,shooting,32.44466,32.0,0.4446601867675781
Freddie Potts,shooting,39.559895,40.0,0.4401054382324219
Sofiane Alakouch,shooting,42.560425,43.0,0.4395751953125
Serdar Saatçı,shooting,30.43934,30.0,0.43934059143066406
Anton Sorenson,shooting,26.438875,26.0,0.4388751983642578
Botond Balogh,shooting,30.438417,30.0,0.4384174346923828
Juan Cruz Esquivel,shooting,63.5616,64.0,0.4384002685546875
Noa Savignac,shooting,53.561768,54.0,0.438232421875
Adam Wharton,shooting,34.563587,35.0,0.4364128112792969
Matteo Meisl,shooting,29.435743,29.0,0.4357433319091797
Finlay Pollock,shooting,45.565266,46.0,0.4347343444824219
Stephan Negru,shooting,25.43472,25.0,0.4347190856933594
Csaba Bukta,shooting,52.566795,53.0,0.43320465087890625
Nathan Harriel,shooting,31.567337,32.0,0.4326629638671875
Gonçalo Esteves,shooting,38.56846,39.0,0.43154144287109375
Kenneth Paal,shooting,50.56918,51.0,0.4308204650878906
Rohit Danu,shooting,52.42953,52.0,0.4295310974121094
Levi Colwill,shooting,34.428143,34.0,0.4281425476074219
Mateusz Żyro,shooting,34.427814,34.0,0.4278144836425781
Mansour Al Shammari,shooting,28.4256,28.0,0.4256000518798828
Abdoulaye Bakayoko,shooting,34.425278,34.0,0.4252777099609375
Koni De Winter,shooting,37.574974,38.0,0.42502593994140625
Baptiste Roux,shooting,39.42427,39.0,0.4242706298828125
Anton Kade,shooting,53.577038,54.0,0.4229621887207031
Victor Arong,shooting,49.421207,49.0,0.4212074279785156
Adrian Durrer,shooting,34.42114,34.0,0.4211387634277344
Hayden Muller,shooting,28.579897,29.0,0.4201030731201172
David Ajiboye,shooting,55.582645,56.0,0.4173545837402344
Vebjørn Hoff,shooting,55.41735,55.0,0.41735076904296875
Nawaf Al Qumairi,shooting,30.417011,30.0,0.4170112609863281
Dante Polvara,shooting,47.5838,48.0,0.41619873046875
Bobby Thomas,shooting,32.41605,32.0,0.4160499572753906
Tom Rothe,shooting,40.585354,41.0,0.4146461486816406
Damian Rivera,shooting,53.58647,54.0,0.4135284423828125
Michael Ameyaw,shooting,63.586678,64.0,0.41332244873046875
Mohammed Tolba,shooting,38.412045,38.0,0.4120445251464844
Yoan Koré,shooting,35.587975,36.0,0.41202545166015625
Demeaco Duhaney,shooting,33.410793,33.0,0.4107933044433594
Yentl Van Genechten,shooting,35.5893,36.0,0.4107017517089844
Teden Mengi,shooting,38.58978,39.0,0.4102210998535156
Sergio Oregel,shooting,40.409996,40.0,0.40999603271484375
Juan José Cáceres,shooting,44.590008,45.0,0.4099922180175781
Callum Wright,shooting,60.591793,61.0,0.4082069396972656
John Nelson,shooting,27.407072,27.0,0.4070720672607422
Thomas Williams,shooting,30.594152,31.0,0.40584754943847656
Lukas Fadinger,shooting,58.594612,59.0,0.40538787841796875
Josh Coburn,shooting,63.594696,64.0,0.405303955078125
Laldinliana Renthlei,shooting,27.405281,27.0,0.40528106689453125
Caolán Boyd-Munce,shooting,51.595642,52.0,0.40435791015625
Ayman Azhil,shooting,44.59681,45.0,0.40319061279296875
Matteo Gabbia,shooting,33.597645,34.0,0.4023551940917969
Hjalmar Ekdal,shooting,32.597824,33.0,0.4021759033203125
Serano Seymor,shooting,32.597828,33.0,0.4021720886230469
James Penrice,shooting,49.59822,50.0,0.4017791748046875
Harvey O'Brien,shooting,34.400047,34.0,0.40004730224609375
Wungngayam Muirang,shooting,24.398033,24.0,0.39803314208984375
Josh Reid,shooting,35.602654,36.0,0.39734649658203125
Turki Al Mutairi,shooting,49.395798,49.0,0.3957977294921875
Vegard Solheim,shooting,39.39478,39.0,0.3947792053222656
Joscha Wosz,shooting,53.606018,54.0,0.39398193359375
Casper Øyvann,shooting,40.606106,41.0,0.3938941955566406
Aske Adelgaard,shooting,29.607914,30.0,0.3920860290527344
Aventis Aventisian,shooting,31.390425,31.0,0.3904247283935547
Uğurcan Yazğılı,shooting,33.60967,34.0,0.3903312683105469
Diego Coppola,shooting,39.611557,40.0,0.3884429931640625
Jack Lynn,shooting,56.6128,57.0,0.38719940185546875
Hayden Carter,shooting,39.61317,40.0,0.3868293762207031
Anthony Fontana,shooting,62.614014,63.0,0.385986328125
Jack Nolan,shooting,50.614815,51.0,0.38518524169921875
Bruno Gutiérrez,shooting,27.616398,28.0,0.3836021423339844
Anton Krivotsyuk,shooting,35.616848,36.0,0.3831520080566406
Abundance Salaou,shooting,27.381807,27.0,0.3818073272705078
Guillaume Furrer,shooting,59.621094,60.0,0.37890625
Louie Watson,shooting,48.62209,49.0,0.3779106140136719
Faisal Ali,shooting,48.37776,48.0,0.3777618408203125
Diego Calcaterra,shooting,32.62417,33.0,0.37583160400390625
Deandre Kerr,shooting,58.62533,59.0,0.3746681213378906
Facundo Zabala,shooting,32.374454,32.0,0.3744544982910156
Olivier Dumont,shooting,46.6267,47.0,0.37329864501953125
Elijah Krahn,shooting,38.6295,39.0,0.3704986572265625
Soumaila Coulibaly,shooting,35.62967,36.0,0.370330810546875
Jojea Kwizera,shooting,45.630123,46.0,0.3698768615722656
Jurgen Çelhaka,shooting,38.36871,38.0,0.3687095642089844
Gabriele Ferrarini,shooting,42.631626,43.0,0.3683738708496094
Michael Glück,shooting,26.633656,27.0,0.3663444519042969
Mateo Tanlongo,shooting,58.634018,59.0,0.3659820556640625
Ciarán Kelly,shooting,33.63416,34.0,0.3658409118652344
Muhammed Nemil,shooting,40.635437,41.0,0.36456298828125
Kenneth Schmidt,shooting,26.364202,26.0,0.36420249938964844
David Zalazar,shooting,59.635944,60.0,0.3640556335449219
Brandon Cooper,shooting,33.362698,33.0,0.3626976013183594
Calvin Brackelmann,shooting,46.638645,47.0,0.3613548278808594
Daniel Adshead,shooting,50.639297,51.0,0.3607025146484375
Marco Farfan,shooting,38.36045,38.0,0.36045074462890625
Manoj Mohammad,shooting,29.639605,30.0,0.3603954315185547
Adam Devine,shooting,42.64005,43.0,0.3599510192871094
Denis Rența,shooting,36.359787,36.0,0.3597869873046875
Oskar van Hattum,shooting,52.640377,53.0,0.3596229553222656
Nathan Ferguson,shooting,36.359222,36.0,0.359222412109375
Luca Hoole,shooting,31.641838,32.0,0.35816192626953125
Femi Seriki,shooting,28.357086,28.0,0.357086181640625
Flavio Alcedo,shooting,26.35632,26.0,0.3563194274902344
Kamil Kruk,shooting,42.643814,43.0,0.3561859130859375
Richard Chin,shooting,39.355392,39.0,0.3553924560546875
Claudiu Negoescu,shooting,42.645065,43.0,0.3549346923828125
Fabio Ponsi,shooting,34.354496,34.0,0.3544960021972656
Maximiliano González,shooting,48.645927,49.0,0.35407257080078125
George Thomason,shooting,52.64609,53.0,0.3539085388183594
Jakub Myszor,shooting,61.353474,61.0,0.3534736633300781
Till Cissokho,shooting,34.649986,35.0,0.35001373291015625
Lewis Mayo,shooting,35.650402,36.0,0.3495979309082031
Jack Milne,shooting,33.651997,34.0,0.3480033874511719
Noah De Ridder,shooting,37.652412,38.0,0.34758758544921875
Henning Matriciani,shooting,33.34735,33.0,0.34735107421875
Ramy Najjarine,shooting,46.652912,47.0,0.3470878601074219
Elayis Tavşan,shooting,60.34683,60.0,0.3468284606933594
James Maxwell,shooting,29.34618,29.0,0.3461799621582031
Cristian Castro Devenish,shooting,35.655052,36.0,0.34494781494140625
Runar Norheim,shooting,47.655735,48.0,0.3442649841308594
Leopold Querfeld,shooting,39.656284,40.0,0.3437156677246094
Souffian El Karouani,shooting,41.65648,42.0,0.3435211181640625
Juan José Heinze,shooting,52.65691,53.0,0.3430900573730469
Joe White,shooting,53.657516,54.0,0.3424835205078125
Stanisław Wawrzynowicz,shooting,45.659775,46.0,0.3402252197265625
Trai Hume,shooting,36.660896,37.0,0.33910369873046875
Komal Thatal,shooting,46.337975,46.0,0.33797454833984375
Tahith Chong,shooting,62.66317,63.0,0.33683013916015625
Tolaji Bola,shooting,37.33557,37.0,0.3355712890625
Zakaria Hawsawi,shooting,33.664658,34.0,0.3353424072265625
Robbie Gotts,shooting,54.665115,55.0,0.3348846435546875
John-Patrick Strauß,shooting,51.665123,52.0,0.33487701416015625
Sam Field,shooting,53.665966,54.0,0.3340339660644531
Aleksander Paluszek,shooting,26.666609,27.0,0.3333911895751953
Allan Campbell,shooting,62.666706,63.0,0.3332939147949219
Ariel Mosór,shooting,33.331764,33.0,0.33176422119140625
Thibault Klidje,shooting,63.32886,63.0,0.3288612365722656
Tom Bloxham,shooting,59.328854,59.0,0.3288536071777344
Max Cleworth,shooting,25.328232,25.0,0.3282318115234375
Matthew Dennis,shooting,56.32721,56.0,0.32720947265625
Cyrill Akono,shooting,60.67478,61.0,0.32521820068359375
Patryk Dziczek,shooting,46.67594,47.0,0.32405853271484375
Shady Oukhadda,shooting,33.676167,34.0,0.3238334655761719
Edgaras Utkus,shooting,34.677837,35.0,0.3221626281738281
Kimberly Ezekwem,shooting,32.679146,33.0,0.32085418701171875
Toni Domgjoni,shooting,56.679417,57.0,0.3205833435058594
Stefan Parkes,shooting,35.317295,35.0,0.3172950744628906
Thomas Buitink,shooting,64.6833,65.0,0.31670379638671875
Tobias Anselm,shooting,62.683697,63.0,0.3163032531738281
Ahmetcan Kaplan,shooting,30.314873,30.0,0.31487274169921875
Issiar Dramé,shooting,26.314848,26.0,0.3148479461669922
Daniel Aguirre,shooting,40.314747,40.0,0.3147468566894531
Noah Katterbach,shooting,39.685497,40.0,0.3145027160644531
Nnamdi Collins,shooting,25.31326,25.0,0.3132591247558594
Alexander Freeman,shooting,40.687298,41.0,0.3127021789550781
Yegor Matsenko,shooting,38.687786,39.0,0.3122138977050781
Janis Antiste,shooting,66.68866,67.0,0.31134033203125
Daniel Pik,shooting,50.6898,51.0,0.3101997375488281
Sulaiman Asiri,shooting,45.690826,46.0,0.309173583984375
George Tanner,shooting,42.691498,43.0,0.308502197265625
Tyrell Warren,shooting,30.691624,31.0,0.3083763122558594
Loris Mouyokolo,shooting,34.30755,34.0,0.30754852294921875
Kévin Cabral,shooting,57.69289,58.0,0.3071098327636719
Iván Flores,shooting,36.694477,37.0,0.3055229187011719
Salem Al Toiawy,shooting,38.695774,39.0,0.3042259216308594
Noah Fadiga,shooting,48.6968,49.0,0.30319976806640625
Liam Thompson,shooting,45.69729,46.0,0.30271148681640625
Youri Baas,shooting,33.69784,34.0,0.3021583557128906
Martin Luciano,shooting,32.302074,32.0,0.3020744323730469
David Savic,shooting,39.698105,40.0,0.3018951416015625
Peer Koopmeiners,shooting,41.698242,42.0,0.3017578125
Leandro Lozano,shooting,55.698933,56.0,0.3010673522949219
Patryk Zaucha,shooting,52.69995,53.0,0.300048828125
Halvor Rødølen Opsahl,shooting,25.29964,25.0,0.2996406555175781
Glenn McConnell,shooting,46.700756,47.0,0.2992439270019531
Ali Youssef,shooting,51.70161,52.0,0.2983894348144531
Gonzalo Piñeiro,shooting,53.70288,54.0,0.297119140625
Jack Vale,shooting,58.703773,59.0,0.29622650146484375
Teddy Alloh,shooting,38.70402,39.0,0.2959785461425781
Juan Cruz Giacone,shooting,61.704178,62.0,0.2958221435546875
Cas Odenthal,shooting,32.295147,32.0,0.2951469421386719
Douglas James-Taylor,shooting,54.29486,54.0,0.29486083984375
Santiago Ramos Mingo,shooting,34.292942,34.0,0.2929420471191406
Jake Bickerstaff,shooting,53.70762,54.0,0.29238128662109375
Thierry Lutonda,shooting,31.291983,31.0,0.29198265075683594
Nathan Ngoy,shooting,27.29144,27.0,0.2914390563964844
Joaquín Pombo,shooting,32.29109,32.0,0.2910881042480469
Nasser Al Bishi,shooting,41.29003,41.0,0.29003143310546875
Erik Majetschak,shooting,52.71185,53.0,0.2881507873535156
David Bendrik,shooting,36.28689,36.0,0.28688812255859375
Oskar Wójcik,shooting,26.286798,26.0,0.28679847717285156
Tom Fellows,shooting,54.713303,55.0,0.2866973876953125
Frankie Amaya,shooting,52.71531,53.0,0.28469085693359375
Kazımcan Karataş,shooting,56.715393,57.0,0.28460693359375
Shayne Pattynama,shooting,53.716183,54.0,0.2838172912597656
Sorba Thomas,shooting,62.281254,62.0,0.2812538146972656
Slobodan Tedić,shooting,62.718918,63.0,0.2810821533203125
Radu Negru,shooting,38.719,39.0,0.28099822998046875
Jack Hannah,shooting,28.280788,28.0,0.2807884216308594
Alessandro Vogliacco,shooting,35.72143,36.0,0.2785682678222656
Rune Paeshuyse,shooting,28.722534,29.0,0.2774658203125
Kevin Rüegg,shooting,56.723095,57.0,0.2769050598144531
Missael Rodríguez,shooting,49.723736,50.0,0.2762641906738281
Clarke Oduor,shooting,40.725266,41.0,0.2747344970703125
Kelvin Arase,shooting,58.725864,59.0,0.2741355895996094
Yaw Ackah,shooting,45.273968,45.0,0.2739677429199219
Filip Dagerstål,shooting,42.727657,43.0,0.2723426818847656
Nawaf Boushal,shooting,35.727898,36.0,0.27210235595703125
Akash Mishra,shooting,38.72995,39.0,0.270050048828125
Narender Gahlot,shooting,37.269672,37.0,0.2696723937988281
Adrian Gryszkiewicz,shooting,32.73097,33.0,0.2690315246582031
Jordan Lawrence-Gabriel,shooting,33.731922,34.0,0.2680778503417969
Kevin Felida,shooting,46.732117,47.0,0.26788330078125
Alidu Seidu,shooting,36.733444,37.0,0.2665557861328125
Marvin Senger,shooting,28.733515,29.0,0.26648521423339844
Jay Idzes,shooting,45.7355,46.0,0.2644996643066406
Noé Sow,shooting,29.26086,29.0,0.2608604431152344
Andrew Quinn,shooting,30.25984,30.0,0.2598400115966797
Duplexe Tchamba,shooting,34.740253,35.0,0.2597465515136719
Evan Weir,shooting,50.740555,51.0,0.2594451904296875
Ian Murphy,shooting,28.259172,28.0,0.2591724395751953
Lorenzo Pirola,shooting,41.742348,42.0,0.25765228271484375
Bryce Miranda,shooting,47.743633,48.0,0.2563667297363281
Haissem Hassan,shooting,57.743984,58.0,0.2560157775878906
Reece Oxford,shooting,33.25565,33.0,0.2556495666503906
Amadou Mbengue,shooting,30.744728,31.0,0.25527191162109375
Di'Shon Bernard,shooting,39.744915,40.0,0.2550849914550781
Sam Sherring,shooting,29.254635,29.0,0.2546348571777344
Ebrima Darboe,shooting,45.746746,46.0,0.2532539367675781
Bent Andresen,shooting,29.252699,29.0,0.2526988983154297
Mehdi Boukamir,shooting,25.25233,25.0,0.2523307800292969
Brayann Pereira,shooting,32.74932,33.0,0.25067901611328125
Andréas Hountondji,shooting,57.750088,58.0,0.24991226196289062
Tobi Omole,shooting,36.75245,37.0,0.24755096435546875
Jacob Muir,shooting,27.246094,27.0,0.24609375
Mor Ndiaye,shooting,52.755203,53.0,0.2447967529296875
Jeriel Dorsett,shooting,26.244534,26.0,0.24453353881835938
Hassan Al Slais,shooting,54.755753,55.0,0.2442474365234375
Frederik Recktenwald,shooting,35.24276,35.0,0.24275970458984375
Felix Strauss,shooting,39.758034,40.0,0.24196624755859375
Prince Aning,shooting,36.758057,37.0,0.241943359375
Maximilian Bauer,shooting,26.241625,26.0,0.2416248321533203
Rhys Williams,shooting,35.240807,35.0,0.24080657958984375
Collin Smith,shooting,36.759304,37.0,0.24069595336914062
Dave Gnaase,shooting,53.23962,53.0,0.23962020874023438
Kasey Palmer,shooting,62.760605,63.0,0.2393951416015625
Connor Taylor,shooting,29.238283,29.0,0.2382831573486328
Loïc Mbe Soh,shooting,29.238163,29.0,0.23816299438476562
Rarmani Edmonds-Green,shooting,31.235937,31.0,0.23593711853027344
David Brekalo,shooting,26.764204,27.0,0.2357959747314453
Habib Sylla,shooting,36.76458,37.0,0.23542022705078125
Gabriele Piccinini,shooting,38.235374,38.0,0.23537445068359375
Elidon Qenaj,shooting,59.764927,60.0,0.23507308959960938
Saël Kumbedi,shooting,41.76583,42.0,0.23416900634765625
Johan Bångsbo,shooting,25.766104,26.0,0.23389625549316406
Igoh Ogbu,shooting,38.766563,39.0,0.23343658447265625
Noah Eile,shooting,26.23288,26.0,0.232879638671875
Tobias Kraulich,shooting,41.767334,42.0,0.232666015625
Kristoffer Lund Hansen,shooting,29.76741,30.0,0.2325897216796875
Fredrik Oppegård,shooting,52.767864,53.0,0.23213577270507812
Mukhair Al Rashidi,shooting,36.229294,36.0,0.2292938232421875
Piotr Samiec-Talar,shooting,57.77235,58.0,0.22764968872070312
Simen Bolkan Nordli,shooting,61.773613,62.0,0.22638702392578125
Joe Taylor,shooting,54.774197,55.0,0.22580337524414062
Niklas Vesterlund,shooting,51.774384,52.0,0.225616455078125
Lautaro Ovando,shooting,59.77596,60.0,0.22404098510742188
Luca Everink,shooting,31.223478,31.0,0.2234783172607422
Lasse Günther,shooting,58.777218,59.0,0.22278213500976562
Abdulkerim Çakar,shooting,61.7773,62.0,0.22269821166992188
Patrick Sutter,shooting,52.777393,53.0,0.22260665893554688
Orest Lebedenko,shooting,43.7778,44.0,0.222198486328125
Kamil Pestka,shooting,39.777996,40.0,0.22200393676757812
Ezequiel Herrera,shooting,38.778023,39.0,0.22197723388671875
Jesper Daland,shooting,39.778038,40.0,0.22196197509765625
Ahmed Longmire,shooting,25.22167,25.0,0.22167015075683594
Kacper Smoliński,shooting,51.778717,52.0,0.221282958984375
Dickson Abiama,shooting,65.779335,66.0,0.22066497802734375
Albian Hajdari,shooting,27.220348,27.0,0.22034835815429688
William Mikelbrencis,shooting,38.21901,38.0,0.2190093994140625
Lucas Souto,shooting,29.781084,30.0,0.2189159393310547
Michael Halliday,shooting,28.783804,29.0,0.21619606018066406
Lars Lukas Mai,shooting,32.21612,32.0,0.21612167358398438
Maksymilian Pingot,shooting,32.21353,32.0,0.213531494140625
Ravil Tagir,shooting,32.78748,33.0,0.21252059936523438
Rahim Ali,shooting,52.78754,53.0,0.21245956420898438
Princeton Rebello,shooting,42.788445,43.0,0.21155548095703125
Enzo Ebosse,shooting,34.789192,35.0,0.21080780029296875
Aaron Drewe,shooting,29.789202,30.0,0.2107982635498047
Jan Král,shooting,27.789272,28.0,0.21072769165039062
Kyle Robinson,shooting,52.78948,53.0,0.21052169799804688
Ben Knight,shooting,56.7915,57.0,0.20849990844726562
Carl Björk,shooting,59.208473,59.0,0.20847320556640625
Adam Lewis,shooting,38.207935,38.0,0.20793533325195312
Oliver Wähling,shooting,61.792225,62.0,0.20777511596679688
David Affengruber,shooting,41.20769,41.0,0.20769119262695312
Fraser Murray,shooting,57.793354,58.0,0.20664596557617188
Thomas Kastanaras,shooting,63.79342,64.0,0.20658111572265625
Woyo Coulibaly,shooting,35.205322,35.0,0.205322265625
Jeremy Ngakia,shooting,27.795034,28.0,0.20496559143066406
Seok-ju Hong,shooting,57.795338,58.0,0.20466232299804688
Hormipam Ruivah,shooting,34.795563,35.0,0.204437255859375
Belal Halbouni,shooting,45.203945,45.0,0.20394515991210938
Lassi Lappalainen,shooting,59.20292,59.0,0.20291900634765625
Obed Vargas,shooting,41.79755,42.0,0.20244979858398438
Omar El Hilali,shooting,39.798637,40.0,0.20136260986328125
Louis Torres,shooting,39.79883,40.0,0.201171875
Joshua Cavallo,shooting,42.800175,43.0,0.19982528686523438
Dylan Williams,shooting,36.198208,36.0,0.19820785522460938
Alexandru Ișfan,shooting,61.80212,62.0,0.19787979125976562
Jesper Adolfsson,shooting,27.197474,27.0,0.19747352600097656
Gabriel Osho,shooting,29.803623,30.0,0.19637680053710938
Gianluca Frabotta,shooting,53.196007,53.0,0.19600677490234375
George Horbury,shooting,42.805557,43.0,0.1944427490234375
Shaqai Forde,shooting,56.808033,57.0,0.19196701049804688
Gabriel Aranda,shooting,30.191475,30.0,0.19147491455078125
Felipe Peña,shooting,44.80876,45.0,0.1912384033203125
Gaurav Bora,shooting,27.191126,27.0,0.19112586975097656
Dominik Stumberger,shooting,37.188663,37.0,0.18866348266601562
Oscar Schönfelder,shooting,56.81171,57.0,0.18828964233398438
Filip Olsson,shooting,50.811996,51.0,0.1880035400390625
Reece Devine,shooting,39.81251,40.0,0.18748855590820312
Semi Belkahia,shooting,36.81281,37.0,0.18719100952148438
Alex Dunne,shooting,38.18615,38.0,0.18614959716796875
Sahil Panwar,shooting,37.185898,37.0,0.1858978271484375
Robin Voisine,shooting,32.814816,33.0,0.18518447875976562
Mario Šuver,shooting,26.18474,26.0,0.1847400665283203
Bryan Nokoue,shooting,41.816357,42.0,0.18364334106445312
Connor O'Toole,shooting,32.18335,32.0,0.183349609375
Deian Verón,shooting,52.816742,53.0,0.183258056640625
Mateo Gamarra,shooting,26.182077,26.0,0.18207740783691406
Lion Semić,shooting,38.180088,38.0,0.18008804321289062
Brahim Traoré,shooting,29.820215,30.0,0.17978477478027344
Jeanuël Belocian,shooting,39.178963,39.0,0.17896270751953125
Ryan Stirk,shooting,51.178284,51.0,0.17828369140625
Bobby Faulkner,shooting,26.822071,27.0,0.17792892456054688
Marko Lazetić,shooting,64.82232,65.0,0.17768096923828125
Callum Slattery,shooting,56.823128,57.0,0.17687225341796875
Dirk Asare,shooting,32.176613,32.0,0.17661285400390625
Jean Hugonet,shooting,31.174747,31.0,0.17474746704101562
Ben Worman,shooting,52.826073,53.0,0.17392730712890625
Allan Linguet,shooting,30.826414,31.0,0.1735858917236328
Jayden Nelson,shooting,57.826523,58.0,0.1734771728515625
Alex Mighten,shooting,54.173244,54.0,0.17324447631835938
Yoni Gomis,shooting,26.172815,26.0,0.17281532287597656
Hussein Ali,shooting,34.172333,34.0,0.172332763671875
Arian Llugiqi,shooting,57.827755,58.0,0.17224502563476562
Sebastian Kowalczyk,shooting,62.828697,63.0,0.17130279541015625
Pathé Mboup,shooting,61.83005,62.0,0.16994857788085938
Boris Lambert,shooting,39.169884,39.0,0.16988372802734375
Jordan McEneff,shooting,48.830605,49.0,0.16939544677734375
Dimitrios Nikolaou,shooting,39.83195,40.0,0.16804885864257812
Simon Asta,shooting,31.164852,31.0,0.16485214233398438
Luke Mbete,shooting,32.162216,32.0,0.1622161865234375
Mark Natta,shooting,30.16214,30.0,0.162139892578125
Dylan Pierias,shooting,40.161114,40.0,0.16111373901367188
Allan Arigoni,shooting,37.839348,38.0,0.16065216064453125
Sebastián Álvarez,shooting,36.839718,37.0,0.16028213500976562
Samson Okikiola Tijani,shooting,41.83979,42.0,0.16020965576171875
Julian Baas,shooting,56.840054,57.0,0.15994644165039062
Sander Svendsen,shooting,64.84077,65.0,0.15923309326171875
Kreshnik Hajrizi,shooting,31.158829,31.0,0.1588287353515625
Eros Mancuso,shooting,35.15658,35.0,0.15658187866210938
Pascal Müller,shooting,52.8437,53.0,0.15629959106445312
Dylan Nealis,shooting,40.155067,40.0,0.15506744384765625
Dante Sealy,shooting,55.84541,56.0,0.15459060668945312
Thibaut Vargas,shooting,35.153843,35.0,0.15384292602539062
Dru Yearwood,shooting,54.150513,54.0,0.1505126953125
Kilian Fischer,shooting,38.15046,38.0,0.15045928955078125
Alexandru Blidar,shooting,36.85176,37.0,0.1482391357421875
Patrick Nwadike,shooting,35.853252,36.0,0.14674758911132812
Abdoullah Ba,shooting,54.85425,55.0,0.14574813842773438
Cian Hayes,shooting,53.145424,53.0,0.14542388916015625
Mariusz Fornalczyk,shooting,49.85504,50.0,0.14495849609375
David Čolina,shooting,39.856136,40.0,0.14386367797851562
Johan Karlsson,shooting,41.85622,42.0,0.14377975463867188
Tega Ikoba,shooting,49.856277,50.0,0.1437225341796875
Magnus Christensen,shooting,45.142838,45.0,0.1428375244140625
Miguel Chaiwa,shooting,35.857567,36.0,0.14243316650390625
Eoin Toal,shooting,30.859552,31.0,0.14044761657714844
Łukasz Bejger,shooting,30.860764,31.0,0.1392364501953125
Matte Smets,shooting,32.861454,33.0,0.13854598999023438
Adam Montgomery,shooting,53.138435,53.0,0.13843536376953125
Casey Walls,shooting,24.863922,25.0,0.136077880859375
Niall Morahan,shooting,50.136074,50.0,0.13607406616210938
Oisin Gallagher,shooting,41.133972,41.0,0.13397216796875
Sanjeev Stalin,shooting,26.133715,26.0,0.1337146759033203
Keanan Bennetts,shooting,56.866463,57.0,0.13353729248046875
Yunus Bahadır,shooting,29.132475,29.0,0.1324748992919922
Ranko Veselinović,shooting,26.868044,27.0,0.1319561004638672
Tyler Onyango,shooting,45.129833,45.0,0.12983322143554688
Tyler Burey,shooting,63.129173,63.0,0.12917327880859375
George Campbell,shooting,24.870832,25.0,0.1291675567626953
Marcos Portillo,shooting,58.127625,58.0,0.12762451171875
Thomas Geris,shooting,56.127438,56.0,0.12743759155273438
Anders Dahl,shooting,39.127277,39.0,0.12727737426757812
Charlie Cresswell,shooting,26.873144,27.0,0.12685585021972656
Alex Saji,shooting,30.873665,31.0,0.12633514404296875
Babajide Adeeko,shooting,41.87368,42.0,0.12631988525390625
Jonathan Afolabi,shooting,58.12566,58.0,0.12565994262695312
Bertram Kvist,shooting,47.874344,48.0,0.1256561279296875
Tyler Smith,shooting,60.125526,60.0,0.12552642822265625
Sam McClelland,shooting,32.124756,32.0,0.124755859375
Leo Walta,shooting,41.87609,42.0,0.12390899658203125
James Gale,shooting,52.12382,52.0,0.12382125854492188
Johaneko Louis-Jean,shooting,27.122927,27.0,0.12292671203613281
Emeka Oduah,shooting,55.87739,56.0,0.12260818481445312
Alex Mitchell,shooting,35.120907,35.0,0.12090682983398438
Abdelwahed Wahib,shooting,38.120556,38.0,0.12055587768554688
Hady Camara,shooting,32.12012,32.0,0.12012100219726562
Felipe Valencia,shooting,48.880745,49.0,0.11925506591796875
Chris Sze,shooting,50.119198,50.0,0.11919784545898438
Jan Gorenc,shooting,31.11913,31.0,0.11912918090820312
Tom Geerkens,shooting,39.880917,40.0,0.11908340454101562
Zech Obiero,shooting,42.881172,43.0,0.11882781982421875
Mauro Luna Diale,shooting,65.883575,66.0,0.116424560546875
Tim Sechelmann,shooting,33.115982,33.0,0.1159820556640625
Emin Bayram,shooting,31.115625,31.0,0.11562538146972656
Nassim Boujellab,shooting,59.112553,59.0,0.11255264282226562
Konrad Matuszewski,shooting,27.112482,27.0,0.11248207092285156
Jean Ruiz,shooting,42.112198,42.0,0.1121978759765625
Derry John Murkin,shooting,36.110954,36.0,0.11095428466796875
Marco Burch,shooting,42.889225,43.0,0.11077499389648438
Jiteshwor Singh,shooting,36.89004,37.0,0.10995864868164062
Tyrese Shade,shooting,54.10716,54.0,0.10715866088867188
Luke Robinson,shooting,28.105677,28.0,0.10567665100097656
Matt Baker,shooting,26.105618,26.0,0.10561752319335938
Moussa Sylla,shooting,63.895172,64.0,0.104827880859375
Florian Engelhardt,shooting,39.1044,39.0,0.104400634765625
John Tolkin,shooting,46.10408,46.0,0.1040802001953125
Amarjit Singh Kiyam,shooting,41.89599,42.0,0.10401153564453125
Aleks Ławniczak,shooting,26.896194,27.0,0.1038055419921875
Antwoine Hackford,shooting,58.897827,59.0,0.1021728515625
Brian Plat,shooting,27.101748,27.0,0.10174751281738281
Denis Benga,shooting,32.101322,32.0,0.10132217407226562
Valentin Gendrey,shooting,32.89933,33.0,0.10066986083984375
Sam McCallum,shooting,54.90059,55.0,0.0994110107421875
Mamadou Tounkara,shooting,31.099142,31.0,0.09914207458496094
Jerry Lalrinzuala,shooting,40.902184,41.0,0.09781646728515625
Fabio Chiarodia,shooting,33.097485,33.0,0.09748458862304688
Jakob Lewald,shooting,30.904886,31.0,0.09511375427246094
Ethan Hamilton,shooting,63.906284,64.0,0.09371566772460938
José Gómez,shooting,33.09358,33.0,0.09357833862304688
Jodi Jones,shooting,58.909203,59.0,0.09079742431640625
Clément Vidal,shooting,35.089817,35.0,0.08981704711914062
Tayvon Gray,shooting,29.910196,30.0,0.08980369567871094
James Gomez,shooting,35.08943,35.0,0.0894317626953125
Tomás Jacob,shooting,35.0883,35.0,0.08829879760742188
Maxime Bastian,shooting,34.086414,34.0,0.08641433715820312
Kobe Franklin,shooting,33.08626,33.0,0.08626174926757812
Hugo Andersson,shooting,28.91416,29.0,0.08584022521972656
Dion Sanderson,shooting,39.915535,40.0,0.08446502685546875
Axel Guessand,shooting,27.083494,27.0,0.08349418640136719
Paul Lehmann,shooting,36.081806,36.0,0.08180618286132812
Jack Ellis,shooting,25.081503,25.0,0.08150291442871094
Ethan Bartlow,shooting,33.919262,34.0,0.08073806762695312
Alexander Busch,shooting,28.92195,29.0,0.07805061340332031
Matti Peltola,shooting,35.07652,35.0,0.07651901245117188
Josh Earl,shooting,45.0764,45.0,0.0764007568359375
Samuel Loric,shooting,32.923695,33.0,0.07630538940429688
Mohammed Al Yami,shooting,33.07624,33.0,0.07624053955078125
Nadjib Cissé,shooting,28.075972,28.0,0.07597160339355469
Aiden O'Neill,shooting,60.924953,61.0,0.07504653930664062
Moussa N'Diaye,shooting,26.925076,27.0,0.07492446899414062
Aaron Zehnter,shooting,35.926052,36.0,0.07394790649414062
Tope Fadahunsi,shooting,55.926586,56.0,0.07341384887695312
Andy Pembélé,shooting,52.92675,53.0,0.07324981689453125
Žan Zaletel,shooting,28.071884,28.0,0.0718841552734375
Oliver Fobassam,shooting,30.929564,31.0,0.07043647766113281
Florian Hoxha,shooting,29.070055,29.0,0.07005500793457031
Tjay De Barr,shooting,55.931103,56.0,0.06889724731445312
Dylan Teves,shooting,50.93126,51.0,0.0687408447265625
Dominik Becker,shooting,34.068558,34.0,0.0685577392578125
Conor Masterson,shooting,32.932293,33.0,0.06770706176757812
Mateusz Praszelik,shooting,63.06752,63.0,0.0675201416015625
Matthew Bozinovski,shooting,27.067421,27.0,0.06742095947265625
Calvin Harris,shooting,51.933933,52.0,0.06606674194335938
Muhammed Gümüşkaya,shooting,60.93512,61.0,0.06488037109375
Bogdan Racovițan,shooting,32.064304,32.0,0.06430435180664062
Elkan Baggott,shooting,24.064213,24.0,0.06421279907226562
Emil Kischka,shooting,45.063793,45.0,0.06379318237304688
Rory Feely,shooting,38.063477,38.0,0.0634765625
Serafin Szota,shooting,26.936972,27.0,0.06302833557128906
Aimé Mabika,shooting,31.937407,32.0,0.06259346008300781
Ninthoi Meetei,shooting,42.062115,42.0,0.062114715576171875
Harry Boyes,shooting,44.06206,44.0,0.062061309814453125
Al-Amin Kazeem,shooting,36.93888,37.0,0.06111907958984375
Kelvin Abrefa,shooting,29.939045,30.0,0.060955047607421875
Thomas Thiesson Kristensen,shooting,25.939262,26.0,0.06073760986328125
Paweł Olszewski,shooting,40.940796,41.0,0.0592041015625
Pontus Kindberg,shooting,31.058268,31.0,0.05826759338378906
Franco Carboni,shooting,39.9418,40.0,0.058200836181640625
Adrien Louveau,shooting,35.94252,36.0,0.0574798583984375
Shayden Morris,shooting,54.944935,55.0,0.055065155029296875
David Otto,shooting,66.054825,66.0,0.0548248291015625
Sebastian Wade,shooting,32.054493,32.0,0.054492950439453125
Jacob Bedeau,shooting,36.053646,36.0,0.053646087646484375
Saikou Janneh,shooting,54.946667,55.0,0.053333282470703125
Kolbeinn Birgir Finnsson,shooting,52.94757,53.0,0.05242919921875
Dominic Thompson,shooting,38.948322,39.0,0.051677703857421875
Benjamin Böckle,shooting,34.051487,34.0,0.051486968994140625
Enea Mihaj,shooting,41.949215,42.0,0.050785064697265625
Vedad Radonja,shooting,32.94971,33.0,0.050289154052734375
Salem Al Najdi,shooting,25.049435,25.0,0.049434661865234375
Sylvester Jasper,shooting,57.049366,57.0,0.049365997314453125
Ethan Ingram,shooting,32.048336,32.0,0.048336029052734375
Arda Kızıldağ,shooting,36.952545,37.0,0.047454833984375
Nathaniel Adjei,shooting,25.045816,25.0,0.04581642150878906
Tony Gallacher,shooting,34.956745,35.0,0.043254852294921875
Felix Allgaier,shooting,33.04283,33.0,0.0428314208984375
Valentín Sánchez,shooting,57.95791,58.0,0.04209136962890625
David Sala,shooting,36.040253,36.0,0.040252685546875
Giacomo Quagliata,shooting,39.959927,40.0,0.040073394775390625
Oskar Ågren,shooting,29.039484,29.0,0.03948402404785156
Torben Müsel,shooting,60.960693,61.0,0.039306640625
Brandan Craig,shooting,37.960804,38.0,0.039196014404296875
Nigel Lonwijk,shooting,34.96206,35.0,0.03794097900390625
Billy Koumetio,shooting,31.964256,32.0,0.03574371337890625
Niall Huggins,shooting,47.034794,47.0,0.034793853759765625
Jamal Amofa,shooting,34.033104,34.0,0.03310394287109375
Miłosz Matysik,shooting,38.032394,38.0,0.0323944091796875
George Johnston,shooting,32.968674,33.0,0.0313262939453125
Maciej Rosołek,shooting,60.968727,61.0,0.03127288818359375
Alex Murphy,shooting,33.969116,34.0,0.0308837890625
Rayyan Baniya,shooting,30.969229,31.0,0.030771255493164062
Osaze Urhoghide,shooting,27.969395,28.0,0.030605316162109375
Niklas Geyrhofer,shooting,26.969479,27.0,0.030521392822265625
Ian Fray,shooting,28.029696,28.0,0.029695510864257812
Martin Wasinski,shooting,26.970354,27.0,0.029645919799804688
Abdulkareem Al Sultan,shooting,25.029171,25.0,0.029170989990234375
Mateusz Wieteska,shooting,33.02703,33.0,0.02703094482421875
Odel Offiah,shooting,32.97464,33.0,0.025360107421875
Enzo Cornelisse,shooting,33.024887,33.0,0.0248870849609375
Théo Magnin,shooting,33.022892,33.0,0.022891998291015625
Huseyin Biler,shooting,28.978102,29.0,0.021898269653320312
Pragyan Gogoi,shooting,38.978764,39.0,0.021236419677734375
Wisdom Amey,shooting,38.979126,39.0,0.0208740234375
Jacques Ekomié,shooting,30.979246,31.0,0.020753860473632812
Edvin Kurtulus,shooting,38.97947,39.0,0.02053070068359375
Kian Harratt,shooting,57.981716,58.0,0.018283843994140625
Bryan Okoh,shooting,30.982254,31.0,0.0177459716796875
Alec Van Hoorenbeeck,shooting,29.017008,29.0,0.017007827758789062
Bjarne Pudel,shooting,31.016655,31.0,0.01665496826171875
Jérémy Blasco,shooting,41.0165,41.0,0.016498565673828125
Juan Arias,shooting,26.016432,26.0,0.016431808471679688
Boris Tomiak,shooting,43.01623,43.0,0.016231536865234375
Tayo Adaramola,shooting,49.01614,49.0,0.016139984130859375
Hassan Ndam,shooting,37.015945,37.0,0.0159454345703125
Eyram Viegbe,shooting,32.98414,33.0,0.01586151123046875
Kouame Autonne,shooting,29.01515,29.0,0.015150070190429688
Niclas Stierlin,shooting,53.98518,54.0,0.014820098876953125
Emeric Depussay,shooting,41.01465,41.0,0.0146484375
Yahya Kalley,shooting,33.014294,33.0,0.014293670654296875
Frederik Jäkel,shooting,29.014061,29.0,0.01406097412109375
Alfie Lewis,shooting,57.013638,57.0,0.013637542724609375
Hendry Antonay,shooting,26.013315,26.0,0.013315200805664062
Robert Voloder,shooting,26.98836,27.0,0.011640548706054688
Boris Singh,shooting,45.990097,46.0,0.0099029541015625
Alessandro Circati,shooting,26.991102,27.0,0.008897781372070312
Mohamed Amoura,shooting,63.008503,63.0,0.008502960205078125
Tristan Crama,shooting,31.006279,31.0,0.00627899169921875
Leon Augustine,shooting,39.99499,40.0,0.005008697509765625
Marcel Beifus,shooting,52.99499,53.0,0.005008697509765625
Furkan Bayır,shooting,31.004374,31.0,0.0043735504150390625
Oisin Smyth,shooting,45.997284,46.0,0.002716064453125
Aurèle Amenda,shooting,26.997866,27.0,0.0021343231201171875
Romoney Crichlow,shooting,34.002056,34.0,0.002056121826171875
Alexandro Calut,shooting,28.997993,29.0,0.00200653076171875
Matthew Nocita,shooting,26.001625,26.0,0.00162506103515625
Aaron Anthony Connolly,shooting,67.036125,,
Aaron Braithwaite,shooting,39.77552,,
Aaron Davis,shooting,47.543587,,
Aaron Doran,shooting,48.54178,,
Aaron Facundo Quiroz,shooting,30.078756,,
Aaron Graham John Collins,shooting,57.29041,,
Aaron Joseph McGowan,shooting,34.12434,,
Aaron Leya Iseka,shooting,68.79361,,
Aaron Maurice O'Driscoll,shooting,32.816486,,
Aaron Nassur Kamardin,shooting,29.57662,,
Aaron Opoku-Tiawiah,shooting,53.60726,,
Aaron Paul Morley,shooting,56.709934,,
Aaron Sebastián Astudillo Quiñones,shooting,25.59819,,
Aarón Rodrigues,shooting,54.804497,,
Ababacar Moustapha Lô,shooting,32.816963,,
Abakar Loubadhe Sylla,shooting,27.742886,,
Abasa Aremeyaw,shooting,27.977226,,
Abbas Sadiq Al Hassan,shooting,35.09582,,
Abd-Al-Ali Morakinyo Olaposi Koiki,shooting,53.704567,,
Abdallah Basit,shooting,41.614384,,
Abdallahi Mohamed Mahmoud,shooting,50.055134,,
Abdel Zagré,shooting,49.024837,,
Abdelkahar Kadri,shooting,63.056652,,
Abdelrahman Saidi,shooting,59.294678,,
Abdoulaye Niakhate Ndiaye,shooting,30.18671,,
Abdoulaye Sissako,shooting,52.97244,,
Abdoulaye Sylla,shooting,31.293356,,
Abdoulie Jallow,shooting,63.51467,,
Abdul Malik Abubakari,shooting,60.6518,,
Abdulaziz Al Yousef,shooting,50.34597,,
Abdulkadir Taşdan,shooting,47.544064,,
Abdulkareem Al Muzayil,shooting,36.643036,,
Abdullah Dijlan Aydın,shooting,50.408535,,
Abdullah Hadi Radif,shooting,48.455524,,
Abdullah Nahar Al Shammari,shooting,35.8446,,
Abdullah Yiğiter,shooting,47.54409,,
Abdulmohsen Al Qahtani,shooting,50.37968,,
Abdulrahman Mutlaq Al-Dawsari,shooting,36.66554,,
Abdulrahman Saad,shooting,36.39097,,
Abel Alejandro Bustos,shooting,54.665173,,
Abel Bretones Cruz,shooting,61.728355,,
Abel Eric Moreno Vargas,shooting,34.018555,,
Abel William Stensrud,shooting,57.364716,,
Abou-Malal Ba,shooting,38.1012,,
Aboubacar Dit Boubou Konté,shooting,41.58925,,
Aboubacar Kobele Keita,shooting,26.78917,,
Aboubakary Yeli Koita,shooting,67.35682,,
Abraham Del Moral Rando,shooting,37.6422,,
Abraham Ifoghale Odoh,shooting,52.732895,,
Abu-Bekir Ömer El-Zein,shooting,52.424065,,
Abzi Diyaeddine,shooting,32.21882,,
Achraf Madi,shooting,52.507317,,
Adalberto Eliécer Carrasquilla Alcázar,shooting,59.91429,,
Adam Armour,shooting,26.570623,,
Adam Daghim,shooting,48.727848,,
Adam Esparza Saldaña,shooting,48.16203,,
Adam Fletcher Randell,shooting,53.97113,,
Adam Griger,shooting,57.16629,,
Adam Jan Chrzanowski,shooting,39.158215,,
Adam Jeremy Pavlesic,shooting,47.54413,,
Adam John May,shooting,54.348534,,
Adam Jozef Przybek,shooting,47.54663,,
Adam Kieran O'Reilly,shooting,53.76337,,
Adam Lovatt,shooting,46.919926,,
Adam McCaffrey,shooting,35.28213,,
Adam Porter,shooting,38.746025,,
Adam Ratajczyk,shooting,50.00567,,
Adam Uche Idah,shooting,66.58645,,
Adama Fofana,shooting,46.499275,,
Adan George,shooting,48.101654,,
Aday Ercan,shooting,44.709015,,
Ade Oguns,shooting,61.383762,,
Ademipo Ibrahim Odubeko,shooting,59.7998,,
Adisu Bayew,shooting,52.18065,,
Admiral Dalindlela Muskwe,shooting,60.225124,,
Adnan Ugur,shooting,52.267464,,
Adnane Abid,shooting,48.471718,,
Adrian Bukowski,shooting,37.239605,,
Adrian Costi Marian Moescu,shooting,35.256416,,
Adrian Gheorghe Șut,shooting,59.578873,,
Adrian Mihai Gîdea,shooting,47.789898,,
Adrian Mihai Ioniță,shooting,32.06994,,
Adrian Sandach,shooting,47.543705,,
Adrian Segecic,shooting,49.60998,,
Adrian Soboń,shooting,46.850716,,
Adrian Szczutowski,shooting,56.280525,,
Adrian Sæther,shooting,47.544083,,
Adrian Łyszczarz,shooting,59.529343,,
Adriano Firmino da Silva,shooting,46.61793,,
Adrien Delphis,shooting,47.63876,,
Adrià Altimira Reynaldos,shooting,26.486502,,
Adrián Bernabé García,shooting,63.642258,,
Adrián Butzke Benavides,shooting,66.44124,,
Adrián González Moyano,shooting,47.54463,,
Adrián López Garrote,shooting,47.54287,,
Adrián Rodríguez Giménez,shooting,47.54441,,
Adrián de la Fuente Barquilla,shooting,39.654552,,
Aeron Zinga,shooting,57.422146,,
Afeez Aremu Olalekan,shooting,54.719696,,
Afonso Gamelas De Pinho Sousa,shooting,60.785606,,
Afonso Manuel Abreu Freitas,shooting,32.131104,,
Agon Muçolli,shooting,52.84126,,
Agustín Barcellos,shooting,33.37065,,
Agustín Da Silveira Muñoa,shooting,33.28151,,
Agustín Hausch,shooting,59.8266,,
Agustín Lastra,shooting,47.54443,,
Agustín Nicolás Mulet,shooting,49.89728,,
Agustín Santurio,shooting,64.42687,,
Agustín Univaso,shooting,61.806713,,
Agustín Álvarez Wallace,shooting,51.55974,,
Ahmad Toure Ngouyamsa Nounchil,shooting,39.881565,,
Ahmed El Messaoudi,shooting,60.33916,,
Ahmed Kutucu,shooting,66.2398,,
Ahmet Ege Gürleyen,shooting,36.77724,,
Ahmet Gülay,shooting,40.207706,,
Ahmet Karademir,shooting,55.237907,,
Ahoueke Steeve Kévin Denkey,shooting,66.17342,,
Aidan Thomas Stone,shooting,47.544136,,
Aidan Will Barlow,shooting,59.182625,,
Aiden Connor O'Neill,shooting,57.270416,,
Aiden McFadden,shooting,52.81224,,
Ail Fuad Mohammed Hassan,shooting,25.421352,,
Aimar Oroz Huarte,shooting,60.924404,,
Aimar Sher,shooting,43.275074,,
Aitor Paredes Casamichana,shooting,31.10184,,
Akinkunmi Ayobami Amoo,shooting,56.65299,,
Akinlolu Richard Olamide Famewo,shooting,24.623894,,
Akinwale Joseph Odimayo,shooting,26.140522,,
Akshunna Tyagi,shooting,45.618336,,
Al Hassan Toure,shooting,56.67228,,
Alaa Hamad Bakir,shooting,53.628384,,
Alai Hussain Ghasem,shooting,26.710617,,
Alan Francisco Rodríguez Armoa,shooting,48.698727,,
Alan Godoy Domínguez,shooting,60.25347,,
Alan Jonathan Patrício Botelho,shooting,45.78883,,
Alan Madaliński,shooting,47.543854,,
Alan Nicolás Marinelli,shooting,58.817066,,
Alan Paredes,shooting,42.198677,,
Alan Steve Minda García,shooting,50.91391,,
Alan Steven Franco Palma,shooting,57.64105,,
Alassane Sidibe,shooting,46.506035,,
Albert Grønbæk Erlykke,shooting,62.35415,,
Albert Palmberg Thorsen,shooting,53.25843,,
Albert Tivadar Stahl,shooting,57.531822,,
Albert-Nicolas Lottin,shooting,45.374107,,
Alberto Hórreo Taveras,shooting,47.543858,,
Alberto Martín Díaz,shooting,47.158817,,
Alberto Moreno Rebanal,shooting,58.821068,,
Alberto del Moral Saelices,shooting,45.385918,,
Albie Robert Morgan,shooting,56.05838,,
Albin Mörfelt,shooting,52.849815,,
Albin Zackarias Lohikangas,shooting,32.476814,,
Aldair Ccorahua,shooting,47.54382,,
Aldair Edgardo Peña Torres,shooting,47.544445,,
Aldair Neves Paulo Faustino,shooting,40.614746,,
Aldreyby Parra,shooting,42.24181,,
Alec Hugo Deneumostier Ortmann,shooting,29.850441,,
Alejandro Alvarado,shooting,50.33595,,
Alejandro Asensio Crespillo,shooting,49.378048,,
Alejandro Balboa Bandeira,shooting,52.408257,,
Alejandro Barbudo Lorenzo,shooting,29.320093,,
Alejandro Blanco Sánchez,shooting,62.456978,,
Alejandro Cantero Sánchez,shooting,64.36147,,
Alejandro Carbonell Vallés,shooting,59.635147,,
Alejandro Domingo Gómez,shooting,57.965263,,
Alejandro Domínguez Romero,shooting,47.549725,,
Alejandro Garnacho Ferreyra,shooting,58.35102,,
Alejandro Iturbe Encabo,shooting,47.54515,,
Alejandro José Marqués Méndez,shooting,63.313255,,
Alejandro Millán Iranzo,shooting,66.65837,,
Alejandro Orellana Gómez,shooting,42.664772,,
Alejandro Pachón Párraga,shooting,61.32029,,
Alejandro Padilla Pérez,shooting,47.544613,,
Alejandro Primo Hernández,shooting,47.543396,,
Alejandro Pérez Castroviejo,shooting,57.215508,,
Alejandro Pérez Cea,shooting,40.303837,,
Alejandro Ramos Rodríguez,shooting,42.89353,,
Alejandro Revuelta Montero,shooting,31.07862,,
Alejandro Rodríguez Lorite,shooting,26.985966,,
Alejandro Sola López-Ocaña,shooting,57.529346,,
Alejandro Suárez Cardero,shooting,57.64587,,
Alejandro Zendejas Saavedra,shooting,54.32338,,
Alejo Antilef,shooting,58.16708,,
Aleksandar Boljević,shooting,59.254692,,
Aleksander Biermann Stenseth,shooting,49.70927,,
Aleksander Gajgier,shooting,32.769356,,
Aleksander Pawlak,shooting,41.327972,,
Alessandro Albanese,shooting,60.561646,,
Alessandro Cortinovis,shooting,61.045692,,
Alessandro Fiordaliso,shooting,32.275883,,
Alessandro Lombardi,shooting,64.51041,,
Alessandro Mallamo,shooting,63.620617,,
Alessandro Russo,shooting,47.54384,,
Alessandro Tripaldelli,shooting,32.783424,,
Alex Aguilar,shooting,26.23021,,
Alex Arthur Rufer,shooting,53.283646,,
Alex Bangura,shooting,30.2707,,
Alex Byrne,shooting,40.864124,,
Alex Duncan Hartridge,shooting,28.519941,,
Alex Emilio Timossi Andersson,shooting,57.521645,,
Alex Forés Mendoza,shooting,59.77829,,
Alex Juárez,shooting,52.95461,,
Alex Matías Ibacache Mora,shooting,44.37173,,
Alex Vigo Gamaliel,shooting,54.63461,,
Alexandar Borković,shooting,34.88865,,
Alexander Ballegaard Ammitzbøll,shooting,56.78422,,
Alexander Díaz,shooting,62.703857,,
Alexander Ernesto Aravena Guzmán,shooting,63.382687,,
Alexander García,shooting,57.51573,,
Alexander John Hunt,shooting,51.30741,,
Alexander Joseph Gersbach,shooting,35.20084,,
Alexander Larsson,shooting,55.097176,,
Alexander Michael Bass,shooting,47.605408,,
Alexander Munksgaard Nielsen,shooting,42.49572,,
Alexander Parsons,shooting,55.664383,,
Alexander Prokopenko,shooting,44.96962,,
Alexander Sosa,shooting,63.320477,,
Alexander William Cochrane,shooting,43.67348,,
Alexandre Penetra Correia,shooting,29.91602,,
Alexandro Ezequiel Bernabei,shooting,64.02474,,
Alexandros Safarikas,shooting,47.54377,,
Alexandru Constantin Chilili,shooting,27.303383,,
Alexandru Crivac,shooting,38.768883,,
Alexandru Despa,shooting,54.202484,,
Alexandru Florescu,shooting,50.102615,,
Alexandru Grigoraș Pantea,shooting,35.301037,,
Alexandru Irinel Mățan,shooting,55.307476,,
Alexandru Laurențiu Oroian,shooting,51.45663,,
Alexandru Mihai Ilie,shooting,52.29442,,
Alexandru Petre,shooting,37.070362,,
Alexandru Pătlăgică,shooting,29.491535,,
Alexi Paul Pitu,shooting,54.82203,,
Alexis Adelin Beka Beka,shooting,52.17838,,
Alexis Amadeo Sabella,shooting,57.6039,,
Alexis Antunes Gomez,shooting,56.63094,,
Alexis David Duarte Pereira,shooting,37.21247,,
Alexis Francisco Flores,shooting,34.225708,,
Alexis Steimbach,shooting,46.581764,,
Alexis Trouillet,shooting,53.537014,,
Alexsandro de Souza Ribeiro,shooting,31.206879,,
Alfie Bridgman,shooting,40.651558,,
Alfie Burnett,shooting,47.543346,,
Alfie Malik Whiteman,shooting,47.544025,,
Alfons Amade,shooting,39.275482,,
Alfons Nygaard,shooting,52.084435,,
Alfonso González Martínez,shooting,63.89142,,
Alfonso Ocampo-Chávez,shooting,55.36194,,
Alfonso Simarra,shooting,31.62003,,
Alfonso Trezza Hernández,shooting,60.56922,,
Alfred Lalroutsang,shooting,43.398556,,
Alhagi Marie Touray Sisay,shooting,55.2309,,
Alhassan Yusuf Abdullahi,shooting,61.414795,,
Ali Al Salem,shooting,24.643602,,
Ali Demirel,shooting,50.52021,,
Ali Ibrahim Karim Ali Al-Hamadi,shooting,56.77026,,
Aliou Badara Traore,shooting,54.35432,,
Alistair Edward McCann,shooting,58.44775,,
Alistair Oluwashaun Smith,shooting,57.561974,,
Almoatasim Siddiq,shooting,40.91831,,
Alois Dominik Oroz,shooting,36.453957,,
Aloyayari Abdulmalik,shooting,35.410126,,
Aloïs Penin,shooting,31.92008,,
Amad Diallo Traoré,shooting,61.59896,,
Amadou Dia Ndiaye,shooting,58.84872,,
Amadou Doumbouya,shooting,47.311337,,
Amankwaa Akurugu,shooting,30.480667,,
Amar Ahmed Fatah,shooting,45.375874,,
Amar Gerxhaliu,shooting,27.349855,,
Amay Caprice,shooting,39.234543,,
Ameen Al-Dakhil,shooting,27.068975,,
Amel Mujanić,shooting,42.48049,,
Amin Al-Hamawi,shooting,56.66893,,
Amir Ismaïl,shooting,54.002098,,
Amirhossein Hosseinzadeh,shooting,64.53317,,
Amjhad Nazih,shooting,47.54476,,
Anargyros Kampetsis,shooting,63.267147,,
Anas Bakhat,shooting,44.04463,,
Ander Iruarrizaga Díez,shooting,47.545185,,
Ander Martín Odriozola,shooting,60.68071,,
Anders Bloch Bærtelsen,shooting,25.046669,,
Anders Hartveit Ryste,shooting,52.334324,,
Anderson Arroyo Córdoba,shooting,29.277418,,
Anderson Cordeiro Costa,shooting,67.001915,,
Anderson de Oliveira da Silva,shooting,59.443348,,
Andi Avdi Zeqiri,shooting,65.74258,,
Andre Reynolds II,shooting,29.14621,,
Andrea Papetti,shooting,37.9254,,
Andrea Sorrentino,shooting,47.54378,,
Andreas Klausen Helmersen,shooting,60.543007,,
Andreas Mircea Mihaiu,shooting,54.451103,,
Andreas Poulsen,shooting,42.979454,,
Andreas Rædergård Schjelderup,shooting,58.96162,,
Andreas Schjølberg Hanche-Olsen,shooting,36.148827,,
Andreas Skjold,shooting,45.66837,,
Andrei Chindriș,shooting,36.11064,,
Andrei Daniel Vlad,shooting,47.55125,,
Andrei Dragoș Șerban,shooting,54.861763,,
Andrei Gabriel Ureche,shooting,47.55528,,
Andrei Ioan Cordea,shooting,62.85657,,
Andrei Jercălău,shooting,47.544174,,
Andrei Motoc,shooting,30.596739,,
Andres Mihai Dumitrescu,shooting,38.643063,,
Andres Moreno,shooting,23.294548,,
Andrew Abiola Omobamidele,shooting,26.535934,,
Andrew Christopher Teuten Ponzoni,shooting,46.74324,,
Andrew Draper,shooting,56.14892,,
Andrew Irving,shooting,54.715565,,
Andrew Lyons,shooting,47.999054,,
Andrew Thomas,shooting,47.544178,,
Andriy Kulakov,shooting,62.623623,,
André Barbosa da Silva,shooting,28.723251,,
André Filipe Rio Liberal,shooting,64.72685,,
André Fonseca Amaro,shooting,42.767475,,
André Leipold,shooting,55.585453,,
André Miguel Lapa Ricardo,shooting,46.757458,,
Andrés Alberto Andrade Cedeño,shooting,50.298573,,
Andrés Carlos Caro Serrano,shooting,35.09142,,
Andrés Enrique Ferro Peña,shooting,38.229706,,
Andrés Felipe Balanta Cifuentes,shooting,42.345715,,
Andrés Felipe Perea Castañeda,shooting,49.27705,,
Andrés Felipe Reyes Ambuila,shooting,34.112827,,
Andrés López Gallo,shooting,31.498758,,
Andrés Martín García,shooting,67.41529,,
Andrés Souper De La Cruz,shooting,60.152515,,
Andy Musayev,shooting,51.844193,,
Ange Chibozo,shooting,59.701385,,
Ange-Yoan Bonny,shooting,56.59955,,
Angelo Bačić,shooting,41.44216,,
Anis Ben Slimane,shooting,58.378353,,
Anselmo Túlio Marques Barni,shooting,52.955036,,
Antal Bencze,shooting,47.544487,,
Antef Tsoungui,shooting,34.639263,,
Anthony Aires,shooting,62.524044,,
Anthony Chigaemezu Uzodimma,shooting,54.576527,,
Anthony Driscoll-Glennon,shooting,46.96806,,
Anthony Hartigan,shooting,54.705784,,
Anthony Kenneth Evans,shooting,64.06994,,
Anthony Kevin Descotte,shooting,57.728275,,
Anthony Lenin Valencia Bajaña,shooting,59.391953,,
Anthony Maisonnial,shooting,47.55496,,
Anthony Richard Scully,shooting,62.758305,,
Anthony Tite Musaba,shooting,63.28047,,
Antoine Benjamin Colassin,shooting,63.0447,,
Antoine Joseph Emmanuel Bernède,shooting,58.321312,,
Anton Mlinaric,shooting,26.089745,,
Anton Skipper Hendriksen,shooting,30.932673,,
Anton Vladimirovich Mitryushkin,shooting,47.5491,,
Anton Willy Tanghe,shooting,26.75316,,
Anton Ziegler,shooting,48.638596,,
Antoni Kozubal,shooting,45.86127,,
Antoni Mikułko,shooting,47.544193,,
Antonio Cortés Heredia,shooting,64.63399,,
Antonio Espigares Morillas,shooting,35.081963,,
Antonio Galeano,shooting,58.161137,,
Antonio Gomis Alemañ,shooting,47.544136,,
Antonio Iervolino,shooting,39.56973,,
Antonio Jeremiah Leone,shooting,23.728,,
Antonio Marchena Millán,shooting,48.286373,,
Antonio Marín Colmán,shooting,64.47827,,
Antonio Mihai Stan,shooting,51.237747,,
Antonio Pacheco Ruiz,shooting,46.3459,,
Antonio Sandoval,shooting,38.379475,,
Antonio Sefer,shooting,63.62725,,
Antonio Sola Villalba,shooting,36.77559,,
Antonio Yakoub,shooting,56.450184,,
Antonio Zarzana Pérez,shooting,53.850887,,
Antonis Aidonis,shooting,31.799198,,
Antonis Makatounakis,shooting,47.54342,,
Antony Alves Santos,shooting,49.108803,,
Anyelberth Vera,shooting,63.627563,,
Aodh Dervin,shooting,49.894547,,
Apostolos Tsilingiris,shooting,47.54407,,
Aqeel Al Dhafeeri,shooting,22.900198,,
Arbnor Muja,shooting,63.235,,
Archie Finn Collins,shooting,54.764713,,
Archie Mark Procter,shooting,33.243668,,
Archie Meekison,shooting,53.199474,,
Arda Okan Kurtulan,shooting,57.18609,,
Aribim Pepple,shooting,55.182182,,
Aridon Racaj,shooting,51.163403,,
Ariel Alfonso Uribe Lepe,shooting,54.348274,,
Arif Kocaman,shooting,26.338964,,
Aristide Wam,shooting,40.229733,,
Aritz Aldasoro Sarriegi,shooting,62.65112,,
Arlind Dakaj,shooting,40.15807,,
Armand Smrcka,shooting,60.02316,,
Armando Shashoua,shooting,59.240707,,
Armstrong Echezolachukwu Inya Okoflex,shooting,58.272896,,
Arnaldo Zambrano,shooting,52.89237,,
Arnau Comas Freixas,shooting,35.128994,,
Arnau Puigmal Martínez,shooting,57.074116,,
Arnau Tenas Ureña,shooting,47.543175,,
Arnaud Dony,shooting,29.853476,,
Arnaud Nkodi Luzayadio,shooting,38.71487,,
Arne Rühlemann,shooting,36.682816,,
Artem Onischenko,shooting,49.923466,,
Arthur James Read,shooting,52.965786,,
Arthur Vitelli,shooting,26.868696,,
Arthur de Oliveira Sales,shooting,66.37908,,
Aryan Romaní,shooting,55.561348,,
Arón David Rodríguez Franco,shooting,55.912964,,
Asad Kasumovic,shooting,49.03142,,
Asif Khan,shooting,41.779026,,
Aske Sampers,shooting,59.81134,,
Asker Beck,shooting,47.13358,,
Ateef Konaté,shooting,53.747337,,
Atem Dor Jok,shooting,50.19745,,
Attila Mocsi,shooting,30.712513,,
Attilio Morosoli,shooting,47.54412,,
Audenirton Soares da Silva,shooting,47.54529,,
Augustin Drakpe,shooting,34.4227,,
Augusto Alcorcel,shooting,47.544357,,
Aurel Loubongo-M'Boungou,shooting,48.32582,,
Aurelian Eusebio Păun,shooting,47.55185,,
Aurélien Nguiamba,shooting,48.52437,,
Auston Levi-Jesaiah Trusty,shooting,38.94997,,
Avan Jones,shooting,23.602448,,
Awad Haidar Al Nashri,shooting,34.322186,,
Awer Bul Mabil,shooting,56.12508,,
Awn Mutlaq Al Slaluli,shooting,38.50689,,
Axel Prado,shooting,30.481428,,
Aylan Benyahia-Tani,shooting,62.095608,,
Ayman Yahya Salem,shooting,53.29959,,
Ayman Yusef Al-Hujaili,shooting,48.06553,,
Ayodeji Sotona,shooting,54.757957,,
Ayomide Akinola,shooting,64.97031,,
Ayotomiwa Dele-Bashiru,shooting,64.03049,,
Ayoub Assal,shooting,57.904697,,
Ayoub Jabbari,shooting,58.754486,,
Ayrthon Quintana,shooting,47.255604,,
Ayrton Enrique Costa,shooting,29.768356,,
Ayush Dev Chhetri,shooting,37.234756,,
Aziz Ouattara Mohammed,shooting,25.11828,,
Azzeddine Toufiqui,shooting,54.047905,,
Baba Oulen Souare,shooting,26.321152,,
Bader Al Huwaidi,shooting,27.092558,,
Bader Mohammed Munshi,shooting,41.862507,,
Baltazar Costa Rodrigues de Oliveira,shooting,53.00106,,
Barry Thomas Crowe,shooting,49.738495,,
Bartosz Bida,shooting,60.884556,,
Bartosz Cybulski,shooting,52.898144,,
Bartłomiej Ciepiela,shooting,48.332413,,
Bartłomiej Gradecki,shooting,47.54409,,
Bartłomiej Mruk,shooting,26.694353,,
Baruj Aburto,shooting,61.187794,,
Barış Əkinçiər,shooting,56.498016,,
Bassekou Diabaté,shooting,53.956463,,
Bastian Bsullak,shooting,23.33734,,
Bastián Jean Yañez Miranda,shooting,62.13616,,
Bastián Pino,shooting,26.539843,,
Bastián Sagal,shooting,59.125195,,
Batuhan Ahmet Şen,shooting,47.544376,,
Beckham Sunderland,shooting,47.54467,,
Beka Dartsmelia,shooting,55.39843,,
Belmin Beganović,shooting,50.02492,,
Ben Alexander Voll,shooting,47.544647,,
Ben Collins,shooting,23.901024,,
Ben Curtis,shooting,29.317719,,
Ben Easton Close,shooting,61.495617,,
Ben Edward Stevenson,shooting,59.608395,,
Ben Engdahl,shooting,34.537117,,
Ben Klefisch,shooting,44.92384,,
Ben Lloyd,shooting,43.359592,,
Ben Nelson,shooting,32.57338,,
Ben Reveno,shooting,40.668583,,
Ben Scholte,shooting,56.763435,,
Benas Šatkus,shooting,36.07933,,
Bendik Kristiansen,shooting,33.37552,,
Benedikt Paul Grawe,shooting,47.543907,,
Beni Redžić,shooting,47.43771,,
Benjamin Acquah,shooting,44.297455,,
Benjamin Bender,shooting,58.394,,
Benjamin Cabango,shooting,28.451427,,
Benjamin Craig Old,shooting,50.335236,,
Benjamin Faraas,shooting,44.078346,,
Benjamin Hemcke,shooting,41.78707,,
Benjamin House,shooting,55.657154,,
Benjamin Jack Wiles,shooting,59.985775,,
Benjamin Kikanovic,shooting,56.988617,,
Benjamin Leneis,shooting,47.543945,,
Benjamin Lhassine Kone,shooting,62.382442,,
Benjamin Luke Woodburn,shooting,62.088818,,
Benjamin Mbunga-Kimpioka,shooting,58.002148,,
Benjamin Mines,shooting,43.24714,,
Benjamin Peter Waine,shooting,62.898827,,
Benjamin Steenfeldt Hvidt,shooting,53.277233,,
Benjamin Warland,shooting,25.35674,,
Benjamin Williams,shooting,41.278027,,
Benjamín Antonio Garré,shooting,61.544613,,
Benjamín Dominguez,shooting,60.39591,,
Benjamín Ignacio Galdames Millán,shooting,56.210293,,
Bennet Schieber,shooting,24.740715,,
Benni Smales-Braithwaite,shooting,53.543392,,
Benno Dietze,shooting,29.890652,,
Berat Kalkan,shooting,53.532124,,
Berkan Küpelikılınç,shooting,40.067562,,
Berkay Vardar,shooting,46.738724,,
Berke Özer,shooting,47.549862,,
Bernardo Gouveia da Silva,shooting,42.14641,,
Bernardo Martins Sousa,shooting,61.738068,,
Bernardo Oliveira,shooting,41.22009,,
Bernardo Silva Conceição,shooting,48.69811,,
Bertuğ Yıldırım,shooting,58.11644,,
Besard Šabović,shooting,56.014057,,
Besart Topalloj,shooting,23.560585,,
Beto Avila,shooting,49.837727,,
Beyhan Ametov,shooting,59.44798,,
Beñat Prados Díaz,shooting,64.32408,,
Beñat Turrientes Imaz,shooting,49.69456,,
Biel Farrés del Castillo,shooting,33.17315,,
Bijoy Varghese,shooting,24.55007,,
Bilal Bayazit,shooting,47.54451,,
Bilal El Khannous,shooting,45.2221,,
Bilal Nadir,shooting,47.57218,,
Billy Brooks,shooting,44.942368,,
Billy John Sass-Davies,shooting,26.74571,,
Billy van Duijl,shooting,33.08828,,
Bjørn Martin Kristensen,shooting,57.742783,,
Blas Esteban Armoa Núñez,shooting,58.768696,,
Bleiner David Agrón Mosquera,shooting,25.892696,,
Blás Miguel Riveros Galeano,shooting,35.32737,,
Bobby-Emmanuel Kamwa,shooting,51.660366,,
Bojan Radulović Samouković,shooting,59.099583,,
Bong Soo Kim,shooting,39.651443,,
Bongokuhle Hlongwane,shooting,62.711388,,
Boon-Cheul Goo,shooting,52.60896,,
Boris Popović,shooting,33.11469,,
Borislav Ivaylov Stankov,shooting,61.269253,,
Borja Garcés Moreno,shooting,70.75159,,
Borja Manuel Llarena Barroso,shooting,59.608116,,
Borja Sainz Eguskiza,shooting,51.610794,,
Boubacar Rafael Neto Hanne,shooting,49.398216,,
Boureima Hassane Bandé,shooting,65.2203,,
Brad Kelly,shooting,47.543636,,
Bradley Holmes,shooting,52.06376,,
Bradley House,shooting,47.54437,,
Bradley Matufueni M'bondo,shooting,26.831491,,
Bradley Walker,shooting,58.408077,,
Brady Canfield Scott,shooting,47.54385,,
Braian Alejandro Galván,shooting,53.90487,,
Braian Ezequiel Mansilla,shooting,63.762093,,
Braian Miguel Angel Martínez,shooting,63.98138,,
Braian Nahuel Aguirre,shooting,40.466362,,
Braian Óscar Ojeda Rodríguez,shooting,52.948586,,
Branco Antonio Provoste Ovalle,shooting,53.216667,,
Brandon Anthony Austin,shooting,47.54379,,
Brandon Iván Servania,shooting,49.474148,,
Brandon Joel Gaetano Borrello,shooting,64.755035,,
Brandon Michael Clarke Thomas-Asante,shooting,59.97935,,
Brandon Pursall,shooting,25.059107,,
Brandon Vázquez Toledo,shooting,65.85647,,
Branislav Knežević,shooting,51.539192,,
Brayan Garrido,shooting,40.75298,,
Brayan Medina,shooting,29.176598,,
Brayan Parada,shooting,62.916916,,
Brayan Yohangel Hurtado Cortesía,shooting,54.818214,,
Brendan Joel Zibusiso Galloway,shooting,37.841427,,
Brendan Nana Sarpong-Wiredu,shooting,55.0198,,
Brenner Souza da Silva,shooting,66.5589,,
Brent Vugts,shooting,50.662853,,
Brett Minnema,shooting,47.544014,,
Brian Alexis Leizza,shooting,28.230984,,
Brian Oddei,shooting,63.39754,,
Brian Philip Maher,shooting,47.54809,,
Brian Rocha Araújo,shooting,47.5457,,
Briant D'Altoe,shooting,63.850426,,
Bright Enobakhare,shooting,55.16262,,
Brody Paterson,shooting,40.701218,,
Brooklyn Lyons-Foster,shooting,29.997759,,
Brooklyn Raines,shooting,42.68508,,
Bruno André Cavaco Jordão,shooting,54.45237,,
Bruno Báez Panero,shooting,62.105965,,
Bruno Henrique Marques Torres,shooting,61.703903,,
Bruno Luiz Fagundeiro Cardenas,shooting,64.84143,,
Bruno Miguel Carapeto dos Reis,shooting,49.584396,,
Bruno Miguel Ferreira Rodrigues,shooting,32.730145,,
Bruno Onyemaechi,shooting,35.73682,,
Bruno Pachito,shooting,54.44713,,
Bruno Poveda,shooting,47.54361,,
Bruno Recalde,shooting,57.80487,,
Bruno Rivas Reyes,shooting,47.544006,,
Bryan David Castrillón Gómez,shooting,61.14704,,
Bryan Fiabema,shooting,57.000195,,
Bryan González,shooting,42.86394,,
Bryan Javier Caicedo Jurado,shooting,26.462101,,
Bryan Silva Teixeira,shooting,60.856403,,
Bryan Soumaré,shooting,55.23783,,
Bryan Zaragoza Martínez,shooting,62.46305,,
Bryant Albizo,shooting,53.580482,,
Bryant Nieling,shooting,27.148634,,
Bryant Ortega,shooting,59.274944,,
Bryce Washington,shooting,23.318285,,
Bryn Andrew Morris,shooting,51.434795,,
Brynjar Johnsplass,shooting,28.576567,,
Brynjólfur Darri Willumsson,shooting,60.405365,,
Bum Su Kim,shooting,51.01251,,
Burak Ince,shooting,48.77441,,
Béni Makouana,shooting,60.2012,,
Bénie Adama Traoré,shooting,53.1763,,
Cade Dylan Cowell,shooting,60.735012,,
Caden Clark,shooting,59.405407,,
Cagan Kayra Erciyas,shooting,29.675861,,
Caleb Cassius Watts,shooting,53.134113,,
Callan Rennie Elliot,shooting,47.62396,,
Callum Alex David Burton,shooting,47.55171,,
Callum Damian Peter Morton,shooting,61.245857,,
Callum Jason Noel Camps,shooting,63.233932,,
Callum Joseph Lang,shooting,64.0896,,
Callum Thomas Ainley,shooting,58.025986,,
Callum William McCowatt,shooting,62.80336,,
Calum Kavanagh,shooting,56.805916,,
Calvin William Ramsay,shooting,42.005997,,
Cameron Bradley John,shooting,34.079067,,
Cameron Dunbar,shooting,52.52296,,
Cameron James Evans,shooting,21.5638,,
Cameron Lisceous Humphreys-Grant,shooting,32.537304,,
Cameron MacPherson,shooting,55.99757,,
Cameron Mark Thomas Brannagan,shooting,62.602684,,
Cameron Puertas Castro,shooting,64.305725,,
Cameron Rooney,shooting,42.14641,,
Cameron Terry Coxe,shooting,40.583076,,
Camilo Hernán Albornoz,shooting,43.50359,,
Can Hayri Özkan,shooting,42.10869,,
Caoimhin Porter,shooting,41.182133,,
Caolan McLaughlin,shooting,46.437836,,
Carl Adam Andersson,shooting,43.997402,,
Carl Adam Jonathan Hellborg,shooting,50.363747,,
Carl Robert Johnston,shooting,46.470013,,
Carlo Adriano García Prades,shooting,57.430504,,
Carlo Gregor Boukhalfa,shooting,59.247677,,
Carlo Johan Holse Justesen,shooting,62.242676,,
Carlo Roberto Casap,shooting,58.86812,,
Carlos Alberto Lucumi González,shooting,64.56566,,
Carlos Alberto Villanueva Fuentes,shooting,63.673683,,
Carlos Andrés Chore Aguilera,shooting,24.929255,,
Carlos Augusto Rojas,shooting,42.987476,,
Carlos Beitia Cardos,shooting,46.22359,,
Carlos Daniel Calzadilla Durán,shooting,47.97577,,
Carlos Daniel Meza Villa,shooting,53.47583,,
Carlos Domínguez Cáceres,shooting,28.218388,,
Carlos Gabriel Villalba Rivas,shooting,49.821365,,
Carlos Jhilmar Lora Saavedra,shooting,36.791573,,
Carlos Joao Montoya García,shooting,23.59239,,
Carlos Manuel Díaz Ferrer,shooting,25.784515,,
Carlos Manuel Insaurralde Ochart,shooting,51.817665,,
Carlos Martín Domínguez,shooting,62.018723,,
Carlos Mateo Abastoflor Aguilera,shooting,56.592007,,
Carlos Miguel Harvey Cesneros,shooting,41.822533,,
Carlos Niño Junior Espinola Díaz,shooting,34.243073,,
Carlos Paraco,shooting,48.059013,,
Carlos Percy Liza Espinoza,shooting,65.385445,,
Carlos Raúl Olses Quijada,shooting,47.543804,,
Carlos Romero Serrano,shooting,46.372032,,
Carlos Terán Díaz,shooting,30.90413,,
Carmine Soel Chiappetta,shooting,51.471466,,
Carney Chibueze Chukwuemeka,shooting,57.805832,,
Carson Buschman-Dormond,shooting,48.231842,,
Casper Kaarsbo Winther,shooting,50.052948,,
Casper Staring,shooting,42.677532,,
Celton Ansumane Biai,shooting,47.54438,,
Cem Tuna Türkmen,shooting,42.649193,,
Cem Çelik,shooting,50.04157,,
Cenk Özkaçar,shooting,32.41277,,
Cezary Miszta,shooting,47.54343,,
Chan Yong Kim,shooting,47.5441,,
Chang Hwan Park,shooting,36.269978,,
Chanka Zimba,shooting,53.093483,,
Charbel Codjo Gomez,shooting,61.945877,,
Charles Mutawe,shooting,29.417759,,
Charles Nathan Abi,shooting,59.44195,,
Charley Kendall,shooting,51.57607,,
Charlie Caton,shooting,53.43852,,
Charlie Daniel Brown,shooting,54.42375,,
Charlie David Kirk,shooting,62.081146,,
Charlie Patrick Jolley,shooting,58.903194,,
Charlie Seaman,shooting,47.658398,,
Charlie Williams,shooting,47.496376,,
Check Oumar Diakité,shooting,52.07633,,
Cheick Aymar Timité,shooting,59.68727,,
Cheick Tiemoko Diabate,shooting,29.89129,,
Cheikh Ahadou Tidiane Thiam,shooting,30.647799,,
Cheikh Ahmet Tidian Niasse,shooting,42.85886,,
Cheikh Tidiane Sabaly,shooting,56.688118,,
Chiekh Thiam,shooting,44.348564,,
Chigozier Caleb Chukwuemeka,shooting,53.86438,,
Chinonso Offor Nnamdi,shooting,53.307724,,
Chris Donovan,shooting,50.174305,,
Chris Forino-Joseph,shooting,25.429323,,
Chris Kouakou,shooting,40.737305,,
Chris Lotefa,shooting,45.659515,,
Chris Vianney Bedia,shooting,63.58017,,
Chrislain Iris Aurel Matsima,shooting,34.316814,,
Christian Acella,shooting,55.621685,,
Christian Adán Larotonda Adán,shooting,60.73764,,
Christian Capone,shooting,57.814186,,
Christian Diego Pastina,shooting,31.218042,,
Christian Dominick Torres,shooting,53.574142,,
Christian Fernandes Marques,shooting,37.20688,,
Christian Franco,shooting,61.489204,,
Christian Frederick Bayoi Makoun Reyes,shooting,42.145058,,
Christian Jaeger Cappis,shooting,48.06627,,
Christian Joe Conteh,shooting,49.46922,,
Christian Joel Sánchez Leal,shooting,47.54308,,
Christian Kouan Oulaï,shooting,64.08139,,
Christian Mork Breivik,shooting,39.9242,,
Christian Norton,shooting,56.84893,,
Christian Rivera Hernández,shooting,47.044758,,
Christian Schiavone Modica,shooting,60.078335,,
Christian Tapia,shooting,47.544224,,
Christián Herc,shooting,63.804924,,
Christopher Brady,shooting,47.543926,,
Christopher Cadden,shooting,59.289604,,
Christopher Francis Merrie,shooting,51.264946,,
Christopher Gavin Scott,shooting,62.315647,,
Christopher Giuliani,shooting,47.543198,,
Christopher Gloster,shooting,38.599014,,
Christopher James Durkin,shooting,57.534973,,
Christopher Lungoyi,shooting,60.506336,,
Christopher Maurice Wooh,shooting,43.895172,,
Christopher Robin Olivares Burga,shooting,64.786575,,
Cian William Thomas Harries,shooting,26.885015,,
Ciaran Patrick Gilligan,shooting,47.452206,,
Cillian Heaney,shooting,50.143772,,
Ciro Panico,shooting,33.980015,,
Claudio Espinoza,shooting,47.85808,,
Claudiu Adrian Mihai Petrila,shooting,60.208828,,
Clayton Fernandes Silva,shooting,66.22989,,
Cleilton Monteiro da Costa,shooting,63.624676,,
Clelio Gustavo Nnachi Espinoza,shooting,50.459923,,
Clemente José Montes Barroilhet,shooting,58.217678,,
Clinton Mola,shooting,39.36259,,
Clyde Nick García Segura,shooting,42.1546,,
Clément Bayiha,shooting,45.895294,,
Clément Billemaz,shooting,60.291958,,
Cody Callum Pierre Drameh,shooting,34.71256,,
Cody Collins,shooting,30.96261,,
Cole Turner,shooting,37.994392,,
Collins Sichenje,shooting,31.641546,,
Connor Isaac Metcalfe,shooting,58.053196,,
Connor Pye,shooting,40.109238,,
Connor Smith,shooting,54.879208,,
Conor Mark Chaplin,shooting,64.70644,,
Conor Michael Grant,shooting,53.094734,,
Constantin Cristian Dima,shooting,40.338318,,
Corrie Richard Ndaba,shooting,27.111155,,
Cosimo Marco Da Graca,shooting,64.92493,,
Cosmin Gabriel Atănase,shooting,50.656742,,
Cosmin Tucaliuc,shooting,56.08628,,
Cottrell Ezekwem,shooting,27.081766,,
Cristhian David Riveros Silvero,shooting,47.54466,,
Cristhian Mosquera Ibargüen,shooting,39.54015,,
Cristhian Penayo,shooting,56.787033,,
Cristian Cosmin Dumitru,shooting,56.565983,,
Cristian Enrique Cruz Meleán,shooting,56.28558,,
Cristian Estaban Trujillo Riascos,shooting,60.476643,,
Cristian Ezequiel Ferreira,shooting,68.16874,,
Cristian Gonzalo Torres,shooting,59.737144,,
Cristian Ignat,shooting,31.143494,,
Cristian Maxim,shooting,26.47872,,
Cristian Riquelme,shooting,26.467049,,
Cristián Alexander Zavala Briones,shooting,59.540737,,
Cristián Díaz,shooting,22.643986,,
Cristián Díaz Ferrada,shooting,32.84331,,
Cristo Ramón González Pérez,shooting,64.701904,,
Cristopher Alejandro Medina García,shooting,35.03839,,
Cristopher Javier Varela Caicedo,shooting,47.54591,,
Cristóbal Ignacio Finch Barrios,shooting,22.156572,,
Cyril Etoga,shooting,42.731052,,
Cyrus Dehmie,shooting,53.32336,,
César Alejandro Menacho Claros,shooting,57.327274,,
César Gelabert Piña,shooting,57.508232,,
César Pérez,shooting,46.565357,,
César Roman Ibáñez,shooting,28.72059,,
César Tárrega Requeni,shooting,40.19152,,
César Valero Álvarez,shooting,45.225876,,
Călin Popescu,shooting,46.830753,,
Cătălin Albu,shooting,39.461452,,
Daam Wonnebald Foulon,shooting,32.877235,,
Daan Reiziger,shooting,47.54608,,
Dae Woo Kim,shooting,40.56425,,
Daishawn Orpheo Marvin Redan,shooting,63.391228,,
Daithí McCallion,shooting,24.807217,,
Dalibor Markovic,shooting,23.745459,,
Dalisson de Almeida Leite,shooting,52.8522,,
Damaitphang Lyngdoh,shooting,41.26173,,
Damian Daniel Isac,shooting,51.103256,,
Damian Duffy,shooting,27.004812,,
Damiano Pecile,shooting,49.82091,,
Damir Redzic,shooting,64.287224,,
Damián Ariel Fernández,shooting,33.1867,,
Damián Moreno,shooting,55.01251,,
Dan Assane Ndoye,shooting,63.586292,,
Dan Davies,shooting,32.86239,,
Dana Amaral,shooting,34.57191,,
Dane James Ingham,shooting,41.64821,,
Dane Murray,shooting,33.357075,,
Dane Pharrell Scarlett,shooting,62.773823,,
Dango Aboubacar Faissal Ouattara,shooting,63.89268,,
Daniel Albiar Serrano,shooting,52.09531,,
Daniel Alejandro Pérez Córdova,shooting,65.01154,,
Daniel Alonso Aceves Patiño,shooting,40.62934,,
Daniel Andrés Luna García,shooting,53.85588,,
Daniel David Jebbison,shooting,62.477436,,
Daniel Dodds,shooting,25.345295,,
Daniel Dumbravanu,shooting,36.474842,,
Daniel Esmorís Tasende,shooting,45.178814,,
Daniel Esteban Ríos,shooting,50.55906,,
Daniel Filipe Bandeira e Silva,shooting,46.60059,,
Daniel Francis Anyembe,shooting,44.092705,,
Daniel George Ballard,shooting,30.871624,,
Daniel González,shooting,23.550873,,
Daniel González Flores,shooting,59.07043,,
Daniel González García,shooting,43.81415,,
Daniel Grant,shooting,54.599503,,
Daniel Happe,shooting,27.714151,,
Daniel Harry Kemp,shooting,57.15304,,
Daniel Hawkins,shooting,47.073444,,
Daniel Håkans,shooting,50.124733,,
Daniel Leyva,shooting,57.103443,,
Daniel Lorenzo Guerrero,shooting,51.117523,,
Daniel Lønne Iversen,shooting,47.553047,,
Daniel Mandroiu,shooting,62.75871,,
Daniel Martín Fernández,shooting,47.54766,,
Daniel Mesenhöler,shooting,47.5704,,
Daniel Mosquera,shooting,64.94994,,
Daniel Namaso Edi-Mesumbe Loader,shooting,67.51483,,
Daniel Neil,shooting,58.218227,,
Daniel Nkrumah,shooting,49.789402,,
Daniel Polanco,shooting,26.345715,,
Daniel Queipo Menéndez,shooting,55.187088,,
Daniel Rebollo Franco,shooting,47.543694,,
Daniel Rojas Céspedes,shooting,61.23936,,
Daniel Shaquille Jabari Phillips,shooting,48.130302,,
Daniel Steven Devine,shooting,46.54778,,
Daniel Szelągowski,shooting,54.51613,,
Daniel Tiefenbach,shooting,45.97108,,
Daniel Toma,shooting,46.236977,,
Daniel Veiby Held,shooting,47.5433,,
Daniel Vidal Martínez,shooting,50.009174,,
Daniel Villahermosa,shooting,58.72457,,
Daniel William Harvie,shooting,43.230152,,
Daniel dos Santos Penha,shooting,64.14535,,
Daniel Ściślak,shooting,51.537567,,
Daniel Štefulj,shooting,49.599323,,
Daniels Ontužāns,shooting,50.405666,,
Danilo Acosta,shooting,48.789185,,
Danilo Filipe Melo Veiga,shooting,55.171326,,
Daniël De Silva,shooting,58.97775,,
Daniël van Kaam,shooting,55.546963,,
Danny Cashman,shooting,56.68296,,
Dantouma Yaya Toure,shooting,42.477474,,
Dany Jean,shooting,62.207844,,
Dapo Mebude,shooting,58.14585,,
Dara Costelloe,shooting,51.01889,,
Darijo Grujcic,shooting,24.08653,,
Dario Kreiker,shooting,44.764877,,
Dario Oger,shooting,52.94097,,
Darius Constantin Grosu,shooting,32.13064,,
Dariusz Pawłowski,shooting,48.50912,,
Darlin Alberto Leiton Lamilla,shooting,56.646385,,
Darlin Zidane Yongwa Ngameni,shooting,40.13314,,
Darluis Paz,shooting,59.14575,,
Darnell Tobias Jack Johnson,shooting,34.68732,,
Darrell Kamdem Tibell,shooting,53.991158,,
Darren Collins,shooting,47.767075,,
Darren Watson,shooting,52.354305,,
Darío Ramos Pinazo,shooting,47.544426,,
David Agbo,shooting,47.33104,,
David Alba Fernández,shooting,23.153324,,
David Argüelles Álvarez,shooting,36.646397,,
David Atanga,shooting,53.721874,,
David Ayomide Kasumu,shooting,51.677814,,
David Bremang,shooting,52.689186,,
David Concha Salas,shooting,63.56726,,
David Cuenca Barreno,shooting,42.076942,,
David Djigla,shooting,59.270935,,
David Edvardsson,shooting,42.92627,,
David Fisher,shooting,51.346413,,
David Iordache,shooting,45.684795,,
David Jacovic,shooting,44.200996,,
David Kjær Kruse,shooting,57.105156,,
David Lennart Philipp,shooting,59.735775,,
David Ochoa,shooting,47.544262,,
David Odumosu,shooting,47.54198,,
David Peter Kopacz,shooting,58.13834,,
David Poreba,shooting,39.738914,,
David Puntigam,shooting,47.543945,,
David Raul Miculescu,shooting,61.399677,,
David Ribera,shooting,54.5164,,
David Rodríguez Ramos,shooting,47.77204,,
David Samuel Custódio Lima,shooting,32.9416,,
David Sousa Albino,shooting,26.986553,,
David Strelec,shooting,63.315384,,
David Torres Ortiz,shooting,27.592512,,
David Ungar,shooting,34.915028,,
David Vogt,shooting,53.152374,,
David Vraciu,shooting,53.46061,,
David-Marian Croitoru,shooting,47.954872,,
Davide Merola,shooting,57.681927,,
Davide-Jerome Itter,shooting,39.11395,,
Dawid Kocyła,shooting,57.41807,,
Daykol Romero,shooting,42.671753,,
Dayler Quintela,shooting,47.545033,,
Dean Graeme Campbell,shooting,53.233353,,
Declan David Glass,shooting,55.505283,,
Degnand Wilfried Gnonto,shooting,64.31346,,
Deiber Jair Caicedo Mideros,shooting,62.31194,,
Dejan Tetek,shooting,45.710075,,
Delano Vianello,shooting,32.575974,,
Denilson Josué Ovando Ramírez,shooting,52.801823,,
Denis Graţian Haruţ,shooting,41.34135,,
Denis Lucian Hrezdac,shooting,36.250835,,
Denis Mihai Drăguş,shooting,64.025734,,
Denizcan Cosgun,shooting,63.551434,,
Dennis Emmanuel Abiodun Adeniran,shooting,55.99424,,
Dennis Olsson,shooting,50.06528,,
Dennis-Adam Gorka,shooting,47.545185,,
Dennis-Dorian Politic,shooting,57.561234,,
Denver Jay Hume,shooting,37.42308,,
Derek Agyakwa,shooting,24.109697,,
Derek Germano Kutesa,shooting,56.517242,,
Derik Gean Severino Lacerda,shooting,62.403584,,
Derlis Darío Martínez González,shooting,62.630093,,
Derrick Arthur Köhn,shooting,45.63044,,
Des Kunst,shooting,58.751984,,
Devansh Dabas,shooting,47.543655,,
Devante James Parker,shooting,56.294,,
Devid Eugene Bouah,shooting,26.42608,,
Devin Remie,shooting,47.544273,,
Devinson Martínez,shooting,49.710842,,
Didier Bueno,shooting,30.039276,,
Didrik Hafstad,shooting,52.70744,,
Diego Acevedo,shooting,52.524334,,
Diego Alende López,shooting,26.251999,,
Diego Alessandro Guillén Alarcón,shooting,58.743923,,
Diego Alexander Gómez,shooting,54.777054,,
Diego Altube Suárez,shooting,47.5444,,
Diego Ariel Duarte Garcete,shooting,65.3185,,
Diego Augusto Rodríguez Carreño,shooting,33.184254,,
Diego Collado Raya,shooting,63.728386,,
Diego Gabriel Silva Rosa,shooting,47.6685,,
Diego Gustavo Rodrigues de Lima,shooting,50.182545,,
Diego Gutierrez,shooting,54.712936,,
Diego Gutiérrez Chinea,shooting,43.04872,,
Diego Hernández,shooting,61.77017,,
Diego José Conde Alcolado,shooting,47.54737,,
Diego López Noguerol,shooting,60.138416,,
Diego Manuel J. da Silva Moreira,shooting,58.212326,,
Diego Martín Valencia Morello,shooting,65.160225,,
Diego Medina,shooting,28.855843,,
Diego Moreno Garbayo,shooting,38.26774,,
Diego Nicolás Aranda Rojas,shooting,47.543762,,
Diego Sánchez Pérez,shooting,36.21373,,
Diego Valentín Rodríguez Alonso,shooting,51.88801,,
Diego Varela Pampín,shooting,33.561687,,
Diego Vicente Bri Carrazoni,shooting,54.126514,,
Dikeni Salifou,shooting,43.70035,,
Dilan Kumar Markanday,shooting,53.797546,,
Dillan Solomons,shooting,43.180637,,
Dimitri Joseph Oberlin Mfomo,shooting,63.120934,,
Dinis L. Casals Pinto,shooting,41.693134,,
Dino Salihovic,shooting,39.744236,,
Dioggo Isita,shooting,53.51126,,
Diogo Costa Pinto,shooting,59.80362,,
Diogo Filipe Pacheco Abreu,shooting,52.42193,,
Diogo Lucas Queirós,shooting,36.105,,
Diogo Nathan Peixe Barreto,shooting,64.17439,,
Diogo Pinheiro Monteiro,shooting,24.62392,,
Diogo dos Santos Cabral,shooting,45.815228,,
Diosdany Goncalves,shooting,30.17469,,
Dipu Mirdha,shooting,48.636894,,
Djamal Moussadek,shooting,26.04773,,
Djeidi Gassama,shooting,55.265976,,
Djibril Thialaw Diop,shooting,32.10807,,
Djorkaeff Neicer Reasco González,shooting,63.842106,,
Do Yun Choi,shooting,31.520172,,
Dom Ballard,shooting,59.12918,,
Dominic David Telford,shooting,62.10358,,
Dominic Thomas,shooting,51.651546,,
Dominik Bauer,shooting,26.202986,,
Dominik Bilogrević,shooting,55.528393,,
Dominik Florian Klann,shooting,35.100273,,
Dominik Franke,shooting,33.488976,,
Dominik Piła,shooting,57.87849,,
Dominik Prpić,shooting,26.166365,,
Dominik Sokół,shooting,55.82156,,
Dorian Ciezkowski,shooting,47.543716,,
Douglas Matías Arezo Martínez,shooting,68.39249,,
Douglas Tharme,shooting,23.179783,,
Doğukan Kaya,shooting,47.543938,,
Dragoljub Savić,shooting,58.29743,,
Dragoș Sebastian Tescan,shooting,46.949646,,
Drew Baker,shooting,22.546755,,
Dries Wouters,shooting,34.90104,,
Duccio Degli Innocenti,shooting,47.316593,,
Duncan Nosahaere Idehen,shooting,24.65629,,
Dylan Adjei-Hersey,shooting,45.8791,,
Dylan Barkers,shooting,38.425884,,
Dylan Demuynck,shooting,50.69019,,
Dylan Duncan,shooting,47.005283,,
Dylan Durivaux,shooting,28.490509,,
Dylan Felipe Borrero Caicedo,shooting,53.987057,,
Dylan G'Beuly,shooting,40.450172,,
Dylan James Christopher Levitt,shooting,62.281605,,
Dylan José Perera Plasencia,shooting,55.40377,,
Dylan Lobban,shooting,44.20269,,
Dylan Louis Ange Ouédraogo,shooting,33.651436,,
Dylan Molloy,shooting,29.572441,,
Dylan Murugesapillai,shooting,40.47443,,
Dylan Reid,shooting,36.317627,,
Dynel Brown Kembo Simeu,shooting,29.517351,,
Dário Cassia Luís Essugo,shooting,51.501465,,
Dêniro Rubens Prestes Cadete,shooting,63.395264,,
Ebeguowen Owen Otasowie,shooting,44.268604,,
Ebrima-Dominique N’dure,shooting,43.759758,,
Ed McJannet,shooting,46.3892,,
Eddie Anthony Salcedo Mora,shooting,61.98905,,
Eddie Munjoma,shooting,47.836597,,
Eddy Sylvestre Negadi,shooting,60.84546,,
Edenildo Eloi Lagoas Regalo,shooting,52.940624,,
Ederson Salomón Rodríguez Lima,shooting,67.17392,,
Edgar Alberto Olivares Villarroel,shooting,46.327766,,
Edgar Eyffer Lastre Mercado,shooting,35.146294,,
Edgar Joel Elizalde Ferreira,shooting,33.88942,,
Edi Sylisufaj,shooting,63.659134,,
Edin Omeragic,shooting,47.543823,,
Edison Alexander Azcona Vélez,shooting,53.787052,,
Edison Mero,shooting,56.907898,,
Edmond-Paris Maghoma,shooting,53.08922,,
Edoardo Iannoni,shooting,54.731693,,
Edoardo Piana,shooting,47.5441,,
Edoardo Pierozzi,shooting,39.284946,,
Edson Acevedo,shooting,53.138172,,
Edson Armando Rivas Vielma,shooting,64.37248,,
Eduard Dutu,shooting,29.09969,,
Eduard Kozik,shooting,29.462624,,
Eduard Probst,shooting,59.96498,,
Eduardo Dos Santos Haesler,shooting,47.544357,,
Eduardo Enrique Fereira Peñaranda,shooting,49.494385,,
Eduardo Filipe Quaresma Vieira Coimbra Simões,shooting,31.60244,,
Eduardo Oliveira Borges,shooting,30.20776,,
Eduards Daškevičs,shooting,42.52503,,
Edvin Austbø,shooting,55.875805,,
Edvin Tellgren,shooting,29.379992,,
Edward James Bishop,shooting,57.831314,,
Edward Kizza,shooting,59.266933,,
Edwin Stiven Mosquera Palacios,shooting,55.101128,,
Edwin Valencia,shooting,61.694435,,
Efe Arda Koyuncu,shooting,32.116394,,
Efe Tatlı,shooting,46.7133,,
Efraín Álvarez,shooting,60.07816,,
Egoitz Arana Aizpurua,shooting,47.543674,,
Eiran Cashin,shooting,32.91059,,
Eivind Helgeland,shooting,37.893776,,
Ejaita Ifoni,shooting,56.31861,,
Ekin Çelebi,shooting,30.11251,,
El Mehdi Moubarik,shooting,40.086834,,
Eleutherios Lyratzis,shooting,45.871883,,
Elias Aarflot,shooting,52.7503,,
Elias Imed Damergy,shooting,47.54274,,
Elias Jona Bördner,shooting,47.544235,,
Elias Kratzer,shooting,36.025013,,
Elias Kristoffersen Hagen,shooting,53.741302,,
Elias Löder,shooting,55.365986,,
Elias Manoel,shooting,53.156467,,
Elias Sebastian Solberg,shooting,44.764908,,
Elicha Ahui,shooting,34.781036,,
Elija Wohlgemuth,shooting,47.543938,,
Elijah Henry Just,shooting,60.141163,,
Elio Salazar,shooting,54.601345,,
Elione Fernandes Neto,shooting,52.030655,,
Eliézer Meléndez,shooting,58.60447,,
Ellery Ronald Balcombe,shooting,47.544895,,
Elliot John Embleton,shooting,60.100277,,
Elliot Jorge Simões Inácio,shooting,51.564392,,
Elliot Morgan Thorpe,shooting,48.683506,,
Elliot William Watt,shooting,51.922474,,
Elliott Anderson,shooting,62.652073,,
Elliott Michael Bonds,shooting,48.40234,,
Elliott Ricardo Wignal List,shooting,57.525826,,
Ellis Carlo Iandolo,shooting,47.77112,,
Ellis Darren Chapman,shooting,46.051693,,
Elvis Kevin Velasco,shooting,59.304863,,
Elyas Al Biladi,shooting,39.242943,,
Elías Alejandro Arias Rengel,shooting,33.878284,,
Elías Alejandro Ramos Castillo,shooting,27.599638,,
Elías Britez,shooting,47.23491,,
Elías Iván Pereyra,shooting,32.23591,,
Elías Rafn Ólafsson,shooting,47.543514,,
Elías Sebastián López,shooting,46.139187,,
Emanuel Dat,shooting,41.08577,,
Emanuel Lalchhanchhuaha,shooting,38.28961,,
Emerson Hyndman,shooting,57.24107,,
Emerson Rivaldo Rodríguez Valois,shooting,55.07654,,
Emerson Velasquez,shooting,27.9724,,
Emil Alfons Holm,shooting,59.176334,,
Emil Hellman,shooting,31.210201,,
Emil Konradsen Ceïde,shooting,55.254593,,
Emil Nestved Kornvig,shooting,56.72301,,
Emil Roback,shooting,47.229546,,
Emil Varhaugvik Breivik,shooting,44.915005,,
Emilian Metu,shooting,40.138638,,
Emiliano Agustín Villar Vidal,shooting,66.91471,,
Emiliano Brienza,shooting,53.78275,,
Emiliano Clavijo,shooting,57.503036,,
Emiliano Martínez Toranza,shooting,54.45419,,
Emiliano Vidart,shooting,58.929367,,
Emilio Kehrer,shooting,63.10007,,
Emir Kaan Gültekin,shooting,53.808155,,
Emmanuel Attipoe,shooting,25.853718,,
Emmanuel Danso,shooting,36.2518,,
Emmanuel Delan Junior Latte Lath,shooting,62.808865,,
Emmanuel Ebuka Osadebe,shooting,50.031914,,
Emmanuel Ilesanmi,shooting,52.47164,,
Emmanuel Longelo Mbule,shooting,42.81351,,
Emmanuel Matuta,shooting,41.86464,,
Emmanuel Ogura,shooting,47.55318,,
Emre Demir,shooting,57.181995,,
Emre Topcu,shooting,46.04477,,
Emrecan Uzunhan,shooting,29.749882,,
Emrehan Gedikli,shooting,60.411064,,
Enis Çokaj,shooting,57.91757,,
Enmerson Geovanny Batalla Martínez,shooting,54.546764,,
Enric Llansana Beuse,shooting,43.35796,,
Enrico Celeghin,shooting,41.76023,,
Enrico Del Prato,shooting,44.94176,,
Enrico Erick Dueñas Hernández,shooting,59.746933,,
Enrique Achahuanco,shooting,39.880142,,
Enrique Barja Afonso,shooting,62.618637,,
Enrique Camargo,shooting,61.862263,,
Enrique Clemente Maza,shooting,32.40385,,
Enrique Jesús Salas Valiente,shooting,23.98701,,
Enrique Manuel Peña Zauner,shooting,55.220577,,
Enrique Ríos Vega,shooting,30.498755,,
Enrique Taborga,shooting,43.856533,,
Enzo Camille Alain Millot,shooting,58.842903,,
Enzo Joaquín Sosa Romañuk,shooting,36.15915,,
Enzo López,shooting,47.54419,,
Enzo Martín Roldán,shooting,61.215366,,
Ephron Jardell Mason-Clark,shooting,57.703106,,
Eren Sami Dinkçi,shooting,63.993084,,
Eric Anders Smith,shooting,56.349113,,
Eric Andre Kahl,shooting,51.491035,,
Eric Junior Bocat,shooting,49.950024,,
Eric Ocansey,shooting,63.5287,,
Erick Perleche,shooting,47.083153,,
Erick Steven Ferigra Burnham,shooting,32.499615,,
Erik Benjamin Nygren,shooting,63.958977,,
Erik Centeno,shooting,34.90531,,
Erik Jorgens de Menezes,shooting,47.86877,,
Erik Nicolás López Samaniego,shooting,64.43835,,
Erik Ring,shooting,53.714905,,
Erik Ross Palmer-Brown,shooting,30.825825,,
Erik Shuranov,shooting,67.56099,,
Erik Sorga,shooting,61.067875,,
Erik Tallig,shooting,57.106476,,
Erik Tobias Tangen Sandberg,shooting,34.3134,,
Eris Abedini,shooting,37.589035,,
Erison Danilo de Souza,shooting,68.12773,,
Erolind Krasniqi,shooting,56.041496,,
Ertuğrul Çetin,shooting,47.542904,,
Esey Gebreyesus,shooting,57.519478,,
Esmir Bajraktarevic,shooting,40.278545,,
Esteban Cristóbal Valencia Reyes,shooting,58.483086,,
Esteban Kirkman,shooting,47.54417,,
Esteban Petignat,shooting,36.41084,,
Ethan Christopher Dobbelaere,shooting,42.2173,,
Ethan Craig Brierley,shooting,45.782562,,
Ethan Stuart William Galbraith,shooting,55.590954,,
Ethyan Jesús González Morales,shooting,63.203125,,
Euan Henderson,shooting,61.20034,,
Eusebio Monzó Alfonso,shooting,32.18864,,
Evan Marley Khouri,shooting,41.974583,,
Evan Ovendale,shooting,47.543427,,
Evidence Makgopa,shooting,65.25283,,
Evren Eren Elmalı,shooting,39.569096,,
Ewan Henderson,shooting,59.773777,,
Exon Gustavo Vallecilla Godoy,shooting,32.722958,,
Eylon Almog,shooting,64.28416,,
Ezequiel Busquets Sanguinetti,shooting,45.057556,,
Ezequiel Cannavó,shooting,50.24747,,
Ezequiel Emanuele,shooting,53.9981,,
Fabian Daniel Rohner,shooting,53.26292,,
Fabian Herbst,shooting,29.035772,,
Fabian Tauchhammer,shooting,35.47084,,
Fabiano Cibi,shooting,34.372524,,
Fabiano Josué de Souza Silva,shooting,48.519238,,
Fabio Blanco Gómez,shooting,55.551285,,
Fabio Rojas,shooting,24.395416,,
Fabio Schneider,shooting,53.619633,,
Fabián Steven Ángel Bernal,shooting,57.012577,,
Fabrice Daniel Hartmann,shooting,63.573544,,
Fabricio Mariaca,shooting,36.4102,,
Fabrizio Nicolás Correa González,shooting,47.54431,,
Facundo Daniel Kruspzky,shooting,62.78735,,
Facundo Ezequiel Almada,shooting,37.941353,,
Facundo Fabián Trinidad Carballo,shooting,61.047432,,
Facundo Leonel Mater,shooting,55.644115,,
Facundo Martín Pérez,shooting,59.973076,,
Facundo Pellistri Rebollo,shooting,62.960796,,
Fahad Khalid Al-Dossari,shooting,46.221317,,
Faisal Al Mutairi,shooting,39.808266,,
Falah Waleed Juma Alsouri Aljneibi,shooting,43.73847,,
Fares Al Garzae,shooting,48.4761,,
Farick Haddad,shooting,41.199078,,
Farrend James Rawson,shooting,26.991776,,
Faruk Can Genç,shooting,41.584656,,
Fatih Yiğit Şanlıtürk,shooting,58.850586,,
Fatih Yılmaz,shooting,26.201605,,
Faustino Adebola Rasheed Anjorin,shooting,63.86149,,
Fedde de Jong,shooting,50.228634,,
Federico Agustín Gattoni,shooting,45.608772,,
Federico Darío Navarro,shooting,46.561913,,
Federico Girotti Bonazza,shooting,67.63439,,
Federico Pace,shooting,30.243578,,
Felipe Tomás Zenobio,shooting,47.544476,,
Felix Brand,shooting,36.579643,,
Felix Eriksson,shooting,26.680319,,
Felix Kalu Nmecha,shooting,53.20083,,
Felix Karl-Ernst Gebhardt,shooting,47.559715,,
Felix Khonde Mambimbi,shooting,63.086437,,
Felix Lange,shooting,33.726784,,
Felix Omoruyi Irorere,shooting,29.972101,,
Felix Wennergrund,shooting,30.51111,,
Fernando Andrés Prado Avelino,shooting,38.036926,,
Fernando Aurelio Román Villalba,shooting,44.453003,,
Fernando David Cardozo Paniagua,shooting,62.699352,,
Fernando Díaz,shooting,25.030514,,
Fernando Fabián Ovelar Martínez,shooting,57.546032,,
Fernando Medrano Gastañaga,shooting,38.177742,,
Fernando Pacheco,shooting,60.47909,,
Fernando Raúl Romero González,shooting,66.77558,,
Fernando Ruiz Díaz,shooting,56.585747,,
Fernán Faerron,shooting,37.62548,,
Filip Bundgaard Kristensen,shooting,48.34516,,
Filip Chalupniczak,shooting,47.543964,,
Filip Filipos Lars Sachpekidis,shooting,59.68086,,
Filip Koperski,shooting,45.475483,,
Filip Kramarz,shooting,47.543655,,
Filip Rønningen Jørgensen,shooting,46.04408,,
Filip Wojciech Jagiełło,shooting,55.9412,,
Filip Zawadzki,shooting,43.967655,,
Filipe De Carvalho,shooting,47.529312,,
Filipe Miguel Barros Soares,shooting,65.433395,,
Filippo Delli Carri,shooting,31.310337,,
Filippo Palazzino,shooting,53.60178,,
Filippo Tripi,shooting,30.234112,,
Finley Bell,shooting,41.43272,,
Finley Stevens,shooting,42.917946,,
Finn Isaac Azaz,shooting,59.92846,,
Finn-Dominik Porath,shooting,52.674515,,
Firas Tariq Nasser Al-Buraikan,shooting,61.355625,,
Fisnik Isaki,shooting,51.890305,,
Flamur Dzelili,shooting,54.127285,,
Flavio Bianchi,shooting,65.321075,,
Florent Da Silva,shooting,50.96343,,
Florentin Lucien Jean Bloch,shooting,47.543438,,
Florian Butscher,shooting,38.590164,,
Florian Krüger,shooting,65.584595,,
Florian Nichita Haită,shooting,51.784763,,
Florian-Horst Carstens,shooting,27.41925,,
Florin Gheorghe Borţa,shooting,34.89527,,
Floris Smand,shooting,29.864988,,
Flynn Clarke,shooting,47.514637,,
Flávio Basilua Jacinto Nazinho,shooting,32.83694,,
Fortune Bassey,shooting,65.641235,,
Francesco Antonucci,shooting,59.00268,,
Francesco Donati,shooting,41.2823,,
Francho Serrano Gracia,shooting,56.613518,,
Francis Florin Bălan,shooting,42.05606,,
Francisco Agustín González,shooting,63.354565,,
Francisco Bregante,shooting,34.67344,,
Francisco Delgado Rojano,shooting,34.225193,,
Francisco Fabián Álvarez,shooting,31.098858,,
Francisco Ginella Dabezies,shooting,52.353203,,
Francisco Javier Chaverra Angulo,shooting,55.73569,,
Francisco Javier Montero Rubio,shooting,29.941238,,
Francisco Joel Gerometta,shooting,49.015133,,
Francisco Jorge Tavares Oliveira,shooting,60.888752,,
Francisco José Rodríguez Araya,shooting,59.797226,,
Francisco José Villalba Rodrigo,shooting,60.926476,,
Francisco Manuel Gonzalez Verjara,shooting,27.703922,,
Francisco Meira Meixedo,shooting,47.543255,,
Francisco Sampaio Moura,shooting,51.94622,,
Francisco Sebastián Moyano Jiménez,shooting,48.938816,,
Francisco Vidal Bareiro Muñoz,shooting,64.10297,,
Franck Cédric Tsadjout,shooting,63.373997,,
Franck Elimane Kanouté,shooting,56.96368,,
Franck Junior Evina,shooting,61.576298,,
Franco Agustín Quinteros,shooting,41.546516,,
Franco Baldassarra,shooting,57.075256,,
Franco Daryl Tongya Heubang,shooting,47.278275,,
Franco Gabriel Ibarra,shooting,45.988693,,
Franco Herrera,shooting,47.543713,,
Franco Manuel Saravia Rojas,shooting,47.544754,,
Franco Nicolás Fragueda,shooting,47.54327,,
Frank Stople,shooting,47.543713,,
Frankarlos Benítez,shooting,47.545937,,
Fred Marcos Cardouso Pombal,shooting,55.646698,,
Freddie Carter,shooting,24.951084,,
Freddy Alejandro Oncoy Huarote,shooting,59.273033,,
Freddy Andrés Roca Vivancos,shooting,65.076515,,
Freddy Kleemann,shooting,25.597937,,
Frederik Alves Ibsen,shooting,30.275957,,
Frederik Franck Winther,shooting,31.097328,,
Frederik Rahn,shooting,35.277348,,
Fredrik Sjøvold,shooting,42.097256,,
Fredy Valencia,shooting,32.725964,,
Friday Etim,shooting,63.977703,,
Fryderyk Gerbowski,shooting,42.28325,,
Fynn Otto,shooting,32.815876,,
Fábio André Freitas Vianna,shooting,49.754192,,
Fábio André Tavares Desidério,shooting,60.764954,,
Fábio Daniel Soares Silva,shooting,68.27839,,
Fábio Pereira Baptista,shooting,33.843613,,
Fábio Ronaldo Costa Conceição,shooting,67.52532,,
Félix Alexandre Andrade Sanches Correia,shooting,57.947838,,
Fıratcan Üzüm,shooting,61.213676,,
Gabriel Agustín Sotomayor Cardozo,shooting,51.460705,,
Gabriel Colmenárez,shooting,53.627186,,
Gabriel Dănuleasă,shooting,25.427206,,
Gabriel Fernandes Castro,shooting,27.164038,,
Gabriel Julien Dominique Barès,shooting,48.062775,,
Gabriel Norambuena,shooting,56.21526,,
Gabriel Pereira dos Santos,shooting,53.175175,,
Gabriel Silva Vieira,shooting,62.935173,,
Gabriel Veiga Novas,shooting,57.223198,,
Gabriele Gori,shooting,65.135735,,
Gaby Jean,shooting,32.97768,,
Gali Balanta,shooting,47.549484,,
Garis Mina,shooting,31.73347,,
Gary Moya,shooting,37.24578,,
Gaspar Campos Ansó Fernández,shooting,67.69865,,
Gassan Ahadme Yahyai,shooting,59.895763,,
Gastón Alejandro Pérez Conde,shooting,57.145428,,
Gastón Benítez,shooting,34.906483,,
Gastón Luciano Ávila,shooting,36.257385,,
Gastón Nicolás Martirena Torres,shooting,63.986523,,
Gastón Nicolás Verón,shooting,61.91464,,
Gaultiér Overman,shooting,33.498905,,
Gaute Høberg Vetti,shooting,47.96835,,
Gavin Okeroghene Bazunu,shooting,47.54265,,
Geani Mihai Crețu,shooting,49.48832,,
Gedion Zelalem,shooting,48.459587,,
Gennaro Borrelli,shooting,56.93443,,
Geny Cipriano Catamo,shooting,57.229942,,
Geon Woo Park,shooting,30.302742,,
George Acosta,shooting,50.62733,,
George Alexandru Cîmpanu,shooting,58.135056,,
George Asomani,shooting,29.897892,,
George Blackwood,shooting,57.59395,,
George Burroughs,shooting,24.819035,,
George Christopher Williams,shooting,59.567646,,
George Cowmeadow,shooting,51.262535,,
George Cristian Merloi,shooting,57.381104,,
George Damien Nurse,shooting,53.048763,,
George David Dobson,shooting,53.355267,,
George David Eric Hirst,shooting,64.99433,,
George Dănuț Ganea,shooting,58.1572,,
George Iain Cooper,shooting,53.539856,,
George Ionuț Dragomir,shooting,43.190754,,
George Lewis,shooting,53.60366,,
George Mihai Micle,shooting,47.543705,,
George Oluwaseun Bello,shooting,43.671654,,
George Owen Marsh,shooting,51.977955,,
George Robert Lawrence Lloyd,shooting,54.354958,,
George Thomas Maris,shooting,56.20954,,
Georgi Tunjov,shooting,42.332073,,
Gerald Martin Távara Mogollón,shooting,63.345814,,
Gerard Fdez. Castellano,shooting,54.611088,,
Gerard Garner,shooting,63.659637,,
Gerard Yepes Laut,shooting,53.87368,,
Germán Fernández Hidalgo,shooting,47.543736,,
Germán Valera Karabinaite,shooting,56.597843,,
Gerónimo Plada,shooting,53.7823,,
Geykel Gabriel Parra Arias,shooting,47.543617,,
Gi Hyeok Lee,shooting,41.243046,,
Giacomo Gambetta,shooting,47.545166,,
Giacomo Olzer,shooting,55.626793,,
Gian Franco Cabezas Rodríguez,shooting,53.083878,,
Gian-Luca Itter,shooting,41.328373,,
Gianfranco Chávez Massoni,shooting,27.46144,,
Gianluca Gaudino,shooting,44.65216,,
Gianluca Saro,shooting,47.544746,,
Gianmarco Cangiano,shooting,55.13211,,
Gianni De Nitti,shooting,47.54379,,
Gianni Ryan Stensness,shooting,40.57673,,
Giannis Sardelis,shooting,54.29019,,
Gilbert Fuentes,shooting,42.297825,,
Gilles Richard,shooting,28.394875,,
Gilmar Paredes,shooting,51.0553,,
Gilson Benchimol Tavares,shooting,64.25744,,
Giorgi Kokhreidze,shooting,56.183094,,
Giotto Giuseppe Morandi,shooting,44.061325,,
Giovanni Bordón,shooting,53.665485,,
Giovanni Crociata,shooting,55.282444,,
Giovanni Grotta,shooting,47.543953,,
Giuseppe Ciocci,shooting,47.54412,,
Giuseppe Di Serio,shooting,62.489445,,
Giuseppe Marcianò,shooting,47.544025,,
Glenn Bell Dollar Middleton,shooting,57.80383,,
Gloire Amanda,shooting,59.4065,,
Gnantin Yann Gboho,shooting,59.622105,,
Godwin Kobby Bentil,shooting,61.373047,,
Gontie Junior Diomandé,shooting,51.45611,,
Gonzalo Andrés Tapia Dubournais,shooting,58.60648,,
Gonzalo Damián Abrego,shooting,51.686817,,
Gonzalo Gabriel Sánchez Franco,shooting,60.778942,,
Gonzalo Germán Pérez Corbalán,shooting,37.746445,,
Gonzalo Gonzalez,shooting,31.92976,,
Gonçalo Bento Soares Cardoso,shooting,30.006735,,
Gonçalo Faria Costa,shooting,32.481915,,
Gonçalo Oscar Albuquerque Borges,shooting,52.556973,,
Gonçalo Pinto,shooting,47.543736,,
Goodman Mosele,shooting,57.508812,,
Gor Manvelyan,shooting,58.30527,,
Gorka San Nicolás Gil,shooting,47.543976,,
Grant Dean Horton,shooting,25.069984,,
Gregorio Gracia Sánchez,shooting,55.56494,,
Gregorio José Tanco,shooting,34.311462,,
Griffin McDorman Yow,shooting,53.881817,,
Guilherme Araújo Soares,shooting,29.890272,,
Guilherme Borges Guedes,shooting,53.40382,,
Guilherme Silva Souza,shooting,32.12969,,
Guilherme da Silva,shooting,36.0028,,
Guillaume Laurent Dietsch,shooting,47.544323,,
Guillermo Bueno López,shooting,30.336369,,
Guillermo Duhalde,shooting,28.123308,,
Guillermo Gajardo,shooting,47.543503,,
Guillermo Rosas Alonso,shooting,38.918503,,
Guillermo Wagner,shooting,60.900723,,
Guilmer Giro,shooting,56.08944,,
Gurmukh Singh,shooting,27.337816,,
Gustav Lillienberg,shooting,47.542847,,
Gustav Mogensen,shooting,60.065834,,
Gustav Molin,shooting,47.544582,,
Gustav Tang Isaksen,shooting,61.307747,,
Gustavo Adolfo Carvajal Gómez,shooting,35.3428,,
Gustavo Elvis Loayza,shooting,53.93375,,
Gustavo Enrique Giordano Amaro Assunção da Silva,shooting,57.195686,,
Gustavo Filipe Azevedo Sá,shooting,54.879707,,
Gustavo Klismahn D Miranda,shooting,59.643456,,
Gustavo Peralta,shooting,56.257767,,
Gustavo Peredo Ortíz,shooting,63.546066,,
Gustavo Verón,shooting,56.458687,,
Guus Gertsen,shooting,29.62458,,
Guy Carel Mbenza Kamboleke,shooting,65.44029,,
Guy Dahan,shooting,57.28161,,
Gyeong Jun Byun,shooting,51.403965,,
Gyu Hyeong Kim,shooting,54.179012,,
Gyung Hyun Min,shooting,32.76972,,
Gökdeniz Bayrakdar,shooting,63.89062,,
Habib Ali Keita,shooting,56.389523,,
Haitam Abaida El Achhab,shooting,54.900837,,
Haji Mnoga,shooting,33.986237,,
Hak-Yoon Lee,shooting,47.544193,,
Hakeeb Adeola Jerome Adelakun,shooting,57.83185,,
Halldor Østervold Stenevik,shooting,52.71501,,
Hamad Abdan Al Abdan,shooting,39.3253,,
Hamad Fayez Alsayyaf,shooting,26.097395,,
Hamad Turki Al Tuhayfan Al Yami,shooting,55.38556,,
Hamed Abdullah Al Ghamdi,shooting,56.78013,,
Hampus Gustafsson,shooting,47.543877,,
Hamza Bahaïd,shooting,36.042103,,
Hamza Yiğit Akman,shooting,49.513966,,
Han Beom Lee,shooting,27.82697,,
Han Min Jeong,shooting,57.79817,,
Han-Noah Massengo,shooting,47.20648,,
Hani Ismaeel Al-Sebyani,shooting,24.369066,,
Hannes Küng,shooting,26.55945,,
Hans Nunoo Sarpei,shooting,38.293804,,
Haralambie Mociu,shooting,47.543972,,
Harmanpreet Singh,shooting,45.473145,,
Harrison Bright,shooting,35.248985,,
Harrison Clarke,shooting,56.857594,,
Harrison James Chapman,shooting,57.201656,,
Harrison James Holgate,shooting,24.858833,,
Harrison Joshua Perritt,shooting,32.84094,,
Harrison Neal,shooting,44.019566,,
Harrison Sohna,shooting,39.142776,,
Harry Birtwistle,shooting,49.301888,,
Harry George Kite,shooting,53.61568,,
Harry Jack Darling,shooting,44.505184,,
Harry Jewitt-White,shooting,38.92917,,
Harry John Anderson,shooting,55.29092,,
Harry Kyprianou,shooting,41.60702,,
Harry Lee,shooting,47.543755,,
Harry McCarthy,shooting,43.735504,,
Harry Nicolson,shooting,24.13737,,
Harry William Brockbank,shooting,26.618711,,
Harun Alpsoy,shooting,49.994232,,
Harvey Andrew Knibbs,shooting,59.56374,,
Harvey David White,shooting,63.287556,,
Harvey Giles,shooting,47.544575,,
Harvey James Bunker,shooting,46.202145,,
Harvey Jay Cartwright,shooting,47.543728,,
Harvey William St Clair,shooting,54.60901,,
Hassan Mohammed Al-Tambakti,shooting,25.248259,,
Hatim Far,shooting,58.967785,,
Hayden Lindley,shooting,45.729103,,
Hayrullah Erkip,shooting,55.063908,,
Hazazi Sulaiman Yahya,shooting,31.213676,,
Hazim Hassan Al Zahrani,shooting,30.214706,,
Hazzaa Ahmed Al-Ghamdi,shooting,50.32686,,
Hector Matthew Kyprianou,shooting,51.089954,,
Hee Seung Kim,shooting,38.30273,,
Heine Gikling Bruseth,shooting,38.516052,,
Heitor Rodrigues Fonseca,shooting,34.721035,,
Henri Koudossou,shooting,49.411125,,
Henricus Gerardus Hubertus Maria Linthorst,shooting,58.64264,,
Henrik Rørvik Bjørdal,shooting,59.172276,,
Henrique Jocú,shooting,40.25312,,
Henry Atola,shooting,55.86305,,
Henry Lawrence,shooting,44.041477,,
Herman Johan Haugen,shooting,41.489273,,
Herman Sørby Stengel,shooting,59.285862,,
Hermann Tebily,shooting,56.890465,,
Hernandes Rodrigues Da Silva,shooting,55.0222,,
Hernán Darío López Muñoz,shooting,57.484024,,
Hiang'a Mananga Mbock,shooting,57.256203,,
Hidde Willem ter Avest,shooting,45.860447,,
Hillary Chukwah Gong,shooting,56.59501,,
Hiram Kojo Kwarteng Boateng,shooting,49.91483,,
Hisham Al Dubais,shooting,52.986523,,
Hmar Pialtu Lalremruata,shooting,36.59882,,
Ho Jae Lee,shooting,58.080013,,
Ho Jin Jeong,shooting,38.542885,,
Homam Ahmed,shooting,43.286274,,
Hoo Sung Oh,shooting,43.096497,,
Hristu Sofianu,shooting,39.625805,,
Hrithik Tiwari,shooting,47.543896,,
Hubert Matynia,shooting,41.37435,,
Hugo Anglada Gutiérrez,shooting,34.950172,,
Hugo Bueno López,shooting,41.71843,,
Hugo Claudio Vallejo Avilés,shooting,63.863132,,
Hugo Denar Salvatierra Saucedo,shooting,29.616734,,
Hugo Fabián Franco Schlender,shooting,42.052082,,
Hugo Javier Martínez Cantero,shooting,46.75491,,
Hugo Lorenzo Quintana Escobar,shooting,57.413807,,
Hugo Novoa Ramos,shooting,64.58201,,
Hugo Ozée,shooting,25.524982,,
Hugo Pérez Balderas,shooting,39.62702,,
Hugo Redón Almela,shooting,48.731937,,
Hugo Silva Oliveira,shooting,32.8771,,
Hugo Sotelo Gómez,shooting,58.146843,,
Hun Min Kim,shooting,30.195847,,
Hussain Ahmed Al-Eisa,shooting,48.69289,,
Hyeon Bin Seol,shooting,47.54469,,
Hyeon Joon Yang,shooting,56.67191,,
Hyun Muk Kang,shooting,50.16742,,
Håkan Gustaf Nilsson,shooting,62.496887,,
Håkan Rasmus Wiedesheim-Paul,shooting,63.547745,,
Hélder Gomes Morim,shooting,52.12351,,
Hélder José Oliveira Sá,shooting,40.047047,,
Iago Domínguez Rodríguez,shooting,47.543915,,
Ian Carlo Poveda-Ocampo,shooting,53.65782,,
Ibrahim Al Ali,shooting,29.536907,,
Ibrahim Danlad,shooting,47.543438,,
Ibrahim Jamal,shooting,25.927038,,
Ibrahim Mahnashi,shooting,41.659756,,
Ibrahim Sulemana Kakari,shooting,58.96019,,
Ibrahim Yalatif Diabate,shooting,62.7478,,
Ibrahima Bamba,shooting,45.25105,,
Ibrahima Cissokho,shooting,47.316803,,
Ibraima José Barry Pérez,shooting,47.807747,,
Idris Kanu,shooting,59.898884,,
Idrissa Thiam,shooting,58.844185,,
Ignacio Antonio Saavedra Pino,shooting,55.73709,,
Ignacio Castillo Ameyugo,shooting,58.355633,,
Ignacio Daniel Maestro Puch,shooting,64.63501,,
Ignacio Laquintana,shooting,55.694412,,
Ignacio Nahuel Suárez Ferreira,shooting,47.544117,,
Ignacio Santiago Aliseda,shooting,56.288467,,
Ignasi Vilarrasa Palacios,shooting,35.85338,,
Igor Drapiński,shooting,28.214212,,
Igor Lewandowski,shooting,36.451828,,
Igor Lucatelli,shooting,47.54313,,
Iker Benito Sánchez,shooting,57.226234,,
Iker Bravo Solanilla,shooting,63.632294,,
Iker Goujón Pozuelo,shooting,57.80638,,
Iker Losada Aragunde,shooting,67.76044,,
Iker Piedra Blanco,shooting,47.543762,,
Iker Álvarez de Eulate,shooting,47.543934,,
Ilan Benjamin Sauter,shooting,37.833908,,
Ilario Monterisi,shooting,30.679213,,
Ilay Eliyau Elmkies,shooting,47.13586,,
Ilhan Altuntas,shooting,25.381184,,
Ilia Iliev Gruev,shooting,47.09914,,
Ilias Akhomach Chakkour,shooting,62.448322,,
Ilias Koutsoupias,shooting,41.21441,,
Ilya Pomazun,shooting,47.545338,,
Ilyas Chouaref,shooting,56.65759,,
Ilyas Lefrancq,shooting,50.735226,,
Iman Griffith,shooting,55.304302,,
Imanol Baz Berganza,shooting,33.787735,,
Imanol García de Albéniz,shooting,46.360703,,
Imanol Machuca,shooting,53.00846,,
Immanuël-Johannes Pherai,shooting,54.80271,,
Indiana Denchev Vassilev,shooting,59.929417,,
Indy Boonen,shooting,64.10932,,
Ioan Andrei Vasile Dumiter,shooting,59.59233,,
Ioan Tolea,shooting,43.902912,,
Ionuț Zanfir,shooting,44.41202,,
Iroy Eckenfelder,shooting,59.90731,,
Irvyn Lomami,shooting,41.012,,
Isaac Annan,shooting,44.601982,,
Isaac Karamoko,shooting,59.764233,,
Isaac Lihadji,shooting,59.41303,,
Isac Alexi Sivert Lidberg,shooting,58.088245,,
Isaiah Parker,shooting,51.186874,,
Isak Bjerkebo,shooting,54.550827,,
Isak Dybvik Määttä,shooting,51.308212,,
Isak Kjelsrud Vik,shooting,28.93604,,
Isak Ssali Ssewankambo,shooting,36.225525,,
Ismael García,shooting,24.49198,,
Ismael Quispe,shooting,47.544456,,
Ismael Ruiz Sánchez,shooting,44.960217,,
Ismael Saibari Ben El Basra,shooting,61.19085,,
Ismaila Cheick Coulibaly,shooting,62.925064,,
Ismaël Aaneba,shooting,44.789684,,
Ismaël Gharbi,shooting,54.544495,,
Ismaël Landry Doukouré,shooting,28.76968,,
Iulian Zamfir,shooting,41.027824,,
Ivan Krolo,shooting,42.029358,,
Ivan Lepinjica,shooting,46.449734,,
Ivan Mesík,shooting,40.40532,,
Ivan Toney,shooting,63.23589,,
Ivan Šarić,shooting,62.411842,,
Iverson Contreras,shooting,45.477886,,
Iván Azón Monzón,shooting,66.27446,,
Iván Bonifazi,shooting,47.54419,,
Iván Darío Angulo Cortés,shooting,57.905296,,
Iván Fresneda Corraliza,shooting,37.350365,,
Iván Gil Calero,shooting,52.641926,,
Iván Martín Núñez,shooting,60.03296,,
Iván Martínez Gonzálvez,shooting,64.97736,,
Iván Morante Ruiz,shooting,56.428967,,
Iván René Franco Díaz,shooting,63.968,,
Iván Romero de Ávila,shooting,58.64295,,
Iván San José Cantalejo,shooting,61.595127,,
Iván Villar Martínez,shooting,47.54869,,
Jack Alexander Stevens,shooting,47.56048,,
Jack David Vincent Whatmough,shooting,26.606947,,
Jack Hinchy,shooting,38.992287,,
Jack James Earing,shooting,58.310722,,
Jack Jamie Arthur,shooting,47.54517,,
Jack Jenkins,shooting,38.21158,,
Jack Karadogan,shooting,42.760628,,
Jack Levi Sutton,shooting,45.15021,,
Jack McMillan,shooting,33.05139,,
Jack Moore,shooting,32.241577,,
Jack Newman,shooting,47.54436,,
Jack Richard Lankester,shooting,56.991783,,
Jack Robert Tucker,shooting,29.284712,,
Jack Stephen Burroughs,shooting,47.284847,,
Jack Tyler Diamond,shooting,56.083458,,
Jack Wakely,shooting,35.637867,,
Jack Walton,shooting,47.56502,,
Jack Williams,shooting,49.760735,,
Jack Young,shooting,46.151962,,
Jack de Vries,shooting,55.86576,,
Jackson Gabriel Porozo Vernaza,shooting,32.099438,,
Jackson Gabriel Rodríguez Perlaza,shooting,52.819572,,
Jackson Hopkins,shooting,37.443848,,
Jackson Joseph Fitzwater,shooting,37.724075,,
Jackson João Crusso Mutto,shooting,55.31332,,
Jackson Ragen,shooting,23.864933,,
Jacob Anthony Chapman,shooting,47.543728,,
Jacob Carney,shooting,47.543224,,
Jacob Christian Maddox,shooting,54.221092,,
Jacob Jones,shooting,39.357414,,
Jacob Michael Italiano,shooting,54.35277,,
Jacob Mikael Widell Zetterström,shooting,47.547863,,
Jacob Slater,shooting,31.696884,,
Jacob Steen Christensen,shooting,55.013336,,
Jacopo Da Riva,shooting,52.50282,,
Jaden Bevan,shooting,47.54381,,
Jaden Philogene-Bidace,shooting,58.004604,,
Jaden Wavey Brown,shooting,41.6384,,
Jae Hun Cho,shooting,44.922844,,
Jae Hwan Hwang,shooting,48.4567,,
Jae Sung Kim,shooting,44.42669,,
Jae Won Hwang,shooting,34.30954,,
Jae Won Shin,shooting,49.78407,,
Jae Woo Kang,shooting,43.48717,,
Jahnoah Markelo,shooting,57.577652,,
Jaime Durán Jiménez,shooting,47.544098,,
Jaimy Buter,shooting,36.232204,,
Jair Veiga Vieira Tavares,shooting,57.80635,,
Jairo Quinteros Sierra,shooting,26.05999,,
Jairo Ralph Farnias Almeida,shooting,47.54344,,
Jake Alan Young,shooting,57.74227,,
Jake Alexander Hesketh,shooting,52.154106,,
Jake Billy Doyle-Hayes,shooting,57.579044,,
Jake Hastie,shooting,57.941944,,
Jake Jon Taylor,shooting,56.844143,,
Jake Joshua Burton,shooting,53.382484,,
Jake Matthew Hull,shooting,24.480907,,
Jakob Axel Krister Voelkerling-Persson,shooting,27.360796,,
Jakob Bookjans,shooting,50.436436,,
Jakob Odehnal,shooting,47.545227,,
Jakub Kisiel,shooting,37.16668,,
Jakub Niedbała,shooting,40.272278,,
Jakub Nowakowski,shooting,42.970596,,
Jakub Ojrzyński,shooting,47.544228,,
Jakub Piotrowski,shooting,62.19917,,
Jakub Rajczykowski,shooting,47.544163,,
Jakub Sypek,shooting,49.60907,,
Jamal Baptiste,shooting,31.534462,,
James Andrew Cumming,shooting,47.54432,,
James Anthony Wilson,shooting,64.31772,,
James Carragher,shooting,25.602936,,
James Charles Jones,shooting,52.484497,,
James Clayton Hill,shooting,26.122398,,
James Golding,shooting,26.250498,,
James Hoban Sands,shooting,48.666,,
James Melhado,shooting,45.69903,,
James Norris,shooting,34.557182,,
James Pardington,shooting,47.544403,,
James Pradic,shooting,47.543262,,
James Samuel Morton,shooting,47.218918,,
James Taylor,shooting,36.125896,,
James Tyler Waite,shooting,54.524017,,
James William Hanson,shooting,46.898712,,
Jamie Bowden,shooting,55.317406,,
Jamir Berdecio,shooting,55.019264,,
Jan Alexandre Bamert,shooting,27.557604,,
Jan Boller,shooting,44.68322,,
Jan Ciućka,shooting,54.081417,,
Jan Fortelný,shooting,59.607525,,
Jan Hoekstra,shooting,47.543804,,
Jan Jakob Olschowsky,shooting,47.543858,,
Jan Jurcec,shooting,51.679375,,
Jan Luca Schuler,shooting,64.322685,,
Jan Niklas Beste,shooting,57.68321,,
Jan Schröder,shooting,33.289124,,
Jan de Boer,shooting,47.544502,,
Jan Žambůrek,shooting,45.61799,,
Jan-Rafael Shcherbakovski,shooting,49.88359,,
Jang Woo Hong,shooting,41.245144,,
Jankat Yılmaz,shooting,47.543713,,
Jannes Luca Wieckhoff,shooting,42.75149,,
Jannik Horz,shooting,47.54354,,
Jannik Zahmel,shooting,56.789875,,
Janus Guillermo Vivar Estrella,shooting,62.976173,,
Janusz Nojszewski,shooting,54.15322,,
Jared Harlock,shooting,46.915443,,
Jari Vlak,shooting,54.7105,,
Jashar Beluli,shooting,52.026676,,
Jasin-Amin Assehnoun,shooting,59.568295,,
Jason Bahamboula,shooting,57.991085,,
Jason Eyenga-Lokilo,shooting,57.254074,,
Jason Law,shooting,51.79204,,
Jason Mbock,shooting,58.959435,,
Jason Meerstadt,shooting,39.964622,,
Jason Ngouabi Lougagui,shooting,26.609009,,
Jason Paul Knight,shooting,61.9619,,
Jasper ter Heide,shooting,41.722908,,
Jaume Albert Cuéllar Mendoza,shooting,65.26225,,
Jaume Tovar Seguí,shooting,59.500786,,
Javain Okemio Brown,shooting,36.290623,,
Javier Agustín Obando,shooting,57.713272,,
Javier Ajenjo Hyjek,shooting,47.75258,,
Javier Almerge Viñuales,shooting,36.854233,,
Javier Alonso Bello,shooting,50.21131,,
Javier Cueto Suárez,shooting,63.75208,,
Javier Enrique Delgado Saverio,shooting,60.197067,,
Javier Garrido López,shooting,47.544724,,
Javier Guerra Moreno,shooting,53.2396,,
Javier Gómez Castroverde,shooting,63.263912,,
Javier Hernández Tarroc,shooting,30.43586,,
Javier Iván Cazal Báez,shooting,50.09398,,
Javier Llabrés Exposito,shooting,57.563217,,
Javier López Carballo,shooting,26.723278,,
Javier López-Pinto Dorado,shooting,60.70418,,
Javier Marquez,shooting,26.363787,,
Javier Martínez Calvo,shooting,62.33457,,
Javier María Vázquez López,shooting,35.431637,,
Javier Mier Martínez,shooting,63.6653,,
Javier Nicolas Vallejo,shooting,53.516056,,
Javier Rubio Haro,shooting,46.861637,,
Javier Serrano Martínez,shooting,55.038754,,
Jay Benn,shooting,25.729681,,
Jay Mingi,shooting,45.408722,,
Jay Turner-Cooke,shooting,54.024208,,
Jay-Dee Geusens,shooting,51.861816,,
Jay-Roy Grot,shooting,63.811306,,
Jayden Andrew Reid,shooting,54.007267,,
Jayden Davis,shooting,48.900444,,
Jayden Deslandes Sweeney,shooting,36.303562,,
Jayden Jezairo Braaf,shooting,59.382248,,
Jayden John-Lloyd Harris,shooting,47.424923,,
Jayden Wareham,shooting,55.846836,,
Jayson Patrick Molumby,shooting,49.78034,,
Jaziel Orozco,shooting,27.538233,,
Je Ho Yu,shooting,40.17359,,
Jean Baptiste Gorby,shooting,47.366444,,
Jean Bone,shooting,54.127285,,
Jean Botué,shooting,60.315315,,
Jean Harisson Marcelin,shooting,35.942028,,
Jean Paul Madera,shooting,54.45381,,
Jean Pierre Chalá,shooting,59.41591,,
Jean Thierry Lazare Amani,shooting,60.358715,,
Jean Torres,shooting,52.321163,,
Jean-Jacques Danley,shooting,46.669964,,
Jeando Pourrat Fuchs,shooting,54.37114,,
Jeff Dewsnup,shooting,47.543644,,
Jefferson José Gómez Genes,shooting,31.631397,,
Jefferson Justo Cáceres Chávez,shooting,59.70149,,
Jeison Andrés Angulo Trujillo,shooting,29.043869,,
Jeisson Andrés Vargas Salazar,shooting,62.884647,,
Jeizon Jesús Ramírez Chacón,shooting,53.602,,
Jelle Duin,shooting,62.410988,,
Jens Jakob Dyhr Thomasen,shooting,59.33074,,
Jensen Guy Weir,shooting,53.23722,,
Jeong Hoon Kim,shooting,47.543648,,
Jeppe Møldrup Okkels,shooting,58.480927,,
Jeppe Pedersen,shooting,45.095898,,
Jeppe Ørris Nielsen,shooting,47.543472,,
Jeremy Nicolás Silva González,shooting,44.218105,,
Jeremy Rafanello,shooting,53.5109,,
Jeremy Sivi,shooting,53.45726,,
Jeremy van Mullem,shooting,30.104626,,
Jeremías Perales,shooting,63.12947,,
Jeriel Nicolás De Santis Córdova,shooting,61.912388,,
Jermaine Anderson,shooting,52.669445,,
Jerónimo Pourtau,shooting,47.543972,,
Jesper Bergset Robertsen,shooting,33.978077,,
Jesper Dickman,shooting,45.28391,,
Jesper Strand Isaksen,shooting,49.175556,,
Jesse Edem Tugbenyo,shooting,31.309793,,
Jessic Gaïtan Ngankam,shooting,66.4719,,
Jesús Abdallah Castillo Molina,shooting,54.811092,,
Jesús Alejandro Quintero,shooting,30.429237,,
Jesús Alvarado,shooting,53.138336,,
Jesús Areso Blanco,shooting,30.437046,,
Jesús Armando Vargas Rojas,shooting,60.323036,,
Jesús Castellano,shooting,42.0777,,
Jesús Daniel Bueno Áñez,shooting,49.60974,,
Jesús Emanuel Pretell Panta,shooting,49.0849,,
Jesús Fernández Alonso,shooting,41.685596,,
Jesús Lázaro Owono Ngua Akeng,shooting,47.54411,,
Jesús Manuel Orozco Hernández,shooting,60.285297,,
Jesús Vázquez Alcalde,shooting,48.47441,,
Jetmir Topalli,shooting,59.763096,,
Jeyson Alejandro Rojas Orellana,shooting,30.963732,,
Jeyson Ariel Chura Almanza,shooting,56.438965,,
Jhoanner Stalin Chávez Quintero,shooting,50.874096,,
Jhohan Sebastián Romaña Espitia,shooting,26.459839,,
Jhohann Sebastián Yabur Perea,shooting,55.40094,,
Jhon Jairo Cuellar Vaca,shooting,47.543274,,
Jhon Jairo Espinoza Izquierdo,shooting,38.450264,,
Jhon Jairo Velasco,shooting,41.766056,,
Jhonder Gómez,shooting,50.391182,,
Jhondly van der Meer,shooting,24.568575,,
Jhonny Peitzmeier,shooting,47.543697,,
Ji Han Lee,shooting,48.492493,,
Ji Hoon Lee,shooting,44.156754,,
Ji Moog Choi,shooting,30.184101,,
Ji Sol Lee,shooting,38.72942,,
Ji Soo Kim,shooting,25.03786,,
Ji Yong Lee,shooting,42.881355,,
Ji won Park,shooting,57.03839,,
Jimmy Knowles,shooting,54.957615,,
Jin Ho Kim,shooting,34.386276,,
Jin Hyun Kim,shooting,42.837822,,
Jin Seong Park,shooting,27.630787,,
Jin Woo Jo,shooting,33.078327,,
Jin Yong Lee,shooting,43.477493,,
Joan García Pons,shooting,47.543674,,
Joan González Cañellas,shooting,55.6009,,
Joan Manuel Cruz Castro,shooting,56.68188,,
Joan Onofre López Reina,shooting,47.543922,,
Joan Stiven Ramírez Martínez,shooting,56.254677,,
Joao Alberto Grimaldo Ubidia,shooting,63.74661,,
Joaquin Bigo,shooting,47.54421,,
Joaquín Gabriel Trasante Hernández,shooting,55.69514,,
Joaquín Indacoechea,shooting,45.768032,,
Joaquín López,shooting,27.815739,,
Joaquín Matías Ardaiz de los Santos,shooting,63.42293,,
Joaquín Muñoz Benavides,shooting,61.070225,,
Joaquín Nicolás Pereyra,shooting,56.85303,,
Joe Cameron Lewis,shooting,39.427303,,
Joe Grey,shooting,53.297493,,
Joe James Powell,shooting,58.3359,,
Joe O'Shaughnessy,shooting,47.543697,,
Joe Zen Robert Bell,shooting,59.23109,,
Joe Zoherliana,shooting,31.958899,,
Joel Bruce King,shooting,29.980991,,
Joel Filipe Organista da Silva,shooting,50.31893,,
Joel Gerezgiher,shooting,51.908318,,
Joel Ideho,shooting,50.92348,,
Joel John Randall,shooting,57.39027,,
Joel Joshghene Asoro,shooting,63.094933,,
Joel Matthew Bagan,shooting,37.210476,,
Joel Mumbongo,shooting,58.520744,,
Joel Persson,shooting,59.481262,,
Joel Poiso,shooting,47.644695,,
Joel Quispe,shooting,42.3905,,
Joel Steven Quintero Nazareno,shooting,26.678177,,
Joel Sundström,shooting,39.98317,,
Jofre Carreras Pagès,shooting,63.99046,,
Johan Armando Micolta Ruiz,shooting,27.998932,,
Johan Bengtsson,shooting,55.968998,,
Johan Hove,shooting,63.93635,,
Johan Rojas,shooting,54.68775,,
Johan Stenmark,shooting,28.742632,,
Johan Stiven Carbonero Balanta,shooting,63.215515,,
Johandry Jericoth Hidalgo Mora,shooting,51.296543,,
Johannes Manske,shooting,61.50687,,
Johannes Tartarotti,shooting,54.913116,,
John Elian García Sossa,shooting,60.52334,,
John George McAtee,shooting,60.255173,,
John Gunnar Björkengren,shooting,52.444225,,
John Joe Patrick Finn Benoa,shooting,57.4067,,
John Mayanga Nekadio,shooting,27.287743,,
John Nwankwo Chetauya Donald Okeh,shooting,42.945496,,
John Ryan,shooting,40.849163,,
John Yeboah Zamora,shooting,54.13276,,
Joider Micolta,shooting,52.30337,,
Joiner Moreno Montero,shooting,49.400852,,
Jomaine Ellay Consbruch,shooting,53.780804,,
Jon Ander Olasagasti Imizcoz,shooting,59.513504,,
Jon Karrikaburu,shooting,65.27029,,
Jon Pacheco Dozagarat,shooting,23.285612,,
Jonah Osabutey,shooting,58.24176,,
Jonaldo Kauã Monteiro Moura,shooting,50.24308,,
Jonas Antonius Auer,shooting,54.59681,,
Jonas Benjamin Chimezie David,shooting,32.196564,,
Jonas Fedl,shooting,26.948322,,
Jonas Welson Orsi de Meneses,shooting,56.43914,,
Jonas Wendlinger,shooting,47.543983,,
Jonas-Janko Weyand,shooting,47.5444,,
Jonatan Carmona Álamo,shooting,44.479042,,
Jonathan Alexánder Pérez,shooting,49.806904,,
Jonathan Arriba Monroy,shooting,54.797966,,
Jonathan Capuz,shooting,54.921997,,
Jonathan Corozo,shooting,54.50685,,
Jonathan Daniel Benítez Benítez,shooting,47.556538,,
Jonathan Fernando Castillo Aguirre,shooting,61.176357,,
Jonathan Montiel Caballero,shooting,63.992973,,
Jonathan Risbjerg Ægidius,shooting,47.544117,,
Jonathan Ruque,shooting,34.45388,,
Jonathan Russell,shooting,56.672726,,
Jonathan Turra,shooting,23.42469,,
Jonathan Villagra,shooting,24.53756,,
Jong Beom Baek,shooting,47.54438,,
Jong Mu Han,shooting,41.027462,,
Jonier Medina,shooting,54.89345,,
Joon Beom Park,shooting,53.314598,,
Joon Ho Lee,shooting,53.053635,,
Jordan Alan Courtney-Perkins,shooting,23.132534,,
Jordan Andrew Davies,shooting,60.518234,,
Jordan Bernard Rossiter,shooting,47.038914,,
Jordan Bhekithemba Zemura,shooting,38.905296,,
Jordan Carrillo Rodríguez,shooting,58.810863,,
Jordan Cropper,shooting,38.54036,,
Jordan Doherty,shooting,46.933144,,
Jordan Lewis Helliwell,shooting,28.47272,,
Jordan O'Doherty,shooting,55.323296,,
Jordan Perruzza,shooting,59.000324,,
Jordan Scanlon,shooting,45.376816,,
Jordan Stevens,shooting,54.382233,,
Jordi Escobar Fernández,shooting,66.20073,,
Jordi González-Pola,shooting,32.8674,,
Jordi Mboula Queralt,shooting,64.350845,,
Jordy José Alcívar Macías,shooting,63.736656,,
Jordy Schelfhout,shooting,47.54411,,
Jorge Andrés Marsiglia Carrascal,shooting,31.927176,,
Jorge Benito Peña Canales,shooting,47.544147,,
Jorge Damián González,shooting,53.2615,,
Jorge Denilson Cabezudo Ormeño,shooting,47.5439,,
Jorge Hernandez,shooting,58.622444,,
Jorge Martín Aruga Torales,shooting,35.559093,,
Jose María Pérez García,shooting,32.509045,,
Josef John Bursik,shooting,47.656433,,
Joseff John Morrell,shooting,52.48928,,
Josep Gayà Martínez,shooting,32.270145,,
Joseph Adams,shooting,51.216682,,
Joseph Alejandro Espinoza Montenegro,shooting,43.80648,,
Joseph Amoako,shooting,50.675064,,
Joseph Charles Wildsmith,shooting,47.5798,,
Joseph Fabrice Ondoa Ebogo,shooting,47.5897,,
Joseph Gubbins,shooting,25.65234,,
Joseph Minala,shooting,61.613083,,
Joseph Olugbenga Olowu,shooting,32.6277,,
Joseph Redmond,shooting,32.81579,,
Joseph Shaun Hodge,shooting,45.17636,,
Joseph Tetteh Anang,shooting,47.54351,,
Josh Barlow,shooting,43.323322,,
Josh Blunkell,shooting,47.543533,,
Josh Brooking,shooting,32.691414,,
Josh Edwards,shooting,44.38202,,
Josh Giurgi,shooting,42.749924,,
Josh O'Brien,shooting,22.89015,,
Josh Thomas Doig,shooting,52.710575,,
Joshua Akinola Ogunfaolu-Kayode,shooting,60.00893,,
Joshua Atencio,shooting,37.61649,,
Joshua Eijgenraam,shooting,47.518646,,
Joshua Emmanuel,shooting,36.475002,,
Joshua Eze,shooting,40.63386,,
Joshua Felix Okpoda Eppiah,shooting,59.913605,,
Joshua Gaston Kitolano,shooting,51.506344,,
Joshua James Griffiths,shooting,47.544693,,
Joshua Michael Blainey Davison,shooting,62.087425,,
Joshua Myles Abraham Key,shooting,49.675156,,
Joshua Nisbet,shooting,45.566284,,
Joshua Oluwayemi,shooting,47.54269,,
Joshua Saul Martin,shooting,56.7858,,
Joshua Sims,shooting,60.167053,,
Joshua Tapia,shooting,47.543587,,
Joshua Thomas Sargent,shooting,67.23124,,
Joshua William Grant,shooting,47.624012,,
Joshué Jampier Quiñónez Rodriguez,shooting,31.586557,,
José Aguilar Martinez,shooting,39.5138,,
José Alberto Barreto,shooting,62.06947,,
José Alonso Lara,shooting,62.413364,,
José Antonio Devecchi,shooting,47.550793,,
José Antonio Paradela,shooting,63.99296,,
José Antonio Ángel García,shooting,34.385414,,
José Ardila,shooting,44.542645,,
José Ataupillco,shooting,43.39181,,
José Caldera,shooting,26.30871,,
José Carlos Martínez Garzón,shooting,49.127438,,
José Carlos Natário Ferreira,shooting,43.975647,,
José Daniel Lasso,shooting,47.545147,,
José David Menargues,shooting,46.718143,,
José David Álvarez Adsuar,shooting,32.23189,,
José Francisco dos Santos Júnior,shooting,64.330086,,
José Gragera Amado,shooting,48.39272,,
José Hernando Estupiñan Riascos,shooting,62.23947,,
José Manuel Arias Copete,shooting,33.187004,,
José Manuel Fontán Mondragón,shooting,43.97792,,
José Marcos Costa Martins,shooting,65.54219,,
José Martín Ballesteros Vera,shooting,47.54563,,
José Martínez Marsà,shooting,30.898293,,
José Mijares,shooting,53.22212,,
José Ndong Machín Dicombo,shooting,54.47365,,
José Pedro Ferreira Oliveira,shooting,47.56066,,
José Racchumick,shooting,36.85172,,
José Ricardo Avelar,shooting,35.212517,,
José Salinas Morán,shooting,35.209618,,
José Sánchez Martínez,shooting,47.098984,,
José Ángel Carmona Navarro,shooting,38.2147,,
Jovan Manev,shooting,47.405067,,
Jovanny David Bolívar Alvarado,shooting,68.95322,,
Jozef Pukaj,shooting,47.544186,,
João Diogo Fonseca Ferreira,shooting,41.976738,,
João Henrique Oliveira Veras,shooting,62.581764,,
João Manuel Neves Virgínia,shooting,47.544304,,
João Marcelo Messias Ferreira,shooting,41.729435,,
João Marcos Lima Cândido,shooting,60.027,,
João Miguel Teixeira Mendes,shooting,39.789875,,
João Nuno Figueiredo Valido,shooting,47.54353,,
João Paulo dos Santos Pereira,shooting,54.96932,,
João Pedro E. Santo Oliveira,shooting,47.548115,,
João Pedro Eira Antunes Silva,shooting,24.686497,,
João Pedro Ferreira Silva,shooting,64.06375,,
João Pedro Loureiro da Costa,shooting,49.979557,,
João Pedro Oliveira Gonçalves,shooting,47.544773,,
João Pedro Teixeira Silva,shooting,47.543953,,
João Rodolfo Botelho Maia,shooting,51.102814,,
Joël Latibeaudiere,shooting,37.436897,,
Joël Monteiro Almada,shooting,55.143875,,
Joël Pascal Schmied,shooting,33.449654,,
Joël van Kaam,shooting,54.78653,,
Ju Yeop Kim,shooting,35.829094,,
Juan Alberto Mosquera Álvarez,shooting,37.147408,,
Juan Andrés Meli,shooting,44.439568,,
Juan Artola Canales,shooting,56.602886,,
Juan Berrocal González,shooting,38.422264,,
Juan Brandáriz Movilla,shooting,36.21242,,
Juan Camilo Portilla Orozco,shooting,61.98229,,
Juan Carlos Arana Gómez,shooting,64.8219,,
Juan Castilla,shooting,47.077774,,
Juan Cruz Díaz Espósito,shooting,62.678238,,
Juan David Cabal Murillo,shooting,37.67604,,
Juan David Mosquera López,shooting,48.69242,,
Juan Durán Dueñas,shooting,38.780033,,
Juan Familia-Castillo,shooting,52.2572,,
Juan Felipe Moreno,shooting,53.211266,,
Juan Franco,shooting,53.523453,,
Juan Gilbert Sánchez,shooting,46.532562,,
Juan Guasone,shooting,25.855913,,
Juan Ignacio Martín Nardoni,shooting,56.012928,,
Juan Ignacio Miramon,shooting,53.48652,,
Juan José Echave Turri,shooting,47.54537,,
Juan José Mina,shooting,35.695248,,
Juan José Perea Mendoza,shooting,66.48915,,
Juan José Uribe Colorado,shooting,47.54383,,
Juan Larios López,shooting,36.295677,,
Juan Luis Sánchez Velasco,shooting,58.262215,,
Juan Macías,shooting,56.65704,,
Juan Manuel Cruz,shooting,66.15363,,
Juan Manuel Cuesta Baena,shooting,61.00207,,
Juan Manuel Gutiérrez Freire,shooting,59.711678,,
Juan María Alcedo Serrano,shooting,34.81595,,
Juan Miguel Latasa Fernández,shooting,67.161476,,
Juan Nazareno,shooting,55.619843,,
Juan Nicolás Carrera Zarzar,shooting,27.042793,,
Juan Pablo Barinaga,shooting,54.169884,,
Juan Pablo Cisternas,shooting,47.54328,,
Juan Pedro Navarro Valverde,shooting,47.54437,,
Juan Ramón Cáceres,shooting,54.1576,,
Juan Sebastian González Arza,shooting,43.31485,,
Juan Sebastián Sforza,shooting,56.73539,,
Juan Sebastián Vargas Melgarejo,shooting,39.396572,,
Juan Soriano Oropesa,shooting,47.595596,,
Juan de Dios Rivas Margalef,shooting,34.90843,,
Juergen Farid Elitim Sepúlveda,shooting,56.37512,,
Julen Agirrezabala,shooting,47.54519,,
Julen Fernández Díaz,shooting,47.544052,,
Julen Jon Guerrero Landabaso,shooting,52.185486,,
Julen Lobete Cienfuegos,shooting,63.344273,,
Jules Christ Eboue Kouassi,shooting,45.818203,,
Julian Bauer,shooting,47.54402,,
Julian Dunn-Johnson,shooting,26.579721,,
Julian Huertas,shooting,47.54392,,
Julian Rekdahl Faye Lund,shooting,47.550945,,
Julian Tobias Emilio von Moos,shooting,58.0198,,
Julian Turi,shooting,33.068398,,
Julian Vincente Araujo,shooting,33.084774,,
Julien Vetro,shooting,56.10476,,
Julio Alonso Sosa,shooting,36.25569,,
Julio Augusto Dabo,shooting,32.552544,,
Julio César Enciso Espínola,shooting,64.25009,,
Julio Esteban Fierro Díaz,shooting,47.5443,,
Julio Martínez Cortés,shooting,63.948154,,
Julius Dirksen,shooting,30.951166,,
Julius Hoffmann,shooting,54.144527,,
Julián Alejo López,shooting,48.009033,,
Julián Brea,shooting,58.182377,,
Julián Eduardo Palacios,shooting,58.317616,,
Julián Eseiza,shooting,33.123524,,
Julián Ezequiel Aude Bernardi,shooting,45.587337,,
Julián Romero,shooting,59.70666,,
Julián Simón Carranza,shooting,66.56909,,
Junior Chukwubuike Adamu,shooting,67.28747,,
Junior Diaz,shooting,27.873222,,
Junior Morau Kadile,shooting,63.308853,,
Junior Olaitan Ishola,shooting,57.3563,,
Jurich Christopher Alexander Carolina,shooting,39.172638,,
Justin Antonius Lonwijk,shooting,60.79469,,
Justin Cameron McMaster,shooting,58.529865,,
Justin Che,shooting,26.321003,,
Justin Gerard Rennicks,shooting,57.185352,,
Justin Plautz,shooting,47.471775,,
Justin Smith,shooting,39.280148,,
Justin Steinkötter,shooting,61.08544,,
Justo D'Angelo,shooting,41.284748,,
Ján Bernát,shooting,59.310524,,
Jérôme Déom,shooting,50.15649,,
Jóhannes K. Bjarnason,shooting,42.841106,,
Józef Burta,shooting,47.54382,,
Jørgen Sveinhaug,shooting,47.54406,,
Kacper Kostorz,shooting,52.68031,,
Kacper Lepczyński,shooting,28.705925,,
Kacper Sezonienko,shooting,57.825176,,
Kacper Skibicki,shooting,50.245167,,
Kacper Tabiś,shooting,27.138634,,
Kade Craig,shooting,26.445965,,
Kadin Chung,shooting,40.643486,,
Kadir Seven,shooting,30.484125,,
Kai Clifton Trewin,shooting,26.344086,,
Kai Evans,shooting,40.21327,,
Kai Fotheringham,shooting,44.762096,,
Kaiky Fernandes Melo,shooting,30.973206,,
Kaine Kessler Hayden,shooting,47.42645,,
Kaj van der Veldt,shooting,35.386375,,
Kalifa Manneh,shooting,55.169777,,
Kalil ElMedkhar,shooting,54.540623,,
Kameron Malcolm Ledwidge,shooting,30.867023,,
Kamil Ogorzały,shooting,49.596603,,
Kamohelo Mahlatsi,shooting,57.095173,,
Kane Leo Wilson,shooting,51.380146,,
Kang Han Lee,shooting,46.212574,,
Kang Hyeon Lee,shooting,38.749058,,
Kangni Frederic Ananou,shooting,38.50559,,
Karamoko Kader Dembélé,shooting,57.84678,,
Karl Jakob Hein,shooting,47.543972,,
Karl O’Sullivan,shooting,50.28058,,
Karlo Sentić,shooting,47.547737,,
Karol Stanisław Niemczycki,shooting,47.543926,,
Kartal Kayra Yılmaz,shooting,48.415615,,
Kasper Kaan Özden Kairinen,shooting,55.76295,,
Kasper Lunding Jakobsen,shooting,54.26333,,
Kasper Poul Mølgaard Jørgensen,shooting,43.775043,,
Kasper Waarst Høgh,shooting,60.401215,,
Kaveh Rad,shooting,31.620077,,
Kayky da Silva Chagas,shooting,57.03404,,
Kays Ruiz-Atil,shooting,53.1138,,
Keanin Ayer Boya,shooting,45.305824,,
Kebba Badjie,shooting,59.989952,,
Keesean Ferdinand,shooting,24.284687,,
Keiber Lamadrid,shooting,54.498455,,
Kelechi John,shooting,32.98233,,
Kelvin John,shooting,59.14281,,
Kelvin Kwarteng Yeboah,shooting,65.24475,,
Kelvin Ofori,shooting,59.346878,,
Kelyan Guessoum,shooting,36.34157,,
Ken Nkuba Tshiend,shooting,57.0378,,
Kenny Nagera,shooting,61.11866,,
Kenny Rocha Santos,shooting,57.631977,,
Kerem Atakan Kesgin,shooting,63.56905,,
Kerem Şen,shooting,48.99457,,
Kerr McInroy,shooting,58.675,,
Kerrin Stokes,shooting,24.828337,,
Kervin Andrade,shooting,58.107697,,
Kerwin Vargas,shooting,53.750134,,
Kevin Amir Isa Luna,shooting,58.891228,,
Kevin Andres Minda Ruales,shooting,49.663944,,
Kevin Andrés Zenón,shooting,65.043816,,
Kevin Carlos Omoruyi Benjamin,shooting,62.086895,,
Kevin Costinha,shooting,47.219437,,
Kevin Egell-Johnsen,shooting,39.560303,,
Kevin Fernández,shooting,61.964413,,
Kevin Goden,shooting,37.039093,,
Kevin Halabaku,shooting,53.79357,,
Kevin Holmén,shooting,44.899055,,
Kevin Joacid Moreno Sinisterra,shooting,32.616608,,
Kevin Lankford,shooting,53.542156,,
Kevin Mouanga,shooting,31.661139,,
Kevin Nana Yaw Berkoe,shooting,26.842226,,
Kevin O'Toole,shooting,50.9962,,
Kevin Parra,shooting,52.129078,,
Kevin Raphael Diaz,shooting,55.9558,,
Kevin Rivera,shooting,59.980026,,
Kevin Rolón,shooting,45.089397,,
Kevin Simone Sessa,shooting,57.421825,,
Kevin Villodres Medina,shooting,55.112778,,
Keyendrah Simmonds,shooting,57.755825,,
Khaleel Rafiq Salah-Edine,shooting,42.998867,,
Khalid Essa Al Ghannam,shooting,52.992474,,
Khalid Mohammed Husain Mousa Al-Blooshi,shooting,46.241554,,
Khalifah Adel Al-Dawsari,shooting,33.45968,,
Ki-Jana Delano Hoever,shooting,37.785835,,
Kian Slor,shooting,53.53435,,
Kieran Ewan Freeman,shooting,36.602287,,
Kieran James Phillips,shooting,60.272057,,
Kieran Lloyd,shooting,28.28613,,
Kilian Bauernfeind,shooting,47.9181,,
Killian Corenthin,shooting,36.00354,,
Kingsley Dogo Michael,shooting,62.934277,,
Kion Reece Etete,shooting,60.33593,,
Kjell Dennis Collander,shooting,48.60716,,
Kleber David Pinargote Lara,shooting,47.54411,,
Koa Santos,shooting,24.023558,,
Koca Manu Agro,shooting,47.544342,,
Konan Ignace Jocelyn N’Dri,shooting,62.11775,,
Koray Dag,shooting,54.900185,,
Korede Yemi Adedoyin,shooting,57.343758,,
Kosta Petratos,shooting,46.84255,,
Kouya Mabea,shooting,33.400284,,
Kristall Máni Ingason,shooting,51.545887,,
Kristian Fredrik Malt Arnstad,shooting,51.18956,,
Kristian Šekularac,shooting,51.62624,,
Kristoffer Paulsen,shooting,25.925816,,
Kristoffer-August Sundquist Klaesson,shooting,47.5477,,
Krystian Kardyś,shooting,49.935364,,
Kryštof Daněk,shooting,57.316463,,
Krzysztof Kubica,shooting,56.912373,,
Kwadwo Kyeremeh Baah,shooting,54.832302,,
Kwaku Bonsu Osei,shooting,57.20486,,
Kwaku Oduroh,shooting,30.778732,,
Kwame Afriyie Adubofour Poku,shooting,56.999107,,
Kwame Peprah,shooting,69.04766,,
Kyan van Dorp,shooting,47.544754,,
Kye Francis Rowles,shooting,25.29562,,
Kyle Alex John,shooting,42.239475,,
Kyle Alexander Jameson,shooting,30.550901,,
Kyle Ferguson,shooting,29.255491,,
Kyle Leon Wootton,shooting,56.402634,,
Kyle Michael Dempsey,shooting,56.983322,,
Kyle O'Connor,shooting,42.628574,,
Kyoung-Bae Park,shooting,53.134335,,
Kyron Gordon,shooting,30.120495,,
Kyu Min Park,shooting,50.23383,,
Kélian Nsona Wa Saka,shooting,55.901093,,
L. Henrique Rosa da Silva,shooting,64.46181,,
Lachlan Ricky Brook,shooting,47.587933,,
Lalbiakhlua Jongte,shooting,47.543762,,
Lalchungnunga Lalchungnunga,shooting,28.011982,,
Lalengmawia Ralte,shooting,45.825813,,
Lalhrezuala Sailung,shooting,33.742493,,
Lamin Jawara,shooting,32.765224,,
Lamine Diack,shooting,57.86401,,
Lamine Sy,shooting,29.308886,,
Lars Erik Oskar Fallenius,shooting,54.641,,
Lars Kramer,shooting,34.06983,,
Lars Markmanrud,shooting,36.08781,,
Lassana Sy,shooting,47.544117,,
Lasse Selvåg Nordås,shooting,56.762165,,
Laurenz Beckemeyer,shooting,47.544052,,
Laurit Krasniqi,shooting,26.164225,,
Lautaro Amadé,shooting,47.547825,,
Lautaro Emanuel Blanco,shooting,40.13202,,
Lautaro Marco Spatz,shooting,41.55117,,
Lautaro Nicolás Ríos,shooting,50.358658,,
Lautaro Pastrán,shooting,57.499943,,
Lautaro Rodrigo Valenti,shooting,50.71867,,
Lautaro Tomás Escalante,shooting,57.43539,,
Lautaro de León Billar,shooting,65.656235,,
Lawrence Nicholas,shooting,48.85885,,
Layan Loor,shooting,55.82419,,
Layonel Figueroa,shooting,59.152836,,
Leandro Antonetti,shooting,62.04469,,
Leandro Fernandes da Cunha,shooting,51.326424,,
Leandro Frroku,shooting,46.51558,,
Leandro Ojeda,shooting,31.172918,,
Leandro Sanca,shooting,57.71364,,
Leandro Zbinden,shooting,47.54412,,
Lee Patrick O'Connor,shooting,52.772507,,
Lehlogonolo Matlou,shooting,56.637486,,
Lennart Franklin Moser,shooting,47.54406,,
Lennart Schulze-Kökelsum,shooting,47.544235,,
Lennert Hallaert,shooting,61.774612,,
Lenny Jean-Pierre Pintor,shooting,63.995033,,
Lenín Checco,shooting,54.042137,,
Lenín Usca,shooting,47.544907,,
Leo Erik Jean Cornic,shooting,35.15881,,
Leo Friedrich Oppermann,shooting,47.544186,,
Leo Fuhr Hjelde,shooting,31.995436,,
Leon Bürger,shooting,53.476852,,
Leon Damer,shooting,56.619877,,
Leon Kugland,shooting,29.16067,,
Leon Maximilian Flach,shooting,51.98986,,
Leon Thomson King,shooting,27.110037,,
Leon Valentin Schaffran,shooting,47.544273,,
Leonardo Adelino da Silva Lopes,shooting,59.34375,,
Leonardo Alves Chú,shooting,64.05527,,
Leonardo Borges da Silva,shooting,44.335644,,
Leonardo Campana Romero,shooting,67.32647,,
Leonardo Daniel Rivas Conge,shooting,24.035654,,
Leonardo Daniel Ulineia Buta,shooting,44.61092,,
Leonardo Filipe Cruz Lelo,shooting,51.979767,,
Leonardo Loria,shooting,47.54618,,
Leonardo Morosini,shooting,56.855873,,
Leonardo Mosquera,shooting,49.06105,,
Leonardo Román Riquelme,shooting,47.544834,,
Leonardo Scienza,shooting,60.91461,,
Leonardo Yánez,shooting,57.048344,,
Leonardo da Costa Bolgado,shooting,37.71403,,
Leonel Bucca,shooting,51.882465,,
Leonel Marcelo Picco,shooting,56.87907,,
Leonhard von Schroetter,shooting,35.698616,,
Leonid Srdic,shooting,26.021027,,
Leroy Abanda Mfomo,shooting,27.14652,,
Lesley Chimuanya Ugochukwu,shooting,54.304073,,
Lesly Rebello,shooting,24.917782,,
Levi Jeremiah Lumeka,shooting,59.438118,,
Lewis Graham Cass,shooting,32.99256,,
Lewis Jack Gibson,shooting,32.98553,,
Lewis Jay Freestone,shooting,32.691196,,
Lewis Leigh,shooting,39.27338,,
Lewis Neilson,shooting,26.476074,,
Lewis Paul Jimmy Richards,shooting,40.45781,,
Lewis Payne,shooting,32.038597,,
Lewis Rhys Collins,shooting,55.93131,,
Lewis Robert Page,shooting,37.061306,,
Lewis Temple,shooting,26.053703,,
Leôncio Roger Lobeiro Cunha,shooting,62.911667,,
Liam Alan Millar,shooting,61.51492,,
Liam Cross,shooting,46.344242,,
Liam Darren Shaw,shooting,56.40357,,
Liam Harvey,shooting,54.699306,,
Liam Mark Kinsella,shooting,51.72233,,
Liam McCarron,shooting,52.51466,,
Liam McGing,shooting,26.517324,,
Liam Mullan,shooting,40.30703,,
Liam Spencer Gordon,shooting,37.98248,,
Liam Vincent,shooting,30.931465,,
Liam van Gelderen,shooting,45.261402,,
Liberman Bryan Torres Nazareno,shooting,46.86235,,
Lilian Niclas Egloff,shooting,51.06023,,
Lino Sousa,shooting,35.770115,,
Linus Carlstrand,shooting,52.990482,,
Linus Schäfer,shooting,43.44352,,
Linus Tagesson,shooting,25.910868,,
Lleyton Brooks,shooting,46.094948,,
Lluc Matas García,shooting,47.544834,,
Lluís Recasens Vives,shooting,30.847036,,
Logan Chalmers,shooting,54.565464,,
Lorent Tolaj,shooting,56.67544,,
Lorenz Knöferl,shooting,45.334892,,
Lorenzo Maria Dickmann,shooting,43.466568,,
Lorenzo Zúñiga Owono,shooting,59.68633,,
Lorik Emini,shooting,45.8178,,
Louie Mark Barry,shooting,61.222485,,
Louis Chadwick,shooting,47.543873,,
Louis D'Arrigo,shooting,44.851265,,
Louis George Appéré,shooting,59.373257,,
Louis Samuel Reed,shooting,55.409386,,
Lourival Adnan Diniz Prazeres,shooting,51.81232,,
Loué Bayéré Junior,shooting,52.72831,,
Loïc Anthony Bessile,shooting,36.461365,,
Luan Vágner Simões Eustáquio,shooting,67.36175,,
Luca Bastian Plogmann,shooting,47.54872,,
Luca Crecco,shooting,53.726536,,
Luca Cristian Andronache,shooting,55.322865,,
Luca Daniel de la Torre,shooting,52.782635,,
Luca John Connell,shooting,52.16337,,
Luca Leovino Martínez Dupuy,shooting,64.01315,,
Luca Menke,shooting,33.54095,,
Luca Petzold,shooting,47.545753,,
Luca Sonzogni,shooting,47.543976,,
Luca Stellwagen,shooting,39.178238,,
Luca Wollschläger,shooting,62.52111,,
Luca-Milan Zander,shooting,37.432552,,
Lucas Agustín Besozzi,shooting,58.16013,,
Lucas Barros da Cunha,shooting,57.451805,,
Lucas Becker,shooting,47.543686,,
Lucas Bergström,shooting,47.5443,,
Lucas Bernadou,shooting,50.23457,,
Lucas Calodat,shooting,52.705696,,
Lucas Cañizares Conchello,shooting,47.548172,,
Lucas Chrubasik,shooting,57.935238,,
Lucas Emanuel Brochero,shooting,62.932396,,
Lucas Esteves Souza,shooting,41.39777,,
Lucas Felix Krüger,shooting,55.99557,,
Lucas Flores de Oliveira,shooting,47.54387,,
Lucas Galarza,shooting,47.544327,,
Lucas Hiemann,shooting,47.543163,,
Lucas Jozef Lissens,shooting,27.02713,,
Lucas Larade,shooting,25.22316,,
Lucas Laso Gutiérrez,shooting,32.24268,,
Lucas Lionel Dias,shooting,47.54362,,
Lucas Maciel Felix,shooting,34.61277,,
Lucas Margueron,shooting,47.545013,,
Lucas Maximiliano Lemos Mayuncaldi,shooting,47.128605,,
Lucas Mika Wolf,shooting,44.481567,,
Lucas Nahuel González Martínez,shooting,55.963444,,
Lucas Nahuel Morales,shooting,52.368404,,
Lucas Queiroz Canteiro,shooting,57.576378,,
Lucas Varaldo,shooting,64.96158,,
Lucas Zahaczewski,shooting,47.543434,,
Lucas Ángel Esquivel,shooting,41.261368,,
Luciano Daniel Arriagada Garcia,shooting,60.583447,,
Luciano Fernández,shooting,30.113194,,
Luciano Ismael Ferreyra,shooting,59.208,,
Luciano Valente,shooting,44.30922,,
Luciano Vega,shooting,50.24678,,
Ludvig Nåvik,shooting,47.044277,,
Ludwig Francillette,shooting,37.688675,,
Luis Abelardo Vargas,shooting,29.214523,,
Luis Alfredo Montero Ruíz,shooting,56.024162,,
Luis Barco,shooting,53.913048,,
Luis Bilbao Arechaga,shooting,58.31946,,
Luis David González Torres,shooting,58.88054,,
Luis Eduardo Demiquel Banegas,shooting,37.505543,,
Luis Federico López Andúgar,shooting,47.54392,,
Luis Fernando Casiani Zúñiga,shooting,28.455904,,
Luis Francisco Sánchez Mosquera,shooting,59.61413,,
Luis Gerardo Chávez Magallón,shooting,58.635876,,
Luis Hernán Franco Fariña,shooting,47.543667,,
Luis Ignacio Ingolotti,shooting,47.54369,,
Luis Lopes,shooting,61.33712,,
Luis Mario Díaz Espinoza,shooting,58.591377,,
Luis Mateo Ortíz Lara,shooting,32.965275,,
Luis Miguel Barrios,shooting,54.72531,,
Luis Thomas Binks,shooting,29.27727,,
Luiz Skraback,shooting,54.882824,,
Luka Pršo,shooting,47.437458,,
Luka Stankovski,shooting,52.101288,,
Lukas Ahlefeld Engel,shooting,54.681183,,
Lukas Bornhøft Jensen,shooting,47.5436,,
Lukas Emanuel Petkov,shooting,62.500687,,
Lukas Mazagg,shooting,22.437181,,
Lukas Prokop,shooting,38.36087,,
Lukas Rhöse,shooting,36.51914,,
Lukas Sedlak,shooting,47.54484,,
Lukas Sparre Klitten,shooting,34.84166,,
Lukas Stephan Horst Daschner,shooting,59.958633,,
Lukas Willen,shooting,24.77073,,
Luke Alexander Matheson,shooting,36.942535,,
Luke Badley-Morgan,shooting,29.452929,,
Luke Boore,shooting,35.870968,,
Luke Gerald Michael Thomas,shooting,51.781048,,
Luke James Cundle,shooting,55.51493,,
Luke Jenkins,shooting,27.091885,,
Luke Joshua Bodnar,shooting,35.969013,,
Luke Mariette,shooting,44.57139,,
Luke Matthew Woolfenden,shooting,34.253082,,
Luke Oresti,shooting,44.533413,,
Luke Owen Jephcott,shooting,63.97648,,
Luke Philip McCormick,shooting,57.34195,,
Luke Rudden,shooting,49.195442,,
Luke William Offord,shooting,28.755136,,
Luke Đuzel,shooting,39.67083,,
Lukáš Horníček,shooting,47.54437,,
Luuk Wouters,shooting,36.712673,,
Luís Miguel Castelo Santos,shooting,58.319675,,
Luís Pedro Alves Bastos,shooting,32.964523,,
Lyle Brent Foster,shooting,64.604065,,
Lynden Jack Gooch,shooting,57.809944,,
Léider Andrés Riascos Suárez,shooting,31.504723,,
Léon Delpech,shooting,50.94804,,
Lévi Ntumba,shooting,47.54377,,
Maciej Bortniczuk,shooting,53.00776,,
Mads Hedenstad Christiansen,shooting,47.571983,,
Mads Juhl Kikkenborg,shooting,47.543907,,
Mads Roerslev Rasmussen,shooting,44.044243,,
Madyen El Jaouhari,shooting,54.71157,,
Magnus Elkjær Mattsson,shooting,61.81228,,
Magnus Isager,shooting,33.67093,,
Magnus Kaastrup Refstrup Lauritsen,shooting,53.78513,,
Magnus Nordengen Knudsen,shooting,51.129665,,
Mahamadou Dembélé,shooting,33.37694,,
Mahamadou Doucouré,shooting,59.352386,,
Mahamadou Doumbia,shooting,43.648533,,
Mahlon Beresford Baker Romeo,shooting,46.62592,,
Maico Alejandro Quiroz,shooting,51.845802,,
Maicol Gil,shooting,48.085094,,
Maicol Ruiz,shooting,58.87834,,
Maiker Alfonzo Rivas González,shooting,26.544252,,
Maissa Ndiaye,shooting,34.076645,,
Malcolm Viltard,shooting,37.9007,,
Malcom Adu Ares Djaló,shooting,62.749557,,
Malik Sawadogo,shooting,29.672386,,
Malthe Højholt,shooting,43.559357,,
Mamadi Caba Camará,shooting,49.878494,,
Mamadou Ibra Mbacke Fall,shooting,33.810814,,
Mamadou Kaly Sène,shooting,63.050903,,
Mamady Alex Bangré,shooting,46.641563,,
Mamady Diarra,shooting,52.492123,,
Mamoudou Karamoko,shooting,63.07249,,
Mansor Faiez Al-Beshe,shooting,40.877396,,
Manuel Duarte,shooting,59.39256,,
Manuel Garrido Álvarez,shooting,61.47617,,
Manuel Lama Maroto,shooting,40.640472,,
Manuel Mama Samba Baldé,shooting,47.543533,,
Manuel Monzeglio Velázquez,shooting,58.61604,,
Manuel Morillo León,shooting,60.124775,,
Manuel Osifo,shooting,25.61444,,
Manuel Paul Wintzheimer,shooting,65.96647,,
Manuel Rico Del Valle,shooting,57.785954,,
Manuel Sulbarán,shooting,45.736523,,
Manuel Tadeo Llano Massa,shooting,41.662865,,
Manuel Thurnwald,shooting,50.489433,,
Maodo Malick M'Baye,shooting,47.04753,,
Marc Aguado Pallarés,shooting,50.428055,,
Marc Llinares Barragán,shooting,27.26041,,
Marc Lutz,shooting,25.041164,,
Marc Pubill Pagès,shooting,52.745846,,
Marc Tenas Ureña,shooting,65.76031,,
Marc Vidal Girona,shooting,47.544094,,
Marcel Edwin Rodrigues Lavinier,shooting,38.789845,,
Marcel Mansfeld,shooting,55.545204,,
Marcel Zapytowski,shooting,47.544598,,
Marcelo Flores,shooting,55.844044,,
Marcelo Iván Allende Bravo,shooting,61.20003,,
Marcelo Palomino,shooting,51.380238,,
Marcelo Rubén Acosta Ríos,shooting,54.029285,,
Marcelo Suárez,shooting,35.748264,,
Marcin Szpakowski,shooting,49.91768,,
Marco Alexandru Dulca,shooting,57.546906,,
Marco Bosisio,shooting,30.484291,,
Marco Campagnaro,shooting,31.321102,,
Marco Camus Muñoz,shooting,53.237072,,
Marco Genare Di Cesare,shooting,32.183098,,
Marco Moreno Ojeda,shooting,32.815487,,
Marco Olivieri,shooting,60.952976,,
Marco Pašalić,shooting,58.52864,,
Marcos Ezequiel Gómez Paredes,shooting,47.83203,,
Marcos García Trabanco,shooting,54.293762,,
Marcos Gonzalo Goñi,shooting,28.399548,,
Marcos Hernán Peano,shooting,47.54644,,
Marcos Johan López Lanfranco,shooting,53.084316,,
Marcos Luna Luna Ruiz,shooting,35.229168,,
Marcos Nahuel Enrique,shooting,53.229095,,
Marcos Paulo Costa do Nascimento,shooting,64.55217,,
Marcus Ellingsen Andersen,shooting,47.543957,,
Marcus Maier,shooting,45.57857,,
Marcus Samuel Michael McGuane,shooting,45.975388,,
Marcus Serup Hannesbo,shooting,51.151157,,
Marian Fernando Huja,shooting,35.801083,,
Marian Obedeanu,shooting,45.44413,,
Marinus Larsen,shooting,45.58755,,
Mario Gila Fuentes,shooting,38.15228,,
Mario Hernández Fernández,shooting,31.62293,,
Mario Jorrín González,shooting,33.435688,,
Marios Tsaousis,shooting,57.51202,,
Marius Broholm,shooting,46.531086,,
Marius Mihai Marin,shooting,56.232456,,
Marius Tollefsen,shooting,47.545246,,
Mark James McGuinness,shooting,34.66159,,
Mark Nnamdi Ugboh,shooting,47.543743,,
Mark Thomas Harris,shooting,61.811306,,
Marko Brkljača,shooting,47.104973,,
Marko Dijakovic,shooting,29.589958,,
Marko Marić,shooting,47.54445,,
Marko Seufatu Nikola Stamenic,shooting,52.609344,,
Markus André Kaasa,shooting,54.265766,,
Marlon Perea,shooting,60.596115,,
Marokhy Ndione,shooting,62.288754,,
Martial Godo,shooting,55.698566,,
Martijn Beernaert,shooting,47.543556,,
Martim Miguel Carneiro Tavares,shooting,65.68814,,
Martin Adeline,shooting,55.593338,,
Martin Yankov Minchev,shooting,65.63854,,
Martí Vilà García,shooting,41.595036,,
Martín Ezequiel Cañete,shooting,66.45641,,
Martín Garay,shooting,41.590126,,
Martín Gianoli,shooting,33.033165,,
Martín Manuel Calderón Gómez,shooting,60.328217,,
Martín Ortega,shooting,33.148296,,
Martín Pascual Castillo,shooting,25.211933,,
Martín Suárez,shooting,48.54562,,
Marvin Ayhan Obuz,shooting,49.9428,,
Marvin Lee Rittmüller,shooting,42.701435,,
Marvin Olawale Akinlabi Park,shooting,59.579113,,
Marvin Tshibuabua,shooting,34.339787,,
Maryan Faryna,shooting,34.579853,,
Masimiliano Doda,shooting,28.605911,,
Massimo Bertagnoli,shooting,56.354813,,
Matchoi Bobó Djaló,shooting,54.52906,,
Matei Moraru,shooting,40.674347,,
Mateo Agustín Coronel,shooting,63.232277,,
Mateo Klimowicz,shooting,56.451878,,
Mateus Gonçalo Espanha Fernandes,shooting,55.36581,,
Mateus Santos Barbosa,shooting,57.525295,,
Mateusz Kowalski,shooting,53.592365,,
Mateusz Letkiewicz,shooting,28.68113,,
Mateusz Piotr Bogusz,shooting,63.052383,,
Mateusz Stefan Lewandowski,shooting,54.50197,,
Matheus Bueno Batista,shooting,57.090523,,
Matheus Nunes Fagundes de Araújo,shooting,61.316605,,
Matheus Pereira de Souza,shooting,36.697933,,
Matheus Salgueiro Pains,shooting,40.27044,,
Mathew Antony Stevens,shooting,59.375946,,
Mathias Damm Kvistgaarden,shooting,61.134,,
Mathias Daniel Pinto Mell,shooting,59.49519,,
Mathias De Wolf,shooting,51.366802,,
Mathias Johnsrud Emilsen,shooting,35.349716,,
Mathias Knutsen Rasmussen,shooting,56.85666,,
Mathias Ross Jensen,shooting,32.303528,,
Mathias Ullereng Kjølø,shooting,57.588913,,
Mathieu Cachbach,shooting,52.351673,,
Mathis Bruns,shooting,26.587553,,
Mathis Christophe Picouleau,shooting,49.92907,,
Mathys Saban,shooting,56.91401,,
Mathías Bernatene,shooting,47.545235,,
Mathías Carpio,shooting,58.798004,,
Mathías Nicolás Laborda Malseñido,shooting,40.494396,,
Matias Flores,shooting,43.77802,,
Matija Horvat,shooting,41.066784,,
Matis Carvalho,shooting,47.544468,,
Matisse Didden,shooting,35.791786,,
Matko Babić,shooting,56.0716,,
Matko Mijael Miljevic,shooting,60.95288,,
Matondo-Merveille Papela,shooting,52.773197,,
Mats Lemmens,shooting,34.933834,,
Matteo Anzolin,shooting,35.760582,,
Matteo Arena,shooting,27.121555,,
Matteo Chiacig,shooting,47.544647,,
Matteo Emilio Di Giusto,shooting,61.33653,,
Matteo Piacentini,shooting,31.42476,,
Matthew Alexander Sorinola,shooting,45.622665,,
Matthew Anim Cudjoe,shooting,48.19252,,
Matthew Ben Longstaff,shooting,64.54995,,
Matthew David Butcher,shooting,48.79197,,
Matthew David Hundley,shooting,50.431206,,
Matthew Freese,shooting,47.54416,,
Matthew Gerrard Smith,shooting,53.71476,,
Matthew Hatch,shooting,43.064476,,
Matthew Hudson,shooting,47.55478,,
Matthew Jimmy David Garbett,shooting,56.999477,,
Matthew Pollock,shooting,24.014511,,
Matthew Real,shooting,35.637993,,
Matthew Ridenton,shooting,54.583458,,
Matthew Robert Smith,shooting,54.676228,,
Matthew Ryan Wolfe,shooting,44.45295,,
Matthew Scott,shooting,42.988144,,
Matthias Gragger,shooting,38.710644,,
Matthias Jean Phaeton,shooting,61.43964,,
Matthis Harsman,shooting,47.543953,,
Matthäus Taferner,shooting,59.01073,,
Mattia Ciucci,shooting,32.79009,,
Mattia Motolese,shooting,31.536894,,
Mattia Pagliuca,shooting,58.10444,,
Mattia Viviani,shooting,54.524498,,
Mattéo Ahlinvi,shooting,53.790115,,
Mattéo Rabuel,shooting,26.729956,,
Matías Cedrés Batista,shooting,46.940086,,
Matías Damián Palacios,shooting,58.72723,,
Matías Damián Pérez,shooting,36.112026,,
Matías Eduardo Esquivel,shooting,64.78003,,
Matías Fernando Lazo Zapata,shooting,28.369423,,
Matías Fredes,shooting,49.522423,,
Matías Morello,shooting,50.156723,,
Matías Nahuel Borgogno,shooting,47.550846,,
Matías Nahuel González,shooting,47.38453,,
Matías Nicolás Miranda,shooting,58.02097,,
Matías Ocampo,shooting,63.254852,,
Matías Romero Andrade,shooting,54.98506,,
Matías Vesprini,shooting,34.843475,,
Maurice Maximilian Malone,shooting,64.50476,,
Maurice Michael Multhaup,shooting,54.47976,,
Maurilio de Lannoy,shooting,55.499237,,
Mauro Silveira,shooting,47.545113,,
Max Alves da Silva,shooting,51.910507,,
Max Anchor,shooting,47.543255,,
Max Delyfer,shooting,35.18037,,
Max Dyche,shooting,32.83325,,
Max Harrison Sanders,shooting,50.384396,,
Max James Watters,shooting,62.22508,,
Max Johannes Whitta Fenger,shooting,56.26189,,
Max Kulke,shooting,52.029606,,
Max McMillan,shooting,54.642002,,
Max Murphy,shooting,37.199978,,
Max Normann Williamsen,shooting,35.152737,,
Max Taylor,shooting,34.07093,,
Max Wolfs,shooting,47.54327,,
Maxim Deman,shooting,47.543667,,
Maxim Gullit,shooting,33.551884,,
Maximilian Franzke,shooting,50.275784,,
Maximilian Neuberger,shooting,31.18452,,
Maximilian Neutgens,shooting,47.54421,,
Maximilian Sprang,shooting,47.54402,,
Maximiliano David Ayala,shooting,44.922703,,
Maximiliano Samuel Romero,shooting,69.16887,,
Maximiliano Torrealba,shooting,55.236465,,
Maykol Antonio Sánchez Arancibia,shooting,59.00078,,
Maïdine Douane,shooting,46.61046,,
Mduduzi Shabalala,shooting,57.10321,,
Mehdi Baaloudj,shooting,57.69697,,
Mehdi Bariki,shooting,54.63403,,
Mehdi Lehaire,shooting,46.708984,,
Mehmet Albayrak,shooting,34.069847,,
Mehmet Ataberk Dadakdeniz,shooting,47.543793,,
Mehmet Can Aydin,shooting,56.649414,,
Melker Ellborg,shooting,47.54285,,
Melvin Aladin Ramusović,shooting,47.311703,,
Melvin Sitti,shooting,46.442146,,
Mender García Torres,shooting,66.03479,,
Mert Arslan,shooting,54.585392,,
Mert Kurt,shooting,58.064774,,
Metehan Baltacı,shooting,30.041521,,
Metehan Güçlü,shooting,61.107143,,
Michael Andrew Johnston,shooting,62.816223,,
Michael John Cooper,shooting,47.54366,,
Michael Joseph Edwards,shooting,26.903126,,
Michael Kostka,shooting,39.10587,,
Michael Martin,shooting,49.953625,,
Michael Ndiweni,shooting,57.69275,,
Michael Ologo Inainfe,shooting,30.432299,,
Michael Thomas Tallaksen Crowe,shooting,47.543377,,
Michael Wyparło,shooting,34.781265,,
Michalis Kosidis,shooting,61.350502,,
Michał Rostkowski,shooting,43.18837,,
Michel De Jesus Sousa,shooting,45.74855,,
Miguel Angel Cornejo Loli,shooting,63.14762,,
Miguel Angel Martínez Irala,shooting,47.544495,,
Miguel Azeez,shooting,54.052555,,
Miguel Baeza Pérez,shooting,61.106518,,
Miguel Colque,shooting,43.46553,,
Miguel Ferreira de Sousa,shooting,55.466026,,
Miguel Gutiérrez Ortega,shooting,45.773308,,
Miguel Maria Mariano Falé,shooting,56.747013,,
Miguel Mariz Luís,shooting,62.752228,,
Miguel Puche García,shooting,62.921097,,
Miguel Raimundo Nóbrega,shooting,30.643864,,
Miguel Rodríguez Vidal,shooting,51.203667,,
Miguel Silva Reisinho,shooting,51.041218,,
Miguel Sánchez Tabares,shooting,47.54414,,
Miguel de la Fuente Escudero,shooting,66.368256,,
Miguel Ángel Atienza Villa,shooting,59.90477,,
Miguel Ángel Morro Muñoz,shooting,47.54432,,
Miguel Ángel Navarro Zárate,shooting,31.519352,,
Miguel Ángel Ruiz Herráiz,shooting,47.434925,,
Miguel Ângelo Ferreira Magalhães,shooting,51.68669,,
Mihai Alexandru Dobre,shooting,66.90365,,
Mihai Alexandru Eşanu,shooting,47.54364,,
Mihai Daniel Lixandru,shooting,43.30779,,
Mihai Marian Aioani,shooting,47.54385,,
Mihai Maximilian Popa,shooting,47.548702,,
Mihai Velisar,shooting,50.0815,,
Mika Godts,shooting,49.23314,,
Mika Mármol Medina,shooting,37.325718,,
Mika Schröers,shooting,64.037346,,
Mikael Ugland,shooting,48.831833,,
Mike Johannes Hendrikus Josephus van Beijnen,shooting,46.359722,,
Mikel Carro Fandiño,shooting,50.85588,,
Mikey O'Neill,shooting,56.949875,,
Mikkel Duelund Poulsen,shooting,64.56826,,
Mikkel Juhl Andersen,shooting,53.288074,,
Mikkel Kallesøe Andreasen,shooting,60.796494,,
Mikkel Kaufmann Sørensen,shooting,63.61375,,
Mikkel Konradsen Ceide,shooting,24.4962,,
Mikkel Møller Lassen,shooting,25.73263,,
Mikkel Rakneberg,shooting,55.28747,,
Mikołaj Rakowski,shooting,35.016243,,
Milan Smit,shooting,57.90236,,
Miliano Jonathans,shooting,55.233902,,
Miloš Bočić,shooting,57.11808,,
Milton Marcelo Maciel Brítez,shooting,56.43528,,
Milton Nahuel Valenzuela,shooting,42.88021,,
Min Geol Woo,shooting,25.894966,,
Min Gyu Kim,shooting,23.362345,,
Min Jun Kim,shooting,53.74939,,
Min Woo Jung,shooting,47.77975,,
Mirko Tomianovic,shooting,63.53494,,
Miroslav Gono,shooting,45.874046,,
Mitchell Reece Clark,shooting,43.67623,,
Mitchell Roberts,shooting,26.125484,,
Moataz Zemzemi,shooting,64.264366,,
Modou Tambedou,shooting,33.006214,,
Mohamad Al-Taay,shooting,38.699623,,
Mohamed Airam Ramos Wade,shooting,47.544926,,
Mohamed Ben Fredj,shooting,61.13832,,
Mohamed Berte,shooting,56.552494,,
Mohamed Bouchouari,shooting,43.055504,,
Mohamed Kefing Kanté,shooting,54.61364,,
Mohamed Salah El Boukammiri,shooting,49.92491,,
Mohamed Taabouni,shooting,54.8245,,
Mohamed Toure,shooting,55.245815,,
Mohamed Traore,shooting,28.075388,,
Mohamed Youla,shooting,38.53837,,
Mohammed Abo Abd,shooting,47.337437,,
Mohammed Al Biladi,shooting,47.544228,,
Mohammed Al Khaibari,shooting,23.634521,,
Mohammed Al Kunaydiri,shooting,27.655384,,
Mohammed Al Mosabbah,shooting,40.444088,,
Mohammed Al Qahtani,shooting,40.968994,,
Mohammed Bassam Alhurayji,shooting,34.863068,,
Mohammed Boudiaf,shooting,26.967037,,
Mohammed Furaih,shooting,39.147774,,
Mohammed Khalil Maran,shooting,53.40502,,
Mohammed Tahiri,shooting,58.7267,,
Mohammed Waad,shooting,55.142662,,
Moises Castillo Mosquera,shooting,31.510809,,
Moisés Isaac Caicedo Corozo,shooting,60.421104,,
Momodou Bojang,shooting,57.545177,,
Monsuru Opeyemi,shooting,54.572433,,
Montasser Lahtimi,shooting,61.39118,,
Moonga Simba,shooting,53.627476,,
Morgan Boyes,shooting,36.539066,,
Morgan Elliot Roberts,shooting,44.501534,,
Morgan Elliot Rogers,shooting,63.881714,,
Morgan Faßbender,shooting,53.82024,,
Morgan Paul Poaty,shooting,49.077675,,
Moritz Berg,shooting,45.919395,,
Moritz Heinrich,shooting,53.21544,,
Moteb Saad Al-Harbi,shooting,49.018044,,
Moubarack Compaoré,shooting,46.61983,,
Moudi Najjar,shooting,54.34006,,
Mouhamed Niang,shooting,42.48073,,
Mounir Chouiar,shooting,64.0057,,
Moussa Kalilou Djitté,shooting,65.69094,,
Moustapha Cissé,shooting,63.191612,,
Moïse Sahi Dion,shooting,68.15296,,
Muhammed Enes Kiprit,shooting,63.2965,,
Muhammed-Cham Saračević,shooting,55.892498,,
Muhammet Arslantaş,shooting,60.796326,,
Muhammet Taha Tepe,shooting,47.65298,,
Muhannad Mustafa Al-Shanqeeti,shooting,36.33281,,
Muheet Shabir Khan,shooting,47.543427,,
Murat Cem Akpınar,shooting,56.41905,,
Musab Habkoor,shooting,41.593853,,
Mustafa Eser,shooting,32.6474,,
Mustafa Kapı,shooting,54.61857,,
Mustafa Kizza,shooting,42.47641,,
Muzaffer Cem Kablan,shooting,47.544376,,
Mykola Kukharevych,shooting,62.43583,,
Myung Sun Kim,shooting,40.181038,,
Máximo David Alonso Fontes,shooting,56.709465,,
Mücahit Serbest,shooting,47.543674,,
Münir Levent Mercan,shooting,61.062702,,
N'Dri Philippe Koffi,shooting,64.07533,,
Nabili Zoubdi Touaizi,shooting,58.873993,,
Nacim El Hassani,shooting,43.284435,,
Nadhir Benbouali,shooting,65.58299,,
Nahuel Casasola,shooting,41.322815,,
Nahuel Manganelli,shooting,47.54484,,
Nahuel Soria,shooting,63.808235,,
Naif Saeed Almas,shooting,26.43885,,
Naim García García,shooting,61.040646,,
Nana Boateng,shooting,42.376053,,
Nando Toggenburger,shooting,54.36621,,
Nando Zen Pijnaker,shooting,40.57948,,
Nasser Al Shikaili,shooting,43.01296,,
Nasser Djiga,shooting,26.470072,,
Nasser Eissa Shafi Al-Dawsari,shooting,57.431187,,
Natanas Žebrauskas,shooting,29.625345,,
Nathan Broome,shooting,47.542995,,
Nathan Fogaça,shooting,62.045513,,
Nathan Kenneth Patterson,shooting,42.708256,,
Nathan Logue Cunningham,shooting,36.86023,,
Nathan Monzango,shooting,28.453785,,
Nathan N'Goumou Minpole,shooting,64.14298,,
Nathan Sheppard,shooting,47.543232,,
Nathan Wicht,shooting,50.130028,,
Nathan Wood-Gordon,shooting,24.966328,,
Nathanael Kukanda,shooting,46.97158,,
Nathanaël Saintini,shooting,27.114359,,
Nathaneal Blair,shooting,46.605793,,
Nathangelo Alexandro Markelo,shooting,42.565018,,
Nathaniel Caleb Atkinson,shooting,52.849113,,
Nawaf Al Saadi,shooting,41.981846,,
Nawaf Dhahi Faisal Al Suweiti Al-Aqidi,shooting,47.543804,,
Nawaf Hazazi,shooting,43.858673,,
Nazareno Funez,shooting,58.046486,,
Nazareno Romero,shooting,33.05979,,
Naël Jaby,shooting,45.79371,,
Nelson Quiñónes,shooting,49.52761,,
Nemanja Celic,shooting,45.89782,,
Neraysho Meritchio Kasanwirjo,shooting,40.98155,,
Nermin Karić,shooting,49.31266,,
Nestor Jiménez,shooting,56.129593,,
Neven Djurasek,shooting,49.64964,,
Niall Nathan Michael Ennis,shooting,60.665314,,
Nic Bollado,shooting,49.59799,,
Niccolò Pierozzi,shooting,50.193615,,
Nicholas D'Agostino,shooting,56.811226,,
Nicholas Markanich,shooting,55.290367,,
Nicholas Michael Hayes,shooting,47.543377,,
Nicholas Suman,shooting,47.54401,,
Nicholas Tsaroulla,shooting,43.431293,,
Nicky Clescenco,shooting,54.82809,,
Nicky Hernandez,shooting,52.702686,,
Nicky Medja Beloko,shooting,46.494423,,
Niclas Eliasson Santana,shooting,53.45705,,
Nico Gordon,shooting,27.736883,,
Nico Gorzel,shooting,45.728935,,
Nico Moos,shooting,25.29858,,
Nicolas Galazzi,shooting,64.10025,,
Nicolas Martin Hautorp Madsen,shooting,47.64209,,
Nicolas Thierry Raskin,shooting,61.021164,,
Nicolo Tresoldi,shooting,53.956944,,
Nicolás Agustín Demartini,shooting,30.47023,,
Nicolás Alejandro Thaller,shooting,32.073643,,
Nicolás Bastián Guerra Ruz,shooting,65.13258,,
Nicolás Brian Acevedo Tabárez,shooting,54.364147,,
Nicolás Delgadillo Godoy,shooting,56.443783,,
Nicolás Ezequiel Fernández Mercau,shooting,62.596424,,
Nicolás Federico Castro,shooting,65.92951,,
Nicolás Fernando Cordero,shooting,67.42793,,
Nicolás Ferreira,shooting,62.02709,,
Nicolás Figueroa,shooting,64.11942,,
Nicolás Gudiño Castilla,shooting,31.623348,,
Nicolás Quagliata,shooting,58.251625,,
Nicolás Serrano Galdeano,shooting,64.07605,,
Niels Patrick Nkounkou,shooting,40.295986,,
Nigel van Haveren,shooting,47.54421,,
Nika Gagnidze,shooting,56.980366,,
Nikita Fedotov,shooting,47.54493,,
Niklas Jahn,shooting,42.48552,,
Niklas Jeck,shooting,25.163795,,
Niklas Lübcke,shooting,47.54405,,
Nikodem Niski,shooting,29.4086,,
Nikola Stevanović,shooting,24.730673,,
Nikola Stosic,shooting,53.900036,,
Nikolai Baden Frederiksen,shooting,68.09015,,
Nikolai Rohde Laursen,shooting,63.362617,,
Nikolas Korzeniecki,shooting,50.158493,,
Nikolas Langberg Dyhr,shooting,54.39652,,
Nikolas Polster,shooting,47.54354,,
Nikolas Terkelsen Nartey,shooting,48.274197,,
Nikoloz Kutateladze,shooting,60.06732,,
Nikos Zografakis,shooting,55.87746,,
Nils Arvidsson,shooting,47.543953,,
Nils Gustav Georg Fröling,shooting,67.34171,,
Nils Hahne,shooting,47.543957,,
Nils Mortimer Moreno,shooting,58.0962,,
Nils Wallenberg,shooting,36.21398,,
Nils-Jonathan Körber,shooting,47.55236,,
Nino Žugelj,shooting,53.016846,,
Nishan Connell Burkart,shooting,60.042973,,
Nkosingiphile Ngcobo,shooting,49.540257,,
Noah Awuku,shooting,54.461357,,
Noah Christopher Chilvers,shooting,62.47099,,
Noah De Queiroz Pacheco,shooting,25.019852,,
Noah Diliberto,shooting,46.238132,,
Noah Emmanuel Jean Holm,shooting,65.36493,,
Noah James,shooting,47.543667,,
Noah Kemeseng Sonko-Sundberg,shooting,43.71013,,
Noah König,shooting,30.67679,,
Noah Raveyre,shooting,47.544178,,
Noah Sadiki,shooting,35.76613,,
Noah Shawn Agbaje,shooting,48.5504,,
Noah Wagner,shooting,24.124928,,
Noble Okello,shooting,43.19251,,
Noel Hansson,shooting,26.2058,,
Noel López de la Fuente,shooting,62.75456,,
Nongdamba Naorem,shooting,46.090523,,
Norbert Pacławski,shooting,53.14216,,
Norbert Wojtuszek,shooting,46.653606,,
Nordin Musampa,shooting,27.864405,,
Novatus Miroshi Dismas,shooting,38.098434,,
Nuno Gonçalo Rocha Moreira,shooting,63.920177,,
Nuno Miguel Reis Lima,shooting,31.496435,,
Nurettin Korkmaz,shooting,55.233883,,
Odin Ohray Bailey,shooting,61.160877,,
Olaf Kobacki,shooting,52.144527,,
Olamide Shodipo,shooting,54.95843,,
Ole Martin Lekven Kolskogen,shooting,37.409073,,
Ole ter Haar Romeny,shooting,63.78068,,
Oleksandr Drambaev,shooting,34.36375,,
Oleksandr Yatsyk,shooting,57.79114,,
Oleksiy Sych,shooting,29.585516,,
Oliver Bjerrum Jensen,shooting,51.136642,,
Oliver Bundgaard Kristensen,shooting,48.021145,,
Oliver Casey,shooting,26.561443,,
Oliver Denham,shooting,26.37278,,
Oliver Kamdem,shooting,33.858875,,
Oliver Lukas Dozae Nnonyelu Dovin,shooting,47.544247,,
Oliver Marc Rose-Villadsen,shooting,46.35525,,
Oliver Olsson,shooting,23.689178,,
Oliver Ross,shooting,59.275578,,
Oliver Samuel Crankshaw,shooting,55.88415,,
Oliver Younger,shooting,34.301506,,
Olivier Boissy,shooting,58.606796,,
Olivier Wypart,shooting,34.500744,,
Oliwier Sławiński,shooting,54.05187,,
Oliwier Wojciechowski,shooting,40.388798,,
Oliwier Zych,shooting,47.544487,,
Oluwarotimi Mark Odusina,shooting,30.074482,,
Oluwaseyi Babajide Ojo,shooting,59.44092,,
Omar Damen Al Ruwaili,shooting,56.465626,,
Omar Hamad Al-Owdah,shooting,26.384653,,
Omar Jebali,shooting,24.79273,,
Omar Khalid Dakhel Al-Jadani,shooting,52.097996,,
Omar Kolawole Olufemi Sowunmi,shooting,35.683987,,
Omar Rekik,shooting,36.195206,,
Omar Saeed,shooting,34.154404,,
Omar-Šarif Sijarić,shooting,53.604206,,
Omir Guadalupe Fernandez Mosso,shooting,52.014267,,
Onel Acosta,shooting,42.420433,,
Onurhan Babuscu,shooting,60.926174,,
Orges Bunjaku,shooting,47.155968,,
Oriol Busquets Mas,shooting,42.34314,,
Orlando David Colmán,shooting,46.928104,,
Orrin McLaughlin,shooting,45.078224,,
Osazee Aghatise,shooting,46.74097,,
Oscar Aga,shooting,58.03797,,
Oscar Camilo Salomón,shooting,33.469116,,
Oscar Carl Linnér,shooting,47.55104,,
Oscar Halls,shooting,23.212988,,
Oscar Massey,shooting,52.097427,,
Oscar Ramón Toledo Acosta,shooting,47.5436,,
Oscar Thore Hedvall,shooting,47.562294,,
Osher Davida,shooting,64.95659,,
Oskar Aron Opsahl,shooting,38.54211,,
Oskar Lodziński,shooting,47.542927,,
Oskar Mielcarz,shooting,47.544342,,
Oskar Sewerzyński,shooting,39.09783,,
Oskar Siira Sivertsen,shooting,52.171486,,
Oslimg Roberto Mora Pasache,shooting,56.965115,,
Osman Bukari,shooting,61.9668,,
Osvaldo Rodríguez del Portal,shooting,46.727577,,
Oswaldo Josué Valenzuela Dileo,shooting,57.58692,,
Othman Awadh,shooting,32.4153,,
Otis Jan Mohammed Khan,shooting,58.18426,,
Otto Lindell,shooting,47.663662,,
Ousmane Ba,shooting,47.547855,,
Ovidiu Horșia,shooting,60.196587,,
Ovidiu Ioan Perianu,shooting,51.86696,,
Owen Bevan,shooting,32.962894,,
Owura Edwards,shooting,52.348785,,
Oğuzhan Akgün,shooting,64.65837,,
P. Justiniano Almeida Gomes,shooting,30.836569,,
Pablo Agustín Minissale,shooting,31.24669,,
Pablo Alejandro Bonilla Serrada,shooting,46.486286,,
Pablo Antonio Ortiz Cabezas,shooting,24.8119,,
Pablo Cuñat Campos,shooting,47.543217,,
Pablo Enrique Ruíz,shooting,56.92526,,
Pablo Felipe Pereira de Jesus,shooting,63.768677,,
Pablo Gozálbez Gilabert,shooting,64.41046,,
Pablo Gálvez Miranda,shooting,63.29296,,
Pablo Ibáñez Lumbreras,shooting,49.074764,,
Pablo López Gallo,shooting,30.01556,,
Pablo Moreno Taboada,shooting,65.812706,,
Pablo Pérez Rico,shooting,35.118458,,
Pablo Rodríguez Delgado,shooting,65.20667,,
Pablo Tomeo Félez,shooting,42.378338,,
Pablo Torre Carral,shooting,56.91096,,
Pablo Vaca,shooting,55.515137,,
Pablo Valencia García,shooting,47.544582,,
Pacifique Niyongabire,shooting,45.183426,,
Panagiotis Panagiotou,shooting,31.277176,,
Pantelis Chatzidiakos,shooting,47.392742,,
Paolo Alessandro Reyna Lea,shooting,38.571842,,
Paolo Gozzi,shooting,27.955328,,
Paolo Marco Leima Donatelo,shooting,49.049965,,
Paolo Medina Etienne,shooting,36.852142,,
Paolo Sciortino,shooting,41.798008,,
Pape Habib Guèye,shooting,64.89991,,
Pape Samba Thiam,shooting,58.16967,,
Pascal Hammer,shooting,27.403383,,
Patricio Alessandro Flores Bascur,shooting,24.015402,,
Patrick Brouwer,shooting,59.142754,,
Patrick Gilmar Sequeira,shooting,47.543518,,
Patrick Kpozo,shooting,34.060364,,
Patrick Moser,shooting,47.543907,,
Patrick Scheder,shooting,50.824154,,
Patrick Weah,shooting,46.68943,,
Patrik Sigurður Gunnarsson,shooting,47.54928,,
Patriot Sejdiu,shooting,57.851322,,
Patryk Klimala,shooting,63.711372,,
Patryk Peda,shooting,31.35927,,
Pau Casadesús Castro,shooting,32.813023,,
Paul Asiedu Osew,shooting,44.54096,,
Paul Bourdelle,shooting,47.543304,,
Paul Grave,shooting,47.544025,,
Paul Manske,shooting,50.0548,,
Paul Milton Glatzel,shooting,59.02552,,
Paul Méliande,shooting,50.01954,,
Paulo Eduardo Ferreira Godinho,shooting,34.954304,,
Paulo Estrela Moreira Alves,shooting,61.996716,,
Paulo Guilherme Gonçalves Bernardo,shooting,62.3518,,
Paulo Vitor Fernandes Pereira,shooting,59.637123,,
Paulos Abraham,shooting,62.855637,,
Pavle Vagić,shooting,52.264786,,
Pawel Chrupalla,shooting,50.016808,,
Paweł Sokół,shooting,47.543877,,
Paweł Żuk,shooting,29.787977,,
Paya Pichkah,shooting,38.61545,,
Peder Klausen,shooting,47.54413,,
Pedro Bernardo González Ojeda,shooting,47.544155,,
Pedro David Brazão Teixeira,shooting,54.115837,,
Pedro Emmanuel Ojeda,shooting,51.36478,,
Pedro Guillermo Ibáñez Gálvez,shooting,34.210743,,
Pedro Henrique Rodrigues Bicalho,shooting,59.702637,,
Pedro Injai Gomes,shooting,26.883871,,
Pedro Jeampierre Vite Uca,shooting,55.280704,,
Pedro Jorge Gonçalves Malheiro,shooting,54.648907,,
Pedro Luís Machado Ganchas,shooting,32.221947,,
Pedro Miguel Almeida Lopes Pereira,shooting,39.48419,,
Pedro Miguel Costa Álvaro,shooting,31.124315,,
Pedro Navarro,shooting,26.472866,,
Pedro Ortiz Bernat,shooting,54.647366,,
Pedro Pablo Campos Olavarría,shooting,55.765144,,
Pedro Ruiz Delgado,shooting,65.49137,,
Pedro Trujillo,shooting,47.544395,,
Pelayo González Rey,shooting,55.228,,
Pelayo Morilla Cabal,shooting,58.045166,,
Pelle Elkjær Mattsson,shooting,45.922153,,
Per Kristian Worre Bråtveit,shooting,47.546158,,
Pere Joan García Bauzà,shooting,47.543053,,
Perry Ng Tian-Hee,shooting,39.20521,,
Peru Nolaskoain Esnal,shooting,58.013615,,
Petar Pušić,shooting,55.78357,,
Peter González Carmona,shooting,57.415897,,
Peter Maguire,shooting,25.328943,,
Peter Urminský,shooting,47.543743,,
Philipp Birglehner,shooting,36.202587,,
Philipp Ochs,shooting,61.473072,,
Philipp Sonn,shooting,39.667778,,
Philipp Sturm,shooting,49.774662,,
Phrangki Buam,shooting,50.102493,,
Pierluigi Cappelluzzo,shooting,60.353558,,
Piero Antonio Vivanco Ayala,shooting,62.937027,,
Pierre-Emmanuel Ekwah Elimby,shooting,41.948574,,
Pietro Rovaglia,shooting,57.36932,,
Pim Saathof,shooting,47.368427,,
Plamedi Buni Jorge,shooting,45.389423,,
Pol Bassa Mora,shooting,41.389877,,
Pontus Jacob Ragne Dahlberg,shooting,47.545208,,
Pontus Texel,shooting,25.588089,,
Presley Pululu,shooting,51.44665,,
Prince Isaac Kouame,shooting,46.799393,,
Przemysław Kapek,shooting,57.848713,,
Przemysław Maj,shooting,51.22004,,
Quaine Bartley,shooting,49.313972,,
Quinn McNeill,shooting,42.475674,,
Radinio Balker,shooting,30.41418,,
Radosław Cielemęcki,shooting,46.10869,,
Radosław Seweryś,shooting,26.698544,,
Radu Matei Drăgușin,shooting,33.825035,,
Radu Ștefăniță Boboc,shooting,50.347637,,
Rafael António Pereira,shooting,32.872467,,
Rafael Castrillo,shooting,58.910202,,
Rafael Ferrario,shooting,47.544548,,
Rafael Julián Lutiger Vidalón,shooting,39.546074,,
Rafael Mascarenhas Moreira,shooting,48.532898,,
Rafael Obrador Burguera,shooting,31.035158,,
Rafael Sebastián Mújica García,shooting,64.75942,,
Rafael Sousa Gancho Brito,shooting,56.585808,,
Rafael Tavares Gomes Fernandes,shooting,36.72542,,
Rafael Tresaco Blasco,shooting,61.44563,,
Raffaele Celia,shooting,36.607773,,
Rafiki Said Ahamada,shooting,58.722935,,
Rahmat Akbari,shooting,49.66159,,
Rahmetullah Berişbek,shooting,51.738026,,
Rahul Kannoly Praveen,shooting,51.460102,,
Rakan Shamlan Al-Enezi,shooting,53.964306,,
Ralph Priso-Mbongue,shooting,38.912994,,
Ramón Enríquez Rodríguez,shooting,61.59815,,
Ramón Juan Ramírez,shooting,47.54461,,
Ramón Sosa Acosta,shooting,61.9394,,
Ramón Terrats Espacio,shooting,43.191322,,
Raphael Assibey-Mensah,shooting,57.827484,,
Raphael Radtke,shooting,47.544098,,
Rareș Bălan,shooting,26.715683,,
Rashawn Scott,shooting,50.02283,,
Rashed Al Muwainea,shooting,47.54389,,
Rasmus Winther Højlund,shooting,65.627525,,
Raul Șteau,shooting,39.363335,,
Rayan Al Qahtani,shooting,48.980465,,
Rayan Darwish Albloushi,shooting,51.702076,,
Rayan Ny Aina Arnaldo Raveloson,shooting,58.2453,,
Rayane El Khamali,shooting,44.378304,,
Rayane Falchou,shooting,47.54358,,
Rayhaan Rahim Amari Tulloch,shooting,58.420166,,
Raymond Owusu,shooting,58.390003,,
Raúl Arias Arias,shooting,64.28528,,
Raúl Blanco Juncal,shooting,49.01951,,
Raúl García de Haro,shooting,67.31651,,
Raúl Moro Prescoli,shooting,52.939034,,
Raúl Parra Artal,shooting,42.359257,,
Raúl Rubio Romero,shooting,61.7591,,
Raúl Torrente Navarro,shooting,32.18317,,
Reda Benchaa,shooting,30.18925,,
Redwan Bourlès,shooting,49.34577,,
Reece Byrne,shooting,47.54277,,
Regan Donelon,shooting,29.959526,,
Regan Jon Griffiths,shooting,45.963833,,
Reinier Jesus Carvalho,shooting,65.142296,,
Rekeem Jordan Harper,shooting,54.807625,,
Remco Balk,shooting,59.202938,,
Remeao Andrew Hutton,shooting,42.597298,,
Remi van Ekeris,shooting,52.51884,,
Renat Oleq Oğlu Dadaşov,shooting,63.581963,,
Rene Kriwak,shooting,59.49843,,
Renné Alejandro Rivas Alezones,shooting,42.5528,,
Renzo Damián Bacchia Rodríguez,shooting,47.544117,,
Renzo Giampaoli,shooting,33.116352,,
Rey Manaj,shooting,65.89909,,
Rhian Joel Brewster,shooting,68.18226,,
Rhys Llewelyn Norrington-Davies,shooting,42.64162,,
Ricard Artero Ruiz,shooting,58.027374,,
Ricard Sánchez Sendra,shooting,56.359512,,
Ricardo Azevedo Alves,shooting,43.12955,,
Ricardo Bettocchi Matallana,shooting,47.54363,,
Ricardo Daniel Pepi,shooting,65.82934,,
Ricardo Florin Grigore,shooting,30.30016,,
Ricardo Hernández,shooting,54.442078,,
Ricardo Jorge Oliveira António,shooting,63.589207,,
Ricardo Manuel Pinho Matos,shooting,64.11558,,
Ricardo Manuel Vieira da Silva,shooting,47.54619,,
Ricardo Phillips,shooting,58.07916,,
Riccardo Capellini,shooting,37.05029,,
Richard Fernández,shooting,55.139633,,
Richard Nartey,shooting,27.753162,,
Richard Odada,shooting,32.794006,,
Richet Gómez Miranda,shooting,50.779972,,
Ricky Aguiar,shooting,53.363575,,
Rida Zouhir,shooting,45.768135,,
Rigoberto Manuel Rivas Vindel,shooting,59.036186,,
Rildo G. de Amorim Filho,shooting,64.214714,,
Riley-Jay Harbottle,shooting,26.972414,,
Rio Adesola Frederick Adebisi,shooting,36.49943,,
Rishabh Dobriyal,shooting,44.241524,,
Rob Nizet,shooting,47.086964,,
Robbie D'Haese,shooting,56.017128,,
Robbie Mahon,shooting,48.69391,,
Robbie Robinson Belmar,shooting,60.304146,,
Robbie Van Hauter,shooting,37.613327,,
Robert Andrei Ion,shooting,60.690327,,
Robert Atkinson,shooting,25.442087,,
Robert Lee Burton,shooting,45.880028,,
Robert Ljubičić,shooting,56.32551,,
Robert Marian Moldoveanu,shooting,57.76481,,
Robert Mejía,shooting,46.576004,,
Robert Navarro Muñoz,shooting,63.67009,,
Robert Slevin,shooting,28.02143,,
Roberto Arroyo Gregorio,shooting,62.583347,,
Roberto Bardales,shooting,55.192585,,
Roberto Carlos Ramírez,shooting,50.124393,,
Roberto Fabián Ramírez,shooting,47.56213,,
Roberto Fernández Jaén,shooting,65.4267,,
Roberto González Bayón,shooting,62.990692,,
Roberto Joaquín García,shooting,38.74991,,
Roberto López Alcaide,shooting,66.669304,,
Robin Amin Tihi,shooting,32.248505,,
Robin Dahl Østrøm,shooting,35.99544,,
Robin Luca Kehr,shooting,56.494385,,
Robin Maximilian Meißner,shooting,64.00168,,
Robin Risser,shooting,47.544117,,
Robin Tim Becker,shooting,42.130177,,
Robin Ungerath,shooting,61.378334,,
Robson Alves Reis,shooting,32.509846,,
Rocco Robert Shein,shooting,50.63131,,
Rocco Ríos Novo,shooting,47.544273,,
Rockson Alexander Renteria Ovando,shooting,49.742836,,
Rocky Bushiri Kisonga,shooting,26.70789,,
Rodney Iván Redes Cáceres,shooting,60.16428,,
Rodrigo Alonso Martín,shooting,51.278473,,
Rodrigo Andrés Piñeiro Silva,shooting,59.248074,,
Rodrigo Cisterna,shooting,55.37971,,
Rodrigo Duarte Ribeiro,shooting,64.29822,,
Rodrigo Díaz Desidel,shooting,41.085175,,
Rodrigo Elías Delvalle Noguera,shooting,24.855629,,
Rodrigo Esteban Cancino Herrera,shooting,47.5444,,
Rodrigo Ezequiel Cabral,shooting,56.880142,,
Rodrigo F. Conceição,shooting,42.24224,,
Rodrigo Gareca,shooting,53.241432,,
Rodrigo Marcos Rodrigues Andrade,shooting,46.4973,,
Rodrigo Mario Morínigo Acosta,shooting,47.544285,,
Rodrigo Martins Gomes,shooting,60.247643,,
Rodrigo Miguel Forte Paes Martins,shooting,50.03094,,
Rodrigo Montes,shooting,55.963425,,
Rodrigo Muniz Carvalho,shooting,67.95931,,
Rodrigo Ribeiro Valente,shooting,59.01207,,
Rodrigo Riquelme Reche,shooting,63.800797,,
Rodrigo Román Villagra,shooting,47.49839,,
Rodrigo Saucedo,shooting,45.950912,,
Roger Martínez Santamaría,shooting,56.185432,,
Rohan Luthra,shooting,47.543583,,
Rok Vodišek,shooting,47.54366,,
Roko Jureskin,shooting,50.343716,,
Rolando Lautaro Chávez,shooting,61.74912,,
Roman Fernández,shooting,52.99293,,
Rommell Ibarra,shooting,54.110687,,
Romário Manuel Silva Baró,shooting,64.72208,,
Ronaldo Damus,shooting,56.143055,,
Ronan Maher,shooting,49.75816,,
Ronan Thomas Darcy,shooting,50.798786,,
Ronny Rikal,shooting,50.031467,,
Roque Ramírez,shooting,29.503345,,
Rory Holden,shooting,54.7806,,
Rosaire Longelo-Mbule,shooting,50.662804,,
Roshaun Omar Stuart Williams,shooting,33.99886,,
Ross Fay,shooting,48.701553,,
Ross Graham,shooting,31.03525,,
Ross James Sykes,shooting,43.637875,,
Roy Kuijpers,shooting,61.6752,,
Ruan Tressoldi Netto,shooting,29.176208,,
Ruben Kluivert,shooting,31.541346,,
Rubin James Colwill,shooting,63.765636,,
Rubén Gómez Peris,shooting,47.54293,,
Rubén Iranzo Lendínez,shooting,39.36883,,
Rubén Pulido Peñas,shooting,36.4686,,
Rubén Sánchez Sáez,shooting,55.460567,,
Rubén de Tomás Gómez,shooting,62.82972,,
Ruel Dimitrios Sotiriou,shooting,58.20173,,
Rufino Lucero,shooting,31.746254,,
Rui Jorge Monteiro Mendes,shooting,65.01795,,
Runar Hauge,shooting,49.699787,,
Rushian Marcus Amari Hepburn-Murphy,shooting,60.35318,,
Ruwen Werthmüller,shooting,58.28538,,
Ruyery Alfonso Blanco Yus,shooting,64.222755,,
Ryan Alebiosu,shooting,40.345882,,
Ryan Astley,shooting,35.01825,,
Ryan Austin,shooting,26.05824,,
Ryan Bakayoko,shooting,57.286,,
Ryan Burke,shooting,41.74538,,
Ryan Carr,shooting,43.54981,,
Ryan Clampin,shooting,46.933018,,
Ryan David Edmondson,shooting,58.320457,,
Ryan Finnigan,shooting,47.75582,,
Ryan Henry East,shooting,46.727192,,
Ryan James Broom,shooting,55.50791,,
Ryan James Law,shooting,36.244064,,
Ryan Johansson,shooting,41.778233,,
Ryan Matthew Haynes,shooting,50.06426,,
Ryan Sandford,shooting,47.552742,,
Ryan Spaulding,shooting,34.374054,,
Ryan Steven Rydel,shooting,52.367134,,
Ryan Thomas Cooney,shooting,48.8504,,
Ryley Ben Towler,shooting,35.988346,,
Ryun Seong Kim,shooting,35.544674,,
Róbert Orri Thorkelsson,shooting,24.726597,,
Răzvan Covaci,shooting,39.424335,,
Saad Al Muwallad,shooting,48.396976,,
Saad Fahad Al Nasser,shooting,51.5267,,
Saad Yaslam Balobaid,shooting,28.18585,,
Sabelo Radebe,shooting,54.008335,,
Saberto Josué Botelho Rios,shooting,50.30247,,
Sabit Abdulai,shooting,41.194363,,
Sadat Anaku,shooting,57.470795,,
Saeed Juma Hasan Juma Alsaadi,shooting,39.746838,,
Saidu Salisu,shooting,55.634365,,
Saku Tuomas Severi Ylätupa,shooting,52.53839,,
Salah-Eddine Oulad M'Hand,shooting,56.475544,,
Salem Abdullah Salmeen Mubarak Al-Jaberi,shooting,29.90513,,
Salifo Caropitche Mendes,shooting,57.291267,,
Salifou Soumah,shooting,54.07433,,
Salih Kavrazlı,shooting,62.56549,,
Salim Ben Seghir,shooting,65.98641,,
Salomon Junior Sambia,shooting,65.13325,,
Salvatore Elia,shooting,65.0905,,
Salvatore Marrone,shooting,39.01276,,
Sam Alan Stubbs,shooting,29.745161,,
Sam Bowen,shooting,50.39394,,
Sam Francis Schreck,shooting,46.56946,,
Sam Harrry Sutton,shooting,54.91451,,
Sam O'Brien,shooting,22.89256,,
Sam Tinubu,shooting,42.461853,,
Sambou Sissoko,shooting,46.012875,,
Samir Sophian Chergui,shooting,42.46897,,
Samir Valverde,shooting,41.233086,,
Sammy Braybrooke,shooting,50.14568,,
Sammy Robinson,shooting,32.249752,,
Samuel Bone,shooting,45.444984,,
Samuel Careaga,shooting,59.620716,,
Samuel George Alan Edmundson,shooting,29.83694,,
Samuel George Dalby,shooting,55.543777,,
Samuel Graham,shooting,27.55449,,
Samuel John Bell,shooting,55.557373,,
Samuel Jumpe Soares,shooting,47.54645,,
Samuel Leo Beat Ballet,shooting,58.649677,,
Samuel Marqus Lloyd Vines,shooting,33.420464,,
Samuel Mischitz,shooting,44.34969,,
Samuel Nongoh,shooting,55.018528,,
Samuel Peter Barnes,shooting,30.438326,,
Samuel Renel,shooting,60.466755,,
Samuel Tshiayima Nombe,shooting,58.44548,,
Samuel Wikman,shooting,46.031563,,
Samuel Yepie Yepie,shooting,52.04347,,
Samuele Righetti,shooting,31.408981,,
Samuele Spalluto,shooting,58.166615,,
Samy Benchamma,shooting,53.151806,,
Samy El Khiar,shooting,49.556976,,
Samy Faraj,shooting,45.196342,,
Sanasi Sy,shooting,36.253075,,
Sander Johan Christiansen,shooting,52.579952,,
Sandi Lovrić,shooting,57.63794,,
Sandip Mandi,shooting,25.402239,,
Sandro Plínio Rosa da Cruz,shooting,32.536392,,
Sandro Trémoulet,shooting,29.67052,,
Sang Bin Jeong,shooting,59.37598,,
Sang Hoon Paik,shooting,43.34654,,
Sang Hyeok Lee,shooting,54.697906,,
Sanoussy Ba,shooting,34.23671,,
Santiago Ayala,shooting,56.773052,,
Santiago Daniel Pierotti,shooting,65.501945,,
Santiago Gabriel Zamora Araujo,shooting,60.329014,,
Santiago Ignacio Bueno Sciutto,shooting,31.33051,,
Santiago Laquidain,shooting,27.090094,,
Santiago Moya,shooting,32.792027,,
Santiago Naveda Lara,shooting,57.409332,,
Santiago Paiva,shooting,60.892708,,
Santiago Valentín Ramírez Polero,shooting,63.72702,,
Santiago Vera,shooting,51.25108,,
Saqer Al Enazi,shooting,26.56345,,
Saud Saad Zidan,shooting,39.82456,,
Saul Shotton,shooting,23.902567,,
Saïd Hamulic,shooting,62.965206,,
Saúl Alejandro Guarirapa Briceño,shooting,63.711044,,
Saúl Basilio Coco Bassey Oubiña,shooting,33.361164,,
Saúl del Cerro García,shooting,48.912582,,
Scott Brian Banks,shooting,56.496635,,
Scott Burgess,shooting,58.042442,,
Scott Connor Kashket,shooting,58.782932,,
Scott John High,shooting,57.206882,,
Scott Lynch,shooting,34.805183,,
Scott McMann,shooting,35.89506,,
Scott Simons,shooting,47.544193,,
Scott van der Sluis,shooting,47.54352,,
Seamas Keogh,shooting,46.64598,,
Sean Brennan,shooting,49.88616,,
Sean Dominic Robertson,shooting,48.412994,,
Sean Jones-Carey,shooting,27.665823,,
Sebastian Bergier,shooting,55.5342,,
Sebastian Gonzáles,shooting,64.26917,,
Sebastian Guerra Soto,shooting,63.638687,,
Sebastian Jarl,shooting,36.75946,,
Sebastian Lagerlund,shooting,23.91291,,
Sebastian Lund Hausner,shooting,34.517117,,
Sebastian Mellack,shooting,47.544437,,
Sebastian Müller,shooting,59.30555,,
Sebastian Otoa,shooting,34.18469,,
Sebastian Stahlfest,shooting,41.35061,,
Sebastian Sun Anderson,shooting,32.31659,,
Sebastian Søraas Sebulonsen,shooting,58.443264,,
Sebastian Thangmuansang,shooting,25.76771,,
Sebastian Tounekti,shooting,52.830647,,
Sebastian Wiktor Walukiewicz,shooting,38.18369,,
Sebastien Pineau,shooting,63.452404,,
Sebastián Ariel Lomónaco,shooting,65.192635,,
Sebastián Dávila,shooting,45.174854,,
Sebastián Figueredo,shooting,38.416157,,
Sebastián Guerrero Martínez,shooting,65.03685,,
Sebastián Jaurena,shooting,48.49252,,
Sebastián Matías Claure Sanz,shooting,44.722286,,
Sebastián Medina,shooting,62.94735,,
Sebastián Parra,shooting,42.52001,,
Sebastián Saucedo Mondragón,shooting,59.51247,,
Sebastián Tomás Meza,shooting,47.543934,,
Sebbe Augustijns,shooting,42.921627,,
Sef Van Damme,shooting,47.544205,,
Sekou Sylla,shooting,35.664246,,
Selimcan Temel,shooting,41.373856,,
Seong Jin Kang,shooting,57.413914,,
Serge Atakayi,shooting,51.402004,,
Sergej Grubač,shooting,60.987785,,
Sergi Canós Tenés,shooting,65.25993,,
Sergi García Pérez,shooting,55.213966,,
Sergio Akieme Rodríguez,shooting,40.012108,,
Sergio Arribas Calvo,shooting,52.42021,,
Sergio Barboza,shooting,54.08001,,
Sergio Barcia Larenxeira,shooting,32.606754,,
Sergio Carreira Vilariño,shooting,40.231037,,
Sergio Daniel Fretes Galeano,shooting,52.33681,,
Sergio Fabián Ortíz,shooting,43.685818,,
Sergio Gil Latorre,shooting,49.190662,,
Sergio Guerrero Romero,shooting,51.47525,,
Sergio Kalaj,shooting,27.491789,,
Sergio Lozano Lluch,shooting,53.823467,,
Sergio López Galache,shooting,54.06794,,
Sergio Moreno Martínez,shooting,63.920982,,
Sergio Santos Fernández,shooting,29.480976,,
Setigui Karamoko,shooting,31.11525,,
Severino Pedro Santos Hermes,shooting,65.19693,,
Seydou Saeed Issah,shooting,21.758253,,
Seymour Fünger,shooting,24.55407,,
Seán Patrick Roughan,shooting,29.766962,,
Shadrach Nosa Ogie,shooting,35.848408,,
Shaquil Delos,shooting,51.299374,,
Sharon Padattil,shooting,47.543568,,
Shaun Daniel McWilliams,shooting,51.79271,,
Shawn Blum,shooting,54.777184,,
Shayne Francis Lavery,shooting,66.59224,,
Shayr Mohamed González,shooting,57.536003,,
Sheikh Sahil,shooting,35.86016,,
Shola Maxwell Shoretire,shooting,55.95274,,
Shubham Sarangi,shooting,44.00831,,
Si Hoo Hong,shooting,58.284283,,
Siad Haji,shooting,47.05297,,
Sibiry Keita,shooting,59.441982,,
Sidi Cissé,shooting,55.299496,,
Sidiki Camara,shooting,38.519558,,
Siebe Wylin,shooting,36.537674,,
Sieben Dewaele,shooting,46.232765,,
Sigurd Kvile,shooting,28.65947,,
Sil Swinkels,shooting,32.19294,,
Silvan Eli Sidler,shooting,59.540085,,
Simen Vidtun Nilsen,shooting,47.54404,,
Simon Alonso Ramírez Cuevas,shooting,50.688107,,
Simon Beccari,shooting,47.543762,,
Simon Brady Ngapandouetnbu,shooting,47.54388,,
Simon Fabio Stehle,shooting,52.35393,,
Simon Graves Jensen,shooting,41.22099,,
Simon Solomon Junior Sohm,shooting,45.726112,,
Simon van Duivenbooden,shooting,58.262535,,
Simone Ghidotti,shooting,47.54379,,
Simone Giordano,shooting,50.394657,,
Simone Rabbi,shooting,57.88933,,
Simone Santoro,shooting,56.793785,,
Simone Trimboli,shooting,47.33605,,
Simón Alonso González Montalban,shooting,22.499895,,
Siro Ignacio Cabral Rosane,shooting,46.836784,,
Sivert Stenseth Gussiås,shooting,60.62209,,
Slavi Spasov,shooting,50.87928,,
Sofiane Djeffal,shooting,51.448376,,
Sofus Berger,shooting,51.03332,,
Solomon Brynn,shooting,47.544754,,
Sondre Auklend,shooting,52.309372,,
Sondre Buskerud Tronstad,shooting,58.626205,,
Sondre Løvseth Rossbach,shooting,47.5439,,
Sonny Hilton,shooting,54.29219,,
Sonny Patrick Laiton,shooting,47.54234,,
Sorin Dănuț Șerban,shooting,42.22397,,
Souleymane Cissé,shooting,35.62164,,
Souleymane Isaak Touré,shooting,30.406212,,
Stan Braem,shooting,63.983738,,
Stan Van Dessel,shooting,42.011166,,
Stanislav Ivanov,shooting,58.63443,,
Stanley Flaherty,shooting,49.326935,,
Stefan Bajić,shooting,47.54373,,
Stefan Mauk,shooting,60.21286,,
Stefano Alessandro Guidotti,shooting,48.273808,,
Stefano Marino,shooting,56.69997,,
Stephan Kofi Ambrosius,shooting,30.787455,,
Stephan Vinicius Seiler,shooting,48.613113,,
Stephen Christopher Wearne,shooting,47.283085,,
Stephen Ewange,shooting,34.263653,,
Stephen Walker,shooting,56.523285,,
Stephen Welsh,shooting,28.40284,,
Stephen Winston Duke-McKenna,shooting,45.872288,,
Stevan Stanic-Floody,shooting,47.765167,,
Steven Jesús Pabón Delgao,shooting,41.005905,,
Stipe Vulikić,shooting,35.395603,,
Stuart McKinstry,shooting,50.507587,,
Stève Regis Mvoué,shooting,55.439426,,
Stéphane Imad Diarra,shooting,54.9644,,
Subha Ghosh,shooting,47.809235,,
Suk Ju Yoon,shooting,35.156265,,
Suleiman Camara Sanneh,shooting,58.617813,,
Sultan Al Harbi,shooting,35.04382,,
Svante Ulf Ingel Ingelsson,shooting,54.267838,,
Sylla Morlaye,shooting,60.431713,,
Syver Aas,shooting,45.49992,,
Szymon Sarbinowski,shooting,49.379242,,
Sávio Moreira de Oliveira,shooting,61.275772,,
Sérgio Pereira Andrade,shooting,51.623444,,
Tae Suk Lee,shooting,32.671772,,
Tae Yang Kim,shooting,51.078583,,
Tafari Lalibela Moore,shooting,36.914543,,
Taha Altıkardeş,shooting,39.068108,,
Taher Al Hajji,shooting,47.543957,,
Talha Ülvan,shooting,37.08573,,
Tanguy Coulibaly,shooting,57.760334,,
Tao Sako,shooting,28.778534,,
Taofeek Ismaheel,shooting,57.477283,,
Tareiq Holmes-Dennis,shooting,41.595352,,
Tariq Maddad,shooting,41.950184,,
Tashan Oakley-Boothe,shooting,40.013668,,
Tate Campbell,shooting,39.018578,,
Taylor Anthony Booth,shooting,58.683887,,
Taylor Ellis Allen,shooting,53.65641,,
Taylor Ryan Charters,shooting,45.50108,,
Tayyib Talha Sanuç,shooting,35.951756,,
Ted Ku-DiPietro,shooting,49.047638,,
Ted-Jonathan Tattermusch,shooting,56.143883,,
Teddy Christopher Graham Jenks,shooting,51.116676,,
Telasco Segovia,shooting,52.079243,,
Teodor Stenshagen,shooting,33.523697,,
Terence Charles Taylor,shooting,47.517025,,
Terry Ablade,shooting,55.851,,
Thabiso James Monyane,shooting,56.960407,,
Thakgalo Khanya Leshabela,shooting,55.70606,,
Thanawat Suengchitthawon,shooting,53.377277,,
Thelo Gerard Aasgaard,shooting,57.85062,,
Thelonius Bair,shooting,57.298794,,
Themi Antonoglou,shooting,28.238865,,
Theo Gunnar Martens,shooting,54.212563,,
Theodor Alexander Corbeanu,shooting,55.882744,,
Theodosis Machairas,shooting,63.005238,,
Thiago Eduardo de Andrade,shooting,63.716274,,
Thiago Ezequiel Ojeda,shooting,58.26262,,
Thiago Fernandes Rodrigues,shooting,58.25108,,
Thiago Nicolás Borbas Silva,shooting,66.8567,,
Thiago Thomas Nuss,shooting,65.30871,,
Thiago Vecino Berriel,shooting,66.19035,,
Thibault Tamas,shooting,36.441994,,
Thierno Mamadou Lamarana Ballo,shooting,49.859756,,
Thierry Ambrose,shooting,63.84378,,
Thierry Nevers,shooting,55.63832,,
Thijmen Joel Sander Nijhuis,shooting,47.5437,,
Thijs van Leeuwen,shooting,54.692104,,
Thody Élie Youan,shooting,64.385605,,
Thom van Bergen,shooting,56.167885,,
Thoma Monney,shooting,25.767473,,
Thomas Andrew Knowles,shooting,57.670593,,
Thomas Battistella,shooting,55.573086,,
Thomas Callens,shooting,47.544136,,
Thomas Clayton,shooting,32.241535,,
Thomas David Bannatyne-Billson,shooting,47.54384,,
Thomas Edwards,shooting,45.098778,,
Thomas Ferdinand Rausch,shooting,27.376266,,
Thomas Glyn Doyle,shooting,60.611057,,
Thomas Gutierrez,shooting,35.23084,,
Thomas Holmes,shooting,26.288311,,
Thomas Ignacio Galdames Millán,shooting,48.104343,,
Thomas James O'Connor,shooting,56.87603,,
Thomas Kofler,shooting,34.36469,,
Thomas Leon Keller,shooting,41.274635,,
Thomas Liene Ness,shooting,44.694157,,
Thomas McGill,shooting,47.54381,,
Thomas Mcintyre,shooting,37.091717,,
Thomas Palmer Thompson,shooting,56.774372,,
Thomas Philip Hamer,shooting,41.16892,,
Thomas Richard Lowery,shooting,57.434605,,
Thomas Roberts,shooting,42.668312,,
Thomas Roche,shooting,47.54407,,
Thomas Sang,shooting,43.899357,,
Thorbjørn Kristiansen,shooting,30.71354,,
Théo Luis Fonseca,shooting,65.3826,,
Théo Ndicka Matam,shooting,46.818554,,
Tiago Carvalho Santos,shooting,39.404457,,
Tiago Filipe Alves Araújo,shooting,61.457302,,
Tiago Filipe Oliveira Dantas,shooting,52.895515,,
Tiago Galletto López,shooting,51.628613,,
Tiago Manuel Maio Matos,shooting,47.279343,,
Tiago Maria Antunes Gouveia,shooting,61.90058,,
Tiago Miguel Hora Ribeiro,shooting,61.97226,,
Tiago Nahuel Banega,shooting,57.96695,,
Tiago Nathan Pombeira Gesser,shooting,63.384644,,
Tician Tushi,shooting,59.254578,,
Tidiane Malbec,shooting,47.54393,,
Tijany Atallah,shooting,29.721106,,
Till Streller,shooting,39.737106,,
Tim Latteier,shooting,56.82388,,
Tim Luis Maciejewski,shooting,60.06269,,
Tim Prica,shooting,63.441483,,
Tim Stanislaw Schreiber,shooting,47.543495,,
Tim Stappmann,shooting,35.991467,,
Tim Walbrecht,shooting,34.88701,,
Tim van Assema,shooting,23.976374,,
Timm Koch,shooting,31.291882,,
Timmy Abraham,shooting,53.4723,,
Timo Bornemann,shooting,55.91664,,
Timo Zaal,shooting,31.555643,,
Timon Moritz Weiner,shooting,47.5857,,
Timothy Bruce Fayulu,shooting,47.543823,,
Timothy Galjé,shooting,47.544323,,
Timothy Joel Eyoma,shooting,34.4328,,
Timothy Martin,shooting,47.543777,,
Timothé Nkada,shooting,55.722694,,
Timothée Joseph Pembélé,shooting,47.6707,,
Timur Zhamaletdinov,shooting,61.56047,,
Tino Andrés Danesi Cammarano,shooting,58.55974,,
Titas Krapikas,shooting,47.543888,,
Tivonge Rushesha,shooting,29.69773,,
Tobi Ogundega,shooting,24.271976,,
Tobias Borchgrevink Børkeeiet,shooting,50.72546,,
Tobias Christensen,shooting,55.171036,,
Tobias Fjeld Gulliksen,shooting,53.815197,,
Tobias Hafstad,shooting,53.540012,,
Tobias Heintz,shooting,56.66791,,
Tobias Klysner Breuner,shooting,54.887714,,
Tobias Mißner,shooting,32.920593,,
Tobias Okiki Lawal,shooting,47.543945,,
Tobias Stockinger,shooting,45.238907,,
Tobias-Mbunjiro Knost,shooting,31.555744,,
Toby Peter Sibbick,shooting,30.930618,,
Tochi Phil Chukwuani,shooting,54.584137,,
Toluwalase Emmanuel Arokodare,shooting,63.524727,,
Tom Bierschenk,shooting,59.2778,,
Tom Crawford,shooting,48.011578,,
Tom George Sawyer Conlon,shooting,49.963337,,
Tom Jenkins,shooting,43.38039,,
Tom Kretzschmar,shooting,47.544025,,
Tom Sparrow,shooting,46.026077,,
Tom Stokes,shooting,49.488934,,
Tom van de Looi,shooting,63.548687,,
Tomas Giraldo,shooting,36.549976,,
Tomas Lían Romero Keubler,shooting,47.543602,,
Tomas Olai Totland,shooting,32.19998,,
Tomas Ángel Gutiérrez,shooting,58.429104,,
Tomasz Neugebauer,shooting,55.59831,,
Tommaso Aglietti,shooting,47.54362,,
Tommi O'Reilly,shooting,55.058376,,
Tommy St. Jago,shooting,34.782364,,
Tomás Agustín Pozzo,shooting,59.683514,,
Tomás Aresta Branco Machado Ribeiro,shooting,34.37424,,
Tomás Carvalho Domingos,shooting,40.303776,,
Tomás Costa Silva,shooting,49.605602,,
Tomás David Sandoval,shooting,60.660328,,
Tomás Lemos Araújo,shooting,29.611563,,
Tomás Leonardo Lecanda,shooting,43.38513,,
Tomás Mascarenhas Lemos Reymão Nogueira,shooting,51.09052,,
Tomás Mendes Mendes,shooting,52.658237,,
Tomás Moschión,shooting,45.50669,,
Tomás Muro,shooting,55.454464,,
Tomás Oscar Badaloni,shooting,67.18123,,
Tomás Romano dos Santos Händel,shooting,53.218708,,
Tomás Romero Cejudo,shooting,47.54533,,
Tomás do Lago Pontes Esteves,shooting,36.304104,,
Toni Fuidias Ribera,shooting,47.544502,,
Torben Bjarne Rhein,shooting,57.270798,,
Tote António Gomes,shooting,46.3696,,
Travis Joel Gary Johnson,shooting,25.21682,,
Trent Jordan Ostler,shooting,53.624897,,
Troy Daniel Parrott,shooting,63.67688,,
Tunahan Taşçı,shooting,53.57111,,
Turki Al Dhafeeri,shooting,39.650703,,
Turki Marwan Al-Ammar,shooting,53.320866,,
Tyla Dickinson,shooting,47.543335,,
Tyler Jayden Frost,shooting,51.49725,,
Tyler Jordan Magloire,shooting,27.019249,,
Tyreece Romayo John-Jules,shooting,59.177387,,
Tyreece Tyson Nesbett Simpson,shooting,61.100464,,
Tyreek Magee,shooting,41.86541,,
Tyreik Samuel Wright,shooting,53.74889,,
Tyrese Momodu Fornah,shooting,48.12369,,
Tyrese Sinclair,shooting,57.865158,,
Tyrone Tormin,shooting,54.30029,,
Téva Gardies,shooting,47.54462,,
Udoka Favour Godwin-Malife,shooting,32.34586,,
Ugo Bertelli,shooting,52.330795,,
Ulises Rivas Gilio,shooting,53.9063,,
Ulisses Alexandre Garcia Lopes,shooting,33.924038,,
Ulrich Meleke,shooting,27.042803,,
Ulrick Brad Eneme Ella,shooting,49.331173,,
Ulrik Syversen,shooting,30.290813,,
Ulrik Tillung Fredriksen,shooting,27.551138,,
Unai Dufur Espelosín,shooting,27.340439,,
Unai Marrero Larrañaga,shooting,47.543972,,
Unai Ruiz Almandzo,shooting,47.543037,,
Uriel Jové Balero,shooting,30.180893,,
Urko González de Zárate Quirós,shooting,42.167534,,
Uros Milovanović,shooting,63.734535,,
Valdemar Byskov,shooting,40.337795,,
Valdemar Lund Jensen,shooting,32.768734,,
Valentin Guillaume,shooting,53.593597,,
Valentin Ionuț Costache,shooting,60.159447,,
Valentine James Ozornwafor,shooting,35.943542,,
Valentino Vermeulen,shooting,47.556004,,
Valentín Adamo,shooting,59.59531,,
Valentín Alberto Burgoa,shooting,55.659695,,
Valentín Demateis,shooting,32.818176,,
Valery Fernández Estrada,shooting,60.141006,,
Valgeir Lunddal Friðriksson,shooting,31.12938,,
Valmir Veliu,shooting,53.96998,,
Valton Behrami,shooting,31.443386,,
Vasilios Sourlis,shooting,56.85739,,
Vasilios Zagaritis,shooting,41.90506,,
Vassilis Chatziemmanouil,shooting,47.543953,,
Vaughn Patrick Covil,shooting,50.22376,,
Vebjørn Hagen,shooting,29.354614,,
Vefa Temel,shooting,51.29837,,
Vicente Andrés Felipe Federico Besuijen,shooting,58.50749,,
Vicente Conelli,shooting,59.055103,,
Vicente Esquerdo Santas,shooting,52.084743,,
Vicente Tomás Pizarro Durcudoy,shooting,48.17682,,
Victor Akinwale,shooting,59.488483,,
Victor Alexander da Silva,shooting,39.506714,,
Victor Backman,shooting,46.509384,,
Victor Bernth Kristiansen,shooting,49.959892,,
Victor Blixt,shooting,39.58892,,
Victor Christoffer Jensen,shooting,56.956554,,
Victor Gabriel Moura de Oliveira,shooting,64.847046,,
Victor Göransson,shooting,43.092712,,
Victor Méndez Exposito,shooting,47.543697,,
Victor Okoh Boniface,shooting,63.82348,,
Victor Torp Overgaard,shooting,59.083996,,
Viktor Andersson,shooting,47.5434,,
Viktor Tobias Johansson,shooting,47.543915,,
Viljar Røsholt Myhra,shooting,47.558334,,
Vincent Angelini,shooting,47.543907,,
Vincent Carsten Maria Müller,shooting,47.544445,,
Vincent Gembalies,shooting,27.596926,,
Vincent Schwab,shooting,29.564781,,
Vincent Thill,shooting,52.86666,,
Vincent Trummer,shooting,41.79424,,
Vincenzo Ciriello,shooting,26.463676,,
Vincenzo Garofalo,shooting,50.514385,,
Vinicius Silveira de Mello,shooting,56.668304,,
Vinícius Tobías da Silva,shooting,42.876244,,
Vitalie Damaşcan,shooting,63.27386,,
Vittorio Agostinelli,shooting,47.43522,,
Vlad Nicolae Mitrea,shooting,50.570084,,
Vladan Dekić,shooting,47.546024,,
Vladimir Ionuț Screciu,shooting,38.588196,,
Vladyslav Ostrovskyi,shooting,58.735718,,
Volkan Rona,shooting,37.434048,,
Víctor Alejandro Dávila Zavala,shooting,66.05402,,
Víctor Andrés Meseguer Cavas,shooting,57.866417,,
Víctor Gómez Perea,shooting,48.83691,,
Víctor Mollejo Carpintero,shooting,63.28092,,
Víctor Wehbi Aznar Ussen,shooting,47.54387,,
Víctor Álvarez Rozada,shooting,59.566658,,
Wahidullah Faghir,shooting,62.77052,,
Walid Jarmouni,shooting,57.54787,,
Walid Nassi,shooting,50.9142,,
Walid Ould-Chikh,shooting,46.29176,,
Wally Njie,shooting,53.095207,,
Walter Angello Tandazo Silva,shooting,58.990196,,
Walter Antelo,shooting,35.256786,,
Walter Gabriel Pérez,shooting,54.663902,,
Walter Martínez Tauda,shooting,41.81794,,
Walter Mora,shooting,52.663216,,
Wanya Marçal Madivádua,shooting,45.40848,,
Warren Håkon Christofer Kamanzi,shooting,47.072887,,
Warren Patrick O'Hora,shooting,36.27439,,
Washington Bryan Corozo Becerra,shooting,64.28762,,
Wassim Keddari Boulif,shooting,35.768513,,
Weimar Asprilla,shooting,47.544662,,
Wellington Moisés Ramírez Preciado,shooting,47.543926,,
Welliton Edson Helmes Junqueira,shooting,62.28869,,
Wenderson Oliviera,shooting,53.555397,,
Wikelman José Carmona Torres,shooting,55.214333,,
Wiktor Marek Pleśnierowicz,shooting,28.7096,,
Wilbert Miguel Hernández Torrealba,shooting,47.54466,,
Wilfredo Rivera Cepeda,shooting,41.863476,,
Wilfrid Jaures Kaptoum,shooting,60.293114,,
Will Jonathan Swan,shooting,55.514847,,
William Adipepe Pandi Bapaga,shooting,53.420918,,
William Agada,shooting,59.60064,,
William Akio,shooting,54.545918,,
William Anthony Patrick Smallbone,shooting,61.105766,,
William Blackmore,shooting,47.543106,,
William Bøving Vick,shooting,55.189697,,
William Fitzgerald,shooting,48.368324,,
William Forrester,shooting,25.021538,,
William Jenkins Davies,shooting,42.838165,,
William Joel Pacho Tenorio,shooting,32.37037,,
William John Robert Nightingale,shooting,26.12842,,
William Jääskeläinen,shooting,47.5482,,
William Ludovic Brandon Bianda,shooting,27.36546,,
William Luke Patching,shooting,62.678547,,
William Mbongo Desire Hondermarck,shooting,45.41744,,
William Smith,shooting,26.680706,,
William Velasco,shooting,61.31336,,
Williams Alarcón,shooting,49.49533,,
Williams Kokolo,shooting,34.180054,,
Williams Tortolero,shooting,47.544544,,
Williot Theo Swedberg,shooting,59.136303,,
Wilson José Barrios Rondón,shooting,60.558567,,
Wilson Ramírez,shooting,47.54433,,
Wilson Vernaza,shooting,53.5618,,
Wladimir Wagner,shooting,56.771427,,
Wojciech Kamiński,shooting,41.4369,,
Won Ho Shin,shooting,31.518583,,
Won Woo Lee,shooting,33.258987,,
Xander Parke,shooting,47.543926,,
Xavi Moreno,shooting,54.142853,,
Xavier Casmier Amaechi,shooting,53.064217,,
Xian Ghislaine Emmers,shooting,47.288376,,
Yackson Stiven Rivas,shooting,61.572098,,
Yacoub Al Hassan,shooting,47.58884,,
Yago Cariello Ribeiro,shooting,64.04679,,
Yahya Nader Moustafa Elsharif,shooting,48.97152,,
Yahya Soumaré,shooting,59.452995,,
Yair González,shooting,54.72837,,
Yanis Maronne,shooting,47.543774,,
Yanis Massolin,shooting,39.51782,,
Yann Aurel Ludger Bisseck,shooting,34.563217,,
Yannic Voigt,shooting,52.969006,,
Yannick Kevin Marchand,shooting,43.14903,,
Yannik Möker,shooting,51.572685,,
Yannis Lagha,shooting,63.753918,,
Yaroslav Meykher,shooting,47.544323,,
Yasin Abbas Ayari,shooting,50.015846,,
Yavuz Buğra Boyar,shooting,47.544117,,
Yaya Dukuly,shooting,39.830402,,
Yeferson Paz,shooting,50.152756,,
Yehor Yarmoliuk,shooting,54.655727,,
Yerco Abraham Oyanedel Hernández,shooting,38.51661,,
Yerson Mosquera Valdelamar,shooting,23.29338,,
Yerson Ronaldo Chacón Ramírez,shooting,63.60831,,
Yesit Martínez,shooting,57.256187,,
Ylan Gomes,shooting,60.834,,
Yong Hui Park,shooting,37.025555,,
Younes Bakiz,shooting,59.726395,,
Young Joon Lee,shooting,53.471127,,
Young Jun Goh,shooting,53.436256,,
Young Woo Seol,shooting,46.124832,,
Yousef Fawaz,shooting,44.233738,,
Youssouf Amouda Assogba,shooting,31.266123,,
Youssouph Mamadou Badji,shooting,63.40199,,
Youssuf Sylla,shooting,57.7414,,
Yuliwes Bellache,shooting,52.187397,,
Yusuf Abdulazeez,shooting,57.86617,,
Yusuf Bamidele,shooting,59.318756,,
Zac Guinan,shooting,50.994244,,
Zach Ryan,shooting,54.042946,,
Zachary Duncan,shooting,49.422318,,
Zachary Hemming,shooting,47.54266,,
Zachary Jeacock,shooting,47.544193,,
Zachary Swanson,shooting,42.995003,,
Zaid Abner Romero,shooting,30.025375,,
Zak Emmerson,shooting,52.82976,,
Zakaria Silini,shooting,53.3718,,
Zander Mateo Cassierra Cabezas,shooting,65.522484,,
Zechariah Joshua Henry Medley,shooting,30.812954,,
Zeno Van Den Bosch,shooting,25.198515,,
Zeze Steven Sessegnon,shooting,39.537437,,
Zico Bailey,shooting,38.946404,,
Zinedine Labyad,shooting,56.928684,,
Zito André Sebastião Luvumbo,shooting,58.639423,,
Ziyad Maher Al Jari,shooting,30.557377,,
Zohran Ludovic Bassong,shooting,34.81786,,
Zuriko Davitashvili,shooting,54.47029,,
Àlex Baño Canellas,shooting,47.54389,,
Ákos Nistor,shooting,38.32934,,
Álex Bermejo Escribano,shooting,65.75718,,
Álex Collado Gutiérrez,shooting,65.701096,,
Álex Pastor Carayol,shooting,27.009136,,
Álvaro Aceves Catalina,shooting,47.54498,,
Álvaro Agustín Lagos,shooting,31.255291,,
Álvaro Bastida Moya,shooting,40.640347,,
Álvaro Djaló Dias Fernandes,shooting,58.86884,,
Álvaro Fernández Carreras,shooting,52.481174,,
Álvaro García Segovia,shooting,48.91981,,
Álvaro Mantilla Pérez,shooting,25.799814,,
Álvaro Martín Barreal,shooting,62.46553,,
Álvaro Roncal Rivera,shooting,33.736317,,
Álvaro Santamaría Arenas,shooting,63.604053,,
Álvaro Sanz Catalán,shooting,46.414223,,
Ángel Algobia Esteves,shooting,54.675526,,
Ángel Baena Pérez,shooting,52.898666,,
Ángel De La Cruz,shooting,47.54352,,
Ángel Fortuño Viñas,shooting,47.543694,,
Ángel Jiménez Gallego,shooting,47.543896,,
Çağtay Kurukalıp,shooting,32.65211,,
Édouard Michut,shooting,52.575417,,
Ían Jairo Misael Torres Ramírez,shooting,64.497696,,
Óli Ómarsson,shooting,43.275433,,
Óscar Arribas Pasero,shooting,60.018265,,
Óscar Clemente Mues,shooting,53.95153,,
Óscar Coronel,shooting,56.919575,,
Óscar Pinto,shooting,58.89936,,
Óscar Segura,shooting,42.40673,,
Óscar Ureña García,shooting,59.087967,,
Ömer Faruk Beyaz,shooting,51.200573,,
Ömürcan Artan,shooting,32.30676,,
Özkan Yiğiter,shooting,44.61029,,
Łukasz Zjawiński,shooting,59.78528,,
Şahverdi Çetin,shooting,60.855972,,
Șerban Tomache,shooting,47.54435,,
Ștefan Marinel Vlădoiu,shooting,35.105587,,
アペルカンプ 真大 カール,shooting,55.34664,,
ルシアン リトバルスキー,shooting,44.81961,,
万隶楷,shooting,25.334776,,
上田 綺世,shooting,68.60033,,
中井 卓大,shooting,48.993553,,
中坂 勇哉,shooting,54.019726,,
中村 敬斗,shooting,65.17204,,
任康康,shooting,44.18553,,
伊斯坎达·布格拉汗,shooting,49.363594,,
伍承儒,shooting,42.88472,,
何友族,shooting,42.472256,,
何宇鹏,shooting,38.329895,,
何统帅,shooting,35.001083,,
何鑫杰,shooting,36.144093,,
侯煜,shooting,39.832256,,
俸泽源,shooting,49.744682,,
内野 貴史,shooting,30.763905,,
冉伟枫,shooting,47.544456,,
凌杰,shooting,57.087925,,
刘俊贤,shooting,49.17973,,
刘国博,shooting,46.672226,,
刘家辉,shooting,26.802391,,
刘柏杨,shooting,50.385796,,
刘浩帆,shooting,26.451687,,
刘润楠,shooting,24.953447,,
刘祝润,shooting,53.986053,,
刘若钒,shooting,54.930214,,
刘邵子洋,shooting,47.54379,,
初瀬 亮,shooting,32.39748,,
化铭灿,shooting,38.4327,,
单欢欢,shooting,43.400993,,
原 大智,shooting,63.546482,,
史成龙,shooting,47.5755,,
叶利江·什那尔,shooting,25.918129,,
吴俊杰,shooting,25.08027,,
吴少聪,shooting,49.71225,,
周俊辰,shooting,48.34081,,
奥抜 侃志,shooting,54.522648,,
姚旭臣,shooting,43.121315,,
孙健祥,shooting,47.54421,,
孙学龙,shooting,40.57842,,
孙宏伟,shooting,27.699625,,
孟俊杰,shooting,49.569935,,
季家葆,shooting,47.543755,,
安部 裕葵,shooting,58.766243,,
宋鑫涛,shooting,38.746765,,
川﨑 修平,shooting,56.354805,,
庞嘉俊,shooting,47.544083,,
廖伟,shooting,36.285698,,
廖垒,shooting,29.576197,,
廖家骏,shooting,28.803421,,
张俊业,shooting,44.666405,,
张华峻,shooting,49.244972,,
张威,shooting,50.760334,,
张家辉,shooting,36.776875,,
张建生,shooting,51.722675,,
张星亮,shooting,46.333935,,
张焯傲,shooting,24.833645,,
张祥硕,shooting,37.572838,,
张禹,shooting,24.644548,,
张越,shooting,45.50556,,
张辉,shooting,43.978584,,
张锦梁,shooting,25.726439,,
徐世龙,shooting,47.544964,,
徐浩峰,shooting,24.713179,,
徐浩洋,shooting,46.20386,,
徐磊,shooting,37.426476,,
徐越,shooting,37.70309,,
慈恒龙,shooting,47.545002,,
戴伟浚,shooting,57.79657,,
文达,shooting,43.604496,,
斉藤 光毅,shooting,64.96603,,
曹孝义,shooting,26.213547,,
木塔力甫·依明卡日,shooting,44.101048,,
朱辰杰,shooting,40.860783,,
李一嘉,shooting,47.545166,,
李亚伦,shooting,48.456993,,
李佳恒,shooting,54.168076,,
李冠希,shooting,47.546432,,
李永佳,shooting,36.868893,,
李沛楠,shooting,25.875519,,
李达,shooting,26.6931,,
杜智轩,shooting,35.58241,,
杜月徵,shooting,46.530838,,
杨意林,shooting,41.561596,,
杨梓豪,shooting,27.885172,,
杨翼璇,shooting,38.51319,,
杨辰禹,shooting,33.85584,,
梁国桥,shooting,29.341583,,
梁少文,shooting,49.86915,,
橋岡 大樹,shooting,58.04191,,
檀崎 竜孔,shooting,58.456753,,
檜尾 昂樹,shooting,57.980274,,
段刘愚,shooting,53.30649,,
毕浩洋,shooting,23.334898,,
水多 海斗,shooting,58.19669,,
汪海健,shooting,41.46489,,
渡井 理己,shooting,62.725037,,
温家宝,shooting,45.36079,,
温永骏,shooting,37.286068,,
瀬古 歩夢,shooting,35.134468,,
牛梓屹,shooting,27.911102,,
王世龙,shooting,38.611404,,
王华鹏,shooting,24.28654,,
王振澳,shooting,48.875862,,
王政豪,shooting,25.33907,,
王文轩,shooting,22.436022,,
王浩然,shooting,38.12724,,
王献钧,shooting,37.828632,,
王金帅,shooting,47.5443,,
田中 聡,shooting,53.378536,,
田川 亨介,shooting,66.438835,,
町田 浩樹,shooting,28.690407,,
皮梓杨,shooting,36.89148,,
石炎,shooting,47.559814,,
肖开提江·塔依尔,shooting,26.587234,,
胡家笠,shooting,40.934357,,
胡荷韬,shooting,27.023773,,
胡靖,shooting,25.519424,,
艾沙江·库尔班,shooting,52.830215,,
艾菲尔丁·艾斯卡尔,shooting,49.75587,,
苏宇亮,shooting,43.405594,,
范恒博,shooting,51.784534,,
蒋圣龙,shooting,41.463432,,
蔡明民,shooting,39.77232,,
蔡浩畅,shooting,34.437824,,
赵健博,shooting,49.841576,,
赵剑非,shooting,25.754038,,
赵文哲,shooting,24.08403,,
赵梓业,shooting,47.366096,,
赵越政,shooting,35.46198,,
迪力依米提·土地,shooting,43.639767,,
遠藤 渓太,shooting,53.357365,,
邓雄涛,shooting,47.544434,,
郑圣雄,shooting,40.061142,,
郑雪健,shooting,39.14507,,
郭瀚儒,shooting,47.545166,,
郭田雨,shooting,56.598007,,
阮奇龙,shooting,26.434502,,
阿布力克木·阿布都沙拉木,shooting,38.474567,,
阿布拉汗·哈力克,shooting,40.056778,,
陈克强,shooting,36.475895,,
陈国抗,shooting,42.900932,,
陈宇浩,shooting,25.341137,,
陈序煌,shooting,35.757725,,
陈彦朴,shooting,38.63348,,
陈日金,shooting,28.731863,,
陈泉江,shooting,25.907066,,
陈祥煜,shooting,48.197506,,
陈运华,shooting,35.119045,,
陈雅俊,shooting,35.63177,,
霍深坪,shooting,47.544136,,
韦丰,shooting,46.4544,,
韩东,shooting,50.214546,,
韩佳奇,shooting,47.544827,,
韵程,shooting,22.243141,,
马昆越,shooting,47.543674,,
马辅渔,shooting,46.90812,,
高天语,shooting,27.44547,,
高玉男,shooting,37.553085,,
高翔,shooting,47.54438,,
魏洺赫,shooting,24.4243,,
麦高崚,shooting,47.543602,,
麦麦提热依木·麦麦提艾力,shooting,48.286285,,
黄光亮,shooting,41.714054,,
黄家辉,shooting,34.841694,,
黄锐烽,shooting,35.265247,,
고재현 Jae Hyeon Ko,shooting,60.886105,,
김주성 Joo-Sung Kim,shooting,32.774826,,
김태환 Tae Hwan Kim,shooting,42.93239,,
박지민 Ji Min Park,shooting,47.543484,,
송민규 Min Kyu Song,shooting,64.16578,,
오현규 Hyeon-Gyu Oh,shooting,61.768696,,
유주안 Ju An You,shooting,55.87955,,
이광연 Gwang Yeon Lee,shooting,47.54386,,
이광혁 李光赫,shooting,56.665237,,
이수빈 Soo Bin Lee,shooting,46.497578,,
이준석 Joon Suk Lee,shooting,44.71911,,
전세진 Jin Woo Jeon,shooting,57.18316,,
조영욱 Young Wook Cho,shooting,66.174904,,
천성훈 Seong Hoon Cheon,shooting,54.485344,,
홍현석 Hyeon Seok Hong,shooting,56.96858,,
